0.00510313315,-0.00538448244,0.76,0,0,-0.90075225,0.434333263,-0.312,0,0,0.669,-0.363,0,-0.312,0,0,0.669,-0.363,0,0,0,0,0.2,0.2,0,0.6,0,0,0,0.2,-0.2,0,0.6,0,0,0
0.00510313315,-0.00538448244,0.760002322,2.43384281e-07,-3.90455547e-07,-0.900752251,0.434333261,-0.312000176,-1.84693422e-06,4.58453809e-08,0.669002871,-0.362996738,1.07166133e-06,-0.311996329,-6.83884748e-07,-5.29719588e-07,0.668994656,-0.362997083,5.15222146e-07,8.26183613e-08,-5.50471297e-07,-1.64516759e-06,0.199998485,0.200006027,-4.83889655e-06,0.599996015,-7.44202989e-11,-3.86027197e-08,-2.93773465e-10,0.199992012,-0.200002419,-1.79250928e-07,0.599986852,-1.59536968e-08,-9.14531897e-08,1.51017316e-08
0.00510313315,-0.00538448244,0.760018299,1.91778096e-06,-3.07664987e-06,-0.900752258,0.434333247,-0.31200139,-1.45531801e-05,3.61245182e-07,0.669022622,-0.3629743,8.44430749e-06,-0.311971073,-5.38876688e-06,-4.17400063e-06,0.66895789,-0.362977013,4.05976598e-06,6.51003097e-07,-4.33751667e-06,-1.29633314e-05,0.199988059,0.200047491,-3.81287717e-05,0.599968599,-5.86405301e-10,-3.04175606e-07,-2.31482969e-09,0.199937059,-0.200019057,-1.41243311e-06,0.599896401,-1.25709417e-07,-7.20618381e-07,1.18996236e-07
0.00510313315,-0.00538448244,0.760060824,6.37444645e-06,-1.02263711e-05,-0.900752276,0.434333209,-0.312004619,-4.8372817e-05,1.20073049e-06,0.669075193,-0.362914576,2.80677444e-05,-0.311903851,-1.79115376e-05,-1.38738177e-05,0.668860031,-0.362923595,1.34941171e-05,2.16384689e-06,-1.44173231e-05,-4.3088373e-05,0.199960308,0.200157854,-0.000126734918,0.599895629,-1.94913249e-09,-1.01103888e-06,-7.6941831e-09,0.199790791,-0.200063345,-4.69473805e-06,0.59965565,-4.17841226e-07,-2.39523875e-06,3.95527513e-07
0.00510313315,-0.00538448244,0.760141976,1.48792478e-05,-2.38704193e-05,-0.900752311,0.434333136,-0.312010783,-0.000112911943,2.80274791e-06,0.669175515,-0.362800603,6.55157946e-05,-0.31177557,-4.1809153e-05,-3.23842978e-05,0.668673284,-0.362821655,3.14979997e-05,5.05085648e-06,-3.36529492e-05,-0.000100576981,0.199907351,0.200368463,-0.000295824943,0.599756376,-4.54966963e-09,-2.35996931e-06,-1.79597802e-08,0.199511664,-0.200147859,-1.09584685e-05,0.599196216,-9.75325966e-07,-5.5909719e-06,9.23241245e-07
0.00510313315,-0.00538448244,0.760273036,2.86144417e-05,-4.59054606e-05,-0.900752367,0.434333018,-0.312020736,-0.000217142173,5.3899947e-06,0.669337534,-0.362616538,0.00012599413,-0.311568396,-8.04036326e-05,-6.22785919e-05,0.668371689,-0.362657024,6.05741425e-05,9.71335651e-06,-6.47183492e-05,-0.000193420676,0.199821826,0.200708594,-0.000568904134,0.599531484,-8.74951867e-09,-4.5384824e-06,-3.45386468e-08,0.199060877,-0.200284349,-2.10743489e-05,0.598454235,-1.87565987e-06,-1.07520583e-05,1.77549518e-06
0.00510313315,-0.00538448244,0.760464504,4.86804535e-05,-7.80968805e-05,-0.900752447,0.434332846,-0.312035277,-0.000369414143,9.16975382e-06,0.669574231,-0.362347634,0.000214348107,-0.311265731,-0.000136787058,-0.000105951747,0.667931084,-0.36241651,0.000103052045,1.65248934e-05,-0.000110102396,-0.000329057834,0.199696881,0.201205499,-0.000967850833,0.599202935,-1.48851598e-08,-7.72111452e-06,-5.87590352e-08,0.198402312,-0.20048375,-3.58528351e-05,0.597370261,-3.19097518e-06,-1.82919897e-05,3.02056953e-06
0.00510313315,-0.00538448244,0.760726116,7.60976557e-05,-0.000122081638,-0.900752554,0.434332609,-0.312055146,-0.000577471003,1.4334229e-05,0.669897643,-0.361980216,0.000335070594,-0.310852186,-0.000213826571,-0.000165624579,0.667329062,-0.362087884,0.000161091741,2.58318393e-05,-0.000172112904,-0.000514385714,0.199526163,0.201884446,-0.0015129518,0.598754022,-2.32685952e-08,-1.20697051e-05,-9.18525715e-08,0.197502482,-0.200756202,-5.6045425e-05,0.595889171,-4.98815671e-06,-2.85941777e-05,4.7217773e-06
0.00510313315,-0.00538448244,0.761066861,0.000111808147,-0.000179371121,-0.90075269,0.434332299,-0.312081024,-0.000848461922,2.10608801e-05,0.670318881,-0.36150166,0.000492309811,-0.310313548,-0.000314169374,-0.000243347541,0.666544937,-0.361659853,0.00023668757,3.79539959e-05,-0.000252880655,-0.000755772479,0.199303804,0.202768763,-0.00222293757,0.59816932,-3.41878932e-08,-1.77336786e-05,-1.34956403e-07,0.196330467,-0.201111067,-8.23459686e-05,0.593960075,-7.32895853e-06,-4.2012622e-05,6.93757475e-06
0.00510313315,-0.00538448244,0.761495,0.000156677533,-0.000251353997,-0.900752856,0.434331907,-0.31211354,-0.00118895559,2.95127576e-05,0.670848157,-0.360900366,0.000689877158,-0.309636764,-0.000440247727,-0.0003410046,0.665559704,-0.361122043,0.000331671937,5.31851981e-05,-0.000354363419,-0.00105906923,0.199024416,0.203879887,-0.00311501787,0.597434655,-4.79077323e-08,-2.4850327e-05,-1.89115345e-07,0.194857858,-0.201556945,-0.000115391978,0.591536211,-1.02701205e-05,-5.88725791e-05,9.7216717e-06
0.00510313315,-0.00538448244,0.762018079,0.000211496699,-0.000339299067,-0.900753049,0.434331423,-0.312153266,-0.0016049537,3.98388383e-05,0.6714948,-0.360165735,0.000931255051,-0.308809902,-0.000594283946,-0.000460317104,0.664355994,-0.360464973,0.00044771908,7.17939184e-05,-0.000478349979,-0.00142962201,0.198683073,0.205237402,-0.0042049169,0.596537078,-6.46699448e-08,-3.35450917e-05,-2.55284029e-07,0.193058698,-0.202101698,-0.000155765938,0.588574855,-1.3863485e-05,-7.94712306e-05,1.3123142e-05
0.00510313315,-0.00538448244,0.762642948,0.000276983598,-0.000444358124,-0.900753267,0.434330839,-0.312200723,-0.00210190447,5.21743603e-05,0.672267279,-0.359288145,0.00121960475,-0.307822134,-0.000778295403,-0.00060284766,0.662918045,-0.359680038,0.000586348839,9.40238702e-05,-0.000626464154,-0.00187228385,0.198275306,0.206859089,-0.00550690881,0.595464835,-8.46940609e-08,-4.39318458e-05,-3.34329049e-07,0.190909423,-0.202752458,-0.000203996615,0.585037224,-1.81561132e-05,-0.000104078351,1.71865337e-05
0.00510313315,-0.00538448244,0.763375779,0.00035378502,-0.000567568798,-0.900753505,0.434330146,-0.312256379,-0.00268471615,6.66411577e-05,0.673173223,-0.35825893,0.00155777421,-0.306663704,-0.000994099524,-0.000770003998,0.661231653,-0.358759486,0.000748930418,0.000120094612,-0.000800168824,-0.0023914268,0.197797086,0.208760962,-0.00703385295,0.594207334,-1.08177853e-07,-5.61131761e-05,-4.27031108e-07,0.188388807,-0.203515654,-0.000260560369,0.580888376,-2.31904023e-05,-0.000132936979,2.19519798e-05
0.00510313315,-0.00538448244,0.764222081,0.000442478377,-0.000709857416,-0.900753757,0.434329334,-0.312320652,-0.00335777047,8.33479962e-05,0.674219444,-0.357070351,0.00194830587,-0.305325903,-0.00124331879,-0.000963042847,0.65928414,-0.357696396,0.000936686153,0.000150202152,-0.00100076995,-0.00299095392,0.197244819,0.210957322,-0.00879722936,0.592755121,-1.35297879e-07,-7.01806654e-05,-5.34087167e-07,0.185477899,-0.204397023,-0.000325882464,0.576097121,-2.90042014e-05,-0.000166264081,2.74553082e-05
0.00510313315,-0.00538448244,0.76518672,0.000543573476,-0.000872041852,-0.900754012,0.434328393,-0.312393913,-0.0041249362,0.000102390908,0.675411956,-0.355715575,0.00239344454,-0.30380104,-0.00152738572,-0.00118307381,0.657064312,-0.356484656,0.00115069528,0.000184519549,-0.0012294206,-0.00367431133,0.19661533,0.213460794,-0.010807174,0.591099849,-1.66210026e-07,-8.62151745e-05,-6.56112593e-07,0.182159966,-0.205401632,-0.000400338374,0.570635917,-3.56309288e-05,-0.000204251223,3.37281526e-05
0.00510313315,-0.00538448244,0.766273932,0.000657514302,-0.00105483438,-0.900754261,0.434327315,-0.312476483,-0.00498958262,0.000123853526,0.676755994,-0.354188654,0.00289514521,-0.30208242,-0.00184754791,-0.00143106323,0.654562418,-0.355118946,0.00139189769,0.000223197521,-0.00148712498,-0.00444450025,0.195905854,0.216282371,-0.0130725144,0.589234248,-2.01050057e-07,-0.000104287125,-7.93643303e-07,0.178420436,-0.206533892,-0.0004842551,0.564480779,-4.30996879e-05,-0.00024706524,4.07980623e-05
0.00510313315,-0.00538448244,0.767487342,0.000784680793,-0.00125884452,-0.900754489,0.434326087,-0.312568638,-0.00595459301,0.000147807422,0.678256043,-0.352484496,0.00345508087,-0.30016431,-0.00220487297,-0.00170783806,0.651770118,-0.35359471,0.00166109771,0.000266365046,-0.00177474244,-0.00530408897,0.195114025,0.219431464,-0.0156008045,0.587152098,-2.3993415e-07,-0.00012445678,-9.47137914e-07,0.174246839,-0.20779758,-0.000577912475,0.557611183,-5.14353845e-05,-0.000294848901,4.86886129e-05
0.00510313315,-0.00538448244,0.768829982,0.000925390616,-0.00148458191,-0.900754681,0.434324699,-0.312670606,-0.0070223782,0.000174312436,0.679915848,-0.350598842,0.00407465036,-0.298041918,-0.0026002536,-0.00201408975,0.648680433,-0.351908142,0.00195896786,0.000314129964,-0.00209299151,-0.00625522494,0.194237866,0.222915939,-0.0183983605,0.584848196,-2.82959447e-07,-0.000146774528,-1.11697989e-06,0.16962875,-0.209195852,-0.000681544474,0.550009967,-6.0658843e-05,-0.000347721581,5.74195169e-05
0.00510313315,-0.00538448244,0.770304306,0.00107990095,-0.00173245912,-0.900754819,0.434323139,-0.312782576,-0.00819488998,0.000203417019,0.681738444,-0.348528247,0.0047549862,-0.295711367,-0.0030344125,-0.0023503781,0.645287718,-0.350056157,0.00228605262,0.000366579586,-0.00244245392,-0.00729964676,0.193275775,0.226742165,-0.0214702963,0.58231833,-3.30204593e-07,-0.000171281163,-1.30347968e-06,0.164557726,-0.210731264,-0.000795340528,0.541663235,-7.07869231e-05,-0.000405779925,6.70067334e-05
0.00510313315,-0.00538448244,0.771912207,0.00124841026,-0.00200279455,-0.900754881,0.434321396,-0.312904691,-0.0094736347,0.00023515856,0.683726173,-0.34627005,0.00549696243,-0.29316966,-0.00350790744,-0.00271713514,0.641587612,-0.348036378,0.0026427722,0.000423781295,-0.00282357863,-0.00843869619,0.192226515,0.230915058,-0.0248205582,0.579559252,-3.81730286e-07,-0.00019800817,-1.50687689e-06,0.159027252,-0.212405789,-0.000919446831,0.532560266,-8.18326362e-05,-0.000469098522,7.74625793e-05
0.00510313315,-0.00538448244,0.773655038,0.00143106007,-0.00229581525,-0.900754845,0.434319457,-0.313037053,-0.0108596867,0.000269563728,0.685880704,-0.343822353,0.0063012024,-0.290414664,-0.00402113623,-0.00311466901,0.637577008,-0.345847106,0.0030294263,0.000485783149,-0.00323668584,-0.00967333021,0.191089206,0.235438125,-0.0284519611,0.576568643,-4.37579813e-07,-0.000226978004,-1.7273424e-06,0.153032683,-0.214220833,-0.00105396765,0.522693412,-9.38052627e-05,-0.00053773057,8.8795839e-05
0.00510313315,-0.00538448244,0.775533622,0.00162793675,-0.00261165977,-0.900754686,0.434317309,-0.313179725,-0.0123537018,0.000306648803,0.688203057,-0.341184,0.00716808669,-0.287445074,-0.00457434173,-0.0035431678,0.633254009,-0.343487307,0.00344619788,0.000552614485,-0.00368197103,-0.011004133,0.189863308,0.240313504,-0.0323662232,0.573345088,-4.97779604e-07,-0.000258204372,-1.96498054e-06,0.146571182,-0.216177256,-0.00119896664,0.512058002,-0.000106710468,-0.000611708543,0.000101011875
0.00510313315,-0.00538448244,0.777548274,0.00183907329,-0.00295038103,-0.900754377,0.434314938,-0.31333273,-0.013955931,0.000346420011,0.690693622,-0.338354546,0.00809776085,-0.284260391,-0.00516761683,-0.00400270347,0.628617887,-0.340956583,0.00389315691,0.000624286527,-0.00415950896,-0.0124313281,0.188548617,0.245542016,-0.0365640019,0.569888045,-5.62339765e-07,-0.000291692518,-2.2198312e-06,0.139641663,-0.218275386,-0.00135446815,0.500652253,-0.000120550418,-0.000691044863,0.00011411274
0.00510313315,-0.00538448244,0.779698819,0.00206445105,-0.00331194917,-0.900753889,0.434312331,-0.313496057,-0.0156662335,0.000388873862,0.693352181,-0.33533424,0.00909014329,-0.280860896,-0.00580090945,-0.00449323569,0.623669049,-0.338255157,0.00437026418,0.000700792983,-0.00466925773,-0.0139547902,0.187145248,0.2511232,-0.0410449287,0.566197818,-6.31254632e-07,-0.000327439502,-2.49187202e-06,0.132244735,-0.220515039,-0.00152045854,0.488477164,-0.000135323899,-0.000775732569,0.000128097282
0.00510313315,-0.00538448244,0.781984604,0.00230400161,-0.00369625436,-0.900753191,0.434309474,-0.313669654,-0.0174840908,0.000433997484,0.696177926,-0.332123997,0.0101449331,-0.277247619,-0.00647402756,-0.00501461572,0.618408998,-0.335383849,0.004877375,0.000782110655,-0.00521106277,-0.0155740574,0.185653625,0.257055365,-0.0458076448,0.562275526,-7.04503306e-07,-0.000365434486,-2.78102051e-06,0.124382641,-0.222895535,-0.00169688745,0.475536427,-0.000151026431,-0.000865745979,0.000142961262
0.00510313315,-0.00538448244,0.784404519,0.00255760845,-0.00410310971,-0.90075225,0.434306352,-0.313853438,-0.0194086198,0.000481768954,0.699169486,-0.328725378,0.0112616178,-0.273422315,-0.00718664417,-0.00556659028,0.612840286,-0.332344052,0.00541424304,0.000868200039,-0.00578466087,-0.0172883429,0.184074475,0.263335629,-0.0508498366,0.558123074,-7.82050205e-07,-0.000405659011,-3.0871362e-06,0.1160592,-0.225415719,-0.0018836692,0.461836329,-0.000167650387,-0.000961041367,0.000158697458
0.00510313315,-0.00538448244,0.786957012,0.0028251088,-0.00453225408,-0.900751034,0.43430295,-0.314047291,-0.0214385863,0.000532157641,0.702324942,-0.325140562,0.0124394815,-0.269387437,-0.00793830232,-0.00614880541,0.606966487,-0.329137716,0.00598052402,0.000959005931,-0.00638968421,-0.0190965477,0.182408808,0.269959965,-0.0561682708,0.553743125,-8.63845602e-07,-0.000448087285,-3.41002279e-06,0.107279749,-0.228073974,-0.00208068401,0.447385656,-0.000185185105,-0.00106155763,0.000175295781
0.00510313315,-0.00538448244,0.789640106,0.00310629538,-0.00498335496,-0.900749507,0.434299255,-0.314251063,-0.0235724189,0.000585124533,0.705641852,-0.321372324,0.0136776121,-0.265146109,-0.00872842009,-0.00676081036,0.600792147,-0.325767324,0.00657577954,0.00105445803,-0.0070256644,-0.0209972716,0.180657916,0.276923243,-0.06175883,0.549139071,-9.49826172e-07,-0.000492686458,-3.74943033e-06,0.0980510862,-0.230868242,-0.00228777935,0.432195594,-0.000203617011,-0.00116721693,0.000192743379
0.00510313315,-0.00538448244,0.792451419,0.00340091822,-0.00545601129,-0.900747634,0.434295252,-0.314464572,-0.0258082218,0.000640622579,0.709117268,-0.317424011,0.0149749099,-0.260702099,-0.00955629558,-0.00740206148,0.59432275,-0.32223587,0.00719948081,0.00115447154,-0.00769203647,-0.0229888264,0.178823353,0.284219279,-0.0676165477,0.544315,-1.03991553e-06,-0.000539416913,-4.10505728e-06,0.0883814088,-0.233796041,-0.00250477125,0.416279637,-0.00022292973,-0.00127792543,0.000211024754
0.00510313315,-0.00538448244,0.795388176,0.00370868638,-0.00594975634,-0.900745379,0.434290927,-0.314687609,-0.0281437892,0.000698597018,0.712747761,-0.31329952,0.0163300947,-0.256059791,-0.0104211119,-0.00807192604,0.587564681,-0.318546837,0.00785101242,0.00125894779,-0.0083881429,-0.0250692468,0.176906929,0.291840874,-0.0737356443,0.539275673,-1.1340248e-06,-0.00058823254,-4.47655276e-06,0.0782802581,-0.236854483,-0.0027314456,0.39965349,-0.000243104208,-0.00139357389,0.000230121867
0.00510313315,-0.00538448244,0.798447229,0.00402926976,-0.00646406054,-0.900742706,0.434286264,-0.314919933,-0.0305766179,0.000758985719,0.716529441,-0.30900327,0.0177417142,-0.251224161,-0.0113219423,-0.00876968614,0.580525182,-0.31470418,0.00852967612,0.00136777479,-0.00911323768,-0.0272363034,0.174910699,0.299779858,-0.0801095618,0.53402649,-1.23205311e-06,-0.000639081024,-4.86351863e-06,0.0677584596,-0.240040288,-0.00296755947,0.382334972,-0.000264118823,-0.00151403835,0.000250014251
0.00510313315,-0.00538448244,0.801625077,0.00436230088,-0.00699833436,-0.900739578,0.434281252,-0.31516128,-0.0331039213,0.000821719512,0.720457977,-0.304540182,0.0192081516,-0.246200748,-0.0122577549,-0.00949454257,0.573212316,-0.3107123,0.00923469458,0.00148082791,-0.00986649029,-0.0294875139,0.172836948,0.30802714,-0.0867309995,0.528573465,-1.33388818e-06,-0.000691904121,-5.26551167e-06,0.056828065,-0.243349809,-0.00321284243,0.364343918,-0.000285949505,-0.00163918085,0.000270679123
0.00510313315,-0.00538448244,0.804917873,0.00470737665,-0.00755193113,-0.900735961,0.434275877,-0.315411356,-0.035722643,0.000886722527,0.724528616,-0.299915655,0.0207276333,-0.240995627,-0.0132274179,-0.0102456187,0.565634927,-0.306576024,0.00996521513,0.00159797041,-0.0106469897,-0.0318201557,0.170688186,0.316572744,-0.0935919495,0.522923191,-1.43940685e-06,-0.000746637949,-5.68204569e-06,0.0455022934,-0.246779043,-0.00346699783,0.345702088,-0.000308569851,-0.00176885003,0.000292091489
0.00510313315,-0.00538448244,0.808321454,0.00506406018,-0.00812414993,-0.900731819,0.434270127,-0.315669846,-0.0384294699,0.000953912528,0.728736209,-0.295135538,0.022298237,-0.235615382,-0.0142297046,-0.0110219643,0.557802602,-0.302300587,0.0107203136,0.0017190541,-0.0114537486,-0.0342312778,0.168467129,0.32540586,-0.100683732,0.517082817,-1.54847564e-06,-0.000803213261,-6.11259374e-06,0.0337954735,-0.250323651,-0.00372970412,0.326433065,-0.000331951245,-0.00190288185,0.000314224261
0.00510313315,-0.00538448244,0.811831348,0.00543188249,-0.00871423841,-0.900727119,0.43426399,-0.315936411,-0.041220846,0.00102320124,0.733075229,-0.290206112,0.0239178994,-0.230067083,-0.0152632983,-0.0118225594,0.54972563,-0.297891603,0.0114989979,0.00184391989,-0.012285707,-0.0367177126,0.166176697,0.334514883,-0.10799703,0.511060017,-1.66095124e-06,-0.000861555734,-6.55659018e-06,0.0217229848,-0.253978977,-0.00400061618,0.306562163,-0.000356062969,-0.00204110023,0.000337048361
0.00510313315,-0.00538448244,0.815442794,0.00581034436,-0.00932139569,-0.900721829,0.434257457,-0.316210687,-0.0440929858,0.00109449471,0.73753979,-0.285134061,0.0255844239,-0.224358253,-0.0163267972,-0.0126463184,0.541414964,-0.293355054,0.0123002122,0.00197239847,-0.0131417366,-0.0392760881,0.163819995,0.34388746,-0.115521925,0.504862957,-1.77668113e-06,-0.000921586245,-7.0134329e-06,0.00930119943,-0.257740064,-0.00427936661,0.286116332,-0.000380872324,-0.00218331771,0.000360532838
0.00510313315,-0.00538448244,0.819150762,0.00619891809,-0.00994477517,-0.900715917,0.434250518,-0.316492295,-0.0470418877,0.0011676936,0.742123674,-0.279926452,0.0272954887,-0.218496847,-0.0174187197,-0.0134920936,0.532882184,-0.288697258,0.0131228401,0.00210431083,-0.014020645,-0.0419028399,0.161400306,0.353510532,-0.123247935,0.498500271,-1.89550408e-06,-0.000983221161,-7.48248541e-06,-0.00345257644,-0.261601671,-0.00456556706,0.265124055,-0.000406344745,-0.00232933617,0.000384644972
0.00510313315,-0.00538448244,0.822949965,0.00659704926,-0.0105834874,-0.900709355,0.434243165,-0.316780831,-0.0500633477,0.00124269355,0.746820345,-0.27459071,0.0290486545,-0.21249122,-0.0185375091,-0.0143586792,0.524139453,-0.283924857,0.0139657088,0.00223946891,-0.014921179,-0.0445942233,0.158921081,0.363370382,-0.131164044,0.49198103,-2.01725068e-06,-0.00104637261,-7.96307903e-06,-0.0165201608,-0.265558293,-0.00485880951,0.243615261,-0.00043244392,-0.00247894743,0.000409350388
0.00510313315,-0.00538448244,0.826834879,0.00700415853,-0.011236603,-0.900702118,0.434235391,-0.317075877,-0.053152973,0.00131938554,0.751622974,-0.269134591,0.0308413723,-0.206350103,-0.0196815388,-0.0152448152,0.515199484,-0.279044788,0.014827593,0.0023776762,-0.0158420293,-0.0473463253,0.156385924,0.373452673,-0.139258743,0.485314714,-2.14174392e-06,-0.00111094878,-8.454515e-06,-0.0298825543,-0.269604178,-0.00515866762,0.22162122,-0.0004591319,-0.00263193398,0.000434613167
0.00510313315,-0.00538448244,0.83079976,0.00741964344,-0.0119031555,-0.900694182,0.434227193,-0.317376995,-0.0563061949,0.00139765614,0.756524461,-0.263566164,0.0326709914,-0.200082579,-0.0208491172,-0.0161491915,0.506075495,-0.274064269,0.0157072181,0.00251872834,-0.0167818344,-0.0501550764,0.153798583,0.383742498,-0.147520063,0.478511178,-2.26879973e-06,-0.00117685418,-8.95606665e-06,-0.0435199985,-0.273733344,-0.00546469798,0.199174456,-0.000486369224,-0.00278806959,0.000460395954
0.00510313315,-0.00538448244,0.834838659,0.00784288015,-0.012582144,-0.900685526,0.434218565,-0.317683736,-0.0595182829,0.00147738795,0.761517451,-0.257893782,0.0345347668,-0.193698048,-0.0220384925,-0.0170704511,0.496781173,-0.26899077,0.0166032646,0.00266241372,-0.0177391843,-0.0530162628,0.15116294,0.394224419,-0.15593561,0.47158063,-2.39822749e-06,-0.00124398994,-9.46698157e-06,-0.0574120344,-0.277939595,-0.0057764415,0.176308643,-0.000514115031,-0.00294712003,0.000486660068
0.00510313315,-0.00538448244,0.838945442,0.00827322527,-0.0132725363,-0.900676133,0.434209508,-0.317995632,-0.0627843582,0.00155845985,0.766594361,-0.252126061,0.0364298676,-0.18720621,-0.0232478583,-0.0180071949,0.487330638,-0.263831999,0.0175143714,0.0028085141,-0.0187126248,-0.0559255387,0.148482999,0.404882515,-0.164492602,0.464533596,-2.5298306e-06,-0.00131225409,-9.98648369e-06,-0.0715375608,-0.282216543,-0.00609342465,0.153058512,-0.000542327175,-0.00310884371,0.000513365617
0.00510313315,-0.00538448244,0.843113805,0.0087100176,-0.0139732717,-0.90066599,0.434200021,-0.318312204,-0.0660994067,0.00164074738,0.771747396,-0.246271857,0.0383533845,-0.180617029,-0.0244753579,-0.0189579846,0.477738396,-0.258595874,0.0184391398,0.00295680518,-0.0197006617,-0.0588784377,0.145762873,0.415700424,-0.173177901,0.457380896,-2.66340704e-06,-0.00138154183,-1.05137755e-05,-0.0858748927,-0.286557621,-0.0064151608,0.129459757,-0.000570962347,-0.00327299236,0.000540471602
0.00510313315,-0.00538448244,0.847337289,0.00915257995,-0.0146832638,-0.900655086,0.434190107,-0.318632963,-0.0694582929,0.00172412307,0.776968575,-0.240340237,0.0403023378,-0.173940715,-0.0257190899,-0.0199213475,0.468019308,-0.253290508,0.0193761372,0.00310705724,-0.0207017642,-0.0618703855,0.143006776,0.426661387,-0.181978053,0.450133609,-2.79874988e-06,-0.00145174581,-1.10480401e-05,-0.100401819,-0.290956105,-0.00674115155,0.105548935,-0.000599976186,-0.00343931169,0.000567936034
0.00510313315,-0.00538448244,0.851609302,0.00960022091,-0.0154014035,-0.900643415,0.434179769,-0.318957408,-0.0728557733,0.00180845677,0.782249746,-0.234340462,0.0422736849,-0.167187688,-0.0269771125,-0.0208957795,0.458188546,-0.247924182,0.0203239009,0.00325903573,-0.0217143695,-0.0648967114,0.140219012,0.437748294,-0.190879322,0.44280305,-2.93564783e-06,-0.00152275645,-1.15884436e-05,-0.115095663,-0.295405129,-0.007070888,0.0813633732,-0.0006293234,-0.00360754206,0.000595716037
0.00510313315,-0.00538448244,0.855923132,0.0100522366,-0.0161265614,-0.900630975,0.434169014,-0.319285028,-0.0762865101,0.00189361596,0.787582612,-0.228281957,0.0442643286,-0.160368559,-0.0282474493,-0.0218797499,0.448261555,-0.242505327,0.0212809417,0.00341250186,-0.0227368868,-0.0679526604,0.137403959,0.448943726,-0.19986772,0.435400736,-3.07388581e-06,-0.00159446219,-1.21341368e-05,-0.129933338,-0.299897702,-0.00740385208,0.0569410707,-0.000658957879,-0.00377741915,0.000623767965
0.00510313315,-0.00538448244,0.860271965,0.0105079126,-0.0168575914,-0.900617769,0.434157852,-0.319615307,-0.0797450842,0.00197946615,0.792958749,-0.222174294,0.0462711246,-0.153494098,-0.0295280938,-0.0228717042,0.438254015,-0.237042503,0.0222457481,0.00356721323,-0.0237677008,-0.0710334058,0.134566065,0.460229998,-0.208929051,0.427938358,-3.21324547e-06,-0.00166674974,-1.26842578e-05,-0.144891407,-0.304426728,-0.00773951786,0.0323206032,-0.000688832816,-0.00394867465,0.000652047509
0.00510313315,-0.00538448244,0.864648901,0.0109665255,-0.0175933331,-0.900603802,0.434146291,-0.31994772,-0.0832260091,0.00206587114,0.798369629,-0.21602716,0.0482908893,-0.146575212,-0.0308170143,-0.023870069,0.428181802,-0.231544376,0.0232167896,0.00372292442,-0.0248051765,-0.0741340603,0.131709831,0.471589207,-0.21804894,0.420427755,-3.35350573e-06,-0.00173950446,-1.32379339e-05,-0.159946142,-0.308985023,-0.00807735286,0.00754102726,-0.000718900817,-0.00412103687,0.000680509808
0.00510313315,-0.00538448244,0.869046976,0.0114273449,-0.0183326145,-0.900589085,0.434134346,-0.320281739,-0.0867237445,0.0021526934,0.80380664,-0.20985034,0.0503204081,-0.139622913,-0.0321121595,-0.0248732552,0.418060948,-0.226019698,0.0241925204,0.00387938757,-0.0258476624,-0.0772496887,0.128839804,0.483003273,-0.227212872,0.412880881,-3.49444334e-06,-0.00181261052,-1.37942839e-05,-0.175073581,-0.313565331,-0.00841681937,-0.0173582164,-0.000749114026,-0.00429423148,0.000709109559
0.00510313315,-0.00538448244,0.87345917,0.0118896349,-0.0190742553,-0.900573634,0.434122032,-0.320616829,-0.0902327092,0.00223979441,0.809261107,-0.203653689,0.0523564427,-0.132648294,-0.0334114626,-0.0258796621,0.407907601,-0.220477282,0.0251713838,0.00403635305,-0.0268934952,-0.0803753198,0.125960562,0.494453984,-0.236406225,0.405309778,-3.63583344e-06,-0.0018859513,-1.435242e-05,-0.190249586,-0.318160344,-0.00875737572,-0.0423373987,-0.000779424234,-0.00446798213,0.00073780113
0.00510313315,-0.00538448244,0.877878432,0.0123526565,-0.0198170697,-0.900557469,0.434109365,-0.320952457,-0.0937472954,0.00232703495,0.814724311,-0.197447111,0.054395739,-0.125662501,-0.0347128473,-0.0268876813,0.397737987,-0.214925987,0.0261518154,0.00419357,-0.0279410034,-0.0835059583,0.123076707,0.505923039,-0.245614305,0.397726546,-3.77745005e-06,-0.00195940956,-1.49114503e-05,-0.205449903,-0.322762719,-0.00909847766,-0.0673565984,-0.000809783,-0.00464201113,0.000766538666
0.00510313315,-0.00538448244,0.882297695,0.0128156687,-0.0205598689,-0.900540613,0.434096365,-0.321288085,-0.0972618817,0.00241427549,0.820187516,-0.191240533,0.0564350353,-0.118676707,-0.036014232,-0.0278957005,0.387568374,-0.209374692,0.027132247,0.00435078694,-0.0289885117,-0.0866365968,0.120192853,0.517392094,-0.254822386,0.390143314,-3.91906665e-06,-0.00203286783,-1.54704806e-05,-0.22065022,-0.327365093,-0.0094395796,-0.0923757981,-0.000840141765,-0.00481604014,0.000795276201
0.00510313315,-0.00538448244,0.886709889,0.0132779304,-0.0213014643,-0.900523096,0.434083055,-0.321623175,-0.100770846,0.0025013765,0.825641982,-0.185043882,0.0584710698,-0.111702088,-0.0373135352,-0.0289021075,0.377415027,-0.203832276,0.0281111104,0.00450775242,-0.0300343445,-0.0897622279,0.117313611,0.528842805,-0.264015738,0.382572211,-4.06045675e-06,-0.0021062086,-1.60286167e-05,-0.235826225,-0.331960106,-0.00978013596,-0.11735498,-0.000870451973,-0.00498979078,0.000823967772
0.00510313315,-0.00538448244,0.891107963,0.0137387027,-0.0220406703,-0.900504949,0.434069456,-0.321957194,-0.104268582,0.00258819876,0.831078993,-0.178867062,0.0605005886,-0.104749789,-0.0386086803,-0.0299052937,0.367294173,-0.198307597,0.0290868413,0.00466421558,-0.0310768304,-0.0928778564,0.114443584,0.540256871,-0.27317967,0.375025338,-4.20139437e-06,-0.00217931467,-1.65849667e-05,-0.250953664,-0.336540415,-0.0101196025,-0.142254224,-0.000900665182,-0.0051629854,0.000852567524
0.00510313315,-0.00538448244,0.8954849,0.0141972502,-0.0227763069,-0.900486212,0.434055596,-0.322289607,-0.107749507,0.00267460375,0.836489874,-0.172719928,0.0625203534,-0.0978309027,-0.0398976009,-0.0309036585,0.35722196,-0.19280947,0.0300578827,0.00481992677,-0.032114306,-0.0959785109,0.11158735,0.55161608,-0.28229956,0.367514735,-4.34165463e-06,-0.00225206939,-1.71386428e-05,-0.266008399,-0.341098709,-0.0104574375,-0.1670338,-0.000930733183,-0.00533534762,0.000881029823
0.00510313315,-0.00538448244,0.899833732,0.0146528427,-0.0235072031,-0.900466923,0.434041502,-0.322619886,-0.111208081,0.00276045393,0.841866011,-0.166612265,0.0645271494,-0.0909564425,-0.0411782453,-0.0318956128,0.34721442,-0.187346647,0.0310226891,0.00497463814,-0.0331451201,-0.0990592562,0.108749456,0.562902352,-0.291360891,0.360052357,-4.48101428e-06,-0.00232435694,-1.76887638e-05,-0.280966468,-0.345627736,-0.0107931032,-0.191654267,-0.00096060812,-0.00550660311,0.000909309367
0.00510313315,-0.00538448244,0.904147562,0.0151047576,-0.0242321992,-0.90044713,0.434027203,-0.322947506,-0.114638818,0.00284561313,0.847198877,-0.16055376,0.066517793,-0.0841373134,-0.0424485821,-0.0328795831,0.337287429,-0.181927792,0.03197973,0.00512810427,-0.0341676374,-0.102115205,0.105934403,0.574097783,-0.300349289,0.352650042,-4.61925226e-06,-0.00239606268,-1.8234457e-05,-0.295804143,-0.350120309,-0.0111260673,-0.21607657,-0.000990242599,-0.00567648021,0.000937361295
0.00510313315,-0.00538448244,0.908419575,0.0155522809,-0.0249501501,-0.900426881,0.43401273,-0.323271951,-0.118036298,0.00292994683,0.852480048,-0.154553985,0.0684891402,-0.0773842864,-0.0437066048,-0.0338540152,0.327456667,-0.176561466,0.0329274937,0.00528008276,-0.0351802427,-0.105141531,0.103146639,0.58518469,-0.309250557,0.345319483,-4.75615022e-06,-0.00246707332,-1.87748605e-05,-0.310497987,-0.354569332,-0.0114558038,-0.240262132,-0.00101958981,-0.00584471058,0.000965141298
0.00510313315,-0.00538448244,0.91264306,0.0159947095,-0.0256599276,-0.900406227,0.433998115,-0.323592709,-0.121395184,0.00301332252,0.857701226,-0.148622365,0.0704380934,-0.0707079716,-0.0449503367,-0.0348173781,0.317737579,-0.171256099,0.0338644911,0.00543033482,-0.0361813452,-0.108133479,0.100390542,0.596145654,-0.318050709,0.338072196,-4.89149305e-06,-0.0025372773,-1.93091251e-05,-0.325024913,-0.358967817,-0.0117817945,-0.264172954,-0.00104860365,-0.00601102991,0.000992605729
0.00510313315,-0.00538448244,0.916811422,0.0164313529,-0.0263604241,-0.900385225,0.433983394,-0.323909282,-0.124710233,0.00309561005,0.862854262,-0.142768161,0.0723616104,-0.0641187912,-0.0461778363,-0.0357681678,0.308145337,-0.166019975,0.0347892595,0.0055786259,-0.0371693821,-0.111086378,0.0976704164,0.606963563,-0.326736009,0.330919496,-5.02506949e-06,-0.00260656504,-1.98364169e-05,-0.339362245,-0.363308895,-0.0121035307,-0.287771709,-0.00107723882,-0.00617517856,0.00101971171
0.00510313315,-0.00538448244,0.920918205,0.0168615347,-0.0270505546,-0.900363932,0.4339686,-0.324221178,-0.127976308,0.00317668195,0.867931172,-0.13700044,0.0742567112,-0.0576269527,-0.0473872021,-0.0367049115,0.298694801,-0.160861203,0.0357003663,0.00572472628,-0.0381428226,-0.113995654,0.0949904749,0.617621659,-0.335293,0.323872463,-5.15667261e-06,-0.00267482919,-2.0355919e-05,-0.353487772,-0.367585843,-0.0124205138,-0.31102184,-0.00110545097,-0.00633690224,0.00104641726
0.00510313315,-0.00538448244,0.924957105,0.017284595,-0.0277292599,-0.90034241,0.433953771,-0.324527918,-0.131188396,0.00325641376,0.872924162,-0.131328058,0.0761204866,-0.0512424223,-0.0485765775,-0.0376261712,0.28940048,-0.155787704,0.0365964128,0.00586841166,-0.0391001725,-0.11685684,0.0923548321,0.62810358,-0.343708547,0.316941915,-5.28610037e-06,-0.00274196495,-2.0866834e-05,-0.367379808,-0.371792094,-0.0127322573,-0.333887653,-0.00113319677,-0.00649595268,0.00107268138
0.00510313315,-0.00538448244,0.928921986,0.0176998913,-0.0283955098,-0.900320722,0.433938943,-0.324829037,-0.134341618,0.00333468436,0.877825648,-0.125759631,0.0779501056,-0.0449748977,-0.0497441558,-0.0385305474,0.280276491,-0.150807185,0.0374760379,0.0060094638,-0.0400399776,-0.119665591,0.0897674912,0.638393404,-0.351969867,0.310138379,-5.41315617e-06,-0.00280787035,-2.13683856e-05,-0.381017252,-0.375921259,-0.0130382877,-0.356334417,-0.0011604341,-0.00665208829,0.00109846416
0.00510313315,-0.00538448244,0.9328069,0.0181068009,-0.0290483052,-0.900298932,0.433924155,-0.325124083,-0.137431243,0.00341137634,0.882628278,-0.120303512,0.0797428235,-0.0388337815,-0.0508881855,-0.0394166835,0.271336522,-0.145927117,0.038337922,0.00614767109,-0.0409608279,-0.122417693,0.0872323338,0.648475695,-0.360064566,0.303472062,-5.53764942e-06,-0.00287244652,-2.18598216e-05,-0.394379645,-0.379967144,-0.0133381458,-0.378328457,-0.00118712208,-0.00680507483,0.00112372694
0.00510313315,-0.00538448244,0.936606102,0.0185047227,-0.0296866815,-0.900277107,0.433909444,-0.325412619,-0.140452703,0.0034863763,0.887324949,-0.114967769,0.0814959893,-0.0328281542,-0.0520069749,-0.0402832691,0.262593791,-0.141154715,0.0391807908,0.00628282917,-0.0418613619,-0.125109077,0.0847531086,0.658335545,-0.367980676,0.296952822,-5.65939602e-06,-0.00293559797,-2.23404152e-05,-0.40744723,-0.383923767,-0.0136313883,-0.399837252,-0.00121322125,-0.00695468609,0.00114843236
0.00510313315,-0.00538448244,0.94031407,0.0188930786,-0.0303097116,-0.900255315,0.43389485,-0.325694226,-0.143401605,0.00355957519,0.891908832,-0.109760161,0.0832070541,-0.0269667477,-0.0530988974,-0.0411290442,0.254061011,-0.13649692,0.0400034187,0.00641474153,-0.0427402703,-0.127735829,0.0823334202,0.667958618,-0.375706685,0.290590136,-5.77821896e-06,-0.00299723288,-2.28094677e-05,-0.420201005,-0.387785374,-0.0139175887,-0.420829528,-0.00123869368,-0.00710070455,0.00117254449
0.00510313315,-0.00538448244,0.943925516,0.0192713155,-0.0309165079,-0.900233623,0.43388041,-0.325968503,-0.146273745,0.00363086865,0.896373394,-0.10468811,0.0848735786,-0.021257918,-0.0541623964,-0.0419528032,0.245750345,-0.13196037,0.0408046329,0.0065432201,-0.0435962999,-0.130294204,0.0799767182,0.677331195,-0.383231581,0.284393076,-5.89394885e-06,-0.0030572634,-2.32663104e-05,-0.432622791,-0.39154646,-0.0141963391,-0.44127536,-0.00126350303,-0.00724292204,0.00119602897
0.00510313315,-0.00538448244,0.94743541,0.0196389071,-0.0315062262,-0.900212099,0.433866164,-0.326235067,-0.149065121,0.00370015737,0.900712414,-0.0997586839,0.0864932409,-0.0157096189,-0.05519599,-0.0427533984,0.237673373,-0.127551387,0.0415833173,0.0066680859,-0.0444282583,-0.132780639,0.0776862858,0.686440217,-0.390544878,0.278370275,-6.00642446e-06,-0.00311560587,-2.37103069e-05,-0.44469528,-0.395201786,-0.0144672512,-0.461146261,-0.00128761475,-0.00738114041,0.00121885307
0.00510313315,-0.00538448244,0.950838991,0.0199953554,-0.0320780677,-0.900190811,0.433852149,-0.326493558,-0.151771948,0.00376734737,0.904920007,-0.0949785672,0.0880638446,-0.0103293745,-0.0561982768,-0.043529744,0.229841048,-0.123275949,0.0423384157,0.00678916959,-0.0452350172,-0.135191761,0.0754652293,0.695273333,-0.397636661,0.272529901,-6.11549324e-06,-0.00317218118,-2.41408549e-05,-0.456402099,-0.398746394,-0.0147299575,-0.480415284,-0.00131099615,-0.00751517223,0.00124098584
0.00510313315,-0.00538448244,0.954131788,0.020340193,-0.0326312823,-0.900169827,0.433838402,-0.326743634,-0.15439067,0.00383235038,0.908990646,-0.0903540398,0.0895833264,-0.00512425316,-0.0571679398,-0.0442808201,0.222263659,-0.119139674,0.0430689363,0.00690631209,-0.0460155166,-0.137524403,0.0733164666,0.703818937,-0.404497611,0.266879628,-6.22101192e-06,-0.00322691501,-2.45573889e-05,-0.467727871,-0.402175628,-0.0149841129,-0.499057115,-0.00133361649,-0.00764484142,0.00126239821
0.00510313315,-0.00538448244,0.957309635,0.0206729842,-0.0331651713,-0.900149212,0.43382496,-0.326984981,-0.156917973,0.00389508418,0.912919181,-0.0858909522,0.0910497637,-0.000100839913,-0.0581037524,-0.0450056765,0.214950793,-0.115147794,0.0437739547,0.00701936521,-0.0467687692,-0.139775613,0.0712427161,0.712066219,-0.411119049,0.261426602,-6.32284699e-06,-0.00327973811,-2.4959382e-05,-0.478658266,-0.405485149,-0.0152293958,-0.517048169,-0.00135544718,-0.00776998391,0.00128306308
0.00510313315,-0.00538448244,0.960368689,0.0209933274,-0.0336790902,-0.90012903,0.433811858,-0.327217305,-0.159350802,0.00395547288,0.916700861,-0.0815947022,0.0924613833,0.00473478985,-0.0590045827,-0.0457034366,0.207911294,-0.111305137,0.0444526184,0.00712819221,-0.047493864,-0.14194267,0.0692464858,0.720005204,-0.417492966,0.25617742,-6.4208753e-06,-0.00333058659,-2.53463479e-05,-0.489180064,-0.408670955,-0.0154655097,-0.534366687,-0.00137646179,-0.00789044838,0.00130295546
0.00510313315,-0.00538448244,0.963305446,0.0213008565,-0.0341724517,-0.900109345,0.43379913,-0.327440342,-0.161686369,0.00401344732,0.920331355,-0.0774702107,0.0938165681,0.00937709744,-0.0598693991,-0.0463733012,0.201153225,-0.107616104,0.0451041501,0.00723266845,-0.0481899704,-0.14402309,0.0673300622,0.727626798,-0.423612063,0.251138093,-6.51498456e-06,-0.00337940222,-2.57178433e-05,-0.499281215,-0.411729396,-0.0156921841,-0.550992834,-0.00139663627,-0.00800609683,0.00132205258
0.00510313315,-0.00538448244,0.966116758,0.0215952426,-0.0346447283,-0.900090214,0.433786808,-0.327653851,-0.163922172,0.00406894536,0.923806771,-0.0735218979,0.0951138659,0.0138211076,-0.0606972746,-0.0470145523,0.194683828,-0.104084649,0.0457278513,0.00733268197,-0.0488563425,-0.146014645,0.0654954991,0.734922834,-0.42946978,0.246314022,-6.60507392e-06,-0.00342613267,-2.60734703e-05,-0.508950892,-0.414657195,-0.015909176,-0.56690879,-0.00141594899,-0.00811680533,0.00134033395
0.00510313315,-0.00538448244,0.968799853,0.0218761961,-0.0350954552,-0.900071696,0.433774922,-0.327857623,-0.166056005,0.00412191226,0.92712368,-0.0697536597,0.0963519965,0.0180624356,-0.0614873923,-0.0476265573,0.188509488,-0.100714257,0.0463231068,0.00742813407,-0.0494923227,-0.147915369,0.0637446067,0.741886113,-0.435060339,0.241709967,-6.69105449e-06,-0.00347073184,-2.64128778e-05,-0.518179555,-0.417451464,-0.0161162713,-0.582098852,-0.00143438089,-0.00822246464,0.00135778155
0.00510313315,-0.00538448244,0.971352345,0.0221434683,-0.0355242335,-0.900053843,0.433763501,-0.328051476,-0.168085971,0.00417230094,0.930279136,-0.0661688435,0.0975298601,0.0220973135,-0.0622390505,-0.0482087724,0.182635688,-0.0975079216,0.0468893878,0.00751893996,-0.050097346,-0.149723574,0.0620789404,0.748510448,-0.440378774,0.237330018,-6.77284989e-06,-0.00351316012,-2.67357644e-05,-0.526959006,-0.420109718,-0.0163132861,-0.596549526,-0.00145191561,-0.0083229809,0.00137437987
0.00510313315,-0.00538448244,0.97377226,0.022396853,-0.0359307324,-0.900036705,0.433752571,-0.32823526,-0.1700105,0.00422007241,0.933270696,-0.0627702246,0.0986465449,0.0259226176,-0.0629516671,-0.0487607469,0.177066977,-0.0944681248,0.0474262559,0.00760502934,-0.0506709441,-0.151437859,0.0604997897,0.754790712,-0.445420965,0.233177567,-6.85039679e-06,-0.00355338464,-2.70418801e-05,-0.535282447,-0.422629902,-0.0165000679,-0.610249624,-0.00146853957,-0.00841827628,0.00139011607
0.00510313315,-0.00538448244,0.976058045,0.0226361884,-0.0363146926,-0.900020327,0.433742155,-0.328408857,-0.171828357,0.00426519603,0.936096442,-0.0595599823,0.0997013347,0.029535895,-0.0636247852,-0.049282127,0.171806926,-0.0915968161,0.0479333667,0.00768634702,-0.0512127492,-0.153057126,0.0590081673,0.760722877,-0.450183682,0.229255275,-6.92364546e-06,-0.00359137963,-2.73310286e-05,-0.543144541,-0.425010399,-0.0166764968,-0.62319036,-0.0014842421,-0.0085082897,0.00140498005
0.00510313315,-0.00538448244,0.97820859,0.0228613592,-0.0366759287,-0.900004749,0.433732275,-0.328572183,-0.17353866,0.00430764989,0.938755,-0.0565396763,0.100693717,0.0329353903,-0.0642580778,-0.0497726592,0.166858088,-0.0888953903,0.0484104739,0.00776285347,-0.0517224979,-0.154580589,0.0576047977,0.766304062,-0.454664608,0.225565048,-6.99256033e-06,-0.00362712661,-2.76030694e-05,-0.550541469,-0.427250051,-0.0168424872,-0.635365449,-0.00149901558,-0.0085929774,0.00141896459
0.00510313315,-0.00538448244,0.980223243,0.0230722978,-0.0370143323,-0.899990007,0.433722947,-0.328725189,-0.175140889,0.00434742109,0.941245565,-0.0537102223,0.101623391,0.0361200728,-0.0648513529,-0.0502321949,0.162221966,-0.0863646667,0.048857433,0.00783452551,-0.0522000359,-0.156007784,0.0562901066,0.771532573,-0.458862387,0.222108005,-7.05712049e-06,-0.00366061476,-2.78579201e-05,-0.557470988,-0.429348181,-0.0169979887,-0.646771199,-0.00151285553,-0.00867231372,0.00143206546
0.00510313315,-0.00538448244,0.982101827,0.0232689863,-0.037329875,-0.899976132,0.433714187,-0.328867861,-0.176634904,0.00438450617,0.943567918,-0.0510718686,0.102490276,0.039089663,-0.0654045584,-0.0506606937,0.157898966,-0.0840048672,0.0492742046,0.00790135685,-0.052645321,-0.157338586,0.0550642092,0.776407953,-0.462776649,0.218884449,-7.11732028e-06,-0.00369184113,-2.80955582e-05,-0.563932489,-0.431304604,-0.0171429877,-0.657406608,-0.00152576074,-0.00874629169,0.00144428149
0.00510313315,-0.00538448244,0.983844657,0.0234514585,-0.0376226108,-0.899963148,0.433706006,-0.329000223,-0.178020956,0.00441891134,0.94572245,-0.0486241722,0.103294516,0.0418446594,-0.0659177872,-0.0510582275,0.153888363,-0.0818155957,0.0496608587,0.0079633587,-0.0530584283,-0.15857322,0.0539268998,0.780931019,-0.466408052,0.21589384,-7.17316981e-06,-0.00372081096,-2.83160237e-05,-0.569927058,-0.433119649,-0.0172775085,-0.667273463,-0.00153773336,-0.00881492374,0.00145561475
0.00510313315,-0.00538448244,0.985452559,0.0236198014,-0.0378926792,-0.899951074,0.433698413,-0.329122338,-0.179299701,0.00445065288,0.947710178,-0.046365975,0.104036492,0.0443863657,-0.0663912821,-0.0514249846,0.150188257,-0.0797958163,0.0500175782,0.00802056041,-0.053439553,-0.15971227,0.0528776401,0.785103912,-0.469758314,0.213134762,-7.2246955e-06,-0.00374753797,-2.85194209e-05,-0.575457532,-0.434794174,-0.0174016148,-0.676376432,-0.00154877908,-0.00887824234,0.0014660706
0.00510313315,-0.00538448244,0.986926883,0.0237741569,-0.038140308,-0.899939923,0.433691412,-0.329234307,-0.180472213,0.00447975746,0.949532775,-0.0442953796,0.104716828,0.0467169174,-0.066825441,-0.0517612729,0.146795542,-0.0779438319,0.050344663,0.00807301003,-0.0537890154,-0.160756692,0.0519155487,0.788930139,-0.47283025,0.210604897,-7.27194065e-06,-0.0037720446,-2.87059207e-05,-0.580528556,-0.436329586,-0.0175154108,-0.684723163,-0.00155890716,-0.00893630068,0.00147565781
0.00510313315,-0.00538448244,0.988269522,0.0239147239,-0.0383658162,-0.899929701,0.433685004,-0.329336276,-0.181539998,0.00450626247,0.95119258,-0.0424097261,0.105336397,0.0488393084,-0.0672208217,-0.0520675246,0.143705857,-0.0762572634,0.0506425332,0.00812077495,-0.0541072644,-0.161707828,0.0510393895,0.792414614,-0.475627806,0.208300995,-7.31496594e-06,-0.00379436235,-2.88757627e-05,-0.585146645,-0.437727858,-0.0176190428,-0.69232438,-0.00156813061,-0.00898917336,0.00148438872
0.00510313315,-0.00538448244,0.989482932,0.0240417597,-0.0385696168,-0.899920409,0.433679186,-0.329428431,-0.182505008,0.00453021637,0.952692628,-0.0407055675,0.105896333,0.0507574184,-0.0675781467,-0.0523442994,0.140913556,-0.0747330278,0.0509117332,0.00816394248,-0.0543948819,-0.162567416,0.0502475611,0.795563706,-0.478156096,0.206218844,-7.35385004e-06,-0.003814532,-2.90292573e-05,-0.589320242,-0.438991545,-0.0177127002,-0.699193976,-0.00157646631,-0.00903695702,0.00149227927
0.00510313315,-0.00538448244,0.990570144,0.0241555823,-0.0387522197,-0.899912038,0.433673952,-0.329511001,-0.183369655,0.00455167899,0.954036667,-0.0391786465,0.106398033,0.0524760392,-0.0678983089,-0.0525922889,0.138411663,-0.0733673173,0.0511529356,0.00820262045,-0.0546525863,-0.163337605,0.0495380852,0.798385284,-0.480421436,0.204353244,-7.38869007e-06,-0.00383260395,-2.9166788e-05,-0.593059772,-0.440123806,-0.0177966169,-0.705349113,-0.00158393507,-0.00907977104,0.00149934918
0.00510313315,-0.00538448244,0.991534783,0.0242565716,-0.0389142343,-0.899904576,0.433669292,-0.329584261,-0.18413682,0.0045707219,0.955229178,-0.0378238714,0.106843172,0.0540009018,-0.0681823759,-0.0528123198,0.136191835,-0.0721555777,0.0513669447,0.00823693785,-0.0548812369,-0.164020963,0.0489085959,0.800888755,-0.482431381,0.202697972,-7.41960222e-06,-0.00384863846,-2.92888134e-05,-0.596377705,-0.441128414,-0.0178710729,-0.710810318,-0.0015905618,-0.00911775818,0.00150562202
0.00510313315,-0.00538448244,0.992381086,0.0243451713,-0.0390563727,-0.899898003,0.43366519,-0.329648535,-0.184809875,0.00458742874,0.956275399,-0.0366352922,0.107233704,0.0553387032,-0.0684315951,-0.0530053587,0.134244322,-0.0710924873,0.0515547004,0.00826704539,-0.0550818381,-0.16462049,0.0483563287,0.803085115,-0.484194757,0.201245759,-7.44672224e-06,-0.00386270595,-2.93958695e-05,-0.599288613,-0.442009784,-0.017936395,-0.715601573,-0.0015963756,-0.00915108529,0.00151112535
0.00510313315,-0.00538448244,0.993113917,0.0244218911,-0.0391794525,-0.89989229,0.433661628,-0.329704191,-0.185392686,0.00460189554,0.957181344,-0.0356060768,0.107571873,0.0564971331,-0.0686473992,-0.053172515,0.13255793,-0.0701719352,0.051717282,0.00829311613,-0.0552555427,-0.165139633,0.0478781092,0.804986989,-0.485721701,0.199988258,-7.47020603e-06,-0.00387488728,-2.94885716e-05,-0.601809229,-0.442772979,-0.0179929587,-0.71975042,-0.00160140989,-0.00917994391,0.0015158908
0.00510313315,-0.00538448244,0.993738786,0.024487308,-0.0392843992,-0.899887404,0.433658584,-0.329751648,-0.185889637,0.00461423106,0.957953822,-0.0347284874,0.107860223,0.0574849009,-0.0688314107,-0.0533150456,0.131119981,-0.0693870006,0.0518559118,0.00831534608,-0.0554036569,-0.165582295,0.0474703418,0.806608675,-0.487023693,0.198916014,-7.49023015e-06,-0.00388527404,-2.95676166e-05,-0.603958504,-0.44342374,-0.0180411894,-0.723288052,-0.00160570251,-0.00920455103,0.00151995419
0.00510313315,-0.00538448244,0.994261864,0.0245420683,-0.0393722498,-0.899883304,0.43365603,-0.329791374,-0.186305635,0.00462455714,0.958600466,-0.0339938562,0.108101601,0.0583117626,-0.0689854469,-0.0534343581,0.129916271,-0.0687299309,0.0519719589,0.0083339548,-0.0555276435,-0.165952847,0.0471289992,0.807966191,-0.488113592,0.198018437,-7.50699236e-06,-0.0038939688,-2.96337853e-05,-0.605757664,-0.443968492,-0.0180815633,-0.726249407,-0.00160929588,-0.00922514969,0.00152335566
0.00510313315,-0.00538448244,0.994690003,0.0245868893,-0.039444155,-0.89987994,0.433653937,-0.329823889,-0.186646129,0.00463300902,0.959129742,-0.0333925619,0.108299168,0.0589885473,-0.0691115253,-0.0535320151,0.128931038,-0.0681921206,0.0520669433,0.008349186,-0.0556291262,-0.166256144,0.0468496109,0.809077314,-0.489005673,0.197283773,-7.5207122e-06,-0.00390108545,-2.96879442e-05,-0.607230273,-0.444414371,-0.0181146094,-0.728673271,-0.00161223704,-0.00924200964,0.00152613976
0.00510313315,-0.00538448244,0.995030749,0.0246225611,-0.0395013825,-0.899877258,0.433652268,-0.329849768,-0.18691712,0.00463973567,0.95955098,-0.0329140059,0.108456407,0.0595271844,-0.0692118681,-0.0536097381,0.128146913,-0.06776409,0.0521425391,0.00836130816,-0.055709894,-0.166497531,0.0466272524,0.809961632,-0.489715658,0.19669907,-7.5316315e-06,-0.00390674942,-2.9731048e-05,-0.608402288,-0.444769235,-0.0181409099,-0.730602368,-0.00161457784,-0.00925542809,0.00152835555
0.00510313315,-0.00538448244,0.995292361,0.0246499486,-0.0395453195,-0.899875197,0.433650986,-0.329869636,-0.187125177,0.00464490014,0.959874392,-0.0325465882,0.10857713,0.0599407302,-0.0692889076,-0.0536694109,0.127544891,-0.0674354638,0.0522005788,0.0083706151,-0.0557719045,-0.166682859,0.0464565336,0.810640578,-0.490260759,0.196250157,-7.54001493e-06,-0.00391109801,-2.97641416e-05,-0.609302118,-0.445041687,-0.0181611025,-0.732083457,-0.00161637502,-0.00926573027,0.00153005676
0.00510313315,-0.00538448244,0.995483829,0.0246699928,-0.0395774759,-0.899873686,0.433650047,-0.329884178,-0.187277449,0.0046486799,0.960111089,-0.0322776838,0.108665484,0.0602433947,-0.069345291,-0.0537130841,0.127104286,-0.06719495,0.0522430567,0.00837742664,-0.0558172885,-0.166818496,0.0463315886,0.811137483,-0.490659706,0.195921608,-7.54615058e-06,-0.00391428065,-2.9788362e-05,-0.609960683,-0.445241088,-0.018175881,-0.733167432,-0.00161769034,-0.00927327021,0.00153130184
0.00510313315,-0.00538448244,0.995614888,0.024683713,-0.039599487,-0.899872652,0.433649404,-0.329894131,-0.187381679,0.00465126715,0.960273108,-0.0320936186,0.108725962,0.0604505687,-0.0693838855,-0.0537429784,0.126802691,-0.0670303181,0.0522721329,0.00838208914,-0.0558483539,-0.16691134,0.0462460636,0.811477615,-0.490932785,0.195696716,-7.55035042e-06,-0.00391645916,-2.98049408e-05,-0.61041147,-0.445377579,-0.0181859969,-0.733909413,-0.00161859067,-0.00927843129,0.00153215409
0.00510313315,-0.00538448244,0.99569604,0.0246922085,-0.0396131162,-0.899872011,0.433649005,-0.329900295,-0.187446218,0.00465286917,0.96037343,-0.0319796458,0.10876341,0.0605788503,-0.0694077831,-0.0537614889,0.126615944,-0.0669283785,0.0522901367,0.00838497615,-0.0558675896,-0.166968828,0.0461931068,0.811688224,-0.491101875,0.195557464,-7.55295096e-06,-0.00391780809,-2.98152064e-05,-0.610690597,-0.445462093,-0.0181922606,-0.734368846,-0.00161914816,-0.00928162703,0.0015326818
0.00510313315,-0.00538448244,0.995738565,0.0246966603,-0.0396202581,-0.899871675,0.433648796,-0.329903524,-0.187480038,0.00465370865,0.960426001,-0.0319199221,0.108783034,0.0606460722,-0.0694203059,-0.0537711887,0.126518085,-0.0668749603,0.0522995711,0.008386489,-0.0558776694,-0.166998953,0.0461653564,0.811798586,-0.491190482,0.195484493,-7.55431369e-06,-0.00391851495,-2.98205858e-05,-0.610836865,-0.44550638,-0.0181955429,-0.734609597,-0.00161944029,-0.00928330165,0.00153295834
0.00510313315,-0.00538448244,0.995754542,0.0246983329,-0.0396229413,-0.899871549,0.433648718,-0.329904738,-0.187492744,0.00465402405,0.960445752,-0.0318974835,0.108790406,0.0606713278,-0.0694250108,-0.053774833,0.126481319,-0.0668548908,0.0523031156,0.00838705738,-0.0558814564,-0.167010271,0.0461549305,0.81184005,-0.491223771,0.195457077,-7.55482567e-06,-0.00391878053,-2.98226068e-05,-0.610891818,-0.445523019,-0.0181967761,-0.734700049,-0.00161955005,-0.00928393081,0.00153306223
0.00510313315,-0.00538448244,0.995756865,0.024698576,-0.0396233314,-0.89987153,0.433648707,-0.329904914,-0.187494591,0.0046540699,0.960448623,-0.0318942219,0.108791478,0.0606749989,-0.0694256946,-0.0537753627,0.126475975,-0.0668519735,0.0523036309,0.00838714,-0.0558820069,-0.167011917,0.046153415,0.811846077,-0.49122861,0.195453092,-7.55490009e-06,-0.00391881913,-2.98229006e-05,-0.610899806,-0.445525438,-0.0181969553,-0.734713197,-0.001619566,-0.00928402226,0.00153307733
0.00495497324,-0.00628675241,0.996403098,0.0268525163,-0.0401979384,-0.90103268,0.431048927,-0.331748188,-0.185235038,0.0145186419,0.958055437,-0.033006385,0.113469437,0.0572131239,-0.072991617,-0.0501136631,0.125916213,-0.0643256083,0.0535611622,0.0136604905,-0.0617732331,-0.170558035,0.0501191095,0.810943127,-0.48234874,0.227353871,2.64482387e-05,-0.00388666987,-2.20000402e-05,-0.598327518,-0.449968219,-0.0259971637,-0.751335382,-0.00168278802,-0.00959111005,0.00164554606
0.00477186125,-0.00720729027,0.997068286,0.0289536941,-0.0407333836,-0.902189445,0.428435154,-0.333492994,-0.183043197,0.0242442023,0.955687523,-0.0342745632,0.118247263,0.0539108217,-0.0764119327,-0.0465246513,0.125275955,-0.061745517,0.0544733964,0.0185746066,-0.0674420595,-0.173878461,0.0548579469,0.809392333,-0.471751958,0.267060101,5.8077334e-05,-0.00382777187,-1.39208205e-05,-0.584319532,-0.455860347,-0.0351659209,-0.768891215,-0.00175524433,-0.00990285538,0.00176324404
0.00451884512,-0.00816435833,0.997771382,0.0309496789,-0.0411910336,-0.903349488,0.425799387,-0.335040927,-0.180986822,0.0336917378,0.953369975,-0.0358547792,0.12322484,0.0509276725,-0.0795410424,-0.0430810079,0.12447466,-0.0590579659,0.05469504,0.0227702521,-0.0726660937,-0.176747471,0.061143063,0.806545913,-0.457721472,0.322377115,8.49583594e-05,-0.00371537497,-5.32887861e-06,-0.567440093,-0.464651048,-0.0470717922,-0.788314164,-0.00184616959,-0.0102239214,0.00189140078
0.00413055485,-0.00895866938,0.998350203,0.0326619474,-0.0414795352,-0.904282886,0.423656828,-0.335902929,-0.179784745,0.0408739448,0.95094955,-0.0372303613,0.1271763,0.0484255999,-0.0818169042,-0.0404412672,0.123806983,-0.0569796339,0.0534164272,0.0252716765,-0.0764750168,-0.17861858,0.0673662201,0.801531434,-0.441824496,0.392271578,0.000102733422,-0.00350329303,4.32665774e-06,-0.549336195,-0.475738823,-0.0610777065,-0.805051327,-0.00194876501,-0.0105248038,0.00200129114
0.00367462728,-0.0096716024,0.998866737,0.0342322904,-0.0416833958,-0.905101664,0.421760147,-0.336421877,-0.17900984,0.0469234884,0.948477805,-0.0385036245,0.130614698,0.0461640693,-0.0836661607,-0.0382034704,0.123206094,-0.0552059226,0.05138769,0.0269259922,-0.079576388,-0.179990679,0.0735584125,0.795432925,-0.42499426,0.469454736,0.000115955503,-0.0032413681,1.45140002e-05,-0.530620158,-0.487975091,-0.076133661,-0.820445538,-0.00205719564,-0.0108155962,0.00210204883
0.00294752512,-0.0101478836,0.999079168,0.0358600984,-0.0415935287,-0.905493426,0.420791739,-0.33535707,-0.179874599,0.0495453924,0.943790317,-0.0387191996,0.131707609,0.0432109162,-0.084329918,-0.0371557698,0.123495117,-0.0544267744,0.0467294231,0.0259719938,-0.0809396654,-0.180220872,0.0771271065,0.785680652,-0.408494711,0.560873568,0.000119876502,-0.0028141134,2.94223228e-05,-0.510923624,-0.500204682,-0.0918958113,-0.826226711,-0.0021606544,-0.0110918498,0.00214684941
0.00218028203,-0.0106128789,0.99917978,0.0376352076,-0.0413337689,-0.905743251,0.420124118,-0.333338171,-0.181105554,0.0514455512,0.937105894,-0.0383929983,0.13194719,0.0393362045,-0.0846374854,-0.0364987738,0.124486484,-0.053710416,0.0413965806,0.0240671616,-0.0819160864,-0.180171177,0.0797189921,0.774574578,-0.392751098,0.654112041,0.000122122161,-0.00235374621,4.5847366e-05,-0.489892006,-0.511104226,-0.106847599,-0.827458918,-0.00225438923,-0.0113743879,0.00217092992
0.0013327552,-0.0110553056,0.999057055,0.039704998,-0.0407343665,-0.90571203,0.420059452,-0.329411089,-0.183068842,0.0519022197,0.926427484,-0.0369832478,0.130480111,0.0336183719,-0.0842326954,-0.0366231948,0.126882553,-0.0531196259,0.0347146019,0.0202606712,-0.0821188241,-0.179561749,0.080357261,0.760760725,-0.378519416,0.750989795,0.000121017139,-0.00182715547,6.53058305e-05,-0.466190279,-0.519343555,-0.120178625,-0.819592953,-0.00232867617,-0.0116694923,0.002153571
0.000630601309,-0.0116645955,0.998644292,0.0418321307,-0.0395420235,-0.905383035,0.42067572,-0.321706533,-0.184720814,0.0516374037,0.907993555,-0.034737695,0.127388284,0.0249199979,-0.082947284,-0.0378296189,0.132363543,-0.0518181473,0.0273996666,0.0143441288,-0.0814402699,-0.178034812,0.0796766654,0.742472172,-0.365867853,0.847320557,0.000117486801,-0.0012858042,8.46897892e-05,-0.436193168,-0.522935987,-0.129601777,-0.796746552,-0.00237006694,-0.011967265,0.00210346025
1.13248825e-06,-0.0123573169,0.998086512,0.0439877144,-0.0380530176,-0.904900444,0.421630448,-0.312113196,-0.186217144,0.051011838,0.885681927,-0.0320742391,0.12348409,0.0147313448,-0.0812215656,-0.0395770483,0.139386997,-0.0501613207,0.0197682511,0.00737255486,-0.0803210884,-0.176049113,0.0783366337,0.721946061,-0.35400629,0.943377972,0.000112743801,-0.000737072376,0.000104036502,-0.403048307,-0.524205029,-0.137070999,-0.766409874,-0.00239501009,-0.0122663705,0.0020369736
-7.27428123e-05,-0.0136749456,0.996848047,0.0452820783,-0.0353827718,-0.903909873,0.423844941,-0.292999327,-0.184523359,0.0504887551,0.845321476,-0.0319506228,0.118707627,-0.000984384213,-0.0770851001,-0.042934712,0.155656695,-0.0465571582,0.0126340985,-0.00268115499,-0.0768057853,-0.171165496,0.0748675391,0.69020164,-0.342611223,1.03453362,0.000102823396,-0.00018622051,0.000119423261,-0.358370751,-0.515764356,-0.13255319,-0.689594507,-0.00231632474,-0.0123693123,0.00195445213
0.000127533451,-0.015258994,0.995297611,0.0459176054,-0.0322915224,-0.902683687,0.426627464,-0.269763768,-0.180289611,0.0506364889,0.797897875,-0.0359249339,0.114468053,-0.0193603337,-0.0715491325,-0.046362929,0.177628517,-0.0427872911,0.00620902795,-0.0139415562,-0.072035335,-0.164680958,0.0698902085,0.653505325,-0.329577595,1.12380886,8.77068233e-05,0.000384570565,0.000132922025,-0.311528593,-0.503118932,-0.119524881,-0.580792189,-0.00215968024,-0.0122390203,0.0018770803
0.000876109116,-0.0173758827,0.993123353,0.0452355137,-0.0283584104,-0.900987844,0.430546692,-0.238284856,-0.170975953,0.05212586,0.736347914,-0.0480950922,0.111302249,-0.0430567339,-0.0632141531,-0.0499322563,0.2110046,-0.0386859886,0.00120210892,-0.0276153479,-0.0647545755,-0.154994562,0.0618964061,0.60690546,-0.313266933,1.20932329,6.21979489e-05,0.000995240756,0.000142644785,-0.260357201,-0.482064188,-0.0894756392,-0.408015788,-0.00184711732,-0.0116422586,0.00181000761
0.00226863101,-0.0200253092,0.990329862,0.0428640605,-0.0238905132,-0.898694963,0.435820238,-0.200427949,-0.15471074,0.0561718978,0.665466607,-0.0741188675,0.109955348,-0.0744546503,-0.0524014533,-0.0522341803,0.259560347,-0.036975529,-0.00202554115,-0.0436990783,-0.0554397032,-0.141918376,0.0486484133,0.551943541,-0.289880931,1.29141819,1.7088747e-05,0.00169018365,0.000146513863,-0.211251646,-0.453342438,-0.0348935947,-0.150068581,-0.00131694484,-0.0102765281,0.00175220566
0.00398312416,-0.0229409914,0.987226784,0.0396458009,-0.0191541196,-0.896057814,0.441748485,-0.159382194,-0.13496986,0.0614962466,0.589919925,-0.107069343,0.109517902,-0.109703191,-0.0403499454,-0.0539024062,0.315705717,-0.0364604965,-0.00436354987,-0.0609877035,-0.0451078117,-0.127147347,0.0327733792,0.492800921,-0.262957364,1.37180305,-3.78204131e-05,0.00242726039,0.0001474561,-0.163179249,-0.420787275,0.0319545902,0.150462925,-0.000677970122,-0.00852631964,0.00169903936
0.00648594461,-0.0270778164,0.983588338,0.035164732,-0.0149537404,-0.892944417,0.448542189,-0.1205547,-0.110969692,0.0698980466,0.520663023,-0.151630983,0.111188151,-0.152995229,-0.0291432887,-0.0527704321,0.383832574,-0.0425151251,-0.00488421554,-0.0779097676,-0.0357172638,-0.110669151,0.00900385529,0.43379283,-0.230479091,1.43875015,-0.000115145311,0.0032041613,0.000135671507,-0.125862092,-0.385830373,0.119090222,0.502316773,0.000121505669,-0.00603388855,0.00163316051
0.00906231254,-0.0318008177,0.979985833,0.0311182211,-0.0113571462,-0.889976131,0.454802328,-0.0867773965,-0.0895704627,0.0780952722,0.46014598,-0.192561269,0.113073833,-0.194417626,-0.0197634902,-0.0510496236,0.447606355,-0.0501729883,-0.00516897999,-0.0926876143,-0.0281665791,-0.0954330862,-0.015235208,0.379723251,-0.200882137,1.49680662,-0.000190686915,0.0039235875,0.000119641976,-0.0924504548,-0.353531897,0.200891599,0.823053598,0.000866371091,-0.00366612547,0.00154457963
0.0117857661,-0.0376961492,0.976455152,0.0279453781,-0.0089701704,-0.887407759,0.460050064,-0.0631005317,-0.0733731687,0.0858833194,0.417108655,-0.226228699,0.115390375,-0.232100606,-0.0140374182,-0.0481511578,0.502673686,-0.0610372834,-0.0049819476,-0.103177011,-0.0242956243,-0.0826813579,-0.040413294,0.335530758,-0.177047864,1.5370816,-0.00026266175,0.00452806242,9.51225738e-05,-0.0668498725,-0.326550364,0.272024274,1.08155572,0.00150201423,-0.00154770538,0.00141059514
0.0142588979,-0.0446030423,0.973341823,0.0263689957,-0.00789397719,-0.88562702,0.463580783,-0.0507301763,-0.0656420812,0.0913428068,0.392762184,-0.24639225,0.117125854,-0.258937478,-0.0124321477,-0.0451991558,0.539930046,-0.0717342198,-0.00475135539,-0.108043656,-0.0253198389,-0.0740597248,-0.0610954277,0.303252488,-0.162557364,1.55971932,-0.000321634056,0.00496554608,6.59093712e-05,-0.0462513939,-0.305835545,0.32311064,1.24424291,0.00194854569,-2.32726743e-05,0.00117080251
0.016606858,-0.0520156883,0.970437288,0.0255911112,-0.00747327378,-0.884247674,0.466256685,-0.0440131575,-0.0621441528,0.0956379622,0.377761245,-0.259803712,0.118570797,-0.280351162,-0.0128872897,-0.0422203988,0.568280697,-0.0823474303,-0.00449898466,-0.110098898,-0.0287916381,-0.0675032139,-0.0795294791,0.276931524,-0.152738824,1.5735383,-0.000374104711,0.00531953201,3.43493994e-05,-0.028154077,-0.288254261,0.364173591,1.35902154,0.00230051926,0.0012041583,0.000878106803
0.0184529871,-0.0603018627,0.968176961,0.0261773488,-0.00850856465,-0.883694362,0.467254348,-0.0472689644,-0.0672692358,0.0962933153,0.379039884,-0.260166079,0.118563816,-0.28768447,-0.0171503145,-0.0397936776,0.576870143,-0.0891340077,-0.0042863735,-0.105616063,-0.0379454233,-0.0654057488,-0.0890787318,0.26290226,-0.150967419,1.57285738,-0.000413261645,0.00551054766,2.78241896e-06,-0.0141169345,-0.275766969,0.386077493,1.38571489,0.00247087865,0.00184069155,0.00039449599
0.0202209204,-0.0688037574,0.96606034,0.0267337317,-0.00979210736,-0.883213753,0.468105639,-0.0515030995,-0.0732683837,0.0959348083,0.382166833,-0.259028584,0.118213475,-0.2931059,-0.0215757266,-0.0373555832,0.583191454,-0.0941928253,-0.00393076241,-0.0997782275,-0.0475655012,-0.0639769882,-0.0966995209,0.251294106,-0.14985843,1.57066059,-0.000450058782,0.00567504298,-2.69224329e-05,-0.00127624301,-0.264150113,0.404928982,1.40218031,0.00261409767,0.00239821966,-0.000119678014
0.0218324587,-0.0777370706,0.964231133,0.0272304801,-0.011572167,-0.882880253,0.468665173,-0.0576938614,-0.0810156465,0.0935486108,0.388990551,-0.254891396,0.117176428,-0.294703543,-0.0263259113,-0.0348947383,0.584976435,-0.095796138,-0.0032891538,-0.0912304148,-0.0581181534,-0.0638855994,-0.10046342,0.244528204,-0.150074288,1.56543195,-0.000482136296,0.00578649901,-5.29030076e-05,0.00917154551,-0.25427416,0.417675704,1.39819026,0.00270303548,0.00279773748,-0.000694977178
0.0234386157,-0.0871015787,0.962765694,0.0270679788,-0.0131054758,-0.882373421,0.469587816,-0.0626314133,-0.0875149071,0.0892478824,0.395182699,-0.250291049,0.115976088,-0.297017038,-0.0293397158,-0.0317501053,0.58885771,-0.0926010162,-0.00146688218,-0.0817661434,-0.0664023608,-0.0644303709,-0.10229034,0.24055472,-0.150232047,1.5603056,-0.00050897582,0.00585478079,-7.11319371e-05,0.0173037536,-0.246056855,0.426410258,1.38992119,0.00275443075,0.00312200282,-0.00123944751
0.0250420813,-0.0966816843,0.961482167,0.0265758007,-0.014515377,-0.881778321,0.470691007,-0.0669423491,-0.0933901444,0.0839899033,0.401059031,-0.245459139,0.114694089,-0.299688369,-0.0314853191,-0.0282635838,0.593787193,-0.0870066658,0.000945725129,-0.0718436614,-0.0735523254,-0.0652932227,-0.103148766,0.2379774,-0.150360763,1.55523038,-0.000533196318,0.0059014773,-8.54849932e-05,0.0242781639,-0.238668889,0.433138758,1.37951243,0.00278705452,0.00340864132,-0.00176850276
0.02661274,-0.106479689,0.961176276,0.0243557893,-0.014218913,-0.880424658,0.473346638,-0.0656699836,-0.094540149,0.0762580931,0.400303125,-0.239738077,0.114055678,-0.307767391,-0.0276599098,-0.0232875645,0.608940244,-0.0701603442,0.00719405385,-0.0630046278,-0.0733649209,-0.0667585582,-0.101478174,0.237667739,-0.150329813,1.55174506,-0.000547055446,0.0058468394,-7.95402011e-05,0.0289884843,-0.234393284,0.435849249,1.37114406,0.00273884134,0.00360035873,-0.0021683285
0.0281211678,-0.115964577,0.961278439,0.0213641748,-0.0130919367,-0.878714204,0.476690173,-0.0619783551,-0.0937427208,0.0680432469,0.396202683,-0.2333498,0.113821968,-0.318467021,-0.0207233243,-0.0179256685,0.628762841,-0.0489454716,0.0150937736,-0.0548378862,-0.0699594319,-0.0682916939,-0.0987623632,0.237997785,-0.150474131,1.54863226,-0.000557089515,0.00574470544,-6.51218434e-05,0.033345446,-0.231618792,0.437750965,1.36411726,0.00265343511,0.00376094365,-0.00251606246
0.0295051448,-0.124823272,0.962197065,0.0168291006,-0.0103037699,-0.876277501,0.481402487,-0.0534481555,-0.0890503973,0.058862213,0.385412902,-0.225627035,0.114397638,-0.334407985,-0.00756426016,-0.0117919547,0.657924533,-0.0189931933,0.0262963772,-0.0480156466,-0.0601176769,-0.0699604303,-0.0939560533,0.239607245,-0.150969028,1.54626441,-0.000559473643,0.00554757658,-3.37560596e-05,0.0369957387,-0.231846511,0.438035131,1.3597734,0.00249364157,0.00385926431,-0.00275961449
0.0307409745,-0.132072717,0.963683248,0.0111745606,-0.00635038362,-0.873179012,0.487230145,-0.0422679149,-0.0813320205,0.0495547801,0.370436609,-0.217914879,0.115661114,-0.35677126,0.0112177078,-0.00526241725,0.697830319,0.0152406003,0.0397997908,-0.0426163711,-0.0449599698,-0.0714939237,-0.0879819244,0.243361592,-0.152432278,1.54434419,-0.000553724822,0.0052865441,6.2263116e-06,0.0399974957,-0.236463696,0.437174827,1.35816121,0.00228854548,0.00391602004,-0.00291117886
0.0319027379,-0.138517573,0.965453267,0.0049596374,-0.0018140447,-0.869684893,0.49357907,-0.0297626369,-0.0721006095,0.0401841067,0.353366941,-0.210208029,0.117268503,-0.382345736,0.0328111537,0.00146505004,0.743108153,0.0516152382,0.0544536337,-0.0379285477,-0.0271442588,-0.072959803,-0.0814238787,0.248188421,-0.154379696,1.54264772,-0.000543909613,0.00499355933,5.0517061e-05,0.0426749997,-0.243275583,0.435742348,1.35791492,0.00206079753,0.00395199331,-0.00301675033
0.0328888595,-0.141932189,0.967210531,-0.0011521141,0.00259557221,-0.86539505,0.501082171,-0.0196715277,-0.0617435798,0.0307930335,0.338808477,-0.206538737,0.11957562,-0.417325258,0.0568883047,0.00826276001,0.804234087,0.0823129714,0.0692585558,-0.0357579924,-0.00687683746,-0.0738821551,-0.0762662739,0.258777767,-0.158486709,1.54176617,-0.00052156538,0.00472548697,8.25256648e-05,0.0432549492,-0.257969797,0.432324976,1.36179113,0.00187305012,0.00396778435,-0.00303181238
0.0337831303,-0.144608825,0.968767464,-0.00688052762,0.00665050583,-0.860784503,0.508879621,-0.0111261141,-0.0518384054,0.0209154375,0.326332003,-0.204886988,0.122034252,-0.453066409,0.0803964213,0.0148594594,0.867142797,0.1089295,0.0831449777,-0.0345580764,0.0128847063,-0.0745710433,-0.0719685555,0.271757126,-0.16324304,1.54115736,-0.000495997316,0.00448473124,0.000106660584,0.0427143984,-0.274818331,0.42797935,1.36692476,0.00171606208,0.0039873817,-0.00303202029
0.0344937369,-0.145809606,0.969923854,-0.0118417447,0.00999593811,-0.855645681,0.517329993,-0.00567193935,-0.0428368077,0.0100646494,0.31801939,-0.20727028,0.124795943,-0.490331382,0.102766842,0.0210542418,0.933617949,0.127384037,0.0951946229,-0.0352993906,0.0316347927,-0.0747930035,-0.0693905279,0.289516687,-0.169298053,1.54109418,-0.000463981269,0.00429860409,0.000115048584,0.0399328396,-0.295975715,0.42177707,1.37457347,0.00162058987,0.00401459215,-0.00300252088
0.034931872,-0.146355599,0.970730305,-0.0161244162,0.0129966476,-0.849944118,0.526465656,-0.00173736282,-0.0347110927,-0.0027996155,0.311305285,-0.212627828,0.127401337,-0.521633625,0.12382704,0.026468819,0.991405308,0.138787925,0.104477808,-0.038157858,0.049197562,-0.074691996,-0.0677441284,0.310522914,-0.176053643,1.54121423,-0.000429233245,0.00414796313,0.000112386122,0.0350329578,-0.319079816,0.413596272,1.38353157,0.00156791392,0.00406143907,-0.00296777813
0.0352337733,-0.146574199,0.971361637,-0.0200662335,0.01582375,-0.843893833,0.535901253,0.00143741129,-0.027023321,-0.0166706219,0.305390447,-0.219472513,0.129928574,-0.549954474,0.144232124,0.0314932913,1.0448488,0.146666467,0.112377763,-0.0420749113,0.0661666766,-0.0744294897,-0.0665635467,0.333152503,-0.1831595,1.54142582,-0.000393119204,0.00401506526,0.0001041984,0.0290739127,-0.343157321,0.404426217,1.39314425,0.00153663626,0.00411810447,-0.0029304137
0.0351401046,-0.146472543,0.971875846,-0.023167143,0.0187546934,-0.836925691,0.546504284,0.00416073855,-0.020013351,-0.0334699154,0.296822786,-0.226429448,0.131300837,-0.562739134,0.161854431,0.0351554342,1.07338989,0.148051143,0.116074927,-0.0491486192,0.0818366259,-0.0741705,-0.0657335818,0.355925381,-0.190948635,1.54097176,-0.000359482801,0.00390056358,8.89365401e-05,0.0223424565,-0.366307169,0.393367708,1.4022336,0.00153311936,0.00420821598,-0.00291538145
0.0349314734,-0.146317944,0.972445071,-0.0259044924,0.0216138932,-0.829545345,0.557419337,0.00662961137,-0.0134871425,-0.05052232,0.286891729,-0.231914371,0.132129282,-0.570115447,0.177540928,0.0385175087,1.09324837,0.148091555,0.118544802,-0.0570025146,0.0966895521,-0.0741148517,-0.064959161,0.377427131,-0.199230015,1.53994286,-0.000329127768,0.00378848659,7.24097335e-05,0.0162835959,-0.387991279,0.382283181,1.41064954,0.00153525593,0.00430912711,-0.00291486341
0.0344929285,-0.146057457,0.973124385,-0.0279177686,0.0243319199,-0.821474313,0.569041747,0.00858953688,-0.00792856514,-0.068080686,0.274234027,-0.234455124,0.131870031,-0.56667465,0.189355522,0.0412793867,1.09574103,0.145443425,0.118560061,-0.0664166659,0.109908186,-0.074465856,-0.0642958432,0.396386355,-0.208495796,1.53776431,-0.000305335969,0.00368126202,5.33533021e-05,0.0115700271,-0.406743526,0.371146798,1.41771853,0.00154869922,0.00443163607,-0.00294337468
0.0337791443,-0.145674199,0.973871171,-0.0289812563,0.026420311,-0.812899258,0.581082482,0.00923667755,-0.00432857964,-0.083959952,0.260586232,-0.232357457,0.13051489,-0.552340508,0.195212513,0.0440874621,1.08053565,0.140953913,0.11614646,-0.0762141123,0.120167896,-0.0758720934,-0.0637143701,0.411507726,-0.219417334,1.53404081,-0.000291960925,0.00358272903,2.90717762e-05,0.00870597083,-0.420947075,0.361101329,1.42340815,0.0015791906,0.00458909571,-0.00301040756
0.0329277329,-0.145229578,0.974651635,-0.0295661878,0.0281904381,-0.803973746,0.593259939,0.00922743138,-0.00170786877,-0.0989997387,0.246443346,-0.227940604,0.128611773,-0.532559574,0.198090762,0.0469186567,1.05648136,0.135543674,0.11251843,-0.0862032548,0.128948212,-0.0778059512,-0.0631738082,0.424710214,-0.231166795,1.52954483,-0.000283794187,0.00348854065,2.17759998e-06,0.00676665315,-0.432876378,0.351601273,1.42840803,0.00161820604,0.00476403162,-0.00309670158
0.0315298215,-0.14452903,0.975206494,-0.0284922204,0.0287118356,-0.794967439,0.60530207,0.00613007927,-0.00272137485,-0.108644709,0.235202402,-0.216605335,0.125629976,-0.496392071,0.190377653,0.0503101498,1.00301731,0.128451198,0.104955442,-0.0943880081,0.132411271,-0.0826120377,-0.062633574,0.431776166,-0.245230734,1.52288961,-0.000291461532,0.0034169564,-3.90861678e-05,0.00694403239,-0.437638193,0.344462097,1.43169999,0.00169755728,0.00502536306,-0.00324718328
0.0299357772,-0.143734634,0.975557745,-0.0268382154,0.0288179502,-0.786110531,0.616830178,0.00195799395,-0.00491539948,-0.115901567,0.225912154,-0.204143971,0.122647226,-0.455747217,0.179478168,0.0535428338,0.940585732,0.120685689,0.0961804241,-0.101371706,0.134209886,-0.0885110348,-0.0620823354,0.436859906,-0.25956744,1.51559699,-0.000301992695,0.0033527147,-8.40122084e-05,0.00763397757,-0.440404356,0.338016301,1.43449616,0.00178975519,0.0053087566,-0.00341821089
0.0279494766,-0.142752558,0.975501537,-0.0240316618,0.0281007014,-0.777754079,0.627480217,-0.00436352799,-0.00947043393,-0.118382201,0.220523313,-0.189430431,0.119662538,-0.406147838,0.162205964,0.0564578958,0.86021924,0.111574151,0.0849814117,-0.105953261,0.132679611,-0.0965958163,-0.0615091063,0.437979162,-0.274449706,1.50702965,-0.000318251405,0.00330315833,-0.000136262592,0.00934904907,-0.439179242,0.332957268,1.43630004,0.00190764572,0.00563627435,-0.00363032939
0.0255946517,-0.141549796,0.974769711,-0.0202247673,0.0265457215,-0.770531508,0.636527674,-0.01216345,-0.0158593953,-0.11527963,0.219713092,-0.176624089,0.117158256,-0.351896703,0.141314536,0.0572813526,0.769883752,0.0986442417,0.0719727278,-0.107865423,0.128079325,-0.10572125,-0.0609236658,0.434871435,-0.288411021,1.49743032,-0.000333011674,0.00326591614,-0.000186605379,0.0114352377,-0.434858024,0.329321861,1.43739748,0.00203484832,0.00594346877,-0.00388098694
0.0230555907,-0.140236735,0.973700106,-0.015917091,0.0245707375,-0.76383926,0.644742204,-0.020702498,-0.0231652595,-0.10938549,0.221192181,-0.164771467,0.114894181,-0.295320183,0.118613727,0.0570590012,0.6745646,0.083805263,0.0580593459,-0.10844285,0.121944092,-0.115366928,-0.0603321269,0.429650217,-0.301911712,1.48731518,-0.000347022607,0.00323483115,-0.000235993895,0.0137069663,-0.428988785,0.326398343,1.43814147,0.0021667059,0.00624049874,-0.0041509117
0.0200268142,-0.138412178,0.971350431,-0.0107436197,0.021549055,-0.759323413,0.650267766,-0.0307092108,-0.0311640017,-0.0947174355,0.231368273,-0.161049038,0.113263145,-0.241045594,0.0955229551,0.0509336665,0.582810998,0.0575640723,0.0431247577,-0.105268322,0.112244681,-0.123536386,-0.059380725,0.417364568,-0.311889231,1.47705007,-0.000352780335,0.00322210952,-0.000274436403,0.0147917159,-0.420141637,0.326754063,1.43848479,0.00229071756,0.00642530248,-0.00447552744
0.0168782566,-0.136368826,0.968668282,-0.00564069872,0.0183972869,-0.755378203,0.655006483,-0.0411334336,-0.0384753197,-0.0779187828,0.245099664,-0.160343677,0.111578807,-0.190445542,0.0737018734,0.0426358506,0.497549593,0.0274188444,0.0287742168,-0.101130493,0.102208316,-0.130581498,-0.0580943301,0.402775675,-0.320497453,1.46736968,-0.000355897326,0.00321456464,-0.000309930008,0.0150058083,-0.410812974,0.328695118,1.43891454,0.00241139997,0.00656984001,-0.00481464341
0.0134901423,-0.133887887,0.965321064,-0.000680346651,0.0149878772,-0.752656967,0.658241894,-0.0523926765,-0.0444117934,-0.0568589494,0.26594165,-0.165672332,0.109787866,-0.14719449,0.0544201583,0.0299931094,0.425272346,-0.0105344187,0.0155917648,-0.0950660557,0.0914980322,-0.135377944,-0.0561379641,0.383580387,-0.32636714,1.45885849,-0.000353732874,0.00321737281,-0.000339525781,0.0134785948,-0.400521457,0.333806694,1.43951702,0.00252542365,0.00663384469,-0.00518275797
0.00997920055,-0.131104916,0.961908698,0.00341183566,0.0118259318,-0.750758268,0.66046236,-0.063415572,-0.0477300137,-0.0346621759,0.291896343,-0.173967302,0.107094228,-0.112939566,0.0394577011,0.0144739132,0.367997289,-0.0494947247,0.00528773945,-0.088482976,0.0818825737,-0.138239264,-0.0532825626,0.360501111,-0.330513328,1.45205843,-0.000347834255,0.00322714192,-0.000364652777,0.00985876098,-0.389002681,0.342095792,1.44056916,0.0026356848,0.00663355226,-0.00556677394
0.00640681945,-0.128170893,0.95846355,0.00706984149,0.00878771022,-0.749266982,0.662172019,-0.074320361,-0.0497391187,-0.0118967658,0.320407629,-0.183745489,0.103949189,-0.0831824616,0.0266547762,-0.00248363544,0.31822297,-0.0889588222,-0.00357714226,-0.0816405341,0.072814472,-0.140133053,-0.0499776118,0.335479677,-0.333797753,1.44611394,-0.000340068567,0.00324039161,-0.000387545559,0.00519258203,-0.376870155,0.351973653,1.44184613,0.00274406536,0.00660111103,-0.00595874432
0.00276664738,-0.125223815,0.955853045,0.00910205281,0.0063826282,-0.748540146,0.662996277,-0.0821174011,-0.0472481996,0.00950076617,0.349178344,-0.191051453,0.0988553762,-0.0628398061,0.0203362703,-0.0206494089,0.2827501,-0.117017329,-0.00775373913,-0.0762969926,0.0663978755,-0.140738726,-0.0451100059,0.306801558,-0.337012053,1.4413507,-0.000329501083,0.00325702154,-0.000402641075,-0.00229746196,-0.361866057,0.364397466,1.44337618,0.00284338742,0.00649032649,-0.00635926239
-0.00089068152,-0.122361064,0.953630447,0.0107494524,0.00406649335,-0.747951062,0.663654369,-0.088581115,-0.0433665067,0.0305476356,0.376353025,-0.196446866,0.0933814719,-0.0440758541,0.0154414698,-0.0382902473,0.249604866,-0.140016526,-0.0108697955,-0.0717525259,0.0607732087,-0.141383201,-0.0396057256,0.278235435,-0.34111166,1.43593693,-0.000318974984,0.00327113178,-0.000415242888,-0.0103485715,-0.346423626,0.376930833,1.44454956,0.00293668453,0.00635822583,-0.00676029501
-0.00458228914,-0.119667023,0.952183366,0.011627341,0.00192838268,-0.747648256,0.66399034,-0.092378132,-0.0367033184,0.0508929826,0.400335371,-0.198021203,0.0871474817,-0.0284694619,0.0133941062,-0.0548810549,0.221115127,-0.152896911,-0.0118647525,-0.0688062385,0.0567324273,-0.142105222,-0.0328281596,0.249893606,-0.346981704,1.42922282,-0.000308531715,0.00328020146,-0.00042285712,-0.01952173,-0.330104589,0.389683306,1.44500923,0.00301793008,0.00618349481,-0.00716235349
-0.00827856176,-0.117258281,0.951325059,0.0121437465,-0.000282632053,-0.747483046,0.664169816,-0.0943754986,-0.0282105785,0.071099788,0.420598596,-0.196353227,0.0810833797,-0.0145338262,0.0127023449,-0.0688302368,0.195855916,-0.158951998,-0.0116884597,-0.0670774579,0.0539303608,-0.143551484,-0.0248988532,0.225029856,-0.355770111,1.41970205,-0.000299119332,0.00327686779,-0.000427514955,-0.0286726002,-0.315230578,0.402376115,1.44382668,0.0030811145,0.00597401988,-0.00756142382
-0.0119772125,-0.114992172,0.950760961,0.0124793804,-0.00253012099,-0.747384651,0.664269559,-0.0954730511,-0.0188029315,0.0912375599,0.439002484,-0.193064034,0.0751041546,-0.00143342116,0.0126883946,-0.0814587101,0.172211722,-0.161594406,-0.0109265177,-0.065957427,0.0517476313,-0.145359904,-0.0163935572,0.201904938,-0.366017848,1.40877771,-0.000290222233,0.00326733105,-0.000430694636,-0.0378124304,-0.301078916,0.415039271,1.44182277,0.00313526904,0.00574717019,-0.00795900356
-0.0154196303,-0.11346662,0.95064044,0.0126283128,-0.00478502443,-0.747357349,0.664285046,-0.095321022,-0.00893715955,0.109700494,0.453036547,-0.186925605,0.0700340122,0.0101241684,0.0134377209,-0.0892218798,0.152683526,-0.159875274,-0.00915000774,-0.0656553879,0.0510050729,-0.148592681,-0.00718868198,0.187187254,-0.379699886,1.39461625,-0.000282248249,0.00322932377,-0.000432639441,-0.0452959388,-0.291693866,0.427815437,1.43666744,0.00315719028,0.00547342049,-0.00834575761
-0.0186486505,-0.112252764,0.950571179,0.0127656317,-0.00693499005,-0.747328259,0.664296183,-0.0950350612,0.000389891677,0.126676679,0.466268927,-0.180502102,0.0652179122,0.0212520473,0.0142110456,-0.0957191661,0.134387821,-0.157866597,-0.00729673542,-0.0654065907,0.0506146699,-0.152110383,0.00172242778,0.175203025,-0.393488348,1.38051808,-0.000274115708,0.00318060885,-0.000434660382,-0.0519633666,-0.283996046,0.440386534,1.43068886,0.00316850143,0.00518630492,-0.00872709975
-0.0214508772,-0.111662276,0.950604618,0.0128797935,-0.00887510085,-0.747300086,0.664302585,-0.0944812223,0.00863950979,0.140679389,0.477898061,-0.173508495,0.060909912,0.031520512,0.0150323659,-0.0996847451,0.11855714,-0.155278787,-0.00528993597,-0.0652642697,0.0509285517,-0.156197935,0.0100460099,0.168685585,-0.407489687,1.36654663,-0.000265665993,0.00311047933,-0.000436833594,-0.0569986627,-0.279672652,0.452547461,1.4230634,0.00315859355,0.00487245759,-0.00909762084
-0.0237026196,-0.111609951,0.950653911,0.0130199521,-0.0104681031,-0.747259443,0.66432238,-0.093985416,0.0151854455,0.150913805,0.4889763,-0.166963458,0.0570723675,0.0405552983,0.0156846661,-0.102204189,0.10555473,-0.153185233,-0.00371095492,-0.0650644898,0.0516607203,-0.160197616,0.016854886,0.16606614,-0.419511169,1.35490656,-0.000256455212,0.00302645005,-0.000439052674,-0.060599342,-0.277860522,0.46334216,1.41504526,0.00312973582,0.0045442502,-0.00945311785
-0.0256790835,-0.111826696,0.950711012,0.0131730974,-0.0118875185,-0.747212218,0.664348597,-0.0935186222,0.0208794419,0.159263894,0.499778956,-0.160642862,0.0534701124,0.0489731096,0.0162524432,-0.104000546,0.0939666405,-0.151338845,-0.00234590657,-0.0648359805,0.0526020154,-0.164153278,0.0229063071,0.165395707,-0.430542588,1.34443235,-0.000246864045,0.00293547241,-0.000441294658,-0.0634826645,-0.277304053,0.473453522,1.40683079,0.00309140375,0.0042088679,-0.00980109721
-0.0270293765,-0.112494066,0.950741291,0.0133865451,-0.012756238,-0.747192927,0.664349914,-0.093175143,0.0244441852,0.163347781,0.509544313,-0.155907959,0.0510071144,0.0549248233,0.0166294798,-0.104759246,0.0869053453,-0.150691807,-0.00204615551,-0.0645391047,0.0537476465,-0.167380601,0.0263029486,0.168706313,-0.436815619,1.33871436,-0.000236440465,0.00284382934,-0.000442881486,-0.0650462061,-0.279327601,0.480760515,1.39959872,0.00303050037,0.00387713499,-0.0101227509
-0.0283181984,-0.113163494,0.950752258,0.0135288366,-0.0133353655,-0.74717979,0.664350435,-0.09271276,0.0277109127,0.166853383,0.518402517,-0.151887894,0.0490779355,0.060033299,0.0170393996,-0.105374649,0.0810662955,-0.150431603,-0.00209153374,-0.064279899,0.0548804998,-0.170390204,0.028992964,0.173010394,-0.441652477,1.33428586,-0.000225970507,0.00275724707,-0.000444138597,-0.0663939491,-0.281971216,0.487320542,1.39278674,0.00296491827,0.00355312717,-0.0104368804
-0.0294841304,-0.113837071,0.950724661,0.0135288366,-0.0133353655,-0.74717979,0.664350435,-0.0920125693,0.0303817615,0.169202626,0.525446773,-0.149297282,0.0482163019,0.0634555072,0.0175151117,-0.10570351,0.0776714981,-0.150945008,-0.00282714795,-0.0640960038,0.05598782,-0.172964498,0.0302698687,0.179301471,-0.443617225,1.33243573,-0.000215407519,0.00268078409,-0.000444736506,-0.0673101544,-0.285854936,0.492386848,1.38681483,0.00288997684,0.00324455905,-0.0107359719
-0.0307547394,-0.114319034,0.950629354,0.0141016145,-0.0142887218,-0.747686289,0.663748589,-0.0905772224,0.0332004055,0.171778336,0.530040145,-0.148271888,0.0485106632,0.0654674396,0.0182937756,-0.105907902,0.075911589,-0.152141497,-0.0040326044,-0.064160578,0.05705259,-0.175277516,0.0305293202,0.186709434,-0.443768322,1.33228087,-0.000205249235,0.00261941832,-0.00044471235,-0.0680608302,-0.29042232,0.496485353,1.38144875,0.00281120674,0.00295786583,-0.0110246744
-0.0320777074,-0.114705198,0.95050019,0.0143443877,-0.0145657016,-0.74813062,0.663236499,-0.0887742713,0.036093004,0.17446731,0.533408105,-0.148029074,0.0493830256,0.0667742714,0.0192239322,-0.106050074,0.0749690905,-0.153679535,-0.00547300372,-0.0643493906,0.0580961071,-0.17745997,0.0302800536,0.194676027,-0.443012595,1.33297336,-0.000195293105,0.00256559975,-0.00044437719,-0.0687287599,-0.295331657,0.500100076,1.37638557,0.00273052067,0.00268210447,-0.0113081867
-0.0336526521,-0.114754796,0.950245142,0.0145523113,-0.0148544593,-0.749120009,0.662107836,-0.0857123584,0.0396577083,0.178719968,0.53414458,-0.149866045,0.051865615,0.0664217845,0.0207186043,-0.10592933,0.0759518743,-0.156075299,-0.00702949706,-0.0654935762,0.0591285452,-0.179108411,0.0287709218,0.202661291,-0.440492928,1.33568931,-0.000186562334,0.00253440952,-0.000443122466,-0.0693060085,-0.300419569,0.502426505,1.37199378,0.00265197735,0.00244510174,-0.0115781389
-0.0352911763,-0.114717633,0.949971676,0.014760891,-0.015233175,-0.75036863,0.660679185,-0.0826303139,0.0432673693,0.183555692,0.534830332,-0.151922226,0.0547699593,0.065598622,0.02217976,-0.105562016,0.077633597,-0.158712834,-0.00845989585,-0.0672130436,0.0600286424,-0.180440798,0.0270403437,0.210173175,-0.437474817,1.33891559,-0.000178295042,0.00250828755,-0.000441131706,-0.0697452277,-0.305250585,0.504232109,1.36778367,0.00257639401,0.00222236081,-0.011824402
-0.0370568335,-0.11450696,0.949660957,0.0149707648,-0.0157917714,-0.752134922,0.658649797,-0.0795080364,0.0469668731,0.189557463,0.535414577,-0.15441677,0.0585177578,0.0638341159,0.0235738531,-0.104701594,0.0807131827,-0.161833867,-0.00963807479,-0.0700830445,0.0606640354,-0.181141123,0.0248669107,0.216738164,-0.433459878,1.34316301,-0.000170954852,0.00249230303,-0.000437668874,-0.0699083656,-0.3095676,0.504996061,1.3639369,0.00250673248,0.00202814769,-0.0120232822
-0.0387689173,-0.11426039,0.949417353,0.0154037414,-0.0168714631,-0.75450677,0.655894513,-0.077637136,0.0493437015,0.195670709,0.538667679,-0.155483276,0.0627703816,0.0614354946,0.0238098316,-0.102525488,0.085131377,-0.16542539,-0.0105113508,-0.0740010291,0.0600333363,-0.180920452,0.0231369622,0.221716851,-0.429087549,1.34743547,-0.000164002588,0.00247632805,-0.000428810774,-0.0689993352,-0.31244266,0.504663646,1.36056137,0.00243860227,0.00184821337,-0.0120125115
-0.0404541977,-0.113995887,0.949207306,0.0159480558,-0.0182114584,-0.757171237,0.652767738,-0.0763919279,0.0510591678,0.201839626,0.54325515,-0.155835718,0.0672753677,0.0587198511,0.0234667528,-0.0996915624,0.0902188346,-0.169252142,-0.0112321656,-0.078442961,0.0587695949,-0.18023932,0.0216287766,0.225902364,-0.424536556,1.35172009,-0.000157244402,0.00246035843,-0.000417255098,-0.0675542131,-0.314596713,0.503783107,1.35742164,0.00237123831,0.00167542021,-0.0118969139
-0.0416439399,-0.114080176,0.949265063,0.0177805776,-0.0213356277,-0.76077091,0.64842599,-0.0789786205,0.0462034047,0.205479652,0.557316244,-0.150942549,0.0718197897,0.0559560955,0.0182043705,-0.0926481187,0.0963647962,-0.173797905,-0.011910215,-0.0830342248,0.0520040654,-0.177719638,0.0222902615,0.227282375,-0.421218872,1.35441482,-0.000148499908,0.00241815136,-0.000381006073,-0.0618916266,-0.3124879,0.501784623,1.35546887,0.00226551527,0.00142254517,-0.0108226743
-0.0426060073,-0.114436723,0.949441612,0.0203498004,-0.0253247263,-0.764651352,0.643624777,-0.0839293525,0.0375208855,0.207565188,0.576381505,-0.143903553,0.0760204941,0.0533797741,0.0102463989,-0.0835217163,0.102520935,-0.178527832,-0.0127774226,-0.0872297287,0.042231258,-0.174595535,0.0239181276,0.227645636,-0.418792903,1.35646427,-0.000138271309,0.00235945592,-0.000331282645,-0.0540817864,-0.30846417,0.499694467,1.35395074,0.0021319259,0.00110359036,-0.00922698528
-0.0431127511,-0.115337826,0.949855924,0.0243924031,-0.0310436238,-0.769098563,0.637909637,-0.0936083868,0.0211844388,0.206541792,0.605455995,-0.132572591,0.0795339048,0.0511782244,-0.00310310535,-0.0702290013,0.10869766,-0.183626294,-0.0140229836,-0.0906338841,0.0264434628,-0.170262381,0.0274788402,0.225975379,-0.418150216,1.35722315,-0.000125074075,0.00226778095,-0.000254608225,-0.0419771075,-0.300610453,0.497420967,1.35330153,0.00194259919,0.000652463059,-0.00658833003
-0.0432059914,-0.11697755,0.95042944,0.0293545787,-0.0377081122,-0.773987912,0.631394583,-0.111443833,-0.00214042515,0.201167077,0.648982346,-0.119275317,0.081567362,0.0492854081,-0.0202211663,-0.0530365184,0.1147701,-0.188836038,-0.0158022027,-0.0930119976,0.00674880715,-0.165251821,0.0321424603,0.222133949,-0.419855475,1.3570137,-0.000110458524,0.00215537101,-0.000163359815,-0.0272170715,-0.290583104,0.495400667,1.35324681,0.00172243826,0.000125278195,-0.00336773484
-0.0430924781,-0.118986584,0.951082706,0.0347734803,-0.0448414388,-0.779024903,0.624419931,-0.133357599,-0.0289595202,0.193616644,0.699734807,-0.104994908,0.08286082,0.0475469604,-0.0392234921,-0.0338941328,0.120790385,-0.194101423,-0.0178482533,-0.0948770866,-0.0148992585,-0.159902573,0.0373575315,0.21720691,-0.422734678,1.3563199,-9.51338297e-05,0.00203259359,-6.48245186e-05,-0.01112937,-0.279468924,0.493506908,1.35348916,0.00148686033,-0.000439934491,0.0001438248
-0.0424101241,-0.121992156,0.951734841,0.0394128463,-0.0507538623,-0.784496379,0.616795026,-0.170253739,-0.0591057688,0.178738862,0.775905013,-0.0938718095,0.0806123018,0.0459057279,-0.056364581,-0.0118778804,0.12692982,-0.198870674,-0.0203853585,-0.095560059,-0.0335607938,-0.154348731,0.041691944,0.210020065,-0.429257929,1.35432124,-8.34226375e-05,0.00192827138,1.03560087e-05,0.00295338687,-0.270517856,0.49258709,1.35398483,0.0013103534,-0.000864276371,0.00281801098
-0.0415748656,-0.125124484,0.952373743,0.0435030745,-0.0559626204,-0.789993678,0.609003823,-0.210419655,-0.0886528641,0.162384138,0.856932998,-0.0846068859,0.0767081529,0.0442042984,-0.0717384145,0.0100476621,0.133032903,-0.203148052,-0.0228629895,-0.0959760696,-0.0499174967,-0.148823559,0.0454050601,0.203000858,-0.436478913,1.35175562,-7.35289723e-05,0.00183539931,7.19441232e-05,0.0155293196,-0.263038427,0.492173493,1.35428035,0.00116647186,-0.00120957522,0.00499259774
-0.0404338241,-0.128510341,0.952986956,0.0465008904,-0.0597715961,-0.795667929,0.600980507,-0.25712508,-0.117001683,0.143075585,0.947676182,-0.0790582597,0.0694927573,0.0423824638,-0.0835777596,0.0317917801,0.139063343,-0.2064417,-0.0252216756,-0.0958582163,-0.0616645738,-0.143355757,0.0478755794,0.196316928,-0.44509536,1.34805584,-6.72703245e-05,0.00176542765,0.000106347681,0.0250916295,-0.258502185,0.492772341,1.35417557,0.00108784065,-0.00139678922,0.00616799528
-0.0391824245,-0.131557882,0.953697085,0.0487885366,-0.0630193605,-0.801487269,0.592677312,-0.30244866,-0.143290281,0.124375001,1.03241205,-0.0758546218,0.0592754334,0.0404368415,-0.0933729857,0.0522428043,0.144381776,-0.208097309,-0.0268891081,-0.0952412486,-0.0705428571,-0.137930468,0.0499159731,0.191645965,-0.453476369,1.34288132,-6.29212445e-05,0.00170410541,0.000124700746,0.0330070183,-0.255873919,0.494748503,1.35284483,0.00104328245,-0.00149795483,0.00676310994
-0.0378758609,-0.134436235,0.954455733,0.0507180702,-0.0659825891,-0.807331759,0.5841998,-0.347080916,-0.168548524,0.105978549,1.11414349,-0.0738234967,0.0475572348,0.0384293422,-0.102146044,0.0720470846,0.149344146,-0.208933875,-0.0282108989,-0.0943747237,-0.0779866576,-0.132526502,0.0517412797,0.187981516,-0.46173963,1.33696938,-5.95269994e-05,0.00164710835,0.0001350284,0.0400988758,-0.254199654,0.497413307,1.35090113,0.00101576105,-0.00155609555,0.0070680771
-0.0366689526,-0.136278987,0.955503166,0.0520738124,-0.0690850594,-0.813287829,0.575394195,-0.378524542,-0.189464867,0.0920590609,1.16759825,-0.0727437884,0.0350636244,0.0365256146,-0.109896243,0.0893606991,0.15233472,-0.20647718,-0.0277329013,-0.0925704837,-0.083546035,-0.127290606,0.0548410267,0.188078493,-0.468802184,1.32836938,-5.63930662e-05,0.00158273405,0.000138495219,0.0470138118,-0.253842473,0.503074765,1.34542704,0.000986231724,-0.00160620059,0.00714353751
-0.0355220325,-0.137807861,0.956633806,0.0532692683,-0.0721376951,-0.819104037,0.566592547,-0.404250354,-0.208395526,0.0798223019,1.21010447,-0.0715780333,0.023767177,0.0347189344,-0.117205732,0.105678096,0.15464294,-0.20272091,-0.0263606329,-0.0903844759,-0.0885057077,-0.122208439,0.0587903112,0.18947418,-0.4757393,1.31864834,-5.30083162e-05,0.00151227647,0.000141779296,0.0540655702,-0.253864676,0.510078311,1.33823502,0.00094530778,-0.00167749403,0.00722245593
-0.0344950706,-0.138708949,0.957931101,0.0541507505,-0.0750993161,-0.824745085,0.557873941,-0.418541104,-0.223355174,0.0709507465,1.23071468,-0.0702401549,0.0148648266,0.0331063159,-0.123633981,0.12000341,0.155586526,-0.196365476,-0.023199806,-0.0874349028,-0.0922660753,-0.117433637,0.0644387379,0.193467334,-0.482425719,1.30668485,-4.91218598e-05,0.00142965151,0.000144698017,0.0613910928,-0.254645735,0.519766212,1.32760751,0.000881594256,-0.00179116521,0.00730828941
-0.0335898995,-0.13915199,0.959235668,0.054653338,-0.0774352908,-0.829998239,0.549654175,-0.422479928,-0.233689308,0.0649503618,1.23172367,-0.0687029883,0.00985520892,0.0315061957,-0.128331453,0.131693199,0.15563114,-0.187714845,-0.0177486204,-0.0838108957,-0.0944391489,-0.113118775,0.0717945844,0.200093895,-0.489059925,1.29211164,-4.46419872e-05,0.00133319758,0.00014770811,0.0683758929,-0.256738007,0.532544076,1.31307316,0.00078084995,-0.00196975982,0.00742344279
-0.0327456258,-0.139366001,0.96054405,0.0549643421,-0.0794553472,-0.835025205,0.541662881,-0.421242923,-0.241710797,0.0603855103,1.22293222,-0.0670661777,0.00679189339,0.0299123228,-0.132163554,0.142065316,0.15522629,-0.177916601,-0.0111522647,-0.0798496529,-0.0958186015,-0.10903386,0.0800041407,0.208037123,-0.495668083,1.27623355,-3.9865401e-05,0.00122982869,0.000150763895,0.0751903579,-0.259485871,0.546866953,1.29658544,0.000661590486,-0.00218081591,0.00755325705
-0.0321136639,-0.138975963,0.96149087,0.0544782837,-0.0796914151,-0.839255207,0.535100077,-0.405385315,-0.241815418,0.0594640896,1.18640971,-0.0663018599,0.00999717973,0.0273473822,-0.131815255,0.147233039,0.155002952,-0.166982889,-0.00173457339,-0.0756450146,-0.0936206877,-0.105702296,0.0897799134,0.219074607,-0.501791,1.25640798,-3.37629353e-05,0.00111295888,0.000151788045,0.0795368552,-0.265960723,0.566376865,1.27450585,0.000473375287,-0.00246932078,0.00760291237
-0.0315309092,-0.138409421,0.962199807,0.0536126921,-0.0789301867,-0.843102541,0.529220002,-0.384957492,-0.238409653,0.0595420115,1.14165354,-0.0668347925,0.0150918076,0.0237724297,-0.129185006,0.14997454,0.155917734,-0.156810626,0.00784613192,-0.0716739148,-0.0891339779,-0.10253714,0.0996406525,0.230887622,-0.507791936,1.23528957,-2.67813321e-05,0.000996437157,0.000150605061,0.082301572,-0.274897993,0.58795017,1.25046539,0.000264357746,-0.00276308903,0.007527004
-0.0310465991,-0.137489885,0.96243304,0.051992199,-0.0761804894,-0.846247475,0.524746182,-0.35539028,-0.227983356,0.0616185814,1.08043194,-0.0699621588,0.0239648558,0.0181776322,-0.121991016,0.147863567,0.159108639,-0.14816162,0.0177524928,-0.0681700334,-0.0800699592,-0.0997049212,0.109670952,0.244251221,-0.513548672,1.21158659,-1.80417555e-05,0.000880616659,0.000145007973,0.0819026828,-0.288759619,0.613649309,1.22250414,1.37443458e-05,-0.0030673733,0.00719997473
-0.0304756854,-0.136407584,0.96203649,0.0494877705,-0.0707105784,-0.848633723,0.521892498,-0.320434421,-0.209380925,0.064610891,1.00926936,-0.078557089,0.0352372378,0.00876398105,-0.109130688,0.138485551,0.167826205,-0.142628506,0.0262196884,-0.0653270632,-0.0642866641,-0.0968564451,0.119335264,0.260212719,-0.519665122,1.18464148,-6.78668857e-06,0.000776177389,0.000130265049,0.0770759583,-0.311361969,0.6444664,1.18854582,-0.000253664446,-0.00334123895,0.00637497474
-0.0298614651,-0.135243878,0.961325169,0.0465394915,-0.0638779284,-0.85060702,0.519828226,-0.282784343,-0.186690509,0.0680610687,0.933136404,-0.0898857489,0.0477092639,-0.00255906116,-0.093437247,0.12547408,0.179307029,-0.138653323,0.0339673162,-0.0628145337,-0.0451437868,-0.0939998552,0.12881659,0.277473152,-0.525961399,1.15607512,5.72609997e-06,0.000677428616,0.000110949302,0.0700353533,-0.33833459,0.677842438,1.15158916,-0.000529470795,-0.0035998954,0.00530099403
-0.0286533348,-0.134221569,0.959626555,0.0428420503,-0.0540155746,-0.851381802,0.519996061,-0.24439536,-0.157846317,0.0704060495,0.852561355,-0.111744635,0.0606630743,-0.0211665537,-0.0741845667,0.0991675407,0.20349139,-0.139582947,0.0384790599,-0.0607279241,-0.0192138068,-0.0910618156,0.138124779,0.303407013,-0.533726275,1.11918843,2.08916972e-05,0.000596746453,7.19680538e-05,0.055637829,-0.38359046,0.720612288,1.09831238,-0.000798871217,-0.00379395462,0.00343655981
-0.0270802006,-0.133303449,0.95767653,0.0392832689,-0.0441798432,-0.851582744,0.52087599,-0.207436472,-0.130844802,0.0717377365,0.773122311,-0.136381224,0.0728850365,-0.042169515,-0.0567341968,0.06953834,0.232716605,-0.14170368,0.0422219597,-0.0585164391,0.0060257162,-0.0883301273,0.147816673,0.334526896,-0.541685402,1.077878,3.56582786e-05,0.000514223822,2.57147422e-05,0.0384526923,-0.436389267,0.766234338,1.03612316,-0.00106789358,-0.00397823984,0.00147632218
-0.0247770473,-0.132593706,0.955223203,0.0360068713,-0.0344042439,-0.85073059,0.523237343,-0.173337072,-0.107528113,0.0710428432,0.695953846,-0.166573644,0.0836435705,-0.0679637715,-0.0428881161,0.0332632996,0.272024035,-0.146206662,0.0444272533,-0.056055136,0.0298848171,-0.0860110745,0.158276141,0.37601918,-0.550033092,1.02771926,4.96271132e-05,0.000428018539,-3.50834271e-05,0.0156920664,-0.504274845,0.817561746,0.956108153,-0.00133616501,-0.00414297963,-0.000675558229
-0.021644609,-0.131966531,0.952542961,0.0334212442,-0.0259758492,-0.848537199,0.527439947,-0.144977167,-0.0915136188,0.0676208809,0.627923489,-0.198914319,0.0920814648,-0.0983039737,-0.0347598754,-0.00396381225,0.321554065,-0.151548088,0.0461534113,-0.0527872667,0.0490944684,-0.0846294537,0.170240626,0.431448877,-0.55605948,0.96782732,6.00150415e-05,0.000317538506,-0.00011058079,-0.0150442077,-0.589769483,0.869186938,0.854873359,-0.00159882463,-0.00431461399,-0.0026035083
-0.0180975068,-0.131380618,0.949749231,0.0311796122,-0.0182202561,-0.845634802,0.532538859,-0.119486772,-0.0791500583,0.0628353581,0.564461648,-0.232329398,0.0993591249,-0.130917415,-0.0294904616,-0.0416672602,0.376195848,-0.157308787,0.0476400256,-0.0491160676,0.0659795776,-0.083716549,0.182957724,0.493847758,-0.560925126,0.903068185,6.86126004e-05,0.000194919921,-0.000193428408,-0.0497686155,-0.684069335,0.920961499,0.743027806,-0.00185868039,-0.00448969705,-0.00441950979
-0.0137765948,-0.130504429,0.947005808,0.0297897776,-0.0122011667,-0.840671065,0.54058844,-0.104793996,-0.0745301247,0.0540992543,0.522867858,-0.2636289,0.103192478,-0.168918014,-0.0299526118,-0.0725665614,0.441806018,-0.162237674,0.0494584888,-0.0430815816,0.0772272572,-0.0846882612,0.197787464,0.576438069,-0.55512923,0.830153346,6.87053616e-05,2.45584524e-05,-0.000290437543,-0.0991016328,-0.801240683,0.960455775,0.61168021,-0.00205308385,-0.00466034794,-0.00558475964
-0.00945146754,-0.129415646,0.944371343,0.028564635,-0.00650770714,-0.835121969,0.549284087,-0.0930389315,-0.0709045157,0.0446705781,0.487589955,-0.292892873,0.106019534,-0.207099125,-0.031376712,-0.100319177,0.507489443,-0.166754425,0.0513945036,-0.0360469483,0.0873758197,-0.0865424126,0.212650657,0.663388133,-0.542683125,0.758937836,6.51344453e-05,-0.000157903793,-0.000383967388,-0.152741969,-0.921332538,0.99366051,0.483438849,-0.00220341468,-0.00481158774,-0.00652834121
-0.00511790765,-0.127901748,0.941954732,0.0276720358,-0.00146762805,-0.828486145,0.55932353,-0.0871592462,-0.0692675635,0.0338567719,0.464943677,-0.318085849,0.106833965,-0.245641232,-0.0347247086,-0.121778481,0.573319316,-0.170446903,0.0535656251,-0.0270120334,0.0953261703,-0.0901614502,0.227580801,0.759057641,-0.516936898,0.691120982,5.42362541e-05,-0.000364567386,-0.000470538711,-0.21499683,-1.04726505,1.01428616,0.361410052,-0.00226560095,-0.00492400676,-0.00702859089
-0.0011683763,-0.125827,0.939875603,0.0269876667,0.00304184605,-0.821400957,0.569704205,-0.0851663053,-0.0680126548,0.0234014299,0.448312938,-0.33787325,0.105959758,-0.279951096,-0.0393454209,-0.138747707,0.631079316,-0.173721343,0.0554497465,-0.016520692,0.101580903,-0.0960682705,0.237835318,0.857010007,-0.475930274,0.637075126,3.69247682e-05,-0.000578847772,-0.000531516329,-0.286459684,-1.16550994,1.02498806,0.26439926,-0.00221660663,-0.00496103615,-0.00713565852
0.00258912332,-0.123471819,0.937965214,0.0264049058,0.00728531033,-0.814013173,0.580200188,-0.0851167664,-0.0669487938,0.0131253637,0.434689999,-0.3549577,0.104241207,-0.312144637,-0.0446024984,-0.153471798,0.684804022,-0.17678678,0.0571903475,-0.00530116446,0.106987774,-0.103118978,0.245751798,0.956103384,-0.42729339,0.589915156,1.64066641e-05,-0.000796935637,-0.00057969644,-0.362526536,-1.27991033,1.0307281,0.179898202,-0.00211202144,-0.00496036839,-0.00704613002
0.00570612494,-0.11990355,0.936617076,0.0260154502,0.0104903696,-0.806880383,0.590048469,-0.0889357924,-0.0659371093,0.00534083275,0.424282074,-0.364359856,0.101258673,-0.334394932,-0.0521045178,-0.164581284,0.721597433,-0.179364681,0.0579764023,0.00637696683,0.110254541,-0.111861989,0.227985784,1.04925871,-0.370372236,0.575402737,-5.03927731e-06,-0.000981963472,-0.000574765436,-0.465099245,-1.36134958,1.02865636,0.1450423,-0.00185335241,-0.00478961784,-0.00638675597
0.00881716236,-0.115827478,0.935452104,0.0256379314,0.0133167027,-0.799845611,0.5995101,-0.0935713798,-0.0650054514,-0.00143359834,0.415018976,-0.371918947,0.0983873159,-0.353863418,-0.060294956,-0.174708337,0.754016519,-0.181570247,0.058511056,0.0176581517,0.113137327,-0.119923756,0.191156223,1.13701499,-0.319051325,0.573017359,-2.3562654e-05,-0.00113979843,-0.000551813922,-0.58224833,-1.42702842,1.02526224,0.126760229,-0.0015688577,-0.00455624051,-0.00558717363
0.0119163888,-0.1107357,0.93465364,0.025288982,0.0153872257,-0.793152441,0.608303301,-0.0998402387,-0.0642338097,-0.00618812768,0.408044964,-0.375792146,0.0957381874,-0.367769122,-0.0698625371,-0.182870954,0.777688444,-0.183031216,0.0585429594,0.0281458888,0.115252286,-0.126623392,0.11619889,1.21397626,-0.278928787,0.594885588,-3.62417231e-05,-0.00124325452,-0.000492821506,-0.72855407,-1.46118999,1.01922357,0.14162448,-0.00123270194,-0.00419760402,-0.00450714957
0.0153377689,-0.10513895,0.93431282,0.0248855586,0.0170436073,-0.78668693,0.61661487,-0.106835857,-0.0634736344,-0.00946712866,0.402942896,-0.376747131,0.0934428796,-0.377710313,-0.0788443536,-0.189409032,0.795032203,-0.182893351,0.0584386215,0.0375856459,0.116986975,-0.131370664,-0.0143273547,1.27247488,-0.262853682,0.635572314,-4.1520485e-05,-0.0012841688,-0.000412962952,-0.901710749,-1.46264434,1.01187646,0.188800365,-0.000918242382,-0.00377904181,-0.00343403127
0.0189202484,-0.0992896557,0.934201002,0.0244537323,0.0184920308,-0.780298087,0.624655869,-0.1141949,-0.0627191663,-0.0120084053,0.39877665,-0.376243055,0.0913244486,-0.385669351,-0.0875333473,-0.195134908,0.809212089,-0.181956038,0.058266174,0.0465015098,0.118531525,-0.13514182,-0.172639266,1.32174277,-0.258802235,0.685668409,-4.3099164e-05,-0.00129381241,-0.00032267088,-1.08829427,-1.4477452,1.00387526,0.252132446,-0.000614628429,-0.00333051337,-0.00236435677
0.0223001242,-0.0944829658,0.935225189,0.0240712893,0.0204460774,-0.774190131,0.632164671,-0.120408639,-0.0608118698,-0.0135927675,0.392187119,-0.369292438,0.0883380771,-0.387991905,-0.0910168365,-0.200641155,0.812737346,-0.175984234,0.0586151853,0.055785127,0.119119331,-0.139006019,-0.406114221,1.33391976,-0.30167532,0.745846808,-3.73624353e-05,-0.00122465543,-0.000240333437,-1.27928758,-1.39059711,0.995436072,0.35395211,-0.000408349704,-0.00291405059,-0.00163559639
0.0252137855,-0.0904370248,0.936818838,0.023831096,0.0229871427,-0.76821138,0.63933946,-0.125456214,-0.058076214,-0.0150215887,0.382223248,-0.358911574,0.0844023153,-0.387935519,-0.092173703,-0.20677793,0.811127782,-0.167201817,0.059453059,0.0661592185,0.119294889,-0.14416188,-0.64952445,1.33191538,-0.359317333,0.804950774,-3.10477189e-05,-0.00113712577,-0.000165772944,-1.45825636,-1.32398474,0.986817241,0.461145043,-0.00023057322,-0.00251096138,-0.000992822461
0.0271949545,-0.0879126862,0.939551353,0.0238779231,0.0267041277,-0.762571831,0.645910935,-0.128171355,-0.0536838323,-0.0161393043,0.365510523,-0.341670066,0.0785678029,-0.383121073,-0.0886772051,-0.214175731,0.799248159,-0.152798161,0.0612686649,0.0787141845,0.118645929,-0.151901051,-0.912802815,1.30154777,-0.446497262,0.861905158,-2.35770785e-05,-0.00101285102,-0.000106767708,-1.61317325,-1.23844433,0.977838933,0.579083383,-0.000109804925,-0.0021346258,-0.00052203401
0.0280073546,-0.0867588073,0.943424582,0.0244695825,0.0315752641,-0.757622845,0.651469007,-0.127925262,-0.0480830297,-0.0165139232,0.339096993,-0.316719234,0.0697384328,-0.37139383,-0.0821392387,-0.223395169,0.772092819,-0.132180512,0.0645978302,0.0938928276,0.116922393,-0.163164854,-1.15990281,1.24400127,-0.546055555,0.917161524,-1.80668685e-05,-0.000884305395,-5.55686784e-05,-1.73639131,-1.14580441,0.969081342,0.69625026,-1.97822901e-05,-0.00178729021,-4.19875723e-05
0.0282353293,-0.0862901881,0.947868168,0.0253328138,0.037022172,-0.752993155,0.656497461,-0.126198456,-0.0418780409,-0.0165169518,0.307832986,-0.28791365,0.0594115816,-0.356210023,-0.0740805417,-0.23352541,0.737299383,-0.108455807,0.0686838031,0.110383287,0.114661522,-0.176190972,-1.39891124,1.17286527,-0.651802361,0.971568525,-1.35369974e-05,-0.000753625645,-8.27320127e-06,-1.84375799,-1.04961514,0.960434258,0.813030541,5.4866181e-05,-0.00145445869,0.000442687742
0.027066607,-0.0869044811,0.953141868,0.0274132247,0.0423423237,-0.749877213,0.659651278,-0.120558545,-0.0367902592,-0.0144151002,0.266120613,-0.250743687,0.044038102,-0.327807814,-0.065787591,-0.246329218,0.674182475,-0.0790321603,0.0751271397,0.128383726,0.109187037,-0.192352325,-1.58023846,1.07525742,-0.743929982,1.02791631,-1.33697786e-05,-0.00067408802,3.88044791e-05,-1.91539359,-0.955903053,0.955832839,0.920975626,0.000108299406,-0.00125576742,0.00113917456
0.0255937781,-0.0875701755,0.958328307,0.0299546301,0.0470261814,-0.747247424,0.662202798,-0.114257514,-0.0328532979,-0.0114697246,0.224462345,-0.212743416,0.0274400469,-0.29568398,-0.05825679,-0.259288073,0.6034078,-0.0498481542,0.082264401,0.145916685,0.102120027,-0.208316058,-1.74092746,0.975848794,-0.827049077,1.08366156,-1.41435403e-05,-0.000616101257,8.70284275e-05,-1.97870684,-0.864975452,0.9534024,1.02299047,0.00015898385,-0.00111574191,0.00193541218
0.0235127527,-0.0883386508,0.963340282,0.0334197716,0.0504402144,-0.745641046,0.663595008,-0.106634289,-0.0312178992,-0.00683736335,0.18291238,-0.17308268,0.00839293934,-0.256117254,-0.0522502139,-0.27255702,0.51731801,-0.0211433992,0.0907894596,0.162514776,0.0918681249,-0.223884463,-1.86034131,0.872838676,-0.892151833,1.13820219,-1.67991948e-05,-0.000601214764,0.000137544805,-2.0253756,-0.779616356,0.955313563,1.11314487,0.000204170923,-0.0010930436,0.00293114316
0.0212362483,-0.088786304,0.967717886,0.0373378445,0.0523919926,-0.744836115,0.664138635,-0.0994646251,-0.0320537239,-0.000753727974,0.147868529,-0.13609466,-0.0105731897,-0.214747488,-0.0479144305,-0.283655882,0.427837014,0.00331142079,0.100536026,0.177176595,0.0791169107,-0.237188369,-1.94699967,0.777511835,-0.941685438,1.18488479,-1.96794881e-05,-0.000607433147,0.000187551326,-2.05825329,-0.701249957,0.960453689,1.18533015,0.000252026686,-0.00114086666,0.00409572897
0.0188620053,-0.0890735686,0.971778214,0.041482095,0.0536122922,-0.744427269,0.664253716,-0.092521742,-0.0341251343,0.00605553156,0.116077676,-0.100442953,-0.0294988323,-0.172476202,-0.0444140323,-0.293669671,0.336660445,0.0256413128,0.110893346,0.19087027,0.0651160628,-0.249360099,-2.01728058,0.686026633,-0.983434618,1.22763848,-2.26721004e-05,-0.00062420388,0.000237302898,-2.08423591,-0.626379848,0.967208147,1.2485311,0.000301216787,-0.00122394972,0.00534474012
0.0168270934,-0.0886412412,0.974636972,0.045105612,0.0532326827,-0.744927735,0.663486574,-0.0880092382,-0.0384700671,0.0142711038,0.0971998349,-0.0733120069,-0.0442670844,-0.13784948,-0.0428329855,-0.299088567,0.260651767,0.0399940908,0.122073412,0.201346338,0.0509217456,-0.257078022,-2.05343151,0.616067767,-1.00912154,1.25219738,-2.41179769e-05,-0.000630955095,0.000276656327,-2.09428883,-0.564138353,0.974817455,1.28366995,0.000362113089,-0.00131802494,0.00665045436
0.0149806514,-0.0880085677,0.977116108,0.0483689375,0.0525618377,-0.745675133,0.662469845,-0.0844225809,-0.0427616276,0.0226864424,0.0817970783,-0.0494456738,-0.0571547225,-0.107648708,-0.0416594483,-0.303486377,0.193109155,0.0522383973,0.132931888,0.210791916,0.0378139317,-0.263479859,-2.08230186,0.554843366,-1.0313797,1.27070498,-2.4836243e-05,-0.000627111702,0.000311391719,-2.10093307,-0.507360578,0.981811404,1.31131554,0.000424801023,-0.00140096934,0.00788733643
0.0135111399,-0.0869751573,0.97883594,0.0509125113,0.0513093181,-0.746928106,0.6609642,-0.0826876163,-0.0469464995,0.031501431,0.0733444914,-0.0321084596,-0.0662811771,-0.0862997472,-0.0413009487,-0.305841982,0.142498329,0.0602657683,0.143147275,0.218176559,0.0268790498,-0.267249554,-2.0966115,0.511087656,-1.04678047,1.27710974,-2.40992558e-05,-0.000602078333,0.000336891273,-2.10075974,-0.461509824,0.987574756,1.32397437,0.000491073122,-0.00146165211,0.00898656622
0.0122432681,-0.0856294259,0.979976892,0.0529206868,0.0498805405,-0.748673714,0.658937784,-0.082788229,-0.0499220788,0.0401437171,0.0693052709,-0.0205306243,-0.0721956789,-0.0729354024,-0.0414793603,-0.307110041,0.107582524,0.065388374,0.15167813,0.223809794,0.0189323351,-0.26928708,-2.10199738,0.483780324,-1.05786932,1.27206266,-2.20995535e-05,-0.000560933782,0.00035834033,-2.09570909,-0.428037822,0.992174149,1.32528591,0.000549012038,-0.00150261051,0.00982711092
0.0110762222,-0.0841275454,0.980828285,0.0546607195,0.0483632321,-0.750659482,0.656645677,-0.0838065892,-0.0522930138,0.0486996025,0.0674726516,-0.0118324244,-0.0765042529,-0.0635632873,-0.0419262089,-0.307834297,0.0805141106,0.0690586194,0.159366682,0.228567317,0.012479689,-0.270458579,-2.10292149,0.464697033,-1.06680226,1.26128983,-1.94685326e-05,-0.000511734223,0.000377764169,-2.08821964,-0.400755137,0.996191621,1.32092369,0.000602784276,-0.00153370679,0.0105383126
0.00982938334,-0.0820090473,0.981152892,0.0560861827,0.046775207,-0.753474118,0.653408887,-0.0878024846,-0.053013362,0.0557912141,0.0700036585,-0.00899964385,-0.0773752555,-0.0615575612,-0.0431520492,-0.306850702,0.0694260299,0.0697604343,0.163672358,0.23140274,0.00968538783,-0.269970834,-2.09291196,0.46460551,-1.07163286,1.232409,-1.56703281e-05,-0.000465275254,0.000400311546,-2.07313013,-0.389160872,1.00009871,1.30127597,0.000632869662,-0.00154767523,0.0108553981
0.00849460438,-0.079637982,0.98137778,0.0574771282,0.0450997505,-0.756536728,0.649857347,-0.0926621184,-0.0534972325,0.0620560013,0.0736953616,-0.00729539245,-0.0773226321,-0.0609229133,-0.0445767604,-0.304920644,0.0613118634,0.0696334466,0.166825533,0.233725011,0.0077084736,-0.26881212,-2.07840514,0.469783783,-1.07568181,1.19719923,-1.17475684e-05,-0.000426264596,0.000423401361,-2.05481505,-0.381073445,1.00472462,1.27619946,0.000656970486,-0.00155576412,0.0110805249
0.00698394747,-0.0767617747,0.981403172,0.0587998718,0.0432502181,-0.760106273,0.645686028,-0.0992491171,-0.0535081886,0.066667214,0.0797082931,-0.0078480104,-0.0754228681,-0.0630301759,-0.0463991873,-0.30109787,0.05914497,0.0678489804,0.167673796,0.235021055,0.00736621302,-0.266311407,-2.05490351,0.485501081,-1.07816792,1.14933181,-7.5757257e-06,-0.000402150385,0.00044757576,-2.03004932,-0.37999922,1.01078808,1.2402662,0.000669102941,-0.00155209447,0.0111217452
0.00537175499,-0.0733942986,0.981206894,0.0599355445,0.0410012981,-0.764008414,0.641106674,-0.106703393,-0.0535203815,0.0695576295,0.0878933519,-0.0104157589,-0.0716323629,-0.0671032518,-0.0483381674,-0.294831425,0.0605467111,0.0638374686,0.166137457,0.2349886,0.0085336566,-0.261416763,-2.01907015,0.512627006,-1.07978308,1.08828318,-3.64763036e-06,-0.000396231364,0.00046607785,-1.99614143,-0.384525239,1.01990461,1.19177115,0.000678358017,-0.00152978185,0.0110546043
0.0037087542,-0.0697811171,0.98089987,0.0609760863,0.0385515791,-0.768056252,0.63630597,-0.114591464,-0.053533189,0.0715877786,0.0971646011,-0.01399107,-0.0668964535,-0.0721592829,-0.0503354706,-0.287343085,0.0637326837,0.0587124079,0.163408861,0.234291971,0.0104559297,-0.255325079,-1.97707033,0.545457542,-1.08096278,1.02064288,1.58700004e-07,-0.000399409211,0.000481744413,-1.95766127,-0.391851276,1.03054774,1.13699436,0.000686174724,-0.00149814785,0.0109332846
0.00221187738,-0.0654195249,0.979964554,0.0614731311,0.0351765358,-0.772375417,0.631205102,-0.123005942,-0.0540406704,0.0711752325,0.110687651,-0.0215400383,-0.0597224087,-0.079325065,-0.0524099693,-0.276928306,0.071875751,0.0488072038,0.156456009,0.230581626,0.0152781084,-0.243605852,-1.90950418,0.596460819,-1.08060741,0.932848632,2.86058776e-06,-0.000448051142,0.000482042436,-1.89982593,-0.409087777,1.04663277,1.06011438,0.000695960771,-0.00144010573,0.0106905987
0.000880443957,-0.0609153509,0.978681684,0.0617784321,0.0315333169,-0.776734797,0.62599691,-0.131763339,-0.0548707992,0.0699073821,0.126418933,-0.0305946842,-0.0519858636,-0.0871451944,-0.0545664802,-0.265894353,0.0821263939,0.037063241,0.148102492,0.225671023,0.0209727194,-0.22940737,-1.83086252,0.652047992,-1.0789361,0.839207113,5.08388985e-06,-0.00053407735,0.00047689263,-1.8345449,-0.430288255,1.06419492,0.975613892,0.00070049963,-0.00139180967,0.0103972424
-0.000120137818,-0.0561259687,0.976703525,0.0617032824,0.0273557113,-0.781212544,0.620605616,-0.141206652,-0.0563461781,0.0669290349,0.146566615,-0.0426606089,-0.0431243032,-0.0962740108,-0.0568870343,-0.253621995,0.0965920389,0.02164183,0.136947751,0.218359977,0.0284121539,-0.210250556,-1.73007011,0.716803133,-1.07463264,0.733870387,6.3501102e-06,-0.000694868213,0.000460847805,-1.75437284,-0.459416538,1.08471143,0.875872254,0.000694544986,-0.00136300432,0.0100025469
-0.000611368101,-0.051552821,0.973715544,0.0614126915,0.0232652154,-0.785859315,0.614908406,-0.15239279,-0.0587061569,0.0627594516,0.172180012,-0.0573233142,-0.0326451696,-0.107938662,-0.0591717735,-0.239689767,0.116232082,0.00330689456,0.123781592,0.208560869,0.0361201838,-0.185072899,-1.60335255,0.782637715,-1.0649389,0.620383263,6.75699994e-06,-0.00102512934,0.000437272887,-1.66171837,-0.495946109,1.10810459,0.76470083,0.000636737153,-0.00145233993,0.0094527062
-0.000847902615,-0.0470879003,0.970222712,0.0610119915,0.0192176075,-0.790559865,0.609034745,-0.164450079,-0.0615083911,0.0579943322,0.200525716,-0.0732840747,-0.0213574879,-0.120870955,-0.0614385419,-0.224927902,0.138458908,-0.0164843835,0.109610021,0.197517946,0.0439623147,-0.156885371,-1.46367538,0.849010348,-1.05255008,0.502823591,6.73419981e-06,-0.00144011993,0.000409933506,-1.56282473,-0.53617543,1.13293564,0.647817135,0.000553003396,-0.00160074572,0.00882530399
-3.10465693e-05,-0.0433224775,0.964503467,0.0608697977,0.0164585634,-0.79553246,0.602621015,-0.182632267,-0.0654427484,0.0534684956,0.238279223,-0.0922605693,-0.00578399282,-0.141513288,-0.0627597794,-0.206520587,0.169835553,-0.0386409797,0.0932684988,0.182052672,0.0495148078,-0.118858442,-1.2860471,0.90128392,-1.02955794,0.381454736,5.11478356e-06,-0.00221625553,0.000384101004,-1.45253754,-0.58260572,1.16272962,0.525624871,0.000305274327,-0.00212050299,0.00795993395
0.00124342879,-0.0396546535,0.957703888,0.0611722781,0.0143408517,-0.800449855,0.596097578,-0.205425039,-0.0693043545,0.0495494641,0.281672508,-0.112986565,0.0112353135,-0.167359188,-0.063478969,-0.187183067,0.206560642,-0.0621144772,0.0763090029,0.165081248,0.0538474247,-0.0782843456,-1.10169101,0.945841432,-1.0036211,0.263841599,2.43404475e-06,-0.0030515485,0.000363153784,-1.34067857,-0.629240513,1.1927557,0.405563354,1.78768096e-06,-0.00277707283,0.00709800981
0.00343321497,-0.0361817777,0.948743582,0.0623686289,0.013507032,-0.805316811,0.58940016,-0.237440348,-0.0730207115,0.046843797,0.336348027,-0.137212843,0.0311472882,-0.203613684,-0.0629941225,-0.165983945,0.253984869,-0.0882232413,0.0581125244,0.145096421,0.0557406172,-0.0326134339,-0.903867602,0.974969745,-0.971793532,0.153732315,-2.36948335e-06,-0.00400520768,0.000351975556,-1.22566855,-0.676287532,1.22324789,0.289755613,-0.000413231988,-0.00370730646,0.00624292297
0.00662227161,-0.0323935859,0.936952949,0.0654679289,0.0143792873,-0.809805217,0.582857356,-0.285664737,-0.0749980807,0.0457528383,0.410614014,-0.169262677,0.0525495708,-0.257591695,-0.0609175339,-0.14506039,0.320568681,-0.121201321,0.039751403,0.123760492,0.0550712422,0.0143410219,-0.717691541,0.990158141,-0.938487172,0.0626338199,-1.10744477e-05,-0.00480695488,0.000356340257,-1.11369359,-0.721552789,1.24845314,0.183133289,-0.000842462876,-0.00473248959,0.00565316062
0.010310974,-0.0284477398,0.923747063,0.0695158523,0.016104003,-0.814069369,0.576367304,-0.341994017,-0.0761058331,0.0454693176,0.494675487,-0.205224395,0.0746969059,-0.320431799,-0.0580450408,-0.124274805,0.396732628,-0.157614157,0.021308111,0.101749152,0.0531205013,0.0619369224,-0.537341118,0.998376191,-0.904441714,-0.0189579688,-2.1730224e-05,-0.0055327327,0.00036847702,-1.00323725,-0.765926838,1.27101457,0.0811047405,-0.00127879495,-0.0058051399,0.00519607589
0.0152833955,-0.0235101767,0.905796051,0.0774258692,0.021602091,-0.817383905,0.57045783,-0.427417487,-0.0721046776,0.0485170931,0.610761225,-0.256949067,0.0971263647,-0.413783848,-0.0531946085,-0.108435437,0.50609833,-0.208347261,0.00510802586,0.0816672295,0.0476169102,0.105690524,-0.411637068,0.992927372,-0.878112018,-0.0665152669,-3.92983166e-05,-0.0058349343,0.000411115063,-0.911848366,-0.804500103,1.28151488,-0.00331947953,-0.00156949565,-0.00664333533,0.00529220048
0.0205283053,-0.0182184726,0.88641423,0.0863743774,0.0284853297,-0.820233633,0.564752017,-0.52012521,-0.0659056008,0.0530062318,0.733238339,-0.312214255,0.119291842,-0.514268398,-0.0483351462,-0.0953373462,0.622593105,-0.262282878,-0.010167704,0.0630022585,0.0412609354,0.147708878,-0.307243079,0.985548735,-0.856461942,-0.106335007,-5.76587117e-05,-0.00602792948,0.00046292381,-0.83058697,-0.840298891,1.28876567,-0.0822225213,-0.00179580832,-0.00734850112,0.0055084792
0.026317846,-0.0122188246,0.864172041,0.0974024038,0.0381382296,-0.822207654,0.559493361,-0.627395511,-0.0553110912,0.0603777841,0.868490458,-0.374557078,0.140927926,-0.629011512,-0.0434579439,-0.0877226144,0.753338575,-0.322620094,-0.0235937648,0.0471723936,0.0332005993,0.186254114,-0.24547565,0.974310756,-0.844172299,-0.130677193,-7.76025408e-05,-0.00600249879,0.000533070473,-0.769585669,-0.870546758,1.28951693,-0.150078252,-0.00189333153,-0.00778756663,0.00596505078
0.0321939513,-0.00567393098,0.840090752,0.109202791,0.049304088,-0.82338717,0.554686781,-0.739834905,-0.0413384885,0.0695072263,1.00435948,-0.436405122,0.161183834,-0.747956395,-0.0397333726,-0.0854766965,0.885775328,-0.382290721,-0.036479108,0.0339367166,0.0247378983,0.223932251,-0.214046046,0.964600265,-0.840251684,-0.150456011,-9.36707365e-05,-0.0058636996,0.000606886344,-0.728458524,-0.895907164,1.28587043,-0.210670948,-0.00189073151,-0.00801341236,0.00643127598
0.0381131433,0.00114336237,0.815090656,0.121367996,0.0612158203,-0.824022623,0.550008318,-0.854855299,-0.0256773736,0.0795152709,1.14053249,-0.498003781,0.180749044,-0.868998349,-0.036585208,-0.085915111,1.01905346,-0.441626102,-0.0490936898,0.0219984856,0.0160742905,0.261175662,-0.197785586,0.955653787,-0.840515435,-0.167952642,-0.000107800697,-0.00566822337,0.000682534417,-0.697269201,-0.918823063,1.28002536,-0.267630398,-0.00183807279,-0.00813264772,0.00690231333
0.0432287976,0.00825193711,0.789513886,0.133229292,0.0726603602,-0.824006298,0.545879151,-0.965571404,-0.00947772339,0.0873974115,1.2640481,-0.549925566,0.197065115,-0.983999968,-0.0351493433,-0.0918200016,1.14062154,-0.490965366,-0.0628822446,0.0130135994,0.00926178694,0.301557034,-0.205928057,0.954295158,-0.84790206,-0.189825177,-0.000112317852,-0.00542209856,0.000739062321,-0.686960936,-0.937759161,1.26985645,-0.318824291,-0.00170168839,-0.00805016235,0.00715981983
0.0477955937,0.0151861571,0.764484346,0.144759174,0.0835562625,-0.823712209,0.541813002,-1.07248008,0.00573450048,0.0931200907,1.38077867,-0.597853005,0.212238297,-1.09444225,-0.0340264849,-0.0986040235,1.25558007,-0.535575509,-0.076820761,0.00502803875,0.00367010781,0.34249711,-0.21814619,0.955937147,-0.856150806,-0.214452267,-0.000114655224,-0.00517767249,0.000786386721,-0.680502772,-0.95623064,1.25917041,-0.368624568,-0.00155848265,-0.00791499019,0.00734371552
0.0512645207,0.0217714235,0.740550399,0.155666656,0.0933757363,-0.823132693,0.538053374,-1.17176962,0.0189713314,0.0945237502,1.483935,-0.637790382,0.225125179,-1.19576204,-0.033529669,-0.107146017,1.3573153,-0.570725799,-0.0910586566,-0.000958603108,0.000520241098,0.384553075,-0.23851499,0.963580251,-0.866123199,-0.244587436,-0.000112633046,-0.00493665366,0.000815302483,-0.681744695,-0.973772049,1.24745095,-0.415635765,-0.00140164024,-0.00767444819,0.00738038635
0.0535219423,0.0274341237,0.719060957,0.165558065,0.102691388,-0.822176385,0.534856053,-1.26089311,0.0301252697,0.0905114561,1.5701704,-0.670898557,0.235834062,-1.2849226,-0.0332743004,-0.116495445,1.44182587,-0.596283674,-0.103631556,-0.00501875859,0.000171666034,0.422541142,-0.260269642,0.975544572,-0.876578331,-0.278409034,-0.000109666558,-0.0046761292,0.000828966149,-0.685638189,-0.990468264,1.2361567,-0.458956361,-0.00123958709,-0.00732459966,0.00733614154
0.0551736914,0.0326357186,0.698793352,0.174928429,0.111746827,-0.820971381,0.531901009,-1.34493649,0.0402381048,0.083791025,1.64794779,-0.700593233,0.245454282,-1.36800647,-0.0331396423,-0.126248896,1.51772678,-0.617046177,-0.115372337,-0.00811578799,0.00122374354,0.458496481,-0.282717854,0.989669859,-0.887275219,-0.314074963,-0.000106227802,-0.00440584356,0.000835004088,-0.690857708,-1.00674224,1.22507441,-0.500433087,-0.00107492344,-0.00692008669,0.00725143729
0.0555776209,0.035867095,0.68398124,0.182030236,0.120790701,-0.819181524,0.530298247,-1.40982878,0.0482018888,0.0712709427,1.69703031,-0.72122252,0.251488388,-1.42897034,-0.0328007042,-0.136523634,1.56382585,-0.626324296,-0.122737542,-0.00939880311,0.00608216599,0.481418073,-0.298372358,1.00364673,-0.898080766,-0.347397685,-0.000103834653,-0.00406322675,0.000828224351,-0.693801403,-1.01970851,1.21528232,-0.532927871,-0.000875015568,-0.0063808253,0.00713444734
0.0558182895,0.0383619033,0.671320081,0.188393705,0.12947758,-0.817195984,0.529087981,-1.46671343,0.0554782972,0.0589702912,1.73685932,-0.738657236,0.256428391,-1.48154128,-0.0323279127,-0.146206468,1.60044253,-0.633165002,-0.128833592,-0.0105237216,0.011700118,0.500117779,-0.311115086,1.01561487,-0.908322453,-0.377206922,-0.000101357444,-0.00372136827,0.000820969115,-0.694952011,-1.03098643,1.20610273,-0.561369896,-0.000672987488,-0.00585725438,0.00702860672
0.0557324328,0.0393835045,0.662960887,0.193310234,0.137469592,-0.814956855,0.528751917,-1.50758052,0.0613797009,0.0471089855,1.7581799,-0.749702394,0.259180099,-1.51732457,-0.0315874368,-0.154705137,1.61809325,-0.635130465,-0.13239114,-0.0113324113,0.0188368857,0.510373116,-0.318033934,1.02356482,-0.917436182,-0.399988204,-9.8712233e-05,-0.00338103902,0.000812763581,-0.692516565,-1.0388869,1.19814849,-0.581705689,-0.000466726866,-0.00536508299,0.00694506895
0.0556716509,0.0389294662,0.658877313,0.197608613,0.143854807,-0.812591406,0.529104751,-1.53110909,0.0654925033,0.0399038196,1.76302981,-0.753364682,0.260540485,-1.53633463,-0.0309005193,-0.160037488,1.61890364,-0.633610427,-0.134193286,-0.0126800817,0.0260150619,0.515843451,-0.321047306,1.02644002,-0.923550963,-0.413300931,-9.26433204e-05,-0.00314532127,0.000809082936,-0.686501384,-1.04357946,1.19182801,-0.59382534,-0.000320996827,-0.00511477003,0.00692864088
0.0556234196,0.0377375819,0.656931639,0.201595133,0.149434451,-0.810151837,0.529795005,-1.54596841,0.0687110126,0.0350267552,1.75964379,-0.753335536,0.261205196,-1.54695809,-0.030240383,-0.163786665,1.61129379,-0.630347431,-0.135117754,-0.0142972888,0.0332140215,0.518921375,-0.322107971,1.02677751,-0.928166151,-0.421879441,-8.48623677e-05,-0.0029619087,0.000807664823,-0.678696275,-1.04666793,1.18632412,-0.601836979,-0.000205531847,-0.00498539023,0.00694576884
0.0558222085,0.0344039872,0.661393404,0.205096675,0.152333426,-0.807589943,0.531533973,-1.53463328,0.0681077987,0.0403105766,1.7294786,-0.738152623,0.260100275,-1.53254175,-0.0304007232,-0.161153883,1.57731664,-0.619962871,-0.133450225,-0.0182741471,0.0393059403,0.519510865,-0.318789005,1.01867926,-0.926968455,-0.416278273,-6.66490523e-05,-0.00300313439,0.000816446613,-0.664665341,-1.04599333,1.18228328,-0.598965764,-0.000233400468,-0.00543177128,0.00711234752
0.0560754202,0.0303416178,0.668109059,0.207995449,0.15429278,-0.805063621,0.533670495,-1.51348114,0.0659295171,0.0489082783,1.68897116,-0.715976715,0.257553697,-1.50859118,-0.031087473,-0.156467423,1.5340414,-0.605587721,-0.130501851,-0.0233861804,0.0450382903,0.519922793,-0.313545913,1.00721478,-0.924083948,-0.406141669,-4.54065703e-05,-0.00309759635,0.00082838675,-0.647277832,-1.04411721,1.17771983,-0.592489123,-0.000297601509,-0.00604136707,0.00731932977
0.0564374924,0.0248217285,0.679332018,0.209696512,0.154378773,-0.802639709,0.536622833,-1.47269583,0.0606011935,0.0641334727,1.62777972,-0.679815531,0.252123922,-1.46557283,-0.0328270048,-0.147673756,1.47217083,-0.583231688,-0.124991879,-0.0307684746,0.0500515401,0.519979477,-0.304454565,0.989017963,-0.91782546,-0.386934519,-1.81059804e-05,-0.00329852686,0.00084664335,-0.623177409,-1.03983819,1.17211151,-0.57880199,-0.00043446463,-0.00697738118,0.00760711543
0.0567587465,0.0177695118,0.694648981,0.209054606,0.152034869,-0.800730774,0.540381159,-1.41128492,0.0530196987,0.0820479169,1.54871023,-0.62889111,0.240424752,-1.40191889,-0.0361024067,-0.137085572,1.39436877,-0.549609721,-0.115910232,-0.039464429,0.0544799268,0.519924283,-0.290746599,0.964736342,-0.909238517,-0.360032856,1.12902981e-05,-0.00352820475,0.000868166273,-0.590602279,-1.03303659,1.16294098,-0.558265805,-0.000609449344,-0.00803986192,0.00793014467
0.0570596084,0.00995101407,0.712013125,0.207236094,0.148472273,-0.799060095,0.544529292,-1.33956003,0.0443115272,0.101307146,1.46070063,-0.570584238,0.225590602,-1.32794607,-0.0401458256,-0.12560004,1.30859959,-0.510354221,-0.105042562,-0.0488173068,0.0586159229,0.51981318,-0.274730027,0.937412024,-0.899487138,-0.329283446,4.17348019e-05,-0.00377225829,0.000891322619,-0.553789318,-1.02497363,1.1519891,-0.534304798,-0.000803497504,-0.00916558877,0.00827080011
0.057172969,0.000204876065,0.733519912,0.200479066,0.140497996,-0.798682476,0.549704248,-1.24496078,0.0354887173,0.115784533,1.35863316,-0.497654408,0.198718339,-1.22879446,-0.0470237732,-0.116284095,1.20625567,-0.453327239,-0.0889200568,-0.0569137372,0.0619070753,0.518927932,-0.253124654,0.905317903,-0.887488902,-0.29216364,7.34431815e-05,-0.00398352137,0.000912597461,-0.506292462,-1.01395905,1.13318777,-0.504412532,-0.00104488432,-0.0102724191,0.00866639148
0.0572332665,-0.00986756012,0.755583107,0.191989709,0.131168547,-0.798629599,0.555090558,-1.14749205,0.0273701362,0.127649963,1.25649786,-0.42423746,0.16940251,-1.12566471,-0.0551051423,-0.108017802,1.10121107,-0.392673939,-0.071862489,-0.0641463175,0.0648408532,0.51698935,-0.230439246,0.873341382,-0.875138462,-0.255043149,0.000104757273,-0.00418249425,0.000931115705,-0.456925273,-1.00255752,1.11204839,-0.474591583,-0.00130658713,-0.0113625359,0.00909327529
0.0571874343,-0.0205925163,0.778758645,0.180040481,0.119133258,-0.79923619,0.560904809,-1.0442847,0.0206601769,0.134291098,1.15422845,-0.349847198,0.135199666,-1.01458013,-0.0655933544,-0.101851009,0.990766048,-0.324768424,-0.0529349595,-0.06965103,0.0670598149,0.512943923,-0.205593929,0.841600776,-0.862083614,-0.217921793,0.000135282346,-0.00435688253,0.000944120227,-0.403818041,-0.990382254,1.08623278,-0.444913834,-0.0016089204,-0.012419208,0.00958274212
0.0571081042,-0.0313564911,0.801499188,0.166150071,0.105370944,-0.80006794,0.566729573,-0.943457723,0.015963817,0.13776809,1.0589937,-0.282882661,0.10214293,-0.904795527,-0.0796056911,-0.0963425934,0.880942225,-0.257913232,-0.0340047628,-0.0740281269,0.0680732355,0.503700614,-0.179971099,0.813346684,-0.849778414,-0.183899447,0.000160575408,-0.00452631386,0.00094925717,-0.351209521,-0.978577137,1.05915654,-0.417739213,-0.00195735809,-0.0134238005,0.010129476
0.0570120215,-0.0421400554,0.824022353,0.15124421,0.0907175177,-0.800784894,0.572397655,-0.843820274,0.0122741954,0.1396631,0.9672755,-0.219630495,0.0696590245,-0.795660317,-0.0953801125,-0.0911633298,0.771428406,-0.191582724,-0.015073115,-0.0778414756,0.0684838966,0.491858363,-0.153959349,0.786835551,-0.837847829,-0.151426345,0.000183252705,-0.00469326787,0.00095046038,-0.29884997,-0.966956973,1.03144991,-0.39181602,-0.00232884986,-0.0144023569,0.0107048452
0.0570104495,-0.0525488704,0.843859076,0.136523755,0.0752066531,-0.801574477,0.577220565,-0.7538445,0.0128419828,0.140119493,0.891406298,-0.175020188,0.0453148,-0.696579218,-0.117972508,-0.0859705806,0.670082629,-0.137758046,0.00343688671,-0.0806039199,0.0660390705,0.467884183,-0.129634053,0.769196451,-0.829482079,-0.125359476,0.00019471845,-0.00487035001,0.000936644967,-0.253555477,-0.956621647,1.00886285,-0.369710892,-0.00276059378,-0.0152125526,0.0113346819
0.0570841543,-0.0628193542,0.862209082,0.122262378,0.0598979729,-0.80220787,0.581314611,-0.667174459,0.0155576821,0.140599906,0.820287704,-0.137059271,0.0240118317,-0.60138756,-0.142232418,-0.0809114948,0.573231697,-0.0901094526,0.02229416,-0.0830142945,0.0625518858,0.439568877,-0.106992014,0.754633129,-0.822611511,-0.101240918,0.000202554569,-0.00505028479,0.00091549533,-0.21198903,-0.946733117,0.989369035,-0.348647565,-0.00319328089,-0.0159548931,0.0119700423
0.0573084317,-0.0728134438,0.877586246,0.108997177,0.0450396404,-0.802954344,0.584256252,-0.58711344,0.0225690603,0.141128376,0.758668244,-0.11239548,0.00879052002,-0.513971865,-0.169827834,-0.0761195868,0.485367537,-0.0548111945,0.0418464169,-0.084720619,0.0569799878,0.402570903,-0.0877156928,0.746220529,-0.81873107,-0.0810181797,0.000203131931,-0.00523592997,0.000879677711,-0.177877218,-0.937738001,0.976061046,-0.329667181,-0.00362786418,-0.0165615454,0.0126164667
0.0577330254,-0.0825006813,0.889147222,0.0967242725,0.0317585918,-0.804132348,0.585667972,-0.512378335,0.0352795869,0.14204362,0.70292449,-0.0984510034,-0.00199786085,-0.434137046,-0.196367368,-0.0715518594,0.410449684,-0.0326394811,0.0620207638,-0.0859207064,0.0506818965,0.358203471,-0.0731885135,0.742321849,-0.817714512,-0.0634762049,0.000195025365,-0.00541311549,0.00082552887,-0.152574584,-0.929932952,0.968732059,-0.313197076,-0.00399704557,-0.0170580242,0.0132123157
0.0582577623,-0.0920344889,0.898800135,0.0849390273,0.0192651904,-0.805435606,0.586248837,-0.440306097,0.0508396365,0.143152267,0.650118589,-0.0898660868,-0.0105698192,-0.358092576,-0.222378969,-0.0670962259,0.342004865,-0.0170309078,0.0825061351,-0.086867705,0.0440207161,0.310151368,-0.0610358343,0.74067986,-0.818129838,-0.0472745746,0.0001825769,-0.00558607141,0.00076221471,-0.13167645,-0.922722936,0.964392483,-0.297982067,-0.00433352683,-0.0174994152,0.0137828784
0.0591057427,-0.10074576,0.902537346,0.0744585555,0.0109018013,-0.807930461,0.584453116,-0.376793504,0.075028643,0.144375131,0.604307473,-0.0924109966,-0.0152602121,-0.295014471,-0.239533022,-0.0627425462,0.298385978,-0.0193684027,0.100549042,-0.0876092464,0.0398367345,0.255024672,-0.0567259379,0.743056178,-0.822893202,-0.0321569405,0.000152050692,-0.00571137574,0.000678041251,-0.125971973,-0.918070555,0.966984391,-0.287791729,-0.0045097447,-0.0177695751,0.0140916938
0.0600412264,-0.108988509,0.904591858,0.0642967357,0.00416824724,-0.810613791,0.582025633,-0.317574114,0.101270758,0.145184189,0.562440634,-0.098041296,-0.0190758705,-0.237228096,-0.25274694,-0.0587253198,0.262973666,-0.02756113,0.116516419,-0.0884725302,0.0374431983,0.200124323,-0.0555527732,0.745790958,-0.828992724,-0.0158076398,0.000115450814,-0.00581511762,0.00059265655,-0.126363814,-0.91426599,0.971085191,-0.279361486,-0.00464081019,-0.0179509297,0.014202212
0.0611517876,-0.116294876,0.903280854,0.0547901295,0.000697300614,-0.813861214,0.578469948,-0.266936719,0.131621093,0.145165756,0.528459311,-0.109842785,-0.0211423431,-0.190020815,-0.258081675,-0.055380702,0.243971735,-0.0474649407,0.128333986,-0.089579381,0.0386303812,0.145672441,-0.0606529713,0.749242902,-0.8377648,0.0030062357,6.67007916e-05,-0.00587574486,0.000504842843,-0.138948306,-0.912157178,0.978204131,-0.274450779,-0.0046815807,-0.0179546848,0.0139161469
0.062329486,-0.122495204,0.89958477,0.0456993393,-5.11861211e-05,-0.81694012,0.574909043,-0.227514386,0.16330795,0.143500537,0.505282402,-0.128198862,-0.0213550813,-0.153688654,-0.25646165,-0.0538882539,0.236651301,-0.0782375932,0.135854334,-0.0911502019,0.0443218462,0.0980471447,-0.0736809671,0.750675082,-0.848047793,0.0279691666,1.23647333e-05,-0.00589951035,0.000423259917,-0.165266365,-0.9110111,0.985401511,-0.272592813,-0.00466965092,-0.017711414,0.0129838698
0.0635407418,-0.12814258,0.894696236,0.0368150286,0.000561569409,-0.819900095,0.571321427,-0.193699181,0.195663258,0.141011983,0.487507433,-0.149832234,-0.0206409842,-0.122793637,-0.25136441,-0.0533218533,0.235171348,-0.114444695,0.141226202,-0.0929530114,0.0522654131,0.0538347289,-0.0906728283,0.751097381,-0.859086215,0.0560066849,-4.47646016e-05,-0.00590484543,0.000344791886,-0.198451146,-0.910346389,0.992638171,-0.272261113,-0.0046313717,-0.0173446331,0.0117284916
0.0647907853,-0.132547617,0.888278127,0.0283678421,0.0033534731,-0.82175239,0.569128307,-0.175204769,0.224449873,0.136011347,0.482729346,-0.180046573,-0.0162899531,-0.103450656,-0.240411013,-0.0572766997,0.241428673,-0.157213986,0.142923847,-0.0948222131,0.0652165189,0.0239581838,-0.117020845,0.744286716,-0.870476007,0.0964804739,-9.64646024e-05,-0.00585288089,0.000275391445,-0.248733103,-0.908866405,0.993485093,-0.275763273,-0.00453692209,-0.0166309923,0.00961988233
0.0661303103,-0.136693567,0.882067919,0.0200652141,0.00618144019,-0.823186739,0.567382384,-0.159668565,0.250153303,0.130303398,0.479566097,-0.21113804,-0.0107668201,-0.0855908245,-0.229714632,-0.0632059574,0.247489825,-0.197024971,0.1442471,-0.0961000621,0.0782802925,-0.00230258284,-0.143452272,0.734295487,-0.881735921,0.141017511,-0.0001423473,-0.00576725695,0.000207161589,-0.301776528,-0.9053123,0.989587188,-0.280117869,-0.00441672327,-0.0158703048,0.00751694292
0.0676488653,-0.140321419,0.876273274,0.0120548844,0.0090817138,-0.823864609,0.566585658,-0.150048628,0.269690722,0.123180613,0.479632676,-0.24398458,-0.00289924257,-0.07069695,-0.219532058,-0.0730843619,0.253158778,-0.230920061,0.144821599,-0.0961951911,0.0915697366,-0.0213321391,-0.170051157,0.717942715,-0.892736375,0.193682522,-0.000176596033,-0.0056143105,0.000141271274,-0.36034447,-0.897609591,0.976199031,-0.286177397,-0.00424502138,-0.0150154969,0.00542528648
0.0695442706,-0.143383265,0.871778607,0.00461239235,0.0113474419,-0.824084748,0.56633408,-0.141296014,0.281659544,0.1142537,0.477417916,-0.272946715,0.00557958521,-0.0557942577,-0.212814957,-0.087357156,0.255281717,-0.252726912,0.145486221,-0.093231827,0.103105113,-0.0373087712,-0.192419022,0.696848869,-0.904003263,0.25082925,-0.000193781598,-0.00533454213,7.74351065e-05,-0.419111669,-0.878771961,0.947208881,-0.291612983,-0.00398043729,-0.0141996797,0.00388562959
0.0716280788,-0.146162137,0.86793375,-0.00254604808,0.0132956098,-0.824058611,0.566342784,-0.132976994,0.289844513,0.104424849,0.474062681,-0.299966872,0.0143640032,-0.0408871509,-0.207830369,-0.103826903,0.255631864,-0.268490314,0.146195903,-0.0887394026,0.113763563,-0.0517591164,-0.212671623,0.673384726,-0.915403485,0.310216546,-0.000202436597,-0.00499136979,1.46258999e-05,-0.477978468,-0.854367614,0.91041857,-0.296736628,-0.00366941839,-0.0134033579,0.00262193987
0.0741135329,-0.1480214,0.866268277,-0.00782144336,0.0143748259,-0.823724256,0.566754391,-0.121063575,0.289084226,0.0912296027,0.461824,-0.315196753,0.0206821281,-0.0257706661,-0.208146557,-0.126455724,0.249914363,-0.265617728,0.147752747,-0.0761271864,0.121687427,-0.0665094107,-0.226737082,0.650722265,-0.930207312,0.363251984,-0.000185700454,-0.00441605225,-3.98770972e-05,-0.534401119,-0.804879308,0.843559384,-0.293392211,-0.00316676963,-0.0126194069,0.00218979828
0.0764749348,-0.149671108,0.865209281,-0.0121843554,0.0152817096,-0.823362585,0.56717904,-0.108366996,0.286846936,0.0773074254,0.446899921,-0.325961381,0.0256379135,-0.011665062,-0.209708706,-0.150225878,0.243476987,-0.256820619,0.149916425,-0.0600373335,0.128703341,-0.0815124884,-0.239471957,0.630950034,-0.947117448,0.409466773,-0.000165221107,-0.00382151199,-8.99383813e-05,-0.592302859,-0.749537587,0.769107461,-0.282073885,-0.00262942095,-0.0117561519,0.00188458094
0.0785883293,-0.150901839,0.865363121,-0.0147227836,0.0158445829,-0.822982419,0.567654937,-0.0941038877,0.281655818,0.0619311184,0.426604867,-0.327796221,0.0278692767,0.000419243705,-0.213762715,-0.176279202,0.235599726,-0.236174792,0.153293788,-0.0369921289,0.133903652,-0.0970214903,-0.249546096,0.616957426,-0.968240261,0.442042172,-0.000137255236,-0.00318851182,-0.000131117951,-0.653164029,-0.682487965,0.67946893,-0.254808277,-0.00202266173,-0.0107342759,0.00183319137
0.0799704343,-0.151914164,0.866511464,-0.0155688937,0.016032182,-0.822854417,0.567812634,-0.0815973133,0.276492715,0.0476922803,0.40468359,-0.320547581,0.0268611722,0.00748030003,-0.219780594,-0.201043844,0.231382012,-0.204376563,0.158375978,-0.00788597018,0.137134299,-0.111363575,-0.257629514,0.610491693,-0.992597282,0.45657289,-0.000117139512,-0.00273115234,-0.000165204896,-0.726162434,-0.61817652,0.593286693,-0.194493964,-0.001481605,-0.00948668551,0.00180401711
0.080986917,-0.152817279,0.868157029,-0.015516899,0.0166211393,-0.822651109,0.568091645,-0.069968991,0.271343589,0.0340221561,0.381949157,-0.308757275,0.0242333654,0.0120297791,-0.2267804,-0.225164115,0.228994071,-0.167002261,0.164310589,0.0242506061,0.139380142,-0.12512219,-0.264717638,0.607789278,-1.01857126,0.462081403,-0.000100948797,-0.002361611,-0.000195745597,-0.805229366,-0.555234134,0.508832574,-0.117655642,-0.000973399379,-0.00812624115,0.00178595027
0.0808015093,-0.153490603,0.871001601,-0.0136622849,0.0170907337,-0.823071165,0.567516613,-0.062439017,0.268685818,0.0275293533,0.359415174,-0.284091264,0.0150740314,0.00613375055,-0.236566886,-0.243940622,0.238455981,-0.119579718,0.171105534,0.0606807098,0.138988316,-0.137092799,-0.269349277,0.616866946,-1.04367208,0.438462555,-0.000113839036,-0.00243558292,-0.000227452008,-0.908815265,-0.512876987,0.458981037,0.0285679847,-0.000662562146,-0.00670600915,0.00166991819
0.0803510174,-0.15408726,0.874040842,-0.0114138549,0.0176316407,-0.823736876,0.566583099,-0.0555332378,0.266766191,0.0243361108,0.33634147,-0.256642401,0.00361064682,-0.00322061824,-0.247078151,-0.261795312,0.252141237,-0.0729525089,0.176852494,0.096537523,0.137765631,-0.149035662,-0.273311019,0.630311906,-1.0664314,0.405611902,-0.000138597999,-0.00265030772,-0.000262326212,-1.01688266,-0.477716506,0.422615856,0.192276448,-0.000402832025,-0.00540253101,0.00153290178
0.0793703869,-0.1545306,0.877469301,-0.00837781833,0.0183151309,-0.82489213,0.564931272,-0.0498756804,0.266322643,0.0277415328,0.312188089,-0.223627895,-0.0124606919,-0.0194913484,-0.259039015,-0.277806699,0.274272799,-0.0279152729,0.180503711,0.131248266,0.134881303,-0.160923198,-0.275933027,0.652491033,-1.08450842,0.354298323,-0.000187093203,-0.00314652314,-0.000303535984,-1.13391387,-0.456947953,0.413221151,0.390954494,-0.000245306204,-0.00433252938,0.00135391811
0.0782765895,-0.154790446,0.880704522,-0.00479766954,0.0189214812,-0.826385489,0.562766367,-0.0447287187,0.266105354,0.036131002,0.286293149,-0.18986927,-0.0304788332,-0.0403766036,-0.27194792,-0.294480443,0.301681638,0.00802999735,0.180131257,0.161897182,0.12941052,-0.17248565,-0.27731061,0.682821512,-1.0954181,0.29174161,-0.00025648938,-0.00383597845,-0.00034638925,-1.24324703,-0.444981366,0.423220754,0.587676525,-0.000147528306,-0.00359704345,0.00120327773
0.0771262497,-0.154958546,0.883843064,-0.000945499606,0.0194889544,-0.828035272,0.560336395,-0.039837189,0.266001195,0.0470123626,0.25952813,-0.155739456,-0.0494699478,-0.0635686666,-0.285330594,-0.311484993,0.331728548,0.0394282229,0.177746952,0.190514326,0.122646607,-0.183885232,-0.278065979,0.717226982,-1.10274363,0.223564714,-0.000336334604,-0.00462203939,-0.000390063185,-1.34872794,-0.437416196,0.442917585,0.783415496,-7.96277964e-05,-0.0030288389,0.00106681348
0.0762099624,-0.15467158,0.885951638,0.00376313049,0.0192891855,-0.829641549,0.557950416,-0.0362284482,0.26334095,0.0602144599,0.232956827,-0.126745194,-0.0652483851,-0.0894498378,-0.300848097,-0.328657448,0.364122212,0.0528958216,0.169257283,0.211909458,0.108287558,-0.192987338,-0.277071357,0.760338247,-1.09854746,0.154393703,-0.000437248062,-0.0055036312,-0.000422492565,-1.41845703,-0.434705168,0.47868526,0.926558614,-5.98700171e-05,-0.00281519676,0.00101424253
0.0752761811,-0.15410395,0.887593508,0.0088821355,0.0185766563,-0.831173035,0.555632434,-0.0330957994,0.258898109,0.0732088536,0.207717419,-0.10029804,-0.0788617432,-0.115591057,-0.317624122,-0.344877332,0.396191776,0.0609082356,0.15947926,0.231055468,0.0898730308,-0.201148361,-0.275644273,0.805500865,-1.09100509,0.0882083103,-0.000543050701,-0.00636073854,-0.000449564832,-1.47288227,-0.43180725,0.515901506,1.04902172,-4.63238102e-05,-0.00264795823,0.000977533404
0.0743073821,-0.152974933,0.888302088,0.0148218412,0.0168390793,-0.832572091,0.553462259,-0.0309152044,0.250890046,0.0857881829,0.185141087,-0.0789441541,-0.0881454945,-0.142252997,-0.33691743,-0.359192461,0.427614212,0.0580110215,0.14712438,0.24570398,0.0633474439,-0.207427531,-0.273352206,0.854767084,-1.07677066,0.0279921405,-0.000658633944,-0.00716889836,-0.000465924153,-1.49670267,-0.428535372,0.55601567,1.13012981,-4.51997767e-05,-0.00257351762,0.000972545356
0.0727389976,-0.150999799,0.888022542,0.0215934415,0.0137691683,-0.834115195,0.550995441,-0.0295091663,0.239681542,0.0988753811,0.166083306,-0.061938528,-0.0935282037,-0.168185592,-0.357672065,-0.371051013,0.455681235,0.0454626381,0.133742765,0.255966425,0.0281756073,-0.212337419,-0.270500839,0.906898379,-1.05837643,-0.0251903106,-0.000779564492,-0.00789315253,-0.000473785272,-1.48884618,-0.422021151,0.592799306,1.18126571,-4.61143718e-05,-0.00249849632,0.00096965424
0.0708708391,-0.148601651,0.887248695,0.0287796511,0.0100325766,-0.835690581,0.548354203,-0.0284904279,0.22687304,0.112216309,0.148785174,-0.0471073426,-0.0969602987,-0.193752944,-0.379156917,-0.381681055,0.482069999,0.0280889086,0.119848035,0.264035612,-0.0113186305,-0.216562584,-0.267369926,0.96046114,-1.03790259,-0.0748548955,-0.000903166307,-0.00857544038,-0.000477397203,-1.46515143,-0.413885802,0.627916873,1.2174145,-4.80481795e-05,-0.00242318539,0.000967811386
0.0674265474,-0.14482823,0.885065973,0.036624029,0.0047758659,-0.837917023,0.54454654,-0.0285940208,0.21388644,0.129633307,0.136665821,-0.0371319801,-0.0959074721,-0.215129107,-0.397243559,-0.389552951,0.499171317,-0.00375748612,0.104627788,0.265213728,-0.0591432452,-0.21919775,-0.262951732,1.01463938,-1.01487601,-0.114988953,-0.00101962499,-0.00917992368,-0.000470908999,-1.38944697,-0.399160683,0.65252161,1.22272551,-4.63494252e-05,-0.00227342499,0.000950987625
0.0634925887,-0.140709996,0.882519662,0.0445273635,-0.000527080547,-0.840317626,0.540262273,-0.0293586813,0.202315986,0.149131685,0.126727715,-0.0285733175,-0.0934059024,-0.235269502,-0.412854493,-0.3966133,0.513807535,-0.0401116014,0.0886728838,0.263507396,-0.107775748,-0.221310988,-0.257059783,1.06730652,-0.990410566,-0.151433721,-0.00112821476,-0.00977808889,-0.000461397925,-1.29542685,-0.383953035,0.673082232,1.21725833,-4.15686372e-05,-0.00208949717,0.000932280615
0.0585795417,-0.135902375,0.879246414,0.0525505887,-0.00592104258,-0.843145743,0.535078156,-0.0314454213,0.193578571,0.17279157,0.121152639,-0.0228485875,-0.088007018,-0.252937138,-0.423513055,-0.402049929,0.523512721,-0.0854787976,0.0712497011,0.256032228,-0.158020929,-0.22238028,-0.248220682,1.11694849,-0.963068604,-0.180497676,-0.00122105947,-0.010363576,-0.00044584187,-1.16478181,-0.367781341,0.685553491,1.19023514,-3.06241272e-05,-0.00183724647,0.000909808325
0.0531442761,-0.130749285,0.87560761,0.0605347929,-0.0105111709,-0.846209571,0.529296151,-0.0360705629,0.188784391,0.19957009,0.121563479,-0.019316135,-0.0800094008,-0.270843327,-0.429084539,-0.405439019,0.532715082,-0.136274606,0.0520644858,0.241027296,-0.206099868,-0.22237289,-0.232293367,1.15982163,-0.928429902,-0.200677752,-0.00129288109,-0.0109456517,-0.000428429223,-1.00535655,-0.357035607,0.690391839,1.13564336,-8.27732856e-06,-0.00153325696,0.000904020621
0.0474479012,-0.125423476,0.871785879,0.0684951054,-0.0146984207,-0.849336929,0.523181764,-0.0419648848,0.185961828,0.227907911,0.12496721,-0.0168798026,-0.0707124546,-0.288868785,-0.432112455,-0.40780434,0.541666031,-0.189784691,0.031998273,0.22225754,-0.253095686,-0.221827164,-0.21282202,1.19931042,-0.890142977,-0.216415972,-0.0013541911,-0.0115260221,-0.000410088309,-0.831541598,-0.349002868,0.691413879,1.06726742,1.97704994e-05,-0.00120339857,0.000906575122
0.0415391997,-0.120010838,0.867976427,0.0759689817,-0.017277066,-0.852509604,0.516872898,-0.0529549345,0.189192623,0.254233867,0.141118392,-0.0159085505,-0.0591586605,-0.309356809,-0.428291976,-0.406629413,0.553931594,-0.242288589,0.00970645249,0.192972377,-0.290385067,-0.219192863,-0.179045945,1.22454894,-0.838537693,-0.219584242,-0.00138463115,-0.0120771322,-0.000401609432,-0.647102714,-0.358021796,0.680130839,0.961463571,7.08222142e-05,-0.000869299402,0.000968253822
0.0355564058,-0.114666231,0.864345431,0.0831136436,-0.019449488,-0.855517955,0.510688622,-0.0657508001,0.19431749,0.277526826,0.163523287,-0.014734393,-0.04752836,-0.330006242,-0.422401845,-0.404353023,0.566809356,-0.291470408,-0.0127038248,0.161765888,-0.322868526,-0.215827331,-0.142126754,1.24521053,-0.78516376,-0.219017595,-0.00140484329,-0.012603784,-0.000399412733,-0.472727984,-0.375432968,0.663859129,0.849826992,0.000128347499,-0.000562404806,0.00105448009
0.0294256844,-0.10945788,0.861071587,0.0896088317,-0.0208114345,-0.858307884,0.504821471,-0.0821577385,0.203230262,0.294752985,0.198434561,-0.013154475,-0.0357455015,-0.350977719,-0.412372768,-0.399873912,0.580910802,-0.334006339,-0.0353501551,0.126718014,-0.345739067,-0.210999534,-0.0989228636,1.25671756,-0.728254855,-0.210981235,-0.0014045987,-0.0130815003,-0.000409780303,-0.318487614,-0.409627616,0.637610376,0.726529002,0.000198817492,-0.000309930008,0.00118979719
0.0228455607,-0.104562074,0.858474255,0.0952295697,-0.0216233757,-0.860740575,0.499589253,-0.103195585,0.215108871,0.304861069,0.250616997,-0.00959181599,-0.0255347267,-0.369610071,-0.399332255,-0.393973708,0.593238473,-0.366504848,-0.0568454489,0.0902809873,-0.35870561,-0.205781072,-0.0567604452,1.2617166,-0.67683208,-0.195602208,-0.00137899595,-0.0134763205,-0.00043167753,-0.200308695,-0.461885184,0.600363374,0.60210973,0.000271777157,-0.000143184167,0.00135405653
0.016040653,-0.099822484,0.85621506,0.100411195,-0.0221598847,-0.862978957,0.494665393,-0.126549259,0.228470534,0.311410159,0.311435997,-0.00503768818,-0.0161099155,-0.38707301,-0.384785891,-0.387362897,0.604679346,-0.393984914,-0.0777654573,0.0531489402,-0.366720229,-0.200367257,-0.0151183736,1.26346135,-0.628152013,-0.176551566,-0.00134071324,-0.0138296969,-0.000459339964,-0.100159556,-0.523175001,0.557616591,0.477128327,0.00034598232,-1.93020915e-05,0.00153278897
0.00847130734,-0.0960114449,0.85515666,0.10389571,-0.0220957402,-0.864996088,0.490407206,-0.159720302,0.243545741,0.309004962,0.402283192,0.00433291122,-0.0108484142,-0.397710413,-0.367738068,-0.380271196,0.609791994,-0.406940997,-0.0961521789,0.0159845576,-0.361680865,-0.196449131,0.0147871394,1.25772953,-0.597799182,-0.148273259,-0.00125710876,-0.0140274838,-0.000494605512,-0.0524369441,-0.599618435,0.497741282,0.355222464,0.000404470193,-2.64562332e-05,0.00168847176
0.000976568088,-0.0926823393,0.854428351,0.106729074,-0.0219389365,-0.867180694,0.485927188,-0.196294069,0.257617444,0.303803504,0.501177371,0.0149241639,-0.00682993419,-0.405698299,-0.350123584,-0.373230577,0.612279236,-0.41645503,-0.113444179,-0.0197011996,-0.352968454,-0.193127453,0.0392851979,1.24917281,-0.574754,-0.118120611,-0.00116052642,-0.0141733913,-0.000529185927,-0.0182071477,-0.674778223,0.432485878,0.235458583,0.000454963418,-7.7359975e-05,0.00182017079
-0.006368584,-0.0903171897,0.854360282,0.108263616,-0.0215976451,-0.869730505,0.481021184,-0.239670768,0.269681573,0.293010354,0.616159081,0.0279559661,-0.00529747549,-0.408387184,-0.331376791,-0.366292417,0.609515846,-0.419085175,-0.128546059,-0.0524281561,-0.336911112,-0.190998763,0.0529680699,1.23496723,-0.566323876,-0.0842211545,-0.00103799545,-0.0142155439,-0.000562394562,-0.0109623326,-0.747367263,0.356474459,0.119984254,0.000489466183,-0.000215752545,0.00190389995
-0.0125307944,-0.0890207887,0.854720592,0.108587048,-0.0212424306,-0.873218289,0.474602394,-0.286180645,0.276054561,0.276739627,0.734926343,0.0404493958,-0.00576414168,-0.405869067,-0.311771899,-0.358657122,0.600770533,-0.417346984,-0.14026019,-0.0779417381,-0.316218764,-0.18934375,0.0560881011,1.21444142,-0.572700441,-0.0489063896,-0.000900909188,-0.0141567513,-0.00059230905,-0.0282248072,-0.80937469,0.275644779,0.0150585398,0.000512051862,-0.000431200606,0.00194297824
-0.0181015339,-0.0882587954,0.855295241,0.108300021,-0.0208793116,-0.877135562,0.467405996,-0.334257334,0.279581815,0.257729858,0.855586886,0.0526736639,-0.0072304327,-0.40074724,-0.291737795,-0.350673109,0.589034081,-0.413424581,-0.150280431,-0.0998485982,-0.293208718,-0.187925547,0.0539265051,1.19075549,-0.586480737,-0.0128837861,-0.000756544177,-0.014047483,-0.000620576728,-0.0577416457,-0.866091609,0.192405581,-0.08459308,0.000528678996,-0.000685178384,0.0019597311
-0.021201944,-0.089058958,0.8561396,0.106374962,-0.0205122497,-0.882841266,0.45700647,-0.37814343,0.269764751,0.23301664,0.959808767,0.0601905473,-0.0129023567,-0.388361722,-0.271530092,-0.339233994,0.56771028,-0.405796409,-0.153467804,-0.107209481,-0.269542098,-0.186173409,0.0363840461,1.15930891,-0.62051785,0.0206787325,-0.000604414439,-0.0137913413,-0.00064648682,-0.12926054,-0.908278406,0.120761082,-0.152833298,0.00053619477,-0.000974935712,0.00194748456
-0.0237362888,-0.090425536,0.856938601,0.10393973,-0.0201243643,-0.888911686,0.445676516,-0.418731213,0.254584283,0.207909435,1.05415404,0.0660085678,-0.020533694,-0.373993069,-0.251523554,-0.325971425,0.543819249,-0.398061424,-0.154215872,-0.109630808,-0.247256815,-0.184154719,0.0142595293,1.1265707,-0.658925056,0.0513357148,-0.000452201406,-0.0134998802,-0.000672181835,-0.215259552,-0.948960185,0.0593884774,-0.205344066,0.000541907211,-0.0012418197,0.00193793769
-0.0251386128,-0.0929250345,0.857646942,0.10049375,-0.0196966712,-0.895786509,0.432526969,-0.452724487,0.228676066,0.18201296,1.12875092,0.0684291273,-0.0320842899,-0.355657309,-0.231918484,-0.30906117,0.514792323,-0.39011246,-0.15008527,-0.102173015,-0.227733016,-0.181602821,-0.017030362,1.09124768,-0.706074655,0.0761831179,-0.00029981407,-0.0131377578,-0.00069744786,-0.330223531,-0.986634135,0.0185568631,-0.22639823,0.000544013164,-0.00146297005,0.00193378935
-0.0263671149,-0.0965521336,0.858088017,0.0963282493,-0.0192396287,-0.902829859,0.418627461,-0.479665428,0.194182217,0.157718301,1.1821537,0.0684465393,-0.0461922511,-0.334433287,-0.212471664,-0.288608134,0.483585298,-0.383722335,-0.141734287,-0.0860641673,-0.211627811,-0.178909838,-0.0519952103,1.05605102,-0.754413486,0.0924929231,-0.000153698871,-0.0127519192,-0.00072057161,-0.471400976,-1.02499413,0.0084243454,-0.207201332,0.000540997193,-0.00160654588,0.00194592844
-0.0275087468,-0.100743115,0.858395636,0.0917888333,-0.0187650408,-0.909819473,0.404290996,-0.503080666,0.155394927,0.134224147,1.22496033,0.0672623739,-0.0615790971,-0.311764687,-0.193103626,-0.26638329,0.451287687,-0.378111511,-0.131272912,-0.0656294525,-0.197231576,-0.176146284,-0.0887980834,1.02091694,-0.803347707,0.104534186,-1.07172245e-05,-0.0123542137,-0.000742624397,-0.625688136,-1.06369781,0.0136417197,-0.167878047,0.000535420084,-0.00171133643,0.00196621148
-0.0294982735,-0.105861895,0.858235717,0.0866692931,-0.0182564923,-0.916433006,0.390263604,-0.516558409,0.114298642,0.115023345,1.23699343,0.0635516122,-0.0743689537,-0.286294252,-0.173339456,-0.24143523,0.420340896,-0.375409871,-0.116162196,-0.0369937345,-0.18612808,-0.174337804,-0.118995905,0.988711774,-0.843309045,0.10422565,0.000105263403,-0.0119568305,-0.000754616165,-0.818519711,-1.09597695,0.0841687545,-0.0568938069,0.000510124781,-0.00172056316,0.00199922873
-0.0317912735,-0.11087288,0.857923329,0.0813305424,-0.0176973632,-0.922634892,0.376585982,-0.526761651,0.0761445165,0.0977867991,1.23848891,0.0591696873,-0.0843600631,-0.260365278,-0.153754994,-0.216802716,0.390739143,-0.373462617,-0.0998786241,-0.0078010885,-0.175209403,-0.172956079,-0.144874811,0.957649589,-0.878278494,0.100440264,0.000206698969,-0.011533373,-0.000759268296,-1.02273393,-1.12155211,0.18082884,0.076659061,0.000472602638,-0.00171390129,0.00202737609
-0.034691222,-0.11566823,0.857305884,0.0755799265,-0.0170425196,-0.928278806,0.363724739,-0.530415177,0.0438754894,0.084479183,1.21890807,0.0534454249,-0.0887532532,-0.233519554,-0.134530276,-0.19280152,0.363828152,-0.373024344,-0.0812494308,0.0225050859,-0.164660454,-0.172427937,-0.162115157,0.928873479,-0.903263569,0.0897009224,0.000279041822,-0.0110577708,-0.000749240629,-1.24971223,-1.13371801,0.329756081,0.255349487,0.000410626031,-0.00167546049,0.00204578321
-0.0375519544,-0.119874343,0.856431425,0.0693335463,-0.0162422733,-0.933172947,0.352302851,-0.528382063,0.0200611632,0.075516969,1.18029928,0.0469744876,-0.0867048949,-0.206734449,-0.11750076,-0.171224713,0.34021765,-0.373719275,-0.0614694133,0.0506381989,-0.153532147,-0.172320068,-0.172499716,0.90219903,-0.91865772,0.0731506944,0.000320283696,-0.0104426015,-0.000718852389,-1.47992158,-1.12861252,0.513864279,0.455097437,0.000325986679,-0.00163483468,0.00204352429
-0.040393196,-0.123786002,0.855428398,0.0628347948,-0.0153682249,-0.937625281,0.341576403,-0.523505628,0.000473277614,0.0687271208,1.13217521,0.0401299596,-0.0814356953,-0.179978639,-0.101568177,-0.150859252,0.318256557,-0.374980807,-0.0411132202,0.0776858479,-0.14211376,-0.172422349,-0.179456726,0.876574337,-0.929257035,0.053694386,0.000345976587,-0.00975762494,-0.000678282697,-1.71175539,-1.11487091,0.715569973,0.665381789,0.000230012694,-0.00159311504,0.00203093234
-0.0423453115,-0.127341524,0.854159534,0.0562231723,-0.0144061166,-0.94090163,0.333669809,-0.51473403,-0.00949615426,0.0669993684,1.07332706,0.033755973,-0.069980517,-0.155654728,-0.0908120051,-0.134598225,0.30213058,-0.377744615,-0.0231092833,0.0987512693,-0.131273597,-0.172364026,-0.181550294,0.85626471,-0.930429101,0.0285585336,0.000330441922,-0.00892476551,-0.000621182378,-1.89903021,-1.08437586,0.906109452,0.850475371,0.00013066495,-0.00157429511,0.00199269573
-0.0440040268,-0.130987555,0.852842212,0.0499863551,-0.0134680867,-0.943703941,0.326715237,-0.506766915,-0.0176234767,0.0662948489,1.01929486,0.027788287,-0.0584420674,-0.133074597,-0.0815881193,-0.119578682,0.288224429,-0.380972534,-0.00718060881,0.117309004,-0.121527553,-0.172122255,-0.183057159,0.838795125,-0.930178165,0.00301805139,0.00030372772,-0.00813085679,-0.000568480988,-2.06137085,-1.054317,1.07558,1.01453364,3.92925213e-05,-0.00156522333,0.00195142254
-0.0450757891,-0.134814411,0.851428151,0.0445087759,-0.0125805898,-0.945705139,0.321718025,-0.500409245,-0.0220659357,0.0676369444,0.974897861,0.0226335432,-0.0467376597,-0.113983415,-0.0754294768,-0.107043028,0.278758883,-0.385128558,0.00459646992,0.130850121,-0.113970429,-0.171513528,-0.183390394,0.827007115,-0.92708087,-0.0233304314,0.000254654267,-0.00741489464,-0.000524580537,-2.17383122,-1.02513218,1.2029016,1.13651013,-3.61236234e-05,-0.00157564913,0.00190407748
-0.0457634106,-0.138819903,0.850033581,0.040394024,-0.0117398781,-0.946984165,0.318514504,-0.497739673,-0.0245035235,0.0700661242,0.94783473,0.0174152944,-0.0374765731,-0.0991928577,-0.0714953989,-0.0973058492,0.272893608,-0.389841616,0.0121380184,0.13953498,-0.108965337,-0.17067343,-0.183237806,0.820461154,-0.923243046,-0.0473900326,0.00019682743,-0.00687191542,-0.000497026718,-2.24372482,-1.00451291,1.28577733,1.21757007,-9.28330264e-05,-0.00160172686,0.00185309979
-0.0462589562,-0.142914683,0.848648846,0.0369610165,-0.0109226314,-0.947906192,0.316209474,-0.496914208,-0.0259386748,0.0730388165,0.92943877,0.0121652344,-0.0294371974,-0.0865526646,-0.0686736256,-0.0889679641,0.268828422,-0.394833148,0.0175617896,0.14579165,-0.10523627,-0.169717669,-0.182842314,0.816536248,-0.919034958,-0.0703050569,0.000134624381,-0.00641542953,-0.000477646274,-2.29233527,-0.988176465,1.34643006,1.27817154,-0.000140188844,-0.00163563073,0.00180030544
-0.0463445,-0.146779627,0.847511292,0.035465919,-0.0101195844,-0.947984072,0.316173942,-0.500648499,-0.0258462485,0.0763631165,0.932829261,0.00452775043,-0.0252326522,-0.079666093,-0.0683009848,-0.0851938277,0.267466158,-0.399297416,0.0192286149,0.146608904,-0.10361807,-0.168951094,-0.18189238,0.816805243,-0.914756417,-0.0863523185,8.66326736e-05,-0.00615603663,-0.000472474174,-2.30649328,-0.984838367,1.36606312,1.29949141,-0.000165519086,-0.00167898485,0.0017173778
-0.0463095121,-0.15036501,0.84651655,0.0343865344,-0.00936606336,-0.947795114,0.316882101,-0.504871368,-0.0254838951,0.0796611682,0.94062984,-0.00404702825,-0.0218125358,-0.0741143003,-0.0685766861,-0.0827413648,0.266401082,-0.403117955,0.0204067919,0.146061376,-0.10216438,-0.168343812,-0.180691808,0.817555189,-0.910478771,-0.0999254733,4.5956851e-05,-0.00593089964,-0.000468542421,-2.31595492,-0.984859943,1.37923741,1.31378281,-0.000185051555,-0.00171999622,0.0016141102
-0.0460335091,-0.153391078,0.845806956,0.0341386425,-0.00871166035,-0.947073348,0.319077941,-0.510071158,-0.0245817639,0.0829064548,0.957249522,-0.0144956009,-0.0199614111,-0.0712322667,-0.0701489449,-0.0829322636,0.265930474,-0.405650675,0.0206076577,0.142784491,-0.101039812,-0.168055221,-0.178990096,0.819267213,-0.90620327,-0.108549751,1.99147871e-05,-0.00577428611,-0.000467091508,-2.31602383,-0.991600215,1.37949347,1.31401765,-0.000192987936,-0.00175631931,0.00147017348
-0.0454973169,-0.155628204,0.845463097,0.0344490468,-0.00831886712,-0.945741057,0.322982838,-0.513949871,-0.0231598802,0.0867417008,0.976632595,-0.0248213727,-0.0190043673,-0.0697694272,-0.0731874406,-0.0854758769,0.265569329,-0.406233996,0.0205643047,0.137172073,-0.0999830663,-0.168049783,-0.176447958,0.821369171,-0.901622176,-0.113701023,3.7565178e-07,-0.00565816369,-0.000465774618,-2.31176209,-1.0037179,1.37286162,1.30610657,-0.000191314582,-0.00178139424,0.00128965103
-0.0448310301,-0.157470822,0.845301986,0.0350379532,-0.00805673557,-0.944085055,0.327735929,-0.517168045,-0.0214781091,0.0908719227,0.997396946,-0.0350855142,-0.0184943974,-0.0690162107,-0.0769590884,-0.0891959071,0.265262872,-0.405842453,0.020398844,0.13039194,-0.0989602506,-0.168185905,-0.173485562,0.823665977,-0.896888435,-0.117115706,-1.59118499e-05,-0.00556228962,-0.000464524754,-2.30533481,-1.01852441,1.36278594,1.29412234,-0.000184836128,-0.00180084421,0.00109083822
-0.0436508209,-0.158212692,0.845798969,0.0365101041,-0.00834475224,-0.941510266,0.334896694,-0.516097903,-0.0186841711,0.0971283615,1.01352215,-0.0414825119,-0.0191417709,-0.0693113208,-0.0837378055,-0.0967876911,0.264450431,-0.401165545,0.0203475729,0.121628866,-0.0984529406,-0.168594301,-0.168269932,0.827124476,-0.890398383,-0.118218668,-3.35783407e-05,-0.00551829208,-0.000463110599,-2.29414916,-1.03833413,1.34508681,1.27430141,-0.000166785961,-0.00179696782,0.000883853354
-0.0422561616,-0.158700034,0.84654665,0.0382998441,-0.00879833484,-0.938682566,0.342535767,-0.512968242,-0.0154280867,0.104094632,1.02610111,-0.0462491177,-0.0202946886,-0.070012629,-0.0916266441,-0.105812639,0.2633968,-0.394453734,0.0203949306,0.113049984,-0.0982451141,-0.169031844,-0.162033349,0.831532001,-0.882833421,-0.119291447,-5.27744851e-05,-0.00549350493,-0.000461895834,-2.28141499,-1.05884337,1.32551908,1.25312269,-0.000146442879,-0.00178143417,0.000689416542
-0.0404325388,-0.158678353,0.847795546,0.0407261078,-0.00958335708,-0.93538615,0.351144265,-0.505719364,-0.0112476014,0.112480775,1.03158748,-0.0477549769,-0.0224587526,-0.0715263709,-0.10173595,-0.117704213,0.261860609,-0.38367188,0.0206395518,0.104839243,-0.0986362249,-0.16952762,-0.153754637,0.837837696,-0.873118699,-0.120303899,-7.50305117e-05,-0.00550713856,-0.000461079879,-2.26558399,-1.08075237,1.30221272,1.22922766,-0.000121513411,-0.00174258486,0.000520071655
-0.0382074118,-0.1584142,0.849524856,0.0435574601,-0.0103838785,-0.931948835,0.359814247,-0.492848724,-0.00640156167,0.1207335,1.0272963,-0.046787791,-0.0260218941,-0.0748231411,-0.11328572,-0.132185474,0.261081725,-0.367574871,0.0210723169,0.0984808207,-0.0996547863,-0.16983363,-0.144042805,0.847224772,-0.860631347,-0.122504272,-0.000101772923,-0.00557329319,-0.000462043216,-2.24671078,-1.10315192,1.27690041,1.20495224,-9.63518978e-05,-0.0016718721,0.000387785956
-0.0357815996,-0.158028826,0.851494253,0.0465888929,-0.0111915597,-0.928393759,0.368495932,-0.477167785,-0.00122288952,0.128919303,1.01811671,-0.0445841812,-0.0302844439,-0.0790112689,-0.125555381,-0.14796111,0.26068148,-0.348820925,0.0215991363,0.0930486545,-0.100987032,-0.17004475,-0.133614704,0.85815227,-0.846758127,-0.125298515,-0.000130757704,-0.00566570368,-0.000463896111,-2.22631693,-1.1257962,1.25058579,1.18048739,-7.10750028e-05,-0.00158523,0.000274032005
-0.0328666158,-0.157734081,0.853955269,0.0493311288,-0.0111638941,-0.925272409,0.375915916,-0.452692837,0.00444845576,0.133114278,0.990839243,-0.0410608277,-0.0361041762,-0.0891419649,-0.137597829,-0.166131631,0.267193586,-0.3197577,0.0225284565,0.0916963518,-0.103250846,-0.169170707,-0.124140456,0.874680638,-0.828100204,-0.131554753,-0.000169394305,-0.00586284883,-0.000473895634,-2.20246077,-1.14843798,1.22258747,1.15767193,-5.16874243e-05,-0.00145354588,0.000213553605
-0.0298122242,-0.157651812,0.85645175,0.0516782039,-0.0106829882,-0.922392563,0.382631934,-0.426042289,0.0103690196,0.135255978,0.957243562,-0.0382121131,-0.0417085364,-0.102799937,-0.149118736,-0.184297562,0.278967977,-0.286823273,0.023782745,0.0917617232,-0.105870076,-0.167611048,-0.11595501,0.893129766,-0.807799995,-0.139336124,-0.000211200444,-0.00609543361,-0.000488990627,-2.17826724,-1.17089152,1.19426441,1.13556969,-3.55230732e-05,-0.0013141121,0.000167787002
-0.0264788046,-0.157994509,0.859019279,0.0532396982,-0.00929664547,-0.920083615,0.387975835,-0.395038545,0.0167884734,0.133291274,0.911009073,-0.036712449,-0.0468825847,-0.123513512,-0.159597427,-0.20245567,0.301267952,-0.246143863,0.0256870613,0.0946624726,-0.109200299,-0.164680064,-0.110346571,0.915422082,-0.784213603,-0.150168389,-0.000259348744,-0.00639891671,-0.000514277781,-2.15339732,-1.19297004,1.16528976,1.11489165,-2.58039308e-05,-0.00115916878,0.000151440501
-0.0229226407,-0.159070417,0.861379087,0.0539609114,-0.00739645158,-0.918246677,0.392245527,-0.360190451,0.0231564492,0.127717942,0.852199078,-0.0388651676,-0.0503859073,-0.153014451,-0.16989249,-0.218184769,0.338221192,-0.201173618,0.0286107529,0.0993205979,-0.113266841,-0.160300806,-0.107563153,0.941087663,-0.757557631,-0.165187851,-0.000312580087,-0.00676287711,-0.000549437245,-2.12895894,-1.21411109,1.13705361,1.09552145,-2.42916722e-05,-0.000995804672,0.000161614997
-0.0192548614,-0.160513029,0.863635123,0.0542617082,-0.00523920847,-0.916641137,0.395976318,-0.323417664,0.0294990167,0.120339826,0.787096918,-0.0428444743,-0.0530539826,-0.186911315,-0.180096433,-0.232700139,0.382504106,-0.154055238,0.032044366,0.10485772,-0.117701828,-0.155197099,-0.106192172,0.968441725,-0.729364991,-0.182302162,-0.000368356501,-0.00715710083,-0.000589535222,-2.1047349,-1.23478472,1.10918498,1.07680416,-2.6883341e-05,-0.000828218763,0.000185052166
-0.0151034528,-0.162883639,0.865222156,0.0538990245,-0.00356214662,-0.915065541,0.399671442,-0.279739439,0.0328704454,0.110718429,0.703261137,-0.0550765544,-0.0525387973,-0.231715724,-0.19242847,-0.240148097,0.446617067,-0.113903366,0.036967624,0.110179469,-0.123357512,-0.149053246,-0.107947007,0.999508917,-0.69594872,-0.208207503,-0.000431175838,-0.00763673056,-0.000631394447,-2.07977962,-1.25360835,1.08405089,1.05958235,-4.81298594e-05,-0.000622024061,0.000254395418
-0.0106838383,-0.165245771,0.866507947,0.0534967044,-0.00224462993,-0.913285091,0.403786338,-0.235045984,0.0345920734,0.101806201,0.616123021,-0.0699875355,-0.050748948,-0.278004766,-0.205724537,-0.245155126,0.513698161,-0.0800997317,0.0421848334,0.114913352,-0.129711166,-0.143035263,-0.110313147,1.03108609,-0.660413921,-0.236581951,-0.000495396322,-0.00814463012,-0.000669011963,-2.05373979,-1.27230859,1.05953312,1.04228187,-7.89573824e-05,-0.000392023096,0.000341553066
-0.00572768878,-0.167591035,0.867191315,0.0530157468,-0.00164626587,-0.911105763,0.408745532,-0.188320875,0.0330140516,0.0943121538,0.522377491,-0.0902568251,-0.0464096777,-0.327264398,-0.220949024,-0.24528037,0.586717546,-0.058992058,0.0479900874,0.118471608,-0.137460962,-0.137268901,-0.113902017,1.06368375,-0.62064141,-0.269895464,-0.000562420872,-0.00870908331,-0.000698146934,-2.02552962,-1.29076195,1.03624773,1.02482343,-0.000128948202,-0.00011440261,0.000464342535
-0.000295940321,-0.169346228,0.867269337,0.0525599473,-0.00168096221,-0.908611737,0.414317919,-0.145514712,0.0286421701,0.0907612443,0.434013009,-0.112674564,-0.0395346321,-0.373299479,-0.236834019,-0.242482245,0.654392838,-0.0506853536,0.0535660386,0.121091634,-0.147212833,-0.132301003,-0.117513098,1.09450388,-0.578301132,-0.302702427,-0.000625906396,-0.00931624044,-0.000716261391,-1.99547482,-1.30957198,1.01408517,1.00661659,-0.000202732161,0.000210020909,0.00062077574
0.00537367025,-0.170806408,0.867044747,0.0521154305,-0.00203213916,-0.905937695,0.42018656,-0.104667448,0.0228733383,0.0891818106,0.348337859,-0.136166781,-0.0313916393,-0.417722911,-0.253049433,-0.23822248,0.719397068,-0.0487788729,0.059027411,0.123242579,-0.157965854,-0.127732292,-0.121135347,1.12443578,-0.534676433,-0.335256487,-0.000687623222,-0.00994475745,-0.000728866027,-1.96449721,-1.32856071,0.992483616,0.988035142,-0.000288413314,0.000557849475,0.000794032356
0.0110724419,-0.17121461,0.866158128,0.0517314768,-0.00316205331,-0.903597505,0.425235705,-0.0755517781,0.0153125934,0.0955033079,0.284268022,-0.156483233,-0.0216826051,-0.449097753,-0.267717481,-0.233523071,0.762198806,-0.0565276891,0.0629173145,0.124481156,-0.170860112,-0.124229111,-0.122973777,1.14699686,-0.494974911,-0.357974827,-0.000731968903,-0.0105932523,-0.000729570864,-1.93482304,-1.34565735,0.975134134,0.970400691,-0.000409268745,0.000941674632,0.00100301765
0.0164815485,-0.171348602,0.865196586,0.0514119699,-0.00446722066,-0.90157809,0.429527416,-0.0502666496,0.00794502907,0.104218625,0.227949485,-0.174410895,-0.0124822725,-0.475518763,-0.281436086,-0.229626849,0.796694219,-0.0641147196,0.0663701296,0.12538448,-0.183603883,-0.12087813,-0.123810872,1.16651106,-0.459421486,-0.376405448,-0.000768808997,-0.0112314671,-0.000728151994,-1.90705705,-1.36103237,0.959989548,0.953984797,-0.000539797125,0.00132321287,0.00121727923
0.02131203,-0.170934319,0.864085078,0.0512237008,-0.0061231379,-0.900241222,0.432324393,-0.0326385722,0.000962967752,0.117722183,0.187125027,-0.187563494,-0.00429822924,-0.492036253,-0.293257684,-0.227336466,0.814582825,-0.0713786557,0.0689493045,0.125617459,-0.19604817,-0.117831089,-0.122645542,1.17993438,-0.432159185,-0.386263818,-0.00079064368,-0.0118491994,-0.000722486409,-1.88310289,-1.37296593,0.949252546,0.940004051,-0.000689685694,0.00170022424,0.00144211843
0.0251292735,-0.170227438,0.863119364,0.0513116892,-0.00776576429,-0.899708971,0.433394245,-0.0204075035,-0.00465253927,0.133867949,0.157848135,-0.195828825,0.00191994687,-0.501521945,-0.302960277,-0.227272809,0.820024252,-0.074929826,0.0718079731,0.124752924,-0.206287354,-0.114933394,-0.118774191,1.18829095,-0.415933222,-0.388692915,-0.000801135728,-0.0124189667,-0.000715454808,-1.86462831,-1.38081419,0.942928612,0.929240465,-0.000852876226,0.00204928685,0.00166473235
0.0284398403,-0.169374272,0.862226725,0.0515378973,-0.00940170695,-0.899580595,0.433601437,-0.0108750779,-0.00958466996,0.15133433,0.134345412,-0.201650456,0.00715509383,-0.507491767,-0.311603159,-0.228322446,0.819242418,-0.0766246393,0.0748063028,0.123339705,-0.215423793,-0.112110458,-0.11355003,1.19411409,-0.405225426,-0.387407571,-0.000805956486,-0.0129647367,-0.000707740488,-1.84889388,-1.38661969,0.938811243,0.920085728,-0.00102271314,0.0023843667,0.0018862281
0.0302223396,-0.168523133,0.861749768,0.0523870425,-0.0105406406,-0.900736428,0.431066561,-0.00584518164,-0.0120639466,0.170137256,0.121274754,-0.202412084,0.00988265872,-0.508206248,-0.317290425,-0.232640982,0.807532787,-0.0715964288,0.0798269138,0.118751526,-0.219660461,-0.10962256,-0.104729488,1.19440377,-0.410815507,-0.376464903,-0.000804357522,-0.0134118963,-0.000701215002,-1.84137416,-1.38703346,0.94031918,0.915174007,-0.00119949435,0.00265525095,0.00208813115
0.0317015201,-0.167709708,0.861385822,0.0534156995,-0.0114933842,-0.902348566,0.427529801,-0.00160180987,-0.0138402078,0.189287156,0.110233538,-0.202291176,0.0121638179,-0.508216262,-0.322209686,-0.237979829,0.794670522,-0.0645175651,0.0855436251,0.112589307,-0.222219616,-0.107281327,-0.0959499255,1.19289112,-0.421213627,-0.362764388,-0.000804135925,-0.013820474,-0.000695516355,-1.83585095,-1.38574111,0.943517148,0.910972238,-0.00137164816,0.00290203723,0.00227957568
0.032574296,-0.166971624,0.861248076,0.0548028653,-0.0120737663,-0.904864384,0.421984973,0.00106920348,-0.0142108472,0.20913288,0.103249386,-0.200405493,0.0135525446,-0.5068174,-0.32559368,-0.24535954,0.779502153,-0.0533373281,0.0926528871,0.103278942,-0.22142458,-0.105233118,-0.0872514099,1.1877743,-0.441227168,-0.343547761,-0.000806668424,-0.0141519438,-0.000691470399,-1.83431935,-1.38103724,0.950094879,0.908189535,-0.00153456652,0.00310066063,0.00245012622
0.0333200172,-0.166132644,0.861254334,0.0561765766,-0.0123761008,-0.908195194,0.414575101,0.00258421432,-0.0133004896,0.230034173,0.0990893245,-0.198000252,0.0149747403,-0.504526258,-0.327738404,-0.254187286,0.766241193,-0.0401405767,0.100154698,0.0909255296,-0.217191637,-0.10359104,-0.0816969872,1.17815506,-0.468654305,-0.321142256,-0.000818452099,-0.0144000296,-0.000688608387,-1.83491778,-1.3728888,0.959193885,0.905131221,-0.00167067978,0.00325396634,0.0025949874
0.0340021811,-0.165243253,0.861332536,0.057540218,-0.0125386759,-0.911880473,0.406209192,0.00352118816,-0.0117496941,0.25146243,0.0963414162,-0.195335314,0.0164136142,-0.501789033,-0.329263389,-0.263738722,0.753934383,-0.0259361081,0.107852496,0.0770511329,-0.211239979,-0.102152064,-0.0777147636,1.16628516,-0.499787062,-0.297143221,-0.000834860781,-0.0146064162,-0.000686338521,-1.83658135,-1.36301851,0.969552994,0.901935101,-0.00179338595,0.00338460854,0.00272699888
0.0350634567,-0.164128602,0.86161381,0.0583507694,-0.012161534,-0.91645303,0.395678063,0.00251563685,-0.00775661319,0.274057269,0.0975053906,-0.193202555,0.0195647627,-0.496387959,-0.328435719,-0.273080021,0.746739268,-0.0139279878,0.114424929,0.0606561415,-0.199680001,-0.101467758,-0.0805134103,1.14763331,-0.537399888,-0.272632718,-0.000872906297,-0.0146949375,-0.000684271217,-1.83897448,-1.34955156,0.980345964,0.896736383,-0.00185896712,0.00345658977,0.00281669898
0.0364280492,-0.163066044,0.861991286,0.0589472296,-0.0114079032,-0.921110481,0.384643428,0.000538496999,-0.00265893061,0.296371251,0.100470766,-0.191285133,0.0237699151,-0.489208758,-0.326193571,-0.281390369,0.740531921,-0.00386592885,0.120390557,0.0443518981,-0.186334044,-0.101062328,-0.0852603838,1.12752593,-0.57578063,-0.248982519,-0.000918825855,-0.0147503363,-0.000681823993,-1.84079766,-1.33610415,0.990024447,0.890867174,-0.00190509972,0.00351121905,0.00289251306
0.0383993052,-0.162107617,0.862561166,0.05912182,-0.00990278505,-0.926035804,0.372644918,-0.00338170025,0.00464811083,0.318125874,0.107038647,-0.189798102,0.0300831534,-0.478472948,-0.321122706,-0.287639916,0.736299157,0.00230567204,0.125143334,0.0282274522,-0.169415385,-0.101214528,-0.0939038321,1.10450554,-0.615700722,-0.227050245,-0.000980495592,-0.0147395041,-0.000678616925,-1.84148085,-1.32269442,0.997475386,0.8836568,-0.00191234634,0.00353115704,0.00294056814
0.0411699712,-0.161507666,0.863370061,0.0589307891,-0.00725111704,-0.931006745,0.360140284,-0.0103302514,0.0147002991,0.337612152,0.119420171,-0.187870279,0.0383648425,-0.462163597,-0.311442077,-0.290658057,0.730736554,0.00449107587,0.129092887,0.0140309092,-0.149772629,-0.10205812,-0.10410741,1.0804112,-0.65493232,-0.207819775,-0.00105425576,-0.014664866,-0.000674811192,-1.83921289,-1.31193852,1.00121951,0.875645757,-0.00187992794,0.00351354945,0.00296306238
0.0443402231,-0.161086932,0.864298403,0.0585506181,-0.00402574191,-0.935898952,0.347345319,-0.0187926572,0.0261246245,0.355963528,0.134707943,-0.185722172,0.0476303995,-0.443068206,-0.299457073,-0.292060405,0.724509239,0.0046833735,0.132640705,0.000798821216,-0.128768623,-0.103247359,-0.115090638,1.05578065,-0.693818212,-0.1899409,-0.00113405811,-0.0145583292,-0.000670706388,-1.83546948,-1.30250978,1.00311041,0.867234707,-0.00182767923,0.00347717083,0.0029727763
0.0483074374,-0.161201879,0.865436792,0.0575110125,0.000455706493,-0.940761797,0.334154931,-0.0334367827,0.042079255,0.369576395,0.163022608,-0.179669768,0.0572058633,-0.412600905,-0.279487312,-0.287549645,0.708469331,0.000671214191,0.136248276,-0.00771362707,-0.106271222,-0.105435431,-0.123967938,1.03103685,-0.728271842,-0.176115245,-0.00122018985,-0.0143463779,-0.000667779124,-1.82376027,-1.29899573,0.998237133,0.857778311,-0.0017132666,0.00336559489,0.00294429576
0.0522137322,-0.161376804,0.866491854,0.0561678371,0.00478279092,-0.945477003,0.320773341,-0.0505002216,0.0593331717,0.381653816,0.196986228,-0.170819119,0.0656873435,-0.377806485,-0.257748991,-0.280761927,0.686300397,-0.00412143348,0.140079618,-0.0144396173,-0.0846461132,-0.107676424,-0.131339639,1.00677824,-0.76019609,-0.163514629,-0.00130303053,-0.0141012799,-0.000666090462,-1.80844808,-1.29744279,0.990796387,0.84801054,-0.00158309529,0.00322293793,0.00290289917
0.0559975877,-0.161671668,0.867379785,0.0542302825,0.00879961821,-0.950094849,0.307085366,-0.072399497,0.0791829377,0.390658557,0.242242128,-0.156373471,0.0719796345,-0.33436352,-0.232477009,-0.269421518,0.651877284,-0.0104742674,0.14435789,-0.0175918005,-0.0647687912,-0.110022895,-0.135699168,0.983493567,-0.787056923,-0.153365985,-0.00137927651,-0.0137899239,-0.000666879059,-1.7859323,-1.29981208,0.978222013,0.837621689,-0.00142142782,0.00301814312,0.00283567724
0.059244819,-0.16171661,0.86768198,0.0516406381,0.0114748136,-0.954682476,0.292887254,-0.0991855785,0.10014604,0.39694947,0.299079984,-0.135988072,0.0741004124,-0.283924431,-0.2073448,-0.254098654,0.603441298,-0.0180860534,0.14856346,-0.0170294829,-0.0491437465,-0.111736715,-0.137069255,0.962974608,-0.807615042,-0.145745635,-0.00143883773,-0.0134323295,-0.000671713206,-1.75730968,-1.30559504,0.96083343,0.828032732,-0.00124913931,0.00275498629,0.00274830544
0.062223617,-0.161636636,0.8676911,0.0487188735,0.0134773608,-0.959134269,0.278399507,-0.128413945,0.121664986,0.401883274,0.361706436,-0.112633675,0.0741354302,-0.22998932,-0.182283431,-0.236785173,0.548000991,-0.0263269991,0.152732521,-0.0146100102,-0.0356453545,-0.113134161,-0.136944622,0.943839133,-0.825020969,-0.139389679,-0.0014900543,-0.0130516309,-0.000678569893,-1.72563469,-1.31308472,0.941038609,0.818844259,-0.00107154704,0.00246265973,0.00265086233
0.0646263137,-0.160667554,0.86624527,0.0448803447,0.0131670532,-0.963609142,0.263191576,-0.164425403,0.142096743,0.402515352,0.437653124,-0.0871969014,0.0657166094,-0.172513247,-0.162089944,-0.216868132,0.478667289,-0.0387342982,0.155256599,-0.0061542769,-0.0290843993,-0.113029137,-0.132970601,0.931180894,-0.833625197,-0.136605904,-0.0015097172,-0.0126414448,-0.000692770816,-1.69197512,-1.3241117,0.916954756,0.814074636,-0.00090506929,0.00211526873,0.00253968663
0.0669768602,-0.159357399,0.864262581,0.0407809977,0.0122656446,-0.967802439,0.248082452,-0.202353746,0.161760598,0.401292622,0.51575768,-0.0637803674,0.054619059,-0.116788402,-0.143984914,-0.197408795,0.409346044,-0.0536283404,0.156764373,0.00404085079,-0.024001509,-0.112363204,-0.128188461,0.920670927,-0.840349317,-0.134678856,-0.00151941786,-0.0122330133,-0.000708847539,-1.6605773,-1.33541977,0.89297688,0.811243773,-0.000746492064,0.00176340702,0.00242842268
0.0692227483,-0.157365426,0.861206591,0.0361738456,0.0101860154,-0.971690807,0.233248093,-0.244109929,0.179885685,0.396360636,0.59816581,-0.0444077551,0.0381659605,-0.0645743236,-0.130059332,-0.178867742,0.340060234,-0.0734934062,0.15623942,0.0177130811,-0.0218754094,-0.110575579,-0.121790864,0.914458871,-0.843312144,-0.134465516,-0.00150919356,-0.0118281487,-0.000728672952,-1.633708,-1.34728837,0.869214654,0.81229049,-0.000603739347,0.00140265736,0.00231699902
0.0714312494,-0.154905558,0.857524395,0.0314371776,0.00749424249,-0.975008678,0.219803589,-0.287086308,0.196354464,0.387034863,0.677543283,-0.0305846706,0.0199334193,-0.0210878775,-0.119769737,-0.162970066,0.280553997,-0.0979479104,0.153080732,0.0328647718,-0.0208976828,-0.107730508,-0.115613967,0.910995722,-0.844649315,-0.135414258,-0.00148257893,-0.0114405025,-0.000749226136,-1.61457372,-1.35765731,0.848379254,0.816697359,-0.000478264643,0.00105533167,0.00220835884
0.0736210868,-0.152211696,0.853529096,0.0266336035,0.00449602879,-0.977960159,0.207037106,-0.330673873,0.211995453,0.375511885,0.755407572,-0.0195360761,0.000810668571,0.0180357508,-0.111297905,-0.14839372,0.22593613,-0.124697804,0.148605064,0.048756592,-0.0204941332,-0.104356609,-0.10954725,0.908906877,-0.845173597,-0.136944085,-0.00144776795,-0.0110614561,-0.000770143815,-1.59930658,-1.36727691,0.829006791,0.822784424,-0.000361426006,0.000714709284,0.0021011075
0.0757570565,-0.149254352,0.84982568,0.0226022364,0.00135926883,-0.980039003,0.197511632,-0.368960738,0.224096715,0.358488917,0.815455675,-0.0138215357,-0.0141868247,0.0405920558,-0.107175559,-0.138525516,0.193445668,-0.15152216,0.141125649,0.0638595447,-0.0204977691,-0.10010235,-0.105796486,0.908448696,-0.84466058,-0.140196696,-0.00139878399,-0.010714652,-0.000787394238,-1.59446132,-1.37269998,0.815759242,0.831858277,-0.000268421893,0.000414330047,0.00199682871
0.077894412,-0.14638117,0.846544802,0.0190641829,-0.00169258115,-0.981745325,0.189234798,-0.40363878,0.234598309,0.340731382,0.867389917,-0.0087424852,-0.0271015968,0.0586080663,-0.104143538,-0.130090892,0.167115927,-0.175654173,0.133789718,0.0783058703,-0.0205330998,-0.09593492,-0.102771834,0.908124447,-0.843865037,-0.144171059,-0.00134970061,-0.0103793163,-0.000802554481,-1.59199154,-1.37677443,0.804390192,0.841089368,-0.000182332078,0.000130243192,0.00189328694
0.0800342336,-0.143676743,0.844109476,0.0165173045,-0.00457372954,-0.982872108,0.183490269,-0.431093991,0.241899163,0.321507514,0.903089404,-0.00493514352,-0.0358491205,0.0675410703,-0.10329257,-0.124524578,0.15311119,-0.194398016,0.126741856,0.0914367735,-0.0206318125,-0.091941759,-0.101199843,0.90806818,-0.842504859,-0.149588257,-0.00130042539,-0.0100669637,-0.000813532388,-1.59427261,-1.37815106,0.796779752,0.850633502,-0.000110083471,-0.000121216872,0.00179123448
0.0821340755,-0.141595185,0.842704296,0.0150905607,-0.00713648098,-0.983473135,0.180282938,-0.450661182,0.245925143,0.303415626,0.924269199,-0.0012939279,-0.042227108,0.0713556036,-0.10417515,-0.121728718,0.14545615,-0.205111355,0.122097649,0.103617832,-0.0208645854,-0.0888446569,-0.100355111,0.908165455,-0.840312958,-0.15674445,-0.00125666591,-0.00978342257,-0.000820314744,-1.60006583,-1.37740088,0.791980863,0.859517395,-4.98506524e-05,-0.000340081169,0.00169187854
0.0842138901,-0.139825135,0.84181422,0.0142240821,-0.00953998436,-0.983818812,0.178345756,-0.466283917,0.248313561,0.285890073,0.938188434,0.00226418232,-0.0474202521,0.0726107955,-0.105924554,-0.120318212,0.140976116,-0.211809039,0.118655443,0.115323819,-0.0211643986,-0.0861956701,-0.0998740196,0.908339381,-0.837705255,-0.164770126,-0.00121566502,-0.00951429177,-0.000824999122,-1.60761499,-1.37558746,0.788587928,0.868071198,4.37316658e-06,-0.000542643829,0.00159387221
0.0859736949,-0.139463484,0.842305481,0.0150406157,-0.0111837974,-0.983493214,0.179971666,-0.472151935,0.246130496,0.27273643,0.935856462,0.00597232208,-0.052022621,0.0705401897,-0.110363066,-0.123786718,0.139624491,-0.206418306,0.119460374,0.126848519,-0.0219493583,-0.085583061,-0.0996406972,0.909270287,-0.832550585,-0.175558403,-0.00118321565,-0.00930688158,-0.000825196155,-1.61949301,-1.37084174,0.788327456,0.87625134,4.23904457e-05,-0.000700795674,0.00150367955
0.0875406191,-0.139659941,0.84316802,0.0164414347,-0.0125351609,-0.982936099,0.182781766,-0.475503981,0.242452949,0.261147916,0.929230273,0.00965364091,-0.056665916,0.0679993108,-0.115724042,-0.129155964,0.138574198,-0.197594553,0.121348806,0.138599828,-0.0229507778,-0.0858068317,-0.0993469208,0.910795569,-0.825989485,-0.187028572,-0.0011526607,-0.00912576448,-0.000824784453,-1.63245046,-1.36519468,0.789077163,0.884820521,7.55183792e-05,-0.000845907198,0.00141752535
0.0887218416,-0.140972629,0.844773412,0.0190107154,-0.0133014817,-0.981902969,0.187958034,-0.473823875,0.23578611,0.252689302,0.914014816,0.0132815028,-0.0613913015,0.064517729,-0.122930363,-0.138327122,0.138126552,-0.181903929,0.125404418,0.150804982,-0.0243851896,-0.0877034664,-0.0989322364,0.913509905,-0.816615045,-0.199863151,-0.00112589344,-0.00899722707,-0.00082315522,-1.64756787,-1.35774469,0.791847229,0.894168317,9.88688116e-05,-0.000964944426,0.00133944419
0.0894725174,-0.143570796,0.846869707,0.0227222993,-0.0135420817,-0.980361725,0.195425682,-0.467258573,0.226657972,0.246387646,0.8908149,0.0165206455,-0.0655851588,0.0602367744,-0.131566465,-0.151014119,0.138305023,-0.161702693,0.130666792,0.163406521,-0.0261141956,-0.0914173573,-0.0983388647,0.917942762,-0.803669214,-0.213136047,-0.00110218709,-0.00892302208,-0.000822079135,-1.66410339,-1.34903479,0.796912611,0.904455185,0.000114249793,-0.00106063718,0.00127242482
0.0900079682,-0.146811649,0.849211395,0.0270034043,-0.0135189493,-0.978499672,0.204025601,-0.45825091,0.216299146,0.241164103,0.863622725,0.0195655432,-0.0695134103,0.0555560961,-0.140917569,-0.165459082,0.138796523,-0.139245972,0.13653259,0.176206559,-0.0279905219,-0.0960398242,-0.0976561531,0.923234761,-0.788937867,-0.226628378,-0.00108001032,-0.00887597632,-0.000821279595,-1.68134856,-1.33969474,0.80312556,0.915211618,0.000125647101,-0.00114466192,0.0012109339
0.0900538266,-0.151929736,0.851795197,0.0325488833,-0.0126845525,-0.975855925,0.215603539,-0.440875351,0.203878015,0.236907408,0.824153066,0.0214316528,-0.0715747029,0.0485366546,-0.151420832,-0.183288723,0.142241687,-0.114279523,0.142460674,0.188826114,-0.029892778,-0.102442674,-0.0969274491,0.930997908,-0.767587721,-0.239837646,-0.00106414082,-0.00890536606,-0.000823636539,-1.70015073,-1.32988632,0.813080907,0.926522613,0.000129025429,-0.00119545124,0.00117136468
0.0900288671,-0.157523334,0.85428679,0.0381956487,-0.0115768437,-0.97284621,0.227985353,-0.42083478,0.190889582,0.232016414,0.78106916,0.0226826183,-0.0729373097,0.0400815755,-0.162171811,-0.201219082,0.148336574,-0.0896606743,0.147733241,0.201089025,-0.0317723192,-0.108698964,-0.096321404,0.939289689,-0.743597627,-0.252923995,-0.00105092279,-0.00896074623,-0.000827654381,-1.71938288,-1.32047296,0.824412465,0.937857449,0.000130858491,-0.0012350399,0.00114089705
0.0898623019,-0.16406852,0.856594086,0.044048272,-0.00992421888,-0.969225129,0.24199981,-0.395462096,0.176765293,0.225856245,0.730752349,0.0227033924,-0.0729026347,0.0287542865,-0.173419356,-0.219352692,0.159731716,-0.0657345206,0.151695266,0.212639853,-0.0336066224,-0.114662722,-0.095960632,0.948639274,-0.714325011,-0.265765816,-0.00104300666,-0.00906811282,-0.000834994833,-1.73947728,-1.3118484,0.838497698,0.949240983,0.000129601074,-0.00125223119,0.00112863025
0.0897257179,-0.171211094,0.858409762,0.0493460172,-0.00808924847,-0.965101108,0.257059109,-0.366847217,0.160479173,0.216891557,0.677574277,0.0204916634,-0.0715361089,0.0126790395,-0.185890585,-0.234923333,0.181723982,-0.0446084999,0.153022021,0.222958833,-0.0358828381,-0.119072624,-0.0962925702,0.9584198,-0.680298209,-0.278826416,-0.00103951013,-0.0092279762,-0.000844995724,-1.75958776,-1.30445039,0.85511446,0.960200489,0.000126410494,-0.00124340528,0.00113801169
0.089604117,-0.17865251,0.85997951,0.0543579352,-0.00616201251,-0.960571416,0.272598239,-0.336610764,0.143111914,0.206524596,0.622964621,0.0171638131,-0.069503732,-0.00577020133,-0.198973879,-0.24921307,0.209014505,-0.0248817839,0.153031379,0.23266229,-0.0383800343,-0.122705832,-0.0969708115,0.968416035,-0.643893719,-0.291996747,-0.00103822292,-0.00941408798,-0.000856327009,-1.77970695,-1.29766512,0.872997165,0.970948339,0.000122253405,-0.0012215724,0.00115821557
0.0897003338,-0.186492935,0.860544086,0.0578913239,-0.00486999174,-0.955854533,0.28803991,-0.305227548,0.122041442,0.192453533,0.571085453,0.00730759744,-0.0646569431,-0.0357983261,-0.216065899,-0.256643504,0.260954291,-0.0121529819,0.147778764,0.239833653,-0.043374598,-0.123435706,-0.0998114198,0.979425967,-0.60354495,-0.306433052,-0.00104020291,-0.00967034791,-0.000866541639,-1.79736805,-1.29211903,0.891833782,0.979683399,0.000113807531,-0.0011425307,0.00121820997
0.0899245739,-0.194275707,0.860750556,0.0610091419,-0.00399814425,-0.951063566,0.302886107,-0.273914039,0.100491181,0.178389877,0.520022631,-0.005791754,-0.0584040955,-0.0707979724,-0.234782845,-0.261745781,0.321944028,-0.00213703094,0.141080558,0.246069893,-0.0500344336,-0.123220436,-0.103742398,0.991399348,-0.563199401,-0.321089625,-0.00104213401,-0.00994808227,-0.000874544086,-1.81342721,-1.28696918,0.909633219,0.987425268,0.00010109671,-0.00103566877,0.0012945584
0.0904048905,-0.201943785,0.860240459,0.0633135734,-0.00396829749,-0.946425554,0.316629617,-0.242737487,0.0779797062,0.164339989,0.470588505,-0.0253783762,-0.0493386537,-0.115743324,-0.25675109,-0.26219219,0.401038319,0.00245398004,0.131490618,0.250436336,-0.0600253232,-0.121114843,-0.10985443,1.00530052,-0.52285713,-0.33618781,-0.00104396779,-0.0102687832,-0.000878122868,-1.82628334,-1.28261161,0.925359666,0.993181348,7.98549881e-05,-0.000873158569,0.00140362093
0.0912415236,-0.209074706,0.859042287,0.0653457251,-0.00492816498,-0.942031775,0.329061976,-0.21222876,0.0561639555,0.152788565,0.421015739,-0.0507844836,-0.0377629772,-0.167958915,-0.280221134,-0.258819789,0.490206778,0.00225057709,0.121460125,0.253038883,-0.0740078241,-0.117358685,-0.117922634,1.02168775,-0.485760331,-0.350228846,-0.00104350271,-0.0106344596,-0.000875861733,-1.83555484,-1.27987647,0.938136399,0.996705294,3.87742621e-05,-0.000647548004,0.00154973939
0.0922562703,-0.215936869,0.857500315,0.0672373257,-0.0063824305,-0.937700699,0.340816382,-0.182054684,0.0346966051,0.142486587,0.371374965,-0.0790994912,-0.0249325577,-0.22380808,-0.304441392,-0.253538221,0.584409773,-0.00034987551,0.111209616,0.254759461,-0.0899856538,-0.11277739,-0.126968667,1.03931737,-0.450287163,-0.363740951,-0.00104188838,-0.0110226152,-0.000870680902,-1.84303379,-1.27795255,0.949438095,0.999113023,-1.22243e-05,-0.000390394911,0.00171438081
0.0937055796,-0.221545771,0.855195403,0.0694165493,-0.00901681419,-0.933782352,0.35092814,-0.155763984,0.0152720734,0.136313081,0.324008554,-0.109340735,-0.0116625782,-0.279436737,-0.325774193,-0.244860783,0.671981454,-0.00746873114,0.103772879,0.254221618,-0.109569833,-0.106729284,-0.136495516,1.05853856,-0.424745858,-0.373833388,-0.00103234849,-0.0114732292,-0.000858697924,-1.84687936,-1.27962613,0.958172202,0.998324037,-0.000110882407,-5.90168129e-05,0.00193081936
0.0951521024,-0.226715118,0.852811337,0.0717728748,-0.0117298469,-0.929926473,0.360482759,-0.131827354,-0.00331019307,0.130915597,0.27912581,-0.137616843,0.00065736426,-0.331644624,-0.344749987,-0.236320093,0.751899242,-0.0148145836,0.0974854231,0.253111988,-0.129043296,-0.100633822,-0.145268619,1.07711303,-0.403117061,-0.382656276,-0.00101833732,-0.011936238,-0.000846098992,-1.85036337,-1.28256571,0.966690063,0.996707559,-0.000227643497,0.000283461006,0.00215913984
0.0965930745,-0.231005639,0.850268781,0.0744934965,-0.0146013599,-0.926334307,0.36897462,-0.112597451,-0.0202089176,0.127069771,0.239208102,-0.161964208,0.0110779051,-0.377013713,-0.359012902,-0.228052467,0.816513777,-0.0226147883,0.0934961364,0.250858724,-0.148296326,-0.0944433585,-0.152534738,1.0943954,-0.38931191,-0.388940632,-0.000995383365,-0.012424062,-0.000832267338,-1.85312414,-1.28803778,0.97477603,0.993436158,-0.000380615616,0.000648155052,0.00241123536
0.097742036,-0.234584123,0.847939849,0.0774142791,-0.0169816961,-0.923047452,0.37643333,-0.0986328423,-0.0347476266,0.123964444,0.206494495,-0.180278361,0.0193347596,-0.413359612,-0.367936611,-0.221795753,0.863348007,-0.028858114,0.0909313038,0.247778237,-0.16531077,-0.088743493,-0.157749683,1.10879898,-0.381583214,-0.393162727,-0.000961071579,-0.012910407,-0.000820036686,-1.85640073,-1.29519081,0.98274684,0.988886714,-0.00056215754,0.00100924307,0.00267303921
0.0987448841,-0.237806261,0.845717967,0.0804327642,-0.0191156955,-0.919889498,0.383364673,-0.087302044,-0.0481051691,0.121229619,0.177385584,-0.195574403,0.0265090968,-0.445190966,-0.374189913,-0.216544986,0.901288092,-0.0343224928,0.0890789181,0.244284317,-0.181204572,-0.083289355,-0.161938578,1.12176204,-0.376893431,-0.396353364,-0.000921083498,-0.0133959772,-0.000808607379,-1.85993481,-1.30318391,0.990659535,0.983698547,-0.000757971022,0.00136850029,0.00293967733
0.0992399752,-0.240373939,0.844204247,0.0831521427,-0.0200616171,-0.917272004,0.388966996,-0.0822918937,-0.0568199307,0.119056061,0.159651428,-0.203153819,0.031612929,-0.465975523,-0.373716116,-0.214083239,0.918231606,-0.0366588756,0.0882706046,0.239364415,-0.191771656,-0.0786549747,-0.163651228,1.13000083,-0.378003359,-0.397252083,-0.000863895402,-0.0138345752,-0.000799868663,-1.86485362,-1.31092942,0.997763813,0.976288199,-0.000968838809,0.00169654808,0.00320364372
0.0996192247,-0.242865831,0.842961311,0.0855861671,-0.0205955857,-0.914775899,0.394253578,-0.0785236955,-0.0640140846,0.116726637,0.144989863,-0.208985403,0.0361486524,-0.484554738,-0.371241152,-0.212051719,0.931109309,-0.0380879417,0.087784797,0.233727232,-0.2003126,-0.0742297843,-0.164737418,1.13695765,-0.380668551,-0.397375673,-0.000801935792,-0.0142428447,-0.000790946942,-1.86987448,-1.31783152,1.00421262,0.968028784,-0.00117224304,0.00200944883,0.00346349715
0.099766776,-0.245205894,0.84226048,0.0874539576,-0.0203067092,-0.912575522,0.398930269,-0.0772397816,-0.0681663528,0.114085674,0.136474863,-0.211320728,0.03954776,-0.498721719,-0.364763886,-0.210880816,0.935854554,-0.0377022102,0.0879440904,0.226655826,-0.204800427,-0.0702232867,-0.1645706,1.14134991,-0.38644433,-0.395949006,-0.00073043775,-0.0145904254,-0.000781659968,-1.87509942,-1.32304633,1.00934994,0.958072126,-0.00136070431,0.00229203119,0.00371510535
0.099777177,-0.247656658,0.842057705,0.0886495581,-0.0191484247,-0.910480282,0.403485129,-0.0771090835,-0.0700210631,0.109830499,0.131830946,-0.210983261,0.0416119322,-0.510388255,-0.353779733,-0.209572807,0.936462522,-0.03529156,0.0891885459,0.217863262,-0.205480948,-0.0667959079,-0.162993744,1.14377475,-0.395119965,-0.392118275,-0.00065440021,-0.0148559054,-0.000768998987,-1.87922335,-1.32661533,1.01271272,0.946908951,-0.00151012477,0.00253810035,0.00395441195
0.0997189879,-0.250162691,0.842104137,0.0895078058,-0.0175552038,-0.908425952,0.407973599,-0.0775550455,-0.0707267597,0.104768261,0.129123017,-0.209309191,0.0430084318,-0.52080375,-0.340542406,-0.208196253,0.935001671,-0.0318683833,0.0909756273,0.208210438,-0.204257533,-0.0636583045,-0.160711795,1.14521539,-0.405245334,-0.387085438,-0.00057609682,-0.0150803179,-0.000754651206,-1.88279653,-1.32936144,1.0151881,0.935143054,-0.001640014,0.00276589766,0.00418755366
0.0995268524,-0.253285319,0.842959166,0.0894562697,-0.0144683663,-0.906167333,0.41309685,-0.079039596,-0.0687419176,0.094955571,0.130345747,-0.202961028,0.0423219725,-0.527813554,-0.319516659,-0.204811886,0.928813875,-0.0235287584,0.0952654555,0.195846125,-0.197455168,-0.0618037842,-0.155061945,1.14365435,-0.418466538,-0.376501083,-0.000504292257,-0.0151753081,-0.00073129806,-1.88321733,-1.33133411,1.01504338,0.922863007,-0.00168918318,0.00292870193,0.00438762456
0.099273935,-0.256725132,0.844127655,0.0890675582,-0.0108711611,-0.903702819,0.418652605,-0.0810175166,-0.0659663156,0.0829805136,0.133296371,-0.194565505,0.0409464315,-0.533418834,-0.29573977,-0.199974909,0.920797229,-0.0127121946,0.10057272,0.182446063,-0.18866998,-0.0603951216,-0.147961244,1.14069653,-0.432246685,-0.363815486,-0.000439170632,-0.0152286217,-0.000704289007,-1.88220024,-1.33368313,1.01391494,0.91069442,-0.00170772441,0.00306697609,0.00456796307
0.0988994986,-0.260798991,0.845923543,0.0880064378,-0.00625410916,-0.90084512,0.42508096,-0.0839819312,-0.0616095401,0.0666819885,0.139702305,-0.182076186,0.0381929316,-0.536214828,-0.266462982,-0.192233294,0.909123421,0.00305704144,0.107914299,0.166975692,-0.175919995,-0.0598782077,-0.13795957,1.13494563,-0.447143435,-0.346928716,-0.000387418724,-0.0151985856,-0.000669970701,-1.8783083,-1.33678508,1.01081944,0.89874953,-0.00166501326,0.00315618375,0.00470882794
0.0982089937,-0.265392065,0.84823513,0.0860394652,-0.000835694819,-0.897386473,0.432774802,-0.0885888487,-0.0563963465,0.045929309,0.151885122,-0.164806753,0.0340995677,-0.535189211,-0.232011005,-0.180151135,0.892621815,0.0243519526,0.117326409,0.148980454,-0.159369692,-0.0602355488,-0.125788555,1.12571955,-0.463109553,-0.326939046,-0.000351144234,-0.0150630847,-0.000628926384,-1.87088716,-1.34156966,1.00509417,0.887021303,-0.00155159435,0.00318832835,0.00479436014
0.0973604321,-0.270244747,0.850804389,0.0836128482,0.00498317722,-0.893556954,0.441066922,-0.0940170288,-0.0507550426,0.022949731,0.166956514,-0.145147294,0.0293362755,-0.53225261,-0.194971755,-0.165898696,0.873706102,0.048409529,0.127773717,0.129722938,-0.140919372,-0.0610300452,-0.112533018,1.11475575,-0.479610205,-0.305398226,-0.000322609121,-0.0148748457,-0.000584519585,-1.86170125,-1.34719551,0.998054087,0.875401556,-0.00140282058,0.00319193839,0.00485222274
0.0955139175,-0.275208712,0.853552938,0.0795717337,0.0110511279,-0.888692262,0.451411427,-0.102141149,-0.0459571332,-0.00450090691,0.19442907,-0.117762074,0.0223888084,-0.519813478,-0.153188735,-0.144388974,0.844069242,0.0777270123,0.140521735,0.106663704,-0.118784949,-0.0634116232,-0.0988830402,1.09917498,-0.4992522,-0.28166616,-0.000307114329,-0.0144437654,-0.000535101863,-1.84702969,-1.35611498,0.986744165,0.863306105,-0.00114408764,0.00306477724,0.00479951734
0.093218565,-0.280008495,0.856091321,0.0749519336,0.0166280071,-0.883459084,0.462175036,-0.110792503,-0.0421435572,-0.0320849381,0.226675451,-0.0883980617,0.0144605814,-0.502226889,-0.112110391,-0.120914057,0.809356272,0.106355183,0.153150022,0.0829082802,-0.0968600661,-0.0664866641,-0.0859783739,1.08248472,-0.520532668,-0.257385105,-0.00029087998,-0.0138878291,-0.000487054698,-1.83038449,-1.36639357,0.974333227,0.85080266,-0.000858764863,0.00285758683,0.00468756445
0.09002579,-0.284479558,0.858209491,0.0691887246,0.0212229332,-0.877629677,0.47384455,-0.120497599,-0.040298786,-0.0599336326,0.268466353,-0.0550789796,0.0045715915,-0.474347502,-0.0724444017,-0.0935108066,0.764494538,0.133602694,0.165537834,0.0577624366,-0.07535588,-0.0709482655,-0.0745652169,1.06357646,-0.545088053,-0.232007951,-0.000273167796,-0.0130822444,-0.00044175185,-1.80979371,-1.37938905,0.959721565,0.83748436,-0.000520288479,0.00249036634,0.00445713382
0.0860980898,-0.288589358,0.859459996,0.0624395264,0.0236578915,-0.871478544,0.485867016,-0.130521119,-0.0414693877,-0.0850611031,0.319442421,-0.0226442441,-0.00678252056,-0.433923274,-0.0393943861,-0.0643999502,0.709255576,0.15378207,0.175127178,0.0327945165,-0.0574551672,-0.0771189928,-0.0653561503,1.04288387,-0.572370052,-0.203647569,-0.000245588366,-0.0119749801,-0.00040403707,-1.78330112,-1.39581943,0.942638278,0.823845744,-0.000171979133,0.00188847992,0.00408435799
0.0818029866,-0.292518497,0.860276699,0.055190189,0.0250094451,-0.865056072,0.498002574,-0.140703723,-0.0441477634,-0.108827449,0.375010699,0.00934763718,-0.0188689902,-0.387226909,-0.00965305697,-0.034435723,0.648828626,0.170426697,0.183316976,0.00791589357,-0.0413565747,-0.0841442645,-0.0572493002,1.0212996,-0.601014972,-0.173795715,-0.000213075298,-0.0107168872,-0.000370117021,-1.75385749,-1.41396701,0.924319148,0.810047209,0.000181240495,0.00116926234,0.00364041445
0.0769823119,-0.296036094,0.859320581,0.0474190954,0.022543329,-0.858446259,0.510209024,-0.151663437,-0.0517034084,-0.124749988,0.442963362,0.0305100959,-0.0289979819,-0.327116013,0.00776319765,-0.00647678645,0.582545161,0.169502497,0.184423268,-0.0159113109,-0.0322623886,-0.0937165841,-0.0518657416,0.997734308,-0.62771374,-0.133850709,-0.000161946838,-0.00921438448,-0.000346916087,-1.70984721,-1.43720269,0.896038353,0.797773421,0.000468044978,0.000147044222,0.0031423748
0.0721286759,-0.299384475,0.857626677,0.0397250594,0.0192841132,-0.851779773,0.52203569,-0.163261563,-0.0597888008,-0.137638718,0.513665497,0.0463833883,-0.0369054526,-0.266830027,0.0226051994,0.0194186792,0.519422233,0.161134571,0.182737216,-0.0394343399,-0.0247280914,-0.103767857,-0.0467909165,0.973689497,-0.650997281,-0.0882627741,-0.00010806309,-0.00775959296,-0.000324277324,-1.65839171,-1.4608376,0.860186994,0.786309421,0.000715770933,-0.00089824805,0.0027265551
0.067208983,-0.30239439,0.85445714,0.0321995135,0.0144454326,-0.845229872,0.53323633,-0.176136851,-0.068933934,-0.144459978,0.589868724,0.0516784862,-0.0403699763,-0.206192344,0.0322989449,0.0411877632,0.462618649,0.137878582,0.17546621,-0.0623495877,-0.0203134567,-0.114777319,-0.0423334315,0.94868511,-0.667451084,-0.0313875154,-4.86672179e-05,-0.00640018471,-0.000302762317,-1.59204423,-1.48527169,0.809193432,0.77646482,0.000885344052,-0.00198971666,0.00247516949
0.0623579733,-0.305028588,0.849851847,0.024427649,0.00982369421,-0.839396901,0.542880859,-0.190322772,-0.074942112,-0.146588117,0.664102316,0.0459330902,-0.0379674435,-0.152307302,0.0410852507,0.0576670021,0.418213069,0.101496391,0.163438126,-0.0841453969,-0.0172228068,-0.12531957,-0.0370056666,0.921659231,-0.673593581,0.0410681777,3.66868335e-06,-0.00520906085,-0.000272687932,-1.50332415,-1.50461268,0.73295176,0.767723203,0.000988769811,-0.00297479471,0.00250521954
0.057541009,-0.30747506,0.844528258,0.0165311535,0.00530998529,-0.833858473,0.55170515,-0.205164924,-0.0793819353,-0.146369696,0.737355351,0.0346665829,-0.0326309502,-0.101795577,0.0494184494,0.0715021342,0.380004287,0.0585484393,0.149030596,-0.105382763,-0.0147939986,-0.135628819,-0.0312423296,0.89362061,-0.674580216,0.121319599,5.24772149e-05,-0.00410200795,-0.000238331268,-1.40341079,-1.52140772,0.644079685,0.75953263,0.00105912634,-0.00390673149,0.00267600222
0.0531413034,-0.309489936,0.838193119,0.00758267721,0.00262519287,-0.829910065,0.557839489,-0.219452441,-0.0752705038,-0.14296639,0.795230269,0.00919875875,-0.0193642955,-0.0645186007,0.0603888258,0.078692466,0.359738946,0.00885567721,0.132173076,-0.123584114,-0.013552404,-0.143002748,-0.0223204307,0.858699262,-0.655681491,0.228965387,7.66245648e-05,-0.00308916997,-0.000182283547,-1.25633097,-1.51735353,0.504719257,0.751003623,0.00107820588,-0.00455077598,0.00319297775
0.0490808263,-0.311399698,0.832093477,-0.00132184681,0.000420702288,-0.826211665,0.56335811,-0.232724756,-0.0689548403,-0.139589936,0.847032666,-0.018219417,-0.0048917383,-0.0311048776,0.0721322596,0.0845151022,0.343501151,-0.038617529,0.11609108,-0.140203953,-0.0127580874,-0.149099946,-0.0124459248,0.820266366,-0.628328919,0.344528675,9.16262579e-05,-0.00208110735,-0.000121747718,-1.09359956,-1.50094378,0.350204319,0.741649449,0.00108662446,-0.005079119,0.00373729481
0.0456987247,-0.313099295,0.826464891,-0.010136449,-0.00082254328,-0.823148368,0.567735272,-0.243966997,-0.058230415,-0.136267141,0.886691213,-0.0495390892,0.0119930478,-0.00541699352,0.0854221508,0.0876024142,0.335318148,-0.0816527158,0.101559743,-0.153661087,-0.0128583275,-0.152643785,-0.000665906118,0.774809182,-0.584067345,0.475930303,8.83365428e-05,-0.0010825689,-5.22338887e-05,-0.899560571,-1.4598217,0.165375769,0.730644584,0.00107372063,-0.00537606701,0.00433631055
0.0432354696,-0.314574748,0.822128654,-0.0173866461,-0.00171495733,-0.820028205,0.572056384,-0.254353315,-0.0472321659,-0.133481249,0.91984272,-0.0765229315,0.0269369427,0.0141952988,0.0970951393,0.0889692605,0.330975235,-0.116187379,0.0892896578,-0.162894711,-0.014103204,-0.154039577,0.0106206015,0.722652793,-0.52270937,0.611827612,6.86364001e-05,-0.000119915698,1.36895487e-05,-0.697626591,-1.38742292,-0.0223448537,0.719509661,0.00102198916,-0.00540575664,0.0048237117
0.0412315466,-0.315938175,0.818438172,-0.0238541474,-0.00243190352,-0.816860842,0.576336213,-0.264312088,-0.0360965803,-0.130963698,0.9497419,-0.101339877,0.040910963,0.030770544,0.107960135,0.0894759148,0.328552097,-0.146473095,0.0781497359,-0.1700169,-0.0159204453,-0.154361367,0.0216607843,0.667144716,-0.45280081,0.749977887,4.07303014e-05,0.000824831717,7.7820303e-05,-0.491737455,-1.29938293,-0.211518645,0.708309293,0.000950841582,-0.00530181779,0.00525532477
0.0402232856,-0.316764712,0.816935122,-0.0268854786,-0.00341204982,-0.81265476,0.582114911,-0.27922672,-0.03012437,-0.127612695,0.981914639,-0.110509008,0.0468526781,0.040149197,0.111580849,0.086425662,0.327712297,-0.163540259,0.0687325746,-0.170522064,-0.0205354616,-0.152005121,0.0284935832,0.608509958,-0.364464819,0.868715405,-8.80176412e-06,0.00169937604,0.000124184749,-0.327681839,-1.17517567,-0.348359227,0.704583287,0.000768174767,-0.00466902414,0.00545102358
0.0393006094,-0.317284465,0.81603688,-0.0288170408,-0.00472877018,-0.807867876,0.588639713,-0.297934413,-0.0267341584,-0.123340674,1.01692271,-0.113571405,0.0495018028,0.0476785935,0.112115882,0.0811668038,0.326770455,-0.177096725,0.0595768951,-0.168655306,-0.0268899053,-0.148558095,0.0339499116,0.552365541,-0.273023695,0.974226832,-6.42147788e-05,0.00255443109,0.000166021026,-0.185589045,-1.04809046,-0.460003138,0.704877794,0.000547198462,-0.00385153107,0.00558943208
0.038549047,-0.317190647,0.816348076,-0.0285499421,-0.00671871864,-0.801946425,0.596675533,-0.324229717,-0.0285076723,-0.117226318,1.05760443,-0.10442058,0.0455659479,0.0515100509,0.106479615,0.071490325,0.325624347,-0.183632821,0.0509435125,-0.16204457,-0.0367236957,-0.142929256,0.0366537161,0.501197577,-0.175365269,1.05329418,-0.000131393928,0.00337057235,0.000198804177,-0.0874110833,-0.915239453,-0.521262228,0.713213325,0.000249586417,-0.00266457768,0.00561327115
0.0374824777,-0.316255927,0.817590714,-0.0260538229,-0.00969215274,-0.795067054,0.605884181,-0.35899663,-0.0365272723,-0.109355457,1.10046911,-0.0850414038,0.0352205075,0.0527678356,0.0948110372,0.0564256907,0.323660314,-0.185705632,0.0435471572,-0.14949961,-0.0518920384,-0.134159133,0.0379132628,0.460987926,-0.077268146,1.10319936,-0.000203670264,0.00411611237,0.000234285922,-0.0216730908,-0.794371724,-0.543332279,0.725754619,-5.23337148e-05,-0.00136675499,0.00558722392
0.036258366,-0.314900696,0.819299042,-0.0224403418,-0.0131561893,-0.787620231,0.615611661,-0.398000687,-0.0476702191,-0.100606054,1.1444267,-0.0605473295,0.0216698814,0.0527388304,0.0801258609,0.0386664011,0.321287245,-0.185546905,0.0367690362,-0.133987069,-0.0697282404,-0.123818032,0.0384507328,0.426255971,0.0210520905,1.13852561,-0.000278497988,0.00482638087,0.000271118304,0.0278474297,-0.679491043,-0.545808613,0.74039942,-0.00035641939,-1.34479997e-05,0.00553623307
0.0338410437,-0.31253922,0.821996093,-0.0154905296,-0.0178815355,-0.779783272,0.625602383,-0.442486048,-0.0672616139,-0.0918571949,1.17662656,-0.0277242791,2.76379287e-05,0.0503926054,0.0592755526,0.0163015854,0.31637907,-0.181437969,0.0333638936,-0.108756728,-0.0954607576,-0.107323274,0.0378549099,0.411292911,0.110102266,1.13498569,-0.00034255028,0.00529515464,0.000327553658,0.0545749776,-0.599275529,-0.517107606,0.748742461,-0.000537156709,0.000899618084,0.00548153184
0.0308944732,-0.310166985,0.824839652,-0.00800030919,-0.0226549719,-0.772023342,0.635139911,-0.484389424,-0.087298438,-0.0840736926,1.19873798,0.00590520725,-0.0233672801,0.0478368029,0.0383167118,-0.00579415727,0.310012907,-0.1764009,0.0310513861,-0.0808077157,-0.122054778,-0.088723965,0.0367549956,0.402259678,0.192888796,1.11817098,-0.000397699245,0.00562317297,0.00038853049,0.077851437,-0.532035589,-0.486030668,0.750723004,-0.000666262058,0.00153257069,0.0054227449
0.0268892795,-0.307773083,0.827976584,0.000565964243,-0.0275281416,-0.764600251,0.643916406,-0.521134079,-0.108227983,-0.0782197714,1.20067835,0.0411507152,-0.0502693504,0.0448616482,0.0171387102,-0.0273540877,0.300730556,-0.169507369,0.0309235584,-0.047419399,-0.150374249,-0.0659143403,0.0346469432,0.405083358,0.26315853,1.07480991,-0.000435050169,0.00566975866,0.000458594906,0.0942292362,-0.49073559,-0.450199336,0.739980936,-0.000692133559,0.0016054532,0.00535578188
0.0219816975,-0.305885762,0.830981851,0.00810429928,-0.0314155709,-0.757806786,0.651671894,-0.546399593,-0.123994894,-0.0752160549,1.17049074,0.0776724368,-0.07796821,0.0424731784,0.000290535856,-0.047338374,0.288326025,-0.160925478,0.0317572057,-0.0107782064,-0.174626306,-0.040503595,0.0303716734,0.41772902,0.317008317,1.00367737,-0.000453087676,0.00531387795,0.000518227112,0.105329052,-0.471393764,-0.420670897,0.708864093,-0.000641475781,0.00100630871,0.00523914862
0.0166229755,-0.30425176,0.833921254,0.0151272286,-0.0348079205,-0.751288892,0.658881307,-0.565924883,-0.137179986,-0.0736375898,1.12423837,0.114831857,-0.106065027,0.0403781086,-0.0143922288,-0.0665346012,0.274360567,-0.151499495,0.0330715552,0.0274889451,-0.196844041,-0.013792647,0.0250126608,0.435285777,0.362646937,0.918659508,-0.000461467745,0.00475675287,0.00057264138,0.113789529,-0.463031828,-0.39429453,0.667559683,-0.000552552519,7.11399334e-05,0.0050976784
0.0107579818,-0.303403735,0.83606869,0.0183036384,-0.0351860339,-0.745761916,0.66503089,-0.567771435,-0.136957645,-0.0771104619,1.02018774,0.155074224,-0.131091595,0.0394073203,-0.016950218,-0.0856989995,0.258659929,-0.140748546,0.0335104316,0.0660114661,-0.206148744,0.0121134138,0.0118950764,0.46543467,0.384524941,0.805936575,-0.000448288338,0.00353671657,0.000578986772,0.112650171,-0.482773781,-0.381789565,0.59485209,-0.000388291228,-0.00174813147,0.00482000317
0.00513176341,-0.302722752,0.837846756,0.020075096,-0.0340521668,-0.740365282,0.671041497,-0.565066755,-0.131088793,-0.0822892934,0.901558459,0.194853798,-0.154104531,0.0385021269,-0.0143240802,-0.105445683,0.244001642,-0.130568951,0.0331394598,0.10272903,-0.210435763,0.0361970589,-0.0062655136,0.49917227,0.400685549,0.692703485,-0.000432395551,0.00218368275,0.000565522874,0.1064355,-0.512011051,-0.372395098,0.518197894,-0.000206923447,-0.00365869375,0.00449395273
-1.65156089e-05,-0.302375972,0.838885903,0.0190380452,-0.029897554,-0.735289026,0.676826224,-0.553260326,-0.113928176,-0.0908793882,0.753782928,0.23370482,-0.173088744,0.0377281792,-0.00133067765,-0.126355335,0.231428966,-0.121532738,0.0311489459,0.135834128,-0.204687878,0.0566343181,-0.0345099606,0.540084362,0.405410886,0.578458428,-0.000411077839,0.00056477834,0.000512444472,0.0900714546,-0.560235441,-0.369221687,0.433656573,8.64083995e-06,-0.00575167872,0.00407118397
-0.00412835879,-0.30226019,0.839266896,0.0158827687,-0.0222568303,-0.729979681,0.682921692,-0.537071228,-0.0859690756,-0.100737542,0.601596236,0.265558749,-0.187151372,0.0362120382,0.0207604691,-0.148494706,0.223293841,-0.115221366,0.0275207926,0.161990523,-0.190356091,0.0719938576,-0.0752232969,0.586663842,0.402576029,0.4762384,-0.000395508658,-0.000984057784,0.000438116316,0.0595818385,-0.625121176,-0.368307352,0.357877642,0.000244425115,-0.00752719957,0.0036280416
-0.00772184599,-0.302259952,0.839318693,0.0116667972,-0.0128711249,-0.724467106,0.689090438,-0.518691361,-0.0526119918,-0.111229323,0.447209746,0.293913037,-0.198752761,0.0343248732,0.0473994724,-0.171248063,0.217377707,-0.110272601,0.0230739899,0.184671715,-0.171733066,0.0848140419,-0.122169279,0.636075079,0.395961285,0.380034477,-0.000382814294,-0.00249780202,0.000353166513,0.0220308751,-0.698334813,-0.368522495,0.286482602,0.00049031002,-0.00914392527,0.00317472941
-0.00975033827,-0.302508235,0.838704586,0.00629636046,-0.000597021504,-0.718084587,0.695927098,-0.503334939,-0.0133090075,-0.118523955,0.321659595,0.307174027,-0.203080386,0.0303538609,0.0777468979,-0.194878578,0.21851027,-0.10937231,0.0176957455,0.195502341,-0.147671342,0.0911643505,-0.180898368,0.690040231,0.380858541,0.304958522,-0.000387209409,-0.00357707078,0.00028525159,-0.0331728421,-0.784192502,-0.367970556,0.237603486,0.000746299862,-0.00998015981,0.00285616238
-0.0114114527,-0.302780032,0.837954402,0.00116384313,0.011126932,-0.711471153,0.702626242,-0.490542203,0.0235538892,-0.124219768,0.210216269,0.316301942,-0.20541729,0.0258720834,0.105705991,-0.217747122,0.22135213,-0.109538779,0.0125667509,0.20337607,-0.124903396,0.0963052809,-0.23962304,0.743607521,0.363986045,0.234897703,-0.000395553332,-0.00452913437,0.000230059566,-0.0896058232,-0.868999183,-0.366317928,0.194757268,0.0010026556,-0.010619591,0.00259474851
-0.0123378458,-0.303098828,0.836932003,-0.00348970559,0.0217474955,-0.70460914,0.709253712,-0.482876599,0.0555361584,-0.126718134,0.126986593,0.317164302,-0.203773081,0.0203690007,0.128888205,-0.239091277,0.227612093,-0.111838542,0.00793633424,0.205336407,-0.104723327,0.0990275368,-0.29833743,0.796377897,0.343574822,0.174868017,-0.000411793822,-0.00522678997,0.000200312264,-0.148495644,-0.951702058,-0.362464219,0.163976774,0.00125973625,-0.0108654369,0.00244763703
-0.0128823966,-0.303340554,0.835798979,-0.00736984326,0.0295407062,-0.698249112,0.715207109,-0.478894889,0.0791232586,-0.127500594,0.0687329695,0.312870562,-0.199575216,0.0152883176,0.145367265,-0.256528735,0.2350775,-0.11581184,0.00426302478,0.204410851,-0.0895859301,0.100896761,-0.352739841,0.844842911,0.321861863,0.123084381,-0.000428115891,-0.00579779129,0.000188410777,-0.201714799,-1.02467692,-0.355762124,0.141513407,0.0015153432,-0.0109126689,0.00236468017
-0.0132360375,-0.303543746,0.83461076,-0.0108627618,0.0359187856,-0.692122144,0.720804258,-0.476755112,0.0985132754,-0.127425089,0.0229661837,0.305998594,-0.19410032,0.0104187122,0.158495098,-0.272013217,0.243145838,-0.120622039,0.00106818799,0.202042311,-0.0769695491,0.102339514,-0.404987574,0.891156495,0.299497515,0.0754225701,-0.000444479199,-0.00630547851,0.000185432102,-0.252099901,-1.09278965,-0.347635657,0.123208165,0.00177021965,-0.0108605921,0.00231379969
-0.0133918114,-0.303590447,0.833603978,-0.0134395863,0.0386099393,-0.687554761,0.724980759,-0.476856947,0.107733294,-0.127306223,0.00305147702,0.295233846,-0.187408507,0.00800145045,0.164618224,-0.280614972,0.249470785,-0.126452118,-0.00057930185,0.19871363,-0.0700132921,0.103706546,-0.449252784,0.928168178,0.276791602,0.0419439077,-0.000453167188,-0.00671816152,0.000195678105,-0.290260434,-1.14164567,-0.336100847,0.113673031,0.00201394432,-0.0106852241,0.00229575788
-0.0135347778,-0.303626031,0.832755208,-0.01569116,0.040568304,-0.683557697,0.728599255,-0.477153927,0.114946775,-0.127620071,-0.0119320005,0.284191221,-0.180890441,0.00653823791,0.169447333,-0.28733784,0.254575402,-0.131893158,-0.00172493211,0.195572436,-0.0641668737,0.105080441,-0.490284413,0.961830139,0.254328907,0.0133439908,-0.000458854105,-0.0071030166,0.000208067839,-0.324549437,-1.1839844,-0.324150831,0.105867647,0.00225009816,-0.0105039887,0.00228013564
-0.01365213,-0.303639352,0.832222521,-0.0172932145,0.0410640687,-0.680753055,0.731156595,-0.477841079,0.118147433,-0.128799185,-0.0170536414,0.2725932,-0.174719989,0.00698296679,0.171688497,-0.2903032,0.257239491,-0.136556074,-0.00186691643,0.192806244,-0.0605400503,0.106468029,-0.524848521,0.988792539,0.232353151,-0.00549869891,-0.000458539464,-0.00743221305,0.00022474429,-0.3510952,-1.21328866,-0.311370909,0.101521596,0.00247110543,-0.010311028,0.00226935185
-0.0137809096,-0.303801596,0.832080126,-0.0181281836,0.0406276976,-0.679119382,0.73267839,-0.478443742,0.119153023,-0.131147116,-0.0162827522,0.261338174,-0.16907382,0.009258206,0.17228511,-0.290284127,0.257442087,-0.139486969,-0.00102004851,0.190555364,-0.0584908351,0.107361019,-0.551509917,1.00923514,0.212433904,-0.0162947457,-0.000452654058,-0.00770692341,0.000241721209,-0.370423913,-1.23133111,-0.29957366,0.0984503925,0.00266999193,-0.01015813,0.00225467794
-0.0139154084,-0.304038286,0.832132936,-0.0185796658,0.0397253638,-0.678073178,0.733684849,-0.479004174,0.119061068,-0.134079501,-0.0125654992,0.250254363,-0.163689673,0.0124487802,0.172059461,-0.288772792,0.256413937,-0.141551927,0.0003212796,0.188562095,-0.0572303832,0.108006723,-0.574220598,1.02641821,0.193542451,-0.023067642,-0.000443983008,-0.00795439817,0.000258848799,-0.386144549,-1.24374282,-0.288267434,0.0960165486,0.00285782292,-0.010025261,0.00223805849
-0.0140635017,-0.304868907,0.832918882,-0.0177120253,0.0375190533,-0.678722512,0.733221901,-0.479080439,0.116002902,-0.138521537,-6.16819598e-05,0.239408419,-0.159078121,0.0180976279,0.169123083,-0.282181025,0.252275348,-0.140741229,0.00333887851,0.187099814,-0.058216963,0.107041106,-0.585214376,1.03493953,0.180433482,-0.021039227,-0.000429166772,-0.0081319781,0.00027040136,-0.391917795,-1.24310946,-0.280873954,0.0931227058,0.00299920933,-0.00998971984,0.00220333948
-0.0141957114,-0.305997729,0.83404845,-0.0162871991,0.0348230318,-0.680015878,0.732188834,-0.47875911,0.111271717,-0.143278509,0.0163473245,0.228493154,-0.154755592,0.0243092813,0.164778754,-0.273184359,0.247259662,-0.138950422,0.00714611169,0.185785055,-0.0602430515,0.105294853,-0.592927933,1.04107046,0.169580162,-0.0169181898,-0.0004142455,-0.00829102378,0.000278038351,-0.394533038,-1.23848617,-0.27525574,0.0895154998,0.00311808567,-0.0099924067,0.00215668906
-0.0142961619,-0.307723045,0.835865676,-0.0137477472,0.0311470517,-0.682590028,0.730008024,-0.477642536,0.103194125,-0.148665696,0.0405679569,0.21743837,-0.151010752,0.0316470079,0.15761818,-0.259377271,0.240489423,-0.135199219,0.0125329029,0.18476516,-0.0643483251,0.101987183,-0.594081759,1.04242063,0.163237348,-0.00861159712,-0.000399113109,-0.00841301586,0.000277844723,-0.390832484,-1.22588289,-0.273187637,0.0844812691,0.0031919512,-0.0100715458,0.00208617211
-0.0143093048,-0.310047358,0.838561177,-0.00974845798,0.0261028584,-0.686800311,0.726311876,-0.474278659,0.0892844126,-0.15447256,0.0742361993,0.205957517,-0.147542924,0.0395204499,0.146104097,-0.239092052,0.23221758,-0.129204735,0.0206361338,0.184124798,-0.0721614957,0.0965578258,-0.588152409,1.0390594,0.161171362,0.00206752727,-0.000386709289,-0.00849988777,0.000262572081,-0.379337966,-1.2036556,-0.275304168,0.0769514441,0.0031940639,-0.0102359746,0.00196931371
-0.0142787937,-0.312671244,0.841696024,-0.00501847627,0.0203725802,-0.691778408,0.721804965,-0.469790936,0.0724581033,-0.160489485,0.112629525,0.19426319,-0.144213468,0.0476620533,0.132412806,-0.215567008,0.223194599,-0.122088373,0.0300978944,0.183674201,-0.081828922,0.0900674313,-0.578681231,1.03334224,0.161243722,0.0139333252,-0.000375669304,-0.00856920425,0.000239759305,-0.363945991,-1.17661548,-0.279513121,0.0681735277,0.0031603002,-0.0104430541,0.0018292797
-0.0139782149,-0.315926015,0.846238136,0.0022362278,0.0119411753,-0.699444315,0.714583836,-0.459477425,0.0434328318,-0.166779041,0.16536577,0.180978179,-0.140488267,0.0556159317,0.110594541,-0.181010783,0.213258505,-0.111391544,0.0454631895,0.183794945,-0.0991502032,0.0796575397,-0.554612756,1.01885462,0.168559611,0.0269331709,-0.000367511355,-0.00856883079,0.000185163779,-0.33400026,-1.13266885,-0.289899111,0.05481565,0.00296889339,-0.0107480828,0.00159597758
-0.0135137755,-0.319287688,0.851113498,0.0100112784,0.00296505079,-0.707704677,0.706431223,-0.44766137,0.010770103,-0.172869951,0.222172886,0.167027414,-0.136522934,0.0629608631,0.0871763229,-0.143670723,0.204195753,-0.100003064,0.0625032932,0.183968008,-0.117872849,0.0679978579,-0.52544713,1.00088191,0.178926319,0.0405615419,-0.000359657628,-0.00853025448,0.00012578287,-0.300435603,-1.08345377,-0.300985277,0.0409175009,0.00272575486,-0.0110502373,0.00135317468
-0.0127216037,-0.32286346,0.856655836,0.0188254889,-0.00709664897,-0.717253654,0.696521668,-0.432839215,-0.0291706715,-0.17856437,0.287127793,0.151743531,-0.132076889,0.0690890178,0.0605556592,-0.100759074,0.196878314,-0.0872300565,0.0828947127,0.18424575,-0.139400184,0.0538374558,-0.486084938,0.975937724,0.195395112,0.0554485247,-0.000352411269,-0.00841527898,5.68249379e-05,-0.259629756,-1.02369666,-0.313473046,0.0259371996,0.00237913639,-0.011346681,0.00109134219
-0.0114133945,-0.326630116,0.862113118,0.0267566979,-0.0162709651,-0.727456798,0.685438504,-0.417507976,-0.0702619776,-0.183872402,0.355858624,0.136095166,-0.127178639,0.0728210658,0.036558792,-0.0568843149,0.195164353,-0.0755046755,0.103367612,0.184050709,-0.157754481,0.0381431505,-0.44033578,0.94382,0.21807614,0.073905021,-0.000346535759,-0.00817691348,6.34435037e-06,-0.218199015,-0.956607103,-0.323161125,0.0137900058,0.00198845239,-0.0115534822,0.000903380103
-0.00984718464,-0.330492228,0.867527902,0.0342399143,-0.0249969178,-0.737844648,0.673637928,-0.401922047,-0.111928992,-0.188987285,0.426478028,0.120264411,-0.122054256,0.075355269,0.013873334,-0.0125275021,0.196251735,-0.0643029138,0.123881489,0.183619291,-0.174522698,0.0216818023,-0.391393006,0.908115685,0.24386315,0.0941462666,-0.000341345411,-0.00787685905,-3.48995018e-05,-0.176455304,-0.885850906,-0.331449747,0.00305901049,0.00157573412,-0.0117154708,0.000752345775
-0.0072687096,-0.334873974,0.87137568,0.0372559313,-0.0302069612,-0.748980872,0.660853379,-0.384815574,-0.143259987,-0.19507809,0.490929157,0.104869828,-0.115210384,0.0730984882,0.00156552158,0.0265027173,0.213756934,-0.0583514944,0.138731644,0.181283653,-0.179253936,0.00503270421,-0.339739949,0.863337278,0.276611835,0.121437386,-0.000340025756,-0.00733039342,-1.94708846e-05,-0.139613628,-0.809814513,-0.333029896,-0.000549950986,0.00120562548,-0.0116513986,0.000801479502
-0.00437612832,-0.339408159,0.874351084,0.0383175785,-0.034138805,-0.760177169,0.647685863,-0.365835845,-0.169431344,-0.2017138,0.550260782,0.0880951583,-0.106818907,0.068797417,-0.00733258482,0.0623798445,0.239736602,-0.0551383607,0.150905341,0.177911073,-0.179151505,-0.0109676421,-0.288669407,0.817061603,0.310563564,0.150378913,-0.000341092673,-0.00670005986,1.63978802e-05,-0.10393136,-0.733958304,-0.332944751,-0.00217090407,0.000870979857,-0.0114776772,0.000918180624
-0.000855383463,-0.344247252,0.875582039,0.0354823581,-0.0355228222,-0.771728334,0.633967278,-0.343109906,-0.185284168,-0.209439248,0.599354148,0.0685605481,-0.0953324735,0.0604080744,-0.00941179879,0.0919512585,0.282663882,-0.0574013814,0.157726526,0.172464773,-0.169382498,-0.0256705824,-0.238763809,0.767791629,0.346921206,0.182621017,-0.000346932415,-0.0059020035,9.3143819e-05,-0.0705677569,-0.658462524,-0.329529285,0.000183856697,0.000607255148,-0.0110846721,0.00117000623
0.00303605618,-0.349011123,0.874750555,0.0293143385,-0.0347409523,-0.783193322,0.620114471,-0.316767216,-0.193197221,-0.216554925,0.638816655,0.0390289538,-0.0783308446,0.0467242301,-0.00663190521,0.113949701,0.345468611,-0.0675470978,0.160070539,0.164526388,-0.151163489,-0.0380235687,-0.192635641,0.720146656,0.383559078,0.21620068,-0.000364532287,-0.00497634895,0.000204562646,-0.037833456,-0.587203979,-0.324718416,0.00517991651,0.000419575605,-0.010420233,0.00152178085
0.00711287046,-0.353737533,0.872887969,0.0214748297,-0.0328689863,-0.7944462,0.606064103,-0.288616121,-0.197141051,-0.223365828,0.673464894,0.00449918769,-0.0585717745,0.0303933322,-0.00142276136,0.132162467,0.41821143,-0.0816337466,0.160176322,0.155342028,-0.128719822,-0.049201902,-0.14839533,0.673313618,0.420337558,0.250449479,-0.000388011598,-0.00398689182,0.000333316886,-0.00541334273,-0.51806283,-0.319209963,0.0114965048,0.000269910903,-0.00962008908,0.0019235278
0.0114267701,-0.357709289,0.868033648,0.0114061052,-0.0289327378,-0.804650919,0.59293313,-0.261594117,-0.194572121,-0.225038171,0.70193851,-0.0533212088,-0.0289739221,0.00541748106,0.00714823836,0.140236884,0.514211655,-0.109396219,0.15588665,0.143006817,-0.100104116,-0.0564092621,-0.114318505,0.63447994,0.454982519,0.288111806,-0.000447054859,-0.00287356833,0.000496508845,0.0249582399,-0.45816493,-0.314357311,0.0211511236,0.000200564536,-0.00849267747,0.00238469709
0.0157914106,-0.361314207,0.862539768,0.00168583379,-0.0248427969,-0.814098418,0.580192864,-0.2373676,-0.190918848,-0.224029258,0.730542541,-0.117188409,0.00296846917,-0.0217873994,0.0152492737,0.146226376,0.61211133,-0.140245274,0.150896713,0.130212963,-0.0717553049,-0.0624190643,-0.0846195295,0.598953545,0.488336414,0.329055995,-0.000522090646,-0.0017320842,0.000665984757,0.0531907082,-0.401247144,-0.310216695,0.0320128947,0.00014454122,-0.00734045357,0.00283148675
0.0202574097,-0.364185572,0.855767369,-0.00732908646,-0.0204600081,-0.822391825,0.568506252,-0.218732253,-0.185097128,-0.21765843,0.759406447,-0.193146393,0.0395986475,-0.0534491874,0.0224102698,0.14804627,0.713807166,-0.177266032,0.144506484,0.116502218,-0.0439409465,-0.0660338253,-0.063676089,0.570042074,0.51910764,0.376562208,-0.000629106478,-0.00053431408,0.000848023104,0.0771446526,-0.350290298,-0.307500064,0.0452884473,0.000115162729,-0.00613864139,0.00324950833
0.0248000026,-0.366299778,0.848984003,-0.0143113866,-0.0163837589,-0.829614125,0.557913219,-0.207127869,-0.178637713,-0.206089646,0.787726045,-0.269490719,0.0765287727,-0.0874117464,0.0271293446,0.148121387,0.806504011,-0.213841349,0.138285711,0.103115991,-0.0183454361,-0.0675847828,-0.0511836372,0.548413336,0.546670377,0.432260752,-0.000759015791,0.000647417619,0.00103138946,0.0943810493,-0.306274414,-0.306001872,0.0589362271,9.85244696e-05,-0.00509409141,0.00358457211
0.0293807182,-0.368035316,0.842195451,-0.0202752354,-0.0124605065,-0.836248272,0.547834353,-0.199039266,-0.171859726,-0.191922441,0.815772414,-0.346025288,0.113607466,-0.12252336,0.0306273233,0.14732416,0.894698083,-0.250192553,0.13214989,0.0898925364,0.00613972032,-0.068103835,-0.0429169983,0.530426681,0.572627902,0.492053151,-0.000900366402,0.00182108535,0.00121541298,0.108258151,-0.26573053,-0.305112928,0.0727695897,8.82566965e-05,-0.00412820932,0.00387814548
0.0339049324,-0.368767232,0.837135375,-0.0229750548,-0.00904548772,-0.842027825,0.538868692,-0.19903639,-0.166004688,-0.173623741,0.836769342,-0.405415088,0.144136816,-0.159860924,0.0314293392,0.145691723,0.960636616,-0.275918633,0.12776418,0.0784050971,0.0270559508,-0.0660836026,-0.0444602966,0.526673079,0.593090236,0.554001272,-0.00103344105,0.00274240714,0.00136669073,0.111610577,-0.239916623,-0.305063844,0.0803309381,9.66660809e-05,-0.00359421642,0.00401655538
0.0382973291,-0.369174838,0.832885146,-0.0248086172,-0.00577494359,-0.8476752,0.529903707,-0.200720415,-0.160572663,-0.15540646,0.854115248,-0.456511825,0.171247482,-0.198663294,0.0318252444,0.143738359,1.02055705,-0.296582162,0.123909444,0.0678109378,0.0464011915,-0.0632740557,-0.0483234487,0.529339969,0.611563861,0.611194789,-0.00115036918,0.00352628576,0.00149645866,0.111520067,-0.219777465,-0.304971337,0.0840438977,0.000116562514,-0.0032036379,0.00410653977
0.0424260199,-0.368933976,0.830254614,-0.0249128598,-0.00279508456,-0.853177413,0.521018079,-0.205777839,-0.155986741,-0.137352392,0.864159465,-0.491022855,0.191520795,-0.240394056,0.0314089991,0.141143218,1.06844079,-0.307120979,0.121116668,0.0590034202,0.0626042932,-0.0588861071,-0.0568257421,0.544846714,0.626060128,0.658878624,-0.00123500451,0.00403528567,0.00158320752,0.104544371,-0.210987195,-0.304792076,0.08006078,0.000159430172,-0.00309986877,0.00409968104
0.0460746996,-0.367803127,0.829090536,-0.0235138176,1.22412873e-05,-0.858771612,0.511818736,-0.213056415,-0.151192561,-0.120766908,0.866825223,-0.510613322,0.205123827,-0.287454426,0.0306432135,0.136960268,1.1087451,-0.308457285,0.11871998,0.0523103178,0.0751103759,-0.0524230413,-0.0686593354,0.57562995,0.636773765,0.691247284,-0.0012810824,0.00429002941,0.0016263068,0.0897950307,-0.213532358,-0.303522646,0.0670380965,0.000239407935,-0.00322936568,0.00399381621
0.0494832508,-0.366227329,0.828659773,-0.0213616446,0.00273302608,-0.86435114,0.502427426,-0.221445262,-0.14629443,-0.104916319,0.865801811,-0.522742987,0.215391338,-0.337177694,0.0297026951,0.131983593,1.14525843,-0.305192441,0.116521411,0.0466746315,0.0857675523,-0.044922702,-0.0821580514,0.614049911,0.645595789,0.715957344,-0.00130788074,0.00441764062,0.00164758042,0.0711595789,-0.221744955,-0.301708162,0.0494962893,0.000337937003,-0.00347548653,0.00383845484
0.0522352941,-0.362896323,0.830181599,-0.0168238938,0.00550749711,-0.870040878,0.492661642,-0.231667429,-0.139284432,-0.0912168622,0.852105856,-0.517972708,0.217207432,-0.395784885,0.0282956604,0.123641104,1.17018116,-0.291819394,0.114588179,0.0437453911,0.091940023,-0.0333051533,-0.0990665331,0.673662186,0.649601579,0.719567239,-0.00128435995,0.00423633121,0.00161459984,0.0396294296,-0.24782452,-0.295873106,0.020088058,0.000499342452,-0.00395429041,0.00352926925
0.0549463034,-0.359093666,0.83235234,-0.0115800221,0.00835394332,-0.875549669,0.482917065,-0.241540939,-0.131583944,-0.0783746839,0.832640648,-0.508639455,0.216474488,-0.455634475,0.0265491251,0.114296772,1.18952024,-0.275959373,0.112970941,0.0413095318,0.0974057764,-0.0201378427,-0.116649292,0.737718701,0.652140915,0.71756053,-0.00124565721,0.00395838823,0.00156575127,0.00379773229,-0.279790968,-0.288099766,-0.0110767391,0.000677344506,-0.00443617068,0.00319153792
0.0575751066,-0.354347825,0.835821152,-0.0049274154,0.0113445185,-0.880820631,0.473288536,-0.250716656,-0.122502826,-0.0672478527,0.801636934,-0.490180016,0.210643262,-0.517965972,0.0241236277,0.102949142,1.19769037,-0.25512594,0.111985832,0.0398606323,0.101457745,-0.00387148559,-0.135579824,0.810661137,0.651747108,0.704319954,-0.00117659115,0.00348717812,0.00148516765,-0.0406357832,-0.323530376,-0.276450038,-0.0457533076,0.000888532843,-0.00492417905,0.00279672956
0.0603832453,-0.349338919,0.840357065,0.00259488395,0.0145260874,-0.885483003,0.464437413,-0.257206589,-0.112820074,-0.0584935583,0.757444382,-0.464114159,0.200516224,-0.57559216,0.0201428011,0.0897827446,1.19033968,-0.229560554,0.112398952,0.0385260284,0.105822653,0.0152997375,-0.155364111,0.885080636,0.648302138,0.68256402,-0.00108383363,0.00286673219,0.00138644129,-0.0932850465,-0.375984699,-0.261414707,-0.0783685222,0.00111717056,-0.00528141484,0.00243592588
0.0632809773,-0.344198614,0.845426381,0.0105509609,0.0178016408,-0.88977031,0.455939223,-0.262353569,-0.102836765,-0.050925687,0.706659019,-0.434245974,0.188241705,-0.630864382,0.0153844599,0.0757073537,1.17522907,-0.201629952,0.113511108,0.0372486003,0.110343926,0.0359228142,-0.175574735,0.960236728,0.643331766,0.656551242,-0.00097923365,0.00217168871,0.00127864664,-0.150040582,-0.432794869,-0.244687095,-0.109952308,0.00135452661,-0.00557326013,0.00209213281
0.0660738274,-0.339402556,0.851229727,0.0193052548,0.0212159264,-0.892813424,0.449512382,-0.262605518,-0.0928797722,-0.0461137518,0.639321923,-0.396320462,0.172194928,-0.66800487,0.00654097693,0.0590183437,1.12831175,-0.16678074,0.118265837,0.0350803994,0.117303804,0.0594698824,-0.195686013,1.02681375,0.634639025,0.623215318,-0.000861645443,0.00138760102,0.00118090061,-0.217217684,-0.49499321,-0.225141674,-0.13353458,0.00159826572,-0.00563286478,0.00190073648
0.0685546696,-0.334760964,0.856896281,0.0283600042,0.0243867439,-0.895348152,0.443793516,-0.261382818,-0.0835126936,-0.0413049832,0.568955421,-0.357138187,0.155564234,-0.697384834,-0.00409371778,0.0421050005,1.06891584,-0.130357161,0.124609232,0.032384865,0.124956213,0.083216317,-0.214902595,1.08812523,0.625375509,0.588654995,-0.00074725895,0.000606061658,0.00109502301,-0.286374986,-0.55648005,-0.204884499,-0.154591307,0.00184340216,-0.00563056394,0.00176672579
0.0704112127,-0.330428988,0.862288475,0.0380162859,0.0270730352,-0.8969999,0.439559998,-0.25721103,-0.0753266141,-0.0365031697,0.492538929,-0.315447271,0.137767851,-0.711239874,-0.0183094405,0.0247451514,0.984570265,-0.0907895491,0.134129137,0.028635012,0.133992687,0.107358456,-0.232327461,1.13889813,0.614971638,0.551650167,-0.000639290374,-0.000170281768,0.00103289285,-0.359483838,-0.61653614,-0.183206305,-0.17059429,0.00209130184,-0.00550445216,0.00174750213
0.0711505264,-0.3262887,0.866676509,0.0483226956,0.0283087169,-0.897953251,0.436512878,-0.250737309,-0.0699023828,-0.0304212123,0.416567624,-0.274856329,0.119143434,-0.710766196,-0.0363651663,0.00894818921,0.878958881,-0.050701417,0.146243125,0.0240428485,0.142224267,0.130120009,-0.24759841,1.17808986,0.603845656,0.51309967,-0.000545300485,-0.000917069556,0.00099371525,-0.43315208,-0.671749473,-0.159170076,-0.183421284,0.00234633591,-0.00527233817,0.00184971467
0.0713312626,-0.322244078,0.870562673,0.0589510583,0.0288173933,-0.898504031,0.434033221,-0.24311249,-0.0658588409,-0.0236989781,0.34081623,-0.234813958,0.100104339,-0.703128636,-0.0563414916,-0.00606792793,0.762711406,-0.0103516364,0.159654528,0.019029418,0.150053635,0.152192101,-0.261793107,1.21149278,0.592358232,0.47377488,-0.000458296185,-0.00164910802,0.000966011779,-0.507102787,-0.724543631,-0.133953929,-0.194660872,0.00260494649,-0.00498721702,0.00201264769
0.0693801716,-0.318119675,0.872457027,0.0700865215,0.0259670811,-0.898479312,0.432606653,-0.234440893,-0.06704548,-0.015258655,0.275765836,-0.202557772,0.0807789266,-0.681619644,-0.0812720731,-0.0174231231,0.632058084,0.0255881958,0.174035534,0.0145340618,0.153188989,0.169426948,-0.275458544,1.23055351,0.579136968,0.434129924,-0.000393674825,-0.00231339294,0.000960592006,-0.578472853,-0.768724859,-0.104803488,-0.202678651,0.00286418945,-0.00457755104,0.00238929619
0.0668336079,-0.313821495,0.873759627,0.0811467219,0.022013982,-0.89832446,0.431211964,-0.226636738,-0.0698818564,-0.00638162903,0.216640413,-0.174296126,0.0620664433,-0.659735441,-0.10681726,-0.0276335403,0.504366755,0.0583121777,0.18757388,0.0109451739,0.154296458,0.184367403,-0.289761692,1.24658251,0.565521002,0.395629525,-0.000334629091,-0.00294947624,0.000961011567,-0.64803642,-0.810458481,-0.075266324,-0.209776402,0.00311378902,-0.00414955895,0.00283179712
0.06309589,-0.309175611,0.873878658,0.0920634841,0.0158586889,-0.898015117,0.429932165,-0.220567167,-0.0760180429,0.0033692969,0.169362605,-0.154022485,0.0445789173,-0.637099504,-0.133593008,-0.0355548039,0.382593155,0.0846058056,0.199427515,0.00916913524,0.15134804,0.194719657,-0.305341065,1.25654888,0.551114738,0.359416425,-0.000286732131,-0.00352918589,0.000973110495,-0.71399045,-0.847298861,-0.0449542068,-0.215034351,0.00334411464,-0.0036848872,0.00340603292
0.0591496117,-0.304325223,0.873007774,0.102737825,0.00866496717,-0.897718158,0.428336277,-0.218719959,-0.0847827345,0.0145260291,0.135079131,-0.141740888,0.0298465285,-0.620886207,-0.158475339,-0.0414912403,0.279632747,0.10301999,0.208169937,0.00990108587,0.144510791,0.200281292,-0.322370887,1.26414347,0.537275672,0.328617454,-0.000244248542,-0.00404446758,0.00100114802,-0.774440587,-0.879601181,-0.016693607,-0.218859762,0.00354373292,-0.00324382191,0.00404521544
0.0550988689,-0.299372435,0.871642113,0.113281196,0.000951537494,-0.89734469,0.426543048,-0.218983784,-0.0948619843,0.0263861865,0.107290603,-0.133454308,0.0164909046,-0.607883334,-0.182412237,-0.0464356504,0.186073303,0.117495678,0.215357333,0.0118869646,0.13572894,0.203448072,-0.340126723,1.27055264,0.523719549,0.300523847,-0.000204469194,-0.00452756416,0.00103715586,-0.832141995,-0.90963614,0.0105426582,-0.221969157,0.00372800953,-0.00281453831,0.00471689925
0.0521828234,-0.295267761,0.869093537,0.123624816,-0.00600695971,-0.897018664,0.424309249,-0.227486581,-0.107141897,0.0403172635,0.0956142992,-0.13435562,0.00859351922,-0.605909765,-0.200889006,-0.0491640605,0.127226993,0.121967643,0.21812138,0.0167548396,0.122864425,0.200911924,-0.358960569,1.27717566,0.512761533,0.28327015,-0.000168959159,-0.00489717396,0.00110573065,-0.879907548,-0.932165682,0.0317633562,-0.223223686,0.00388609292,-0.00250510732,0.00535831694
0.0497552939,-0.291747272,0.866406918,0.133498994,-0.0122647851,-0.896566371,0.422133079,-0.237715691,-0.119276732,0.0539792813,0.087429814,-0.137320578,0.00231088605,-0.605845094,-0.217692211,-0.0514636338,0.0779875666,0.124203749,0.219915092,0.0217166916,0.109931849,0.197524726,-0.377399355,1.28403854,0.502658248,0.269196033,-0.000135354319,-0.0052274866,0.00118354475,-0.924008489,-0.952468157,0.0506955124,-0.223857537,0.00404260913,-0.00224550464,0.00596266473
0.0483047366,-0.289394885,0.863444209,0.142457758,-0.017121949,-0.896036919,0.420155287,-0.251397997,-0.131122038,0.0671038628,0.0862288773,-0.144413218,-0.000742398435,-0.609598696,-0.231149018,-0.0529056042,0.0479604192,0.121968031,0.219768167,0.0268667564,0.09686248,0.192435175,-0.395049036,1.29138148,0.494264245,0.261480659,-0.000105558407,-0.00547921611,0.00127984176,-0.960781932,-0.968317389,0.0650513172,-0.223249972,0.00419599796,-0.00208555069,0.00649289973
0.0476490334,-0.288037777,0.8608374,0.149127963,-0.0205252193,-0.895459968,0.418916472,-0.263930023,-0.140835419,0.077411443,0.0888803303,-0.153550088,-0.00171338208,-0.61351639,-0.241921306,-0.053911753,0.0302009191,0.117523275,0.218562886,0.0305604413,0.0864682794,0.188042,-0.410611987,1.29792881,0.486672997,0.257920384,-7.9768899e-05,-0.00566527154,0.00138005428,-0.989667237,-0.981406868,0.0753894299,-0.221338734,0.00433655782,-0.00199968857,0.00693268515
0.0473906659,-0.287178189,0.858408391,0.154654456,-0.0232016552,-0.894862637,0.418048494,-0.275887281,-0.149483278,0.08631102,0.093457751,-0.163709149,-0.00164341228,-0.61751616,-0.251351833,-0.0547000505,0.0185737778,0.111974075,0.21682851,0.0335261486,0.0774111822,0.183996871,-0.425132066,1.30407834,0.479482859,0.256437242,-5.59815999e-05,-0.00581849972,0.00148222642,-1.01460981,-0.993117034,0.0837192759,-0.218775749,0.00447070785,-0.00195086387,0.00732726417
0.0481121764,-0.287063241,0.856977582,0.156266109,-0.0243378343,-0.894314199,0.418557864,-0.281928957,-0.153981835,0.0903629363,0.100310147,-0.173713952,0.000269933662,-0.619141936,-0.257438451,-0.0553586558,0.0171839315,0.106390357,0.214467481,0.0335812755,0.073496528,0.182469845,-0.437186599,1.30756569,0.472075969,0.258874029,-3.68375659e-05,-0.00589350844,0.00156559807,-1.02803493,-1.00205517,0.0878807455,-0.213160738,0.00456164591,-0.00196469296,0.00757166324
0.0490476638,-0.287066221,0.855864644,0.156757357,-0.0251786018,-0.893763827,0.419498976,-0.285842866,-0.15730989,0.0931940526,0.106885754,-0.183113366,0.00261327624,-0.619669199,-0.262566864,-0.056118913,0.0182185583,0.10136801,0.212152839,0.0327046923,0.070856683,0.18163,-0.449015379,1.31020427,0.464144826,0.262400508,-1.98458638e-05,-0.00594292022,0.00163530977,-1.03776443,-1.01002336,0.0911297649,-0.205937907,0.00463385135,-0.00199645432,0.00775598828
0.050411202,-0.287304908,0.855387092,0.155008379,-0.0254286882,-0.893212255,0.421304702,-0.28550154,-0.158297196,0.0935837924,0.112908274,-0.191302717,0.00581679121,-0.617999256,-0.265779287,-0.0570825376,0.0241022147,0.0974680334,0.209930778,0.0299646258,0.0707662627,0.182164446,-0.460393667,1.31114566,0.455164611,0.268106699,-7.15753504e-06,-0.00594114233,0.00167770684,-1.04010379,-1.01605225,0.0925541595,-0.195498794,0.00466859853,-0.00206408347,0.00782018062
0.0518468395,-0.287840158,0.855465412,0.150692828,-0.0252457659,-0.892647583,0.424069117,-0.279720783,-0.156946495,0.0915025026,0.117293753,-0.198379457,0.00991124939,-0.612591147,-0.266801625,-0.0581802428,0.0354048386,0.0948409736,0.208118051,0.0251981467,0.0729792565,0.183887243,-0.471459687,1.31049943,0.443795234,0.276155055,-2.64375353e-06,-0.00586941093,0.00167180831,-1.03344488,-1.02031982,0.0919374377,-0.180973202,0.00464610476,-0.00218499498,0.00771254953
0.0533184931,-0.288523644,0.85582155,0.145089224,-0.0248455294,-0.892046869,0.427298725,-0.271220714,-0.154426888,0.0881858394,0.120860644,-0.204899728,0.0144510465,-0.605314255,-0.266728997,-0.0593449548,0.0494164787,0.0928504094,0.206509992,0.0194186457,0.0763438419,0.186204135,-0.482369304,1.30905962,0.431231588,0.285374254,-2.21710002e-06,-0.00576270837,0.00164176372,-1.02228725,-1.02370667,0.0903002396,-0.164404824,0.00459499331,-0.00233254302,0.00751901465
0.0546874329,-0.290029436,0.857041478,0.134822932,-0.0236219834,-0.891312225,0.432235233,-0.251946509,-0.147571117,0.0799838752,0.122531533,-0.210102111,0.0208733976,-0.589721799,-0.261477947,-0.0601070896,0.0731416717,0.0933147073,0.205505148,0.0105910981,0.0838162601,0.190231949,-0.491405427,1.30407906,0.412175536,0.299373001,-1.71381107e-05,-0.00552172912,0.00151325588,-0.991983235,-1.02507281,0.0836092159,-0.140551373,0.00442040991,-0.00259930431,0.00696581136
0.05610881,-0.29191339,0.858541489,0.12347092,-0.0220349231,-0.890369794,0.437619726,-0.230236351,-0.139503941,0.0703783557,0.124034084,-0.214786083,0.0279620476,-0.572090626,-0.253469706,-0.0605094582,0.100475729,0.094772175,0.204523042,0.00121454056,0.0921888649,0.194331661,-0.499328017,1.29689968,0.390231192,0.315754235,-3.45376247e-05,-0.00525151147,0.00136323308,-0.953866959,-1.02545702,0.0748170689,-0.113902017,0.00421048002,-0.00291521195,0.0063140057
0.0576351546,-0.294553697,0.860601664,0.109958279,-0.0197226956,-0.889071487,0.443928015,-0.20365338,-0.129013643,0.0579652935,0.125200078,-0.218433574,0.0363836139,-0.550381303,-0.239946842,-0.0601923242,0.135028705,0.0982160121,0.203586355,-0.00926048588,0.102362245,0.198575437,-0.505023837,1.28532219,0.362509251,0.336901188,-5.68949035e-05,-0.00492280535,0.00117017352,-0.900124848,-1.02387774,0.0618223138,-0.0816596523,0.00392984692,-0.00332942512,0.0054649692
0.059355706,-0.297752917,0.863045275,0.0964582539,-0.0168796301,-0.887266776,0.450742224,-0.178050503,-0.118133627,0.0444903374,0.127086878,-0.221076712,0.04521624,-0.527696908,-0.219411567,-0.0585575402,0.175678045,0.102509901,0.202173635,-0.0191914327,0.111797467,0.200909033,-0.507943153,1.26492989,0.329462945,0.362920344,-7.40223622e-05,-0.00461239833,0.000990264234,-0.831439197,-1.01750731,0.0464911833,-0.0428926162,0.00361131597,-0.00380979571,0.00461696554
0.0611732155,-0.301231354,0.865680456,0.0829547422,-0.0137695074,-0.8850953,0.457750173,-0.152939633,-0.107059583,0.0304854419,0.129333973,-0.223217458,0.0542537309,-0.504526734,-0.195371553,-0.056264028,0.219372571,0.107228495,0.200523004,-0.0288495738,0.120862879,0.202287331,-0.50947386,1.24013162,0.293756872,0.391373664,-8.8533503e-05,-0.00431116531,0.000816943822,-0.755286813,-1.00874186,0.0299929827,-0.0008660694,0.00327385962,-0.0043232101,0.00376954349
0.0628094822,-0.304586351,0.868393898,0.0711279686,-0.0110486952,-0.882021486,0.465678898,-0.133448705,-0.098741889,0.0161022358,0.135333911,-0.22470814,0.0617154054,-0.477668375,-0.16240567,-0.0502443798,0.263934314,0.109245449,0.197627917,-0.0358390622,0.125671193,0.197856188,-0.504687488,1.19170058,0.251842648,0.422955066,-8.78863357e-05,-0.00409145467,0.000703628932,-0.662704587,-0.984835982,0.0166927762,0.0549915992,0.00287085259,-0.00476533175,0.00320224278
0.0641386956,-0.307683438,0.870903373,0.0597927346,-0.00891161094,-0.878386441,0.47411251,-0.115119234,-0.0920114294,0.00152002694,0.143671572,-0.226358846,0.0684924051,-0.44736743,-0.128497183,-0.0421547331,0.304956198,0.109118909,0.194343269,-0.0417997055,0.128373429,0.190999836,-0.495872676,1.1325078,0.207475379,0.455122411,-8.41410583e-05,-0.00387019687,0.000603707507,-0.568167329,-0.953035593,0.00677293772,0.117978618,0.00244682375,-0.00511260936,0.00275949389
0.064853847,-0.310264587,0.873004556,0.0494587965,-0.00794479538,-0.873823609,0.483655878,-0.099112913,-0.0884553194,-0.0134597719,0.156684041,-0.228329465,0.0739000142,-0.410182774,-0.0927045569,-0.029925717,0.338897973,0.104705818,0.190279707,-0.0457027145,0.126863897,0.179293692,-0.479001999,1.05179524,0.158203676,0.488460571,-7.42002885e-05,-0.00364585035,0.000530572841,-0.469722688,-0.905448437,0.00361340027,0.195221275,0.00198076665,-0.00527020963,0.00256583421
0.0647225976,-0.312560558,0.874285579,0.0403504808,-0.00856681331,-0.868259943,0.494391666,-0.0844861642,-0.0882514715,-0.0282590464,0.175447762,-0.231982008,0.0792735517,-0.365864962,-0.0600283369,-0.0136125563,0.362608254,0.0939855427,0.185319424,-0.0478784218,0.119719975,0.16345647,-0.450278997,0.950274348,0.102224961,0.529143929,-6.54794494e-05,-0.00330068776,0.000470546656,-0.376810282,-0.840109229,0.0100278882,0.290807486,0.00154831121,-0.00510750897,0.0025838716
0.0641681775,-0.314713746,0.875156462,0.0318516037,-0.00998204476,-0.862087385,0.505659148,-0.0705503523,-0.0897237211,-0.0429668836,0.197085679,-0.236475334,0.0846296921,-0.317984164,-0.028912928,0.00474128639,0.381201118,0.0801124498,0.179911166,-0.0491903424,0.109759428,0.145555004,-0.415632039,0.838357508,0.0428971052,0.573497117,-5.73694706e-05,-0.00289514009,0.000417079253,-0.28667137,-0.765899122,0.021228848,0.39555791,0.00113269268,-0.00478466647,0.00270775217
0.0625509769,-0.317128718,0.874531388,0.025570103,-0.0132122194,-0.854981456,0.51785936,-0.0599900261,-0.0946402401,-0.0556874014,0.226565689,-0.24742423,0.0922582895,-0.268953085,-0.0071978881,0.0234510712,0.390334427,0.0549856424,0.172516614,-0.0487582572,0.0923674703,0.12571606,-0.36562112,0.710504532,-0.0226838309,0.641317189,-6.01389693e-05,-0.00219183601,0.000379184203,-0.216227412,-0.672974586,0.0448411591,0.517957866,0.000887986564,-0.00384043856,0.0029764059
0.060736049,-0.319692612,0.873437703,0.0195742852,-0.0164749237,-0.847625284,0.529978114,-0.0506442115,-0.099616468,-0.0676112026,0.257784128,-0.261614531,0.100906193,-0.224191844,0.0115745608,0.0400786586,0.400604278,0.027624296,0.165022835,-0.0481354669,0.0748476088,0.107108302,-0.314357907,0.586289167,-0.0863248259,0.715731978,-6.76052441e-05,-0.00142594799,0.000344946486,-0.153432578,-0.580322325,0.0689450949,0.634989917,0.000697392272,-0.00275068823,0.00322413305
0.0585259125,-0.322554022,0.871406794,0.0141582862,-0.0198048719,-0.839986635,0.542060664,-0.0437281504,-0.1047116,-0.0779405311,0.292475998,-0.282285541,0.111591615,-0.187974066,0.0244605169,0.0525405891,0.41314593,-0.00420290511,0.157331392,-0.0471313521,0.0570737645,0.090964593,-0.260595709,0.46936065,-0.146079853,0.803327322,-8.44633541e-05,-0.000534983061,0.000318026316,-0.105940834,-0.488224059,0.0940297246,0.74127537,0.000615029887,-0.00137003348,0.00342998607
0.0561650284,-0.325422972,0.868813634,0.00789897958,-0.0220498808,-0.83244047,0.553619249,-0.0377505012,-0.107494794,-0.0879724324,0.327705503,-0.308663547,0.123808645,-0.166900575,0.0347161591,0.0602037609,0.439353585,-0.0326428376,0.152561694,-0.0466882624,0.0440866537,0.0793428123,-0.212628394,0.376187325,-0.195964262,0.887293577,-0.000105313149,0.000275330705,0.000292490586,-0.0725946575,-0.411906421,0.111477822,0.81351006,0.00057907775,-0.000102320715,0.00353732449
0.0537291244,-0.328295231,0.865939438,0.00121884856,-0.0237493469,-0.824850058,0.564851189,-0.0322429687,-0.109121598,-0.0978540927,0.363198519,-0.337891012,0.13678962,-0.153402448,0.0436550863,0.0654663891,0.472390324,-0.0593848005,0.149253577,-0.0465257466,0.0334948972,0.0699837655,-0.167565867,0.294905752,-0.240905762,0.969432533,-0.000128155603,0.00104519515,0.00026765099,-0.046326343,-0.34349072,0.125105008,0.868708193,0.000566336093,0.00110872765,0.00359538896
0.0512825623,-0.330532223,0.863200307,-0.00763680747,-0.0230553991,-0.81824077,0.574362403,-0.0259602442,-0.104392648,-0.110245973,0.395067096,-0.370423853,0.150053322,-0.166503266,0.0531656295,0.0659193918,0.54092145,-0.0722621381,0.154573247,-0.0480421036,0.0328769907,0.0662405789,-0.137045503,0.255512118,-0.273944616,1.02177107,-0.000139837663,0.0014493051,0.00023757598,-0.0415444747,-0.309830368,0.122385412,0.858997643,0.000537968474,0.0015874852,0.00354027818
0.048887074,-0.332458138,0.860783458,-0.0170243198,-0.0214697199,-0.812000996,0.583012526,-0.019507248,-0.0968026221,-0.123712875,0.424857736,-0.401845574,0.162535667,-0.188533068,0.062962465,0.0650639683,0.621357441,-0.0808895603,0.162884265,-0.0499097854,0.0359511748,0.0633512214,-0.111058287,0.22643435,-0.306097329,1.06317163,-0.00014380319,0.00172309903,0.000205050907,-0.0457611047,-0.286105275,0.115439944,0.827336967,0.000490727369,0.00176644931,0.00345885893
0.0465935506,-0.33376202,0.859011054,-0.0274760672,-0.0181059431,-0.806683196,0.590067337,-0.0127132181,-0.0834898949,-0.139330804,0.450494617,-0.43104741,0.173456296,-0.228422523,0.0733326524,0.0615916103,0.725609481,-0.0810178295,0.177178621,-0.0524802655,0.0464097671,0.0621693097,-0.0941354185,0.217986077,-0.33648029,1.08269989,-0.00013233599,0.00173628191,0.000167623191,-0.0679750517,-0.282248855,0.100042149,0.751773715,0.000405735744,0.00134583982,0.0033248167
0.0444493704,-0.334622353,0.858129501,-0.0379144756,-0.0129891768,-0.802135551,0.595795545,-0.00668269861,-0.0645650849,-0.155334234,0.470306963,-0.454194963,0.181675598,-0.281320602,0.0820258185,0.0554851256,0.840663433,-0.0775638297,0.193421602,-0.0545285568,0.0645340607,0.0609893799,-0.0834095031,0.222556055,-0.368905544,1.08639765,-0.000106317879,0.00154163234,0.000126050494,-0.11345847,-0.291682392,0.0822364688,0.641755581,0.000300633488,0.000479555281,0.00312182819
0.0423797332,-0.335260898,0.857693195,-0.0483423864,-0.00699484935,-0.797900769,0.600806499,-0.00103360554,-0.04283287,-0.171531394,0.48720789,-0.474316508,0.188544646,-0.340726614,0.0898808315,0.0480611026,0.961125493,-0.0723185018,0.210639805,-0.056315802,0.0864926204,0.0598103069,-0.0757815838,0.233636022,-0.402354032,1.08217967,-7.30222237e-05,0.00124304567,8.24024828e-05,-0.170580745,-0.307761937,0.0632258579,0.514502406,0.000185470024,-0.000609630079,0.00288434885
0.0404924564,-0.335705966,0.858787775,-0.0564802412,0.000587296684,-0.794153647,0.605086458,0.00279821036,-0.0176091362,-0.185441017,0.49184829,-0.482123375,0.19117105,-0.402712643,0.0907493681,0.0385296755,1.06876636,-0.0694388002,0.222106457,-0.055125393,0.115275651,0.0564314052,-0.0730964392,0.258913815,-0.438101232,1.05922866,-3.06712136e-05,0.000722715165,3.46059387e-05,-0.264456064,-0.335640162,0.0510963798,0.377009034,0.000111417205,-0.00179634662,0.00250610616
0.0385854617,-0.336163968,0.860446632,-0.0633503977,0.0081037995,-0.790209693,0.609499546,0.00629227608,0.00667022308,-0.198411405,0.491580933,-0.485417008,0.192296833,-0.459499329,0.0880414397,0.0291776657,1.16481972,-0.0684904754,0.230608568,-0.052068036,0.143505096,0.0516121089,-0.0711808577,0.287087649,-0.473622292,1.03059602,9.40770315e-06,0.000166682774,-1.40896673e-05,-0.367332041,-0.364829779,0.0440882258,0.251574278,6.20846404e-05,-0.00283742975,0.00209731143
0.0366389006,-0.336647868,0.863234401,-0.0676955002,0.0154888038,-0.786018571,0.614290015,0.00911118742,0.0290629044,-0.209504515,0.481499165,-0.479685247,0.19042182,-0.505892873,0.0781812072,0.0201837327,1.23770797,-0.0714044049,0.233183041,-0.0452769995,0.17062965,0.0439119749,-0.0708040372,0.321055084,-0.508693695,0.990599573,4.49460058e-05,-0.000460787618,-6.45869004e-05,-0.488215268,-0.396644205,0.0473209992,0.150244445,6.21831641e-05,-0.00358735817,0.00162738911
0.0341965668,-0.337125123,0.866993308,-0.0697463148,0.0217953508,-0.781252257,0.619923645,0.0120994765,0.0480414405,-0.219527662,0.462382019,-0.464343309,0.184239417,-0.535798728,0.0605304763,0.0116973175,1.28391671,-0.0765036047,0.231687009,-0.0332489237,0.192543656,0.0326840058,-0.0712029487,0.35572359,-0.54315722,0.942162097,7.12458423e-05,-0.00108999573,-0.000117466014,-0.614430428,-0.426076591,0.0657068714,0.0863164514,8.96423007e-05,-0.00397832785,0.00119215064
0.0315059721,-0.337599099,0.871238291,-0.07064711,0.0275621022,-0.776164938,0.625953118,0.0151728634,0.0653151125,-0.229017094,0.438744456,-0.44419378,0.175902173,-0.557463467,0.0389819518,0.00346350227,1.31679046,-0.0826959461,0.228155479,-0.0186004844,0.211854726,0.0196905173,-0.0719898045,0.390746862,-0.577321291,0.889497638,9.2929411e-05,-0.0017201507,-0.000171543099,-0.743326724,-0.454321176,0.0916727334,0.0410834141,0.00013078429,-0.00418985263,0.000774206186
0.0272924751,-0.33789885,0.876073897,-0.0691086299,0.0310646026,-0.770240033,0.633237143,0.0188426953,0.0777818412,-0.238386914,0.406779766,-0.411290616,0.159163088,-0.554713488,0.00960105564,-0.00617627893,1.31481516,-0.087051034,0.222796857,0.00358753745,0.221429378,0.00238684472,-0.0736194998,0.421531022,-0.614040256,0.8287884,0.000105020124,-0.00231239526,-0.000232601247,-0.857284188,-0.472900361,0.143028483,0.0479391813,0.000159811578,-0.00402982021,0.000514542742
0.0225962028,-0.338040143,0.880702019,-0.0669181568,0.0338619946,-0.764098523,0.640725193,0.0222904682,0.0886363536,-0.247769386,0.373933166,-0.376472861,0.140098155,-0.544479787,-0.0201900415,-0.0172666814,1.30135798,-0.0897042751,0.2178455,0.0274887457,0.227819875,-0.0155187156,-0.075758636,0.450547069,-0.652985573,0.765721619,0.000115395247,-0.00289426371,-0.00029594521,-0.959765434,-0.486706376,0.199605525,0.0698652565,0.00017619798,-0.00380887091,0.000305223366
0.0169350374,-0.337864399,0.884914637,-0.0634306741,0.0352514198,-0.757595416,0.648677942,0.0252937023,0.0962652564,-0.257175893,0.339326948,-0.337830573,0.116384156,-0.519280791,-0.0507977083,-0.0312567689,1.26494014,-0.0889537185,0.21370925,0.0548131205,0.227841586,-0.0346257128,-0.0789163336,0.476023495,-0.696378589,0.697947681,0.000122338039,-0.00345530827,-0.000363852596,-1.03928256,-0.490964919,0.266617388,0.121927612,0.000167301783,-0.00346612162,0.000196613488
0.0110408571,-0.337075591,0.888053775,-0.0587841782,0.0356833913,-0.751048717,0.656655877,0.0265338346,0.100827821,-0.265432537,0.305323601,-0.301933199,0.0911221653,-0.480154872,-0.0790598541,-0.0501699969,1.2016139,-0.084632583,0.210685134,0.0845950097,0.221048534,-0.052685678,-0.0846062154,0.498179018,-0.744699836,0.625721097,0.000125205435,-0.00399637409,-0.000429451931,-1.09156537,-0.483557999,0.331234992,0.201296076,0.000139260461,-0.00313415704,0.000149989835
0.00503026322,-0.335980177,0.890656173,-0.0535542214,0.0356340119,-0.744426489,0.66459865,0.0268922932,0.103857078,-0.273114026,0.271622241,-0.267409027,0.0650865808,-0.434065849,-0.106148779,-0.0715447664,1.12483358,-0.0785261989,0.208217159,0.115605339,0.210847929,-0.0702217743,-0.0915622711,0.518673658,-0.795484662,0.551269174,0.000126034953,-0.00452744216,-0.000493896077,-1.13022947,-0.470318168,0.394654185,0.294317216,0.000101647049,-0.00280759274,0.000134361035
-0.000211645849,-0.333713949,0.891181946,-0.0466557218,0.0348128116,-0.737997887,0.672287462,0.0227106418,0.103296936,-0.277137756,0.242109269,-0.24425602,0.0413735881,-0.372558296,-0.128135204,-0.102423549,1.00953066,-0.070625931,0.206303611,0.150138929,0.189662427,-0.0828813463,-0.105393052,0.533808708,-0.84967649,0.473301321,0.000120323857,-0.005002602,-0.000542906928,-1.13336051,-0.440383315,0.437918574,0.420479178,6.40721992e-05,-0.00263065705,0.000179332215
-0.00518582202,-0.331168413,0.890949249,-0.0392429707,0.0338480198,-0.731564513,0.679799723,0.0166339669,0.101982117,-0.279592007,0.215435416,-0.225349084,0.019337533,-0.309495121,-0.148128271,-0.135991007,0.887967885,-0.0644520521,0.20412536,0.184912413,0.165673286,-0.0934002846,-0.121361643,0.547268927,-0.902718723,0.396058619,0.000112301139,-0.00544554973,-0.000587596965,-1.12604618,-0.408038974,0.472867638,0.552719057,3.6004727e-05,-0.00250054756,0.000243416522
-0.0096254237,-0.328063756,0.889199555,-0.0308080606,0.032600784,-0.72522315,0.687051261,0.00676621031,0.0991577283,-0.278907835,0.194435,-0.214930832,0.000651376322,-0.243309349,-0.164138168,-0.174941719,0.753863692,-0.0617298186,0.201417282,0.220171809,0.136072665,-0.0996398777,-0.141608626,0.557381988,-0.953471184,0.320252329,9.96538292e-05,-0.00582415331,-0.000623653526,-1.09784031,-0.370869964,0.4911924,0.69713825,2.69467419e-05,-0.00246406579,0.000345737993
-0.0142274117,-0.324861228,0.885997176,-0.0219921506,0.0311066589,-0.719253002,0.693702992,-0.00603200775,0.0961128399,-0.274030894,0.180681586,-0.210900262,-0.0139183719,-0.182907671,-0.175673783,-0.214253068,0.628608465,-0.0670412779,0.196876705,0.250873536,0.104535349,-0.101959735,-0.161579162,0.566062629,-0.996917963,0.250316411,7.78365429e-05,-0.00611528475,-0.000660248101,-1.05087316,-0.339464426,0.496091247,0.838803828,4.78421935e-05,-0.00246087718,0.000478490314
-0.0189109929,-0.321609527,0.882068276,-0.0129840225,0.0294867214,-0.713413715,0.700002014,-0.0202964488,0.0929574519,-0.267057359,0.170550093,-0.210062817,-0.0264314208,-0.125392348,-0.184973508,-0.253748208,0.507766128,-0.0763696507,0.191419542,0.279299349,0.0720269755,-0.102320127,-0.181413293,0.574027956,-1.03671634,0.183309108,5.14327985e-05,-0.00636270968,-0.000697115029,-0.994522214,-0.310937554,0.494278222,0.979105413,8.37147018e-05,-0.00247433269,0.000626468274
-0.0244987644,-0.318684459,0.876791716,-0.00507758492,0.0275870539,-0.709164419,0.704484918,-0.035233885,0.0916045308,-0.252153695,0.169863433,-0.21500954,-0.0331424251,-0.0866194218,-0.188353494,-0.283190072,0.425556958,-0.101034395,0.181720167,0.293630302,0.0422879867,-0.0977073014,-0.193439841,0.585203171,-1.06050062,0.129526645,3.38250902e-06,-0.00648411363,-0.000743202574,-0.921895981,-0.305805862,0.479367971,1.09154093,0.000160087977,-0.00242984435,0.000780744129
-0.0301638376,-0.315905571,0.871503949,0.00205206017,0.0256226769,-0.705649202,0.708094959,-0.0493178144,0.0911323875,-0.235375196,0.171632573,-0.220766336,-0.0385896079,-0.0545187108,-0.190403298,-0.307469189,0.35748896,-0.129542813,0.170927048,0.302687198,0.0148842931,-0.0918081999,-0.202363044,0.599291325,-1.07871485,0.0804051459,-5.01451505e-05,-0.00658147968,-0.000791187398,-0.84987241,-0.312469304,0.462339252,1.1900183,0.000239622983,-0.00233379845,0.000920351769
-0.0359832048,-0.313419223,0.866193891,0.00762682533,0.0235331091,-0.703705118,0.710061357,-0.0616942346,0.0924216062,-0.214848414,0.17831257,-0.228142709,-0.0415091924,-0.0357623845,-0.18979302,-0.321422815,0.317703128,-0.165736109,0.157947212,0.301196873,-0.00784800947,-0.083337158,-0.205079839,0.619203806,-1.08578944,0.0406068787,-0.00011462345,-0.00663077179,-0.00084296416,-0.779057622,-0.342719615,0.441075087,1.26057768,0.000325476634,-0.0021346563,0.00103061972
-0.0415870734,-0.311184227,0.861586154,0.0116697901,0.0209849732,-0.70351408,0.710275571,-0.0722863972,0.0946555585,-0.194732308,0.190707028,-0.234616905,-0.0434482098,-0.0268149953,-0.187818885,-0.325898975,0.298345625,-0.2028687,0.144605458,0.290118128,-0.0254429746,-0.0734499767,-0.202555612,0.646536231,-1.08264589,0.0092677502,-0.000175241992,-0.00667946367,-0.000894055411,-0.720204473,-0.402180374,0.419979274,1.30425751,0.000391845009,-0.00181385467,0.00108566973
-0.0470823348,-0.309075266,0.857330203,0.0149461341,0.0182079564,-0.704198374,0.709612383,-0.0819848254,0.0973615348,-0.174824581,0.205956846,-0.240639016,-0.0448966548,-0.0227734428,-0.185163155,-0.325635701,0.289205283,-0.240465298,0.131084755,0.274246901,-0.040466588,-0.0628562272,-0.197411254,0.677574396,-1.07439399,-0.017837029,-0.000233921397,-0.00672784774,-0.000944796018,-0.667341173,-0.476237237,0.398970902,1.3344909,0.000448460603,-0.00143227214,0.00111310242
-0.0528679565,-0.307264775,0.854671419,0.0170321523,0.0139295582,-0.707758197,0.706112036,-0.0917625725,0.098932147,-0.159557834,0.233175576,-0.241525248,-0.0463186428,-0.028351659,-0.182241634,-0.313851416,0.298543572,-0.270223349,0.1192559,0.246972859,-0.051528722,-0.0514451936,-0.18386814,0.716576338,-1.05316579,-0.034220241,-0.000261904061,-0.00683171488,-0.000994492788,-0.640526891,-0.590770721,0.384444892,1.33622599,0.000454067835,-0.000950425863,0.0010198002
-0.0590010434,-0.305554628,0.852555752,0.0191988548,0.0090721181,-0.712205576,0.701649712,-0.102497697,0.0990713462,-0.145767808,0.264996111,-0.239850968,-0.0478864945,-0.035901472,-0.179639399,-0.29920882,0.310802132,-0.296118736,0.108231358,0.218102664,-0.0629090965,-0.040260572,-0.167120546,0.755425453,-1.02928138,-0.0477409177,-0.000276505743,-0.00695884787,-0.00104577607,-0.622222364,-0.712893128,0.374195486,1.332461,0.000441881974,-0.000480273564,0.000878202787
-0.0658300519,-0.304044962,0.851525962,0.0215269953,0.00305628723,-0.718427398,0.695262052,-0.115149356,0.0963475555,-0.134929344,0.306025833,-0.23305507,-0.0497463308,-0.047395926,-0.177675426,-0.278847039,0.328903526,-0.314292043,0.0988138765,0.186035544,-0.0749277398,-0.0295271128,-0.143961012,0.793975055,-1.00008035,-0.0555381477,-0.00026434561,-0.00713253394,-0.00110024039,-0.620935738,-0.850213051,0.372498244,1.31769431,0.000394105271,-3.34391734e-05,0.000639985898
-0.073408559,-0.302728653,0.851406515,0.0246945507,-0.00385781261,-0.725892543,0.687353848,-0.130853489,0.087997824,-0.12623404,0.358965099,-0.220918953,-0.0521269217,-0.0598347932,-0.176525325,-0.254702747,0.346021444,-0.32537818,0.0905881524,0.156035468,-0.089129433,-0.0207938235,-0.116137259,0.826574326,-0.968675852,-0.0583144389,-0.000231811995,-0.00733793993,-0.00115738006,-0.637598276,-0.987845659,0.383467227,1.29662657,0.000325638539,0.000320824911,0.00034969562
-0.0813618377,-0.301508993,0.851742327,0.028278356,-0.0112200937,-0.733882715,0.67859458,-0.148083955,0.0768348947,-0.11861039,0.417859644,-0.206112549,-0.0547679216,-0.0727458969,-0.175782204,-0.228667125,0.362647653,-0.332920402,0.082958363,0.127068996,-0.104422748,-0.0130606927,-0.0859812349,0.856198132,-0.936169386,-0.058580067,-0.000189090904,-0.00755920727,-0.00121585757,-0.663236141,-1.12563455,0.4007698,1.27240801,0.000246826006,0.000628800306,3.33667012e-05
-0.0898239836,-0.300360739,0.853114307,0.0328947521,-0.019314799,-0.743114811,0.668075783,-0.172418177,0.0536254235,-0.112833112,0.50363934,-0.185028285,-0.0599432662,-0.0834039897,-0.175710633,-0.197503448,0.371425897,-0.332856596,0.0755932033,0.104782604,-0.122218847,-0.00954991393,-0.0555612631,0.873909712,-0.901651263,-0.0498928539,-0.000136668008,-0.00781745184,-0.00126342417,-0.724764466,-1.2441963,0.43928656,1.24067628,0.000182013289,0.000760016264,-0.00021808836
-0.0980245993,-0.29911682,0.854688704,0.037336238,-0.0274102783,-0.752531177,0.656925803,-0.199809268,0.0264930278,-0.107106701,0.598516226,-0.162859559,-0.066843614,-0.0929634571,-0.175525054,-0.164909944,0.377818853,-0.331132978,0.0680482164,0.0840857178,-0.139750168,-0.00733787613,-0.0271122549,0.888006091,-0.867102385,-0.0372026712,-8.55225153e-05,-0.00808403082,-0.00130007486,-0.801192462,-1.35059309,0.483357966,1.20637262,0.000134203859,0.000841668923,-0.000420695986
-0.105702192,-0.297681689,0.856667936,0.0414347057,-0.0355095197,-0.762498864,0.644684203,-0.233313665,-0.00848461408,-0.101481959,0.711586118,-0.138522059,-0.0771936849,-0.100325838,-0.175111488,-0.129456982,0.379441679,-0.326090157,0.0601435602,0.0665676147,-0.156751961,-0.00772311864,-0.00260487292,0.894872844,-0.832492054,-0.0165071599,-3.69316185e-05,-0.00836727768,-0.00131489523,-0.907417357,-1.43266177,0.5385378,1.16692543,0.000120398436,0.000824202667,-0.000525616168
-0.111969151,-0.295941919,0.858685613,0.0442386009,-0.0429942013,-0.772837991,0.631597883,-0.271355212,-0.0478318259,-0.0949721783,0.832027793,-0.115381293,-0.0909640417,-0.105550826,-0.173417583,-0.0932533145,0.378793538,-0.318998992,0.0526660755,0.049681101,-0.170235038,-0.0103304759,0.0156855322,0.895365596,-0.801046491,0.0133724436,1.38683727e-05,-0.00862352736,-0.00130210328,-1.04047823,-1.48376095,0.598417819,1.12203145,0.000148308129,0.000752880529,-0.000540571171
-0.117530793,-0.294049919,0.860722482,0.0463867258,-0.0501625199,-0.783221477,0.617977436,-0.311664999,-0.0893634036,-0.0880197957,0.956154227,-0.092839174,-0.106444299,-0.109707057,-0.171083435,-0.0566744544,0.377010047,-0.310883731,0.0454022661,0.0331103131,-0.181958571,-0.0140488306,0.0308673847,0.892671347,-0.77118367,0.0478440337,6.5773369e-05,-0.00886627287,-0.0012755061,-1.18695545,-1.51937556,0.660647154,1.0744139,0.000197074565,0.000654633448,-0.000510544924
-0.120690867,-0.292045981,0.862362027,0.0463451222,-0.0554466613,-0.793825324,0.603837024,-0.351572692,-0.129366577,-0.078470394,1.06774759,-0.0771738887,-0.122406349,-0.109996088,-0.165337741,-0.0223659892,0.372855067,-0.301550269,0.0405444317,0.0161497854,-0.185134947,-0.0199088622,0.0354727879,0.879542887,-0.750004649,0.0949508101,0.000129977168,-0.00897744205,-0.00122357276,-1.34245312,-1.51109862,0.714029431,1.01430988,0.000292642275,0.000535423809,-0.000374136143
-0.123360835,-0.290231705,0.863816738,0.0456588791,-0.0599882008,-0.804081501,0.589719952,-0.388286889,-0.166502923,-0.0679983869,1.1684525,-0.0640993565,-0.136550397,-0.108318374,-0.158662274,0.0102456864,0.367031425,-0.292359084,0.036582958,-0.000402680831,-0.185208812,-0.025910113,0.0366930701,0.861844182,-0.731535912,0.145454153,0.000193432395,-0.00901589729,-0.00117004523,-1.48497665,-1.49122477,0.757799149,0.947023094,0.000391407259,0.00041147758,-0.000210769053
-0.125050262,-0.288796991,0.864901304,0.0437007557,-0.0630628779,-0.813928027,0.575877143,-0.418609023,-0.197900325,-0.0556829423,1.24736691,-0.05620794,-0.14705658,-0.102707729,-0.150128379,0.0394590683,0.357871622,-0.283453912,0.0344146751,-0.0161365643,-0.179078147,-0.0321928561,0.0311434548,0.835008323,-0.718490481,0.202742398,0.000255380903,-0.00890892837,-0.00111333746,-1.6015321,-1.44816113,0.782338798,0.865382671,0.000496551162,0.000278077816,6.48546484e-06
-0.126540214,-0.288033932,0.865642548,0.0405982933,-0.065184059,-0.822926073,0.562934716,-0.438043475,-0.221006617,-0.0424076654,1.29834104,-0.0519040972,-0.151266396,-0.091175653,-0.141081154,0.0639312938,0.343667924,-0.275814235,0.0333516859,-0.0305196829,-0.168174624,-0.0388722867,0.0204518847,0.797869325,-0.707266331,0.266051531,0.000298221305,-0.00855242647,-0.00104246428,-1.6733501,-1.38715482,0.779569149,0.764996886,0.000587315531,8.30735517e-05,0.000232236111
-0.127930224,-0.287606835,0.86621201,0.0369203523,-0.0668210659,-0.831411448,0.550387897,-0.452031076,-0.239963815,-0.028654499,1.33533728,-0.0493947007,-0.152327403,-0.076684624,-0.131778613,0.0860292092,0.326944441,-0.268808484,0.0328415036,-0.0442252234,-0.154886335,-0.0457490459,0.00719096977,0.7555843,-0.696954727,0.33236143,0.000331501098,-0.0080712121,-0.00096451951,-1.72278857,-1.31718624,0.763145208,0.655253887,0.000670876179,-0.000142703197,0.000462200405
-0.129687488,-0.288364649,0.866207361,0.0316352844,-0.0680530741,-0.838846325,0.539170503,-0.448332071,-0.244205922,-0.0146557912,1.33389759,-0.0504184403,-0.140995413,-0.0523499362,-0.121882915,0.101964146,0.304281473,-0.265003651,0.032896962,-0.057521306,-0.138427973,-0.0548693612,-0.00912849512,0.702198267,-0.681019127,0.406000555,0.000324657245,-0.00706768967,-0.000826483709,-1.70926356,-1.22488046,0.707396269,0.520305574,0.00071539951,-0.000584105554,0.000615762721
-0.131553859,-0.289591521,0.865918875,0.0257715634,-0.0691749144,-0.846055612,0.527958861,-0.43958804,-0.242935747,-0.000793290325,1.32266784,-0.0527711436,-0.125130132,-0.0262635313,-0.111226067,0.117212623,0.281851798,-0.262524903,0.0329023227,-0.0711770877,-0.121590786,-0.0645631105,-0.0249474496,0.648057044,-0.660321712,0.479541332,0.000306572445,-0.00594388368,-0.000672969967,-1.68127227,-1.12712908,0.643664062,0.380871892,0.000736868358,-0.00109628146,0.000735536858
-0.133638412,-0.291756392,0.865062475,0.0187583564,-0.0700900025,-0.852982988,0.51687091,-0.420754731,-0.230641872,0.0127968164,1.29185998,-0.0577815622,-0.100198962,0.00332604535,-0.0990470424,0.131088227,0.259888589,-0.262698114,0.0328074917,-0.0855522007,-0.103996001,-0.0754036531,-0.0397654623,0.592405558,-0.630101442,0.552885294,0.00026600741,-0.00457953056,-0.000488503138,-1.62435055,-1.0184871,0.563966155,0.232468218,0.000712231733,-0.001749994,0.000787739933
-0.135509863,-0.294929594,0.863435507,0.0105416041,-0.070115046,-0.85979952,0.505685219,-0.395736933,-0.208258003,0.0249888543,1.25098622,-0.0676825941,-0.0691403896,0.0313129239,-0.0840263516,0.145506546,0.243091315,-0.266086906,0.0322267227,-0.10027054,-0.0848916024,-0.0854573995,-0.0521638915,0.540851951,-0.588079095,0.617155671,0.000214535452,-0.00326451426,-0.000320408697,-1.55418921,-0.907188535,0.483358383,0.0855309367,0.000616841426,-0.00243084878,0.000797519344
-0.137274951,-0.298607439,0.861423075,0.00172149568,-0.0696854949,-0.86644496,0.494382543,-0.367623776,-0.180825993,0.0364832096,1.20507491,-0.0800306723,-0.0350142457,0.0585017093,-0.067582719,0.160197958,0.228875309,-0.271084189,0.0314028561,-0.115162313,-0.0650298297,-0.0951189026,-0.0633539632,0.491341203,-0.540149868,0.676896214,0.000157603863,-0.00197401643,-0.000160482174,-1.47739923,-0.794548154,0.402286083,-0.0606910177,0.000486058387,-0.00312535604,0.000786087941
-0.138162702,-0.303467244,0.858278811,-0.00815130557,-0.066794274,-0.87216571,0.484560682,-0.339021325,-0.145159349,0.043776948,1.16407657,-0.102734655,-0.000797978602,0.0793765038,-0.0467317142,0.173463657,0.223715276,-0.281618357,0.0293868706,-0.128976628,-0.0419448689,-0.102143429,-0.0712133348,0.453338981,-0.481320232,0.712253571,0.000105947838,-0.00103513175,-6.36892582e-05,-1.40070915,-0.692918301,0.335541189,-0.190343723,0.000263445603,-0.00373156485,0.000759706716
-0.138752148,-0.30846554,0.854924858,-0.017882058,-0.0631407047,-0.877135464,0.475738227,-0.312827229,-0.109676503,0.0495883748,1.12915933,-0.127574146,0.030795306,0.0983337164,-0.0256574489,0.184989452,0.220584929,-0.29366684,0.026976835,-0.141924709,-0.0184032135,-0.108495668,-0.0787325725,0.419893891,-0.422959507,0.738406539,6.05928763e-05,-0.000220984308,1.79618237e-05,-1.32736778,-0.598475456,0.274616599,-0.311719537,3.77919423e-05,-0.00430750474,0.000744957535
-0.13874492,-0.313739985,0.851152122,-0.0273276949,-0.0579822077,-0.880841938,0.469050895,-0.291453272,-0.0745666102,0.0524345301,1.10640872,-0.156680554,0.0571382046,0.11345315,-0.00413992442,0.193033993,0.22151418,-0.308741927,0.0237791277,-0.153138518,0.00604818808,-0.113502465,-0.0855704099,0.395567536,-0.365545481,0.746147811,2.78460266e-05,0.000343583117,6.93190741e-05,-1.26073456,-0.51842016,0.225340948,-0.416524351,-0.000193908563,-0.00482282368,0.000753472676
-0.138302371,-0.31870383,0.847471237,-0.0355739008,-0.0524811872,-0.883280006,0.464539184,-0.277037919,-0.0438954309,0.0531502366,1.09634781,-0.183037609,0.0761828721,0.125494748,0.0144383973,0.197327226,0.224568993,-0.324838907,0.020139575,-0.1620543,0.0293462761,-0.117863715,-0.0946147889,0.379855186,-0.314859957,0.734389544,7.57140288e-06,0.000694502494,0.000107048021,-1.20228159,-0.455545723,0.185712427,-0.504354715,-0.000383712817,-0.00529308151,0.000816734508
-0.13764216,-0.323512256,0.843836486,-0.0432183742,-0.0468079037,-0.88505715,0.461101978,-0.266102701,-0.0154446745,0.0528005697,1.09263301,-0.208019152,0.0915774778,0.135996923,0.0315464586,0.199744463,0.228686675,-0.341446519,0.0162791684,-0.169820711,0.0520670414,-0.121902034,-0.104762323,0.368450761,-0.267540365,0.712880373,-6.4658002e-06,0.000938575307,0.000137961004,-1.14792061,-0.401264399,0.150909066,-0.583694577,-0.000552561483,-0.00574079249,0.000907371519
-0.136590078,-0.327224493,0.840996623,-0.0483983263,-0.0423195919,-0.885551311,0.460071223,-0.265482247,0.00396922603,0.0503530651,1.10614383,-0.221580982,0.0974581838,0.142435998,0.0418992192,0.198070884,0.23349461,-0.35581553,0.0124394018,-0.174156338,0.0711862668,-0.125976562,-0.124000028,0.367826909,-0.232592463,0.659300447,-8.19357774e-06,0.000909183233,0.000158215829,-1.10616469,-0.371266246,0.127550036,-0.641818821,-0.000651411421,-0.00612363871,0.00110384414
-0.135487035,-0.330459177,0.83852309,-0.0527751108,-0.0384335143,-0.88570046,0.459643719,-0.268399328,0.0205184054,0.0474690422,1.12548614,-0.231609702,0.101144046,0.147770032,0.0502653942,0.19532828,0.23781687,-0.368555188,0.00884193461,-0.177507013,0.0889131501,-0.1303619,-0.14817445,0.370597482,-0.201503873,0.59665525,-7.47179183e-06,0.000791176106,0.000175903668,-1.06881571,-0.347229689,0.107376516,-0.694621921,-0.000735019392,-0.00648206566,0.00133153691
-0.134281859,-0.332739294,0.836781919,-0.0555495026,-0.0357542859,-0.885221545,0.460454883,-0.278392822,0.0313407816,0.0437112972,1.15649688,-0.234573379,0.100440428,0.150894746,0.0546595976,0.190446809,0.241168499,-0.378038228,0.00572839845,-0.178888246,0.10385862,-0.135369807,-0.182228491,0.380158365,-0.17812857,0.515864611,-1.85010845e-06,0.000495892484,0.00018846053,-1.04027402,-0.335113049,0.0935707241,-0.736792147,-0.000788156525,-0.00679172017,0.00162172457
-0.133091271,-0.333975196,0.835726798,-0.0569569569,-0.0342672311,-0.884150487,0.462449541,-0.295584202,0.0376561135,0.0395569727,1.1969049,-0.232986301,0.0965005159,0.15229094,0.0561281145,0.184256673,0.243097514,-0.384229183,0.00340718613,-0.178461477,0.115792662,-0.141191646,-0.227278531,0.396377504,-0.161808208,0.429628789,5.84925147e-06,4.44160687e-05,0.000197190704,-1.02045262,-0.32954669,0.0848460943,-0.770576596,-0.000821793568,-0.0070399167,0.00193925295
-0.131907851,-0.3346892,0.835014522,-0.0576809858,-0.0333759497,-0.882780659,0.465034685,-0.316375822,0.041718848,0.0352039598,1.242015,-0.22912398,0.0909422711,0.15282312,0.0561341271,0.177411661,0.244315505,-0.388774961,0.00148185017,-0.177130774,0.126222402,-0.147420973,-0.277830452,0.415926993,-0.149013221,0.340661943,1.45881004e-05,-0.000485192693,0.000204008698,-1.00498867,-0.327254415,0.0786608309,-0.80017215,-0.00084568531,-0.00725741219,0.00227048248
-0.130830169,-0.333881736,0.83510828,-0.0564382619,-0.0343223451,-0.880711231,0.469024974,-0.343235433,0.0410946868,0.0307114907,1.29073393,-0.221370608,0.0813108087,0.151033968,0.0517566651,0.170995593,0.243590578,-0.390288413,0.000860156259,-0.172760367,0.131655872,-0.15398705,-0.335969418,0.440923452,-0.146228373,0.270064235,2.16299486e-05,-0.00107750797,0.000206031895,-1.00146306,-0.329075336,0.0783369243,-0.817445874,-0.000839982764,-0.00735483784,0.00254620006
-0.12977685,-0.332700819,0.835440874,-0.0544024591,-0.0359954856,-0.878545279,0.47318378,-0.369029522,0.0394849367,0.0263405722,1.33599985,-0.213309541,0.0708650425,0.148479193,0.0453026518,0.165250644,0.242192328,-0.391377687,0.000766192563,-0.167291328,0.135079369,-0.160035044,-0.390140384,0.464940012,-0.147271767,0.211986199,2.72061934e-05,-0.00161402184,0.000206210592,-1.00232434,-0.331543207,0.0804164186,-0.829454124,-0.000820234302,-0.00739466306,0.00276988512
-0.12877205,-0.330772817,0.836250663,-0.0507806892,-0.0391223593,-0.876190572,0.477682785,-0.392699569,0.0359039977,0.0222115926,1.3743726,-0.204631224,0.0587883294,0.144392863,0.0346947275,0.160846233,0.239447325,-0.391619205,0.00172745099,-0.159624115,0.134484574,-0.165048659,-0.436390698,0.487003267,-0.155970335,0.17892766,2.98532395e-05,-0.00203909213,0.000202701107,-1.01195788,-0.335305393,0.0873022452,-0.830936909,-0.000772394938,-0.00731932139,0.00288958312
-0.127792537,-0.32870847,0.837593615,-0.0451717361,-0.043764884,-0.873767465,0.482259853,-0.409651756,0.0312575549,0.0191275328,1.39951134,-0.196887165,0.0469283089,0.138759702,0.0183723401,0.157323048,0.235350758,-0.391201645,0.00460206997,-0.150181279,0.128502741,-0.168017715,-0.462303281,0.503450513,-0.175790608,0.17715475,2.92708028e-05,-0.0022725584,0.000194203138,-1.03472435,-0.340951383,0.103355616,-0.815720797,-0.000694268034,-0.00706075411,0.00286807586
-0.126825541,-0.326575637,0.839203358,-0.038565475,-0.0491627746,-0.871251214,0.486843967,-0.423246682,0.0260777883,0.0165656898,1.41803527,-0.189609304,0.0351752378,0.132352307,-0.000809746736,0.154239997,0.230577812,-0.390454382,0.00843397249,-0.139849365,0.119826227,-0.169964775,-0.478048623,0.517091453,-0.201175153,0.191026688,2.7073389e-05,-0.00241024117,0.000183209399,-1.0640614,-0.347540349,0.123995796,-0.792151749,-0.000600986939,-0.00671052514,0.00277595571
-0.125694662,-0.325066745,0.841715932,-0.0288699026,-0.0558694151,-0.868430312,0.491806802,-0.425391912,0.0211349726,0.0171765387,1.4134016,-0.183376178,0.0256038047,0.123283975,-0.0290673245,0.150785848,0.224390656,-0.386707604,0.0174089894,-0.127463847,0.10226994,-0.168746203,-0.456777543,0.523546159,-0.24744837,0.257991016,2.09430782e-05,-0.00228916318,0.000161302713,-1.12065101,-0.360497177,0.16661647,-0.731995225,-0.000490868813,-0.00601531472,0.00248848554
-0.124230571,-0.323785514,0.844518781,-0.0185016187,-0.0623061911,-0.865472307,0.496722573,-0.423755258,0.0172065664,0.0190848038,1.39929783,-0.176681042,0.016506169,0.113013588,-0.058899682,0.146731898,0.218004853,-0.380396307,0.0286624394,-0.114062339,0.0832409263,-0.16689755,-0.42653054,0.529070616,-0.298603475,0.337501854,1.45372787e-05,-0.00213270145,0.000134993912,-1.18595576,-0.376896381,0.217160285,-0.660635948,-0.000389729714,-0.00523189828,0.00218205131
-0.122100316,-0.322959721,0.847901583,-0.00679600411,-0.0682093561,-0.862370532,0.501615752,-0.414555699,0.0153074181,0.0235874113,1.36625695,-0.169062942,0.00835745502,0.100340866,-0.0918768048,0.141479075,0.211222708,-0.368957251,0.0444706939,-0.0986310542,0.0612695813,-0.163789108,-0.378337681,0.532734036,-0.359513849,0.442091703,7.58152146e-06,-0.00190550182,9.98854885e-05,-1.26867878,-0.400177449,0.283541441,-0.566883564,-0.000306562579,-0.00427220156,0.00183773879
-0.118452556,-0.322317302,0.851675868,0.00483625467,-0.072138785,-0.859526738,0.505950978,-0.397287279,0.0170464031,0.0301092304,1.30841124,-0.159436017,-0.000184546458,0.0843549445,-0.122502677,0.134127662,0.204583883,-0.349152684,0.0644249991,-0.0803545266,0.0419269875,-0.1606659,-0.327713698,0.53726685,-0.419673026,0.541128039,2.50297171e-06,-0.00174752367,5.69541953e-05,-1.3602879,-0.429742783,0.359883398,-0.468167871,-0.000255042949,-0.00325059867,0.00159294985
-0.114046231,-0.321766585,0.855645478,0.0164290461,-0.0750751718,-0.856751918,0.509970545,-0.375985473,0.0206046943,0.0376400985,1.23816633,-0.148805499,-0.00892240833,0.0667136908,-0.151949272,0.125727415,0.198017448,-0.325166464,0.0864505246,-0.0606570318,0.0239012912,-0.157535672,-0.275880039,0.542234123,-0.479449809,0.637375295,-1.63622519e-06,-0.00162418548,1.01151109e-05,-1.45633066,-0.462447524,0.44119826,-0.366981536,-0.000219355046,-0.00219814782,0.00139796291
-0.106753349,-0.321105599,0.859662533,0.0259056299,-0.0738395981,-0.854600318,0.513356512,-0.343498588,0.0305728577,0.046362102,1.12894952,-0.136328325,-0.0191498082,0.0434963778,-0.17192477,0.112790331,0.192460954,-0.288580447,0.111086808,-0.0382504202,0.0156040192,-0.155556753,-0.240136117,0.551847339,-0.526324213,0.691593528,-2.13198518e-06,-0.00172445457,-4.66758793e-05,-1.54850471,-0.497077703,0.522523999,-0.288420796,-0.000222285744,-0.00120961736,0.00144953141
-0.0987984911,-0.320350856,0.863489509,0.0344053074,-0.071100089,-0.852447963,0.516810916,-0.3087883,0.0422354899,0.0550728068,1.01133871,-0.124321252,-0.0297232829,0.0189557578,-0.188720107,0.0980677009,0.187342405,-0.249945804,0.134724066,-0.0161914565,0.0106320027,-0.153968051,-0.210924461,0.562838137,-0.568125844,0.733631968,-2.15954174e-06,-0.00188799063,-0.000106545762,-1.63461208,-0.529526412,0.599211276,-0.221313015,-0.000231488593,-0.000289129384,0.00156209408
-0.0895205289,-0.319408566,0.866935968,0.0409526083,-0.0653619623,-0.850394077,0.520461921,-0.269634694,0.0572857931,0.0637600347,0.87695241,-0.11325562,-0.040987812,-0.00822891947,-0.199153513,0.0797755569,0.183100298,-0.207217932,0.156360924,0.00516998256,0.0123108337,-0.153159916,-0.194780052,0.576582849,-0.599777758,0.751306951,-1.25071233e-06,-0.0021780408,-0.00017256719,-1.70857751,-0.557608962,0.666613877,-0.177117333,-0.000253234495,0.000495183223,0.00179663091
-0.0801349208,-0.318428516,0.869722128,0.0458445864,-0.0575123562,-0.848053725,0.524781366,-0.230740279,0.0728184208,0.0724684745,0.743264854,-0.104825884,-0.0517570302,-0.0347769968,-0.205349043,0.058663182,0.179604858,-0.166577607,0.173342466,0.0238484722,0.018726889,-0.152758151,-0.187063575,0.588815033,-0.622675419,0.758287907,-2.09146265e-06,-0.00251399446,-0.000239899644,-1.76531219,-0.578492284,0.719345927,-0.151471108,-0.000276249833,0.00109714433,0.00205978611
-0.0706947371,-0.317429543,0.872178435,0.0499058088,-0.0486027245,-0.845509146,0.52939727,-0.191972464,0.0885933861,0.0811881647,0.609916449,-0.0977133512,-0.062279433,-0.0610088259,-0.209426254,0.0361391976,0.176482499,-0.126977891,0.187997833,0.0411870144,0.0275118668,-0.152559534,-0.183560148,0.600291848,-0.641198039,0.759922802,-3.80699998e-06,-0.00287292385,-0.000307892711,-1.81343651,-0.59577781,0.764747322,-0.135096937,-0.000299901614,0.00160798256,0.00233726925
-0.062484391,-0.316793233,0.873575211,0.0521478617,-0.0396585047,-0.842060032,0.535390238,-0.159868419,0.100198805,0.0895438492,0.502765179,-0.094611764,-0.0693763271,-0.0794721246,-0.210227013,0.0133128725,0.173940718,-0.0975852013,0.195764959,0.0530070886,0.0399161056,-0.152389869,-0.185822159,0.601468444,-0.650106668,0.758501887,-1.33547774e-05,-0.00318454579,-0.000360964012,-1.83635879,-0.60232234,0.788104057,-0.135474071,-0.0003182535,0.00189421931,0.00254008593
-0.054853525,-0.316332281,0.874670327,0.0537464729,-0.0315172485,-0.838199077,0.541793583,-0.130857065,0.110060588,0.0971333385,0.408328176,-0.0925010145,-0.0748621374,-0.0938148946,-0.210597456,-0.00788461417,0.171184301,-0.0724110529,0.202023268,0.062869139,0.0525858849,-0.152017713,-0.188622057,0.597241521,-0.657112002,0.757932663,-2.7133472e-05,-0.00345694856,-0.00040391201,-1.8523798,-0.605562389,0.805882692,-0.138850674,-0.00033337716,0.00212871144,0.0027027498
-0.0483818687,-0.316221893,0.875162184,0.0540655596,-0.024988819,-0.833635992,0.54909335,-0.10803175,0.116435073,0.103190236,0.339321285,-0.0923717991,-0.0771259144,-0.0999168828,-0.210107416,-0.0258237571,0.167998701,-0.0556741878,0.205264032,0.0688151121,0.065786019,-0.151240677,-0.192497551,0.582209408,-0.660310566,0.759066939,-4.93722291e-05,-0.00365090882,-0.000426613726,-1.85459876,-0.602194309,0.812505841,-0.148225322,-0.000342044339,0.00225971523,0.00278511061
-0.0428818837,-0.316470593,0.875141859,0.0526659033,-0.0202566121,-0.828688011,0.556859186,-0.0904449672,0.120805666,0.106072433,0.2935462,-0.0942295641,-0.0764036924,-0.0975235999,-0.20924373,-0.0385615751,0.163623184,-0.0462534763,0.206910625,0.0712356567,0.0782309622,-0.149655998,-0.195804834,0.555760682,-0.661700249,0.763822556,-7.92341452e-05,-0.00375096267,-0.000426667655,-1.84425211,-0.591756165,0.81108129,-0.15912351,-0.000337885809,0.00228159223,0.00280011911
-0.0378688462,-0.316898763,0.874865711,0.0504045036,-0.0164226547,-0.823505158,0.564826466,-0.0754808933,0.12417347,0.107366771,0.259395719,-0.0970804021,-0.0741886944,-0.0908833891,-0.208193421,-0.0486962758,0.158653632,-0.0404925682,0.207759887,0.0718930736,0.0902957991,-0.14766787,-0.198827356,0.523609281,-0.662185133,0.77038765,-0.000112901384,-0.00380404526,-0.000415398245,-1.82762468,-0.577785373,0.805633605,-0.170781225,-0.00032731556,0.00224890443,0.00278145028
-0.0332652591,-0.318061203,0.873829961,0.0452538067,-0.0143308512,-0.818313377,0.572808814,-0.0657933578,0.126539096,0.101188287,0.249245062,-0.10413859,-0.0687112361,-0.0749273598,-0.206246883,-0.0515436493,0.153025478,-0.0428006016,0.207298756,0.0674307868,0.100058384,-0.144680291,-0.199928939,0.481590897,-0.662116289,0.783428907,-0.00014650356,-0.00371383387,-0.000377204735,-1.79214716,-0.553996205,0.790338755,-0.178168178,-0.000292260258,0.0019553965,0.00272217416
-0.0284017883,-0.319541246,0.872551441,0.0393523422,-0.0124692031,-0.813020104,0.580770369,-0.0574233644,0.128827468,0.0917364582,0.244124219,-0.11307545,-0.0627943799,-0.0578568876,-0.203777537,-0.052417025,0.148230433,-0.0471319817,0.206459343,0.0610870048,0.109090686,-0.141648769,-0.200244218,0.439818621,-0.662637711,0.798176229,-0.000175677269,-0.00357835949,-0.000334265031,-1.75079763,-0.528233469,0.77283144,-0.183019266,-0.000251980411,0.0015330686,0.00267512724
-0.0230183303,-0.321656406,0.870787501,0.0319551023,-0.0110692459,-0.807608553,0.588748477,-0.0516870208,0.130961567,0.0757393911,0.249058515,-0.125769034,-0.0559989214,-0.0385579765,-0.200262696,-0.0493438765,0.14510113,-0.0555087365,0.204863459,0.0509811044,0.116663359,-0.138529256,-0.198987424,0.398537368,-0.664339304,0.816334963,-0.000195997127,-0.00335238362,-0.000281835266,-1.69770586,-0.498523831,0.750900209,-0.182800189,-0.000201253861,0.00085315149,0.00265253684
-0.0167672224,-0.324336499,0.868682623,0.0238053422,-0.00960144944,-0.801772343,0.597078075,-0.0478892699,0.133193001,0.0541948043,0.261129439,-0.143340826,-0.0492886752,-0.0205498952,-0.195414171,-0.0426099673,0.145240247,-0.0666544661,0.202553436,0.0372547805,0.123620361,-0.135368124,-0.195653096,0.361545712,-0.669195294,0.836227834,-0.00020595669,-0.00306040701,-0.000228060264,-1.63309455,-0.466639787,0.727504969,-0.176896036,-0.000150386259,-0.000110970228,0.00269786711
-0.0100823967,-0.327299029,0.866407216,0.0152776392,-0.00809889017,-0.79564161,0.605520792,-0.0450610332,0.135473043,0.0298766475,0.276768774,-0.163351581,-0.0426212065,-0.0031877642,-0.189898834,-0.0340456143,0.147013754,-0.0791845694,0.199886337,0.0217183698,0.130269289,-0.132186249,-0.191279963,0.326700062,-0.675628424,0.856987417,-0.000210735205,-0.0027354327,-0.000173613895,-1.56272459,-0.433669209,0.703378201,-0.168149129,-9.94493967e-05,-0.00121718785,0.00277716131
-0.00216881046,-0.330768287,0.863958478,0.00629893586,-0.00581501507,-0.788775669,0.61462139,-0.0437765494,0.137966171,0.00301631261,0.299825579,-0.192397773,-0.0357363522,0.00911691878,-0.182189852,-0.0205551777,0.155445114,-0.0925921574,0.1969046,0.00248803524,0.137042552,-0.128022656,-0.183280408,0.299701422,-0.689007998,0.87714088,-0.000206652941,-0.00238434412,-0.000125268474,-1.47567821,-0.397516906,0.678275347,-0.152563721,-5.29429853e-05,-0.00257487292,0.00297329761
0.00606909953,-0.334298849,0.861557424,-0.00274347137,-0.00309906804,-0.781604522,0.623760564,-0.0427567549,0.140375942,-0.0230937935,0.323927999,-0.223933071,-0.0283899531,0.0190909468,-0.173719898,-0.00603202358,0.167464092,-0.104986861,0.194229305,-0.016706638,0.143974662,-0.123170368,-0.174412817,0.275936842,-0.704453826,0.895394683,-0.000201543924,-0.00205502822,-8.03319417e-05,-1.38660872,-0.361109704,0.652106166,-0.137301922,-5.40579094e-06,-0.00387789356,0.00317751011
0.0149556072,-0.337951928,0.859251797,-0.0119098804,0.000479144048,-0.773981314,0.633096241,-0.0422663055,0.142619014,-0.0477035493,0.350121498,-0.260446161,-0.0201205518,0.0244040228,-0.163728163,0.0105564054,0.186657816,-0.115355946,0.192166805,-0.0358300023,0.151224419,-0.116940789,-0.16380921,0.258639872,-0.724031925,0.909849167,-0.000194381515,-0.00176925515,-4.22127196e-05,-1.29349327,-0.324192792,0.623804271,-0.12268728,4.41928132e-05,-0.00507159252,0.00339787384
0.0242474042,-0.341544569,0.857144952,-0.0208622724,0.00487404792,-0.766123847,0.642335785,-0.0425880104,0.144222081,-0.0701805055,0.375961006,-0.297572434,-0.0102930078,0.023048792,-0.152105153,0.0275232363,0.218885437,-0.122520708,0.191402614,-0.0513877012,0.158412099,-0.108920738,-0.153409541,0.250023544,-0.746019483,0.915910006,-0.000185055513,-0.00157361059,-1.15739458e-05,-1.21291983,-0.292306662,0.593455136,-0.116897449,9.24760607e-05,-0.00588521641,0.00351666566
0.0337413326,-0.34510681,0.855137646,-0.0297034875,0.00967584204,-0.758053263,0.651444035,-0.04331569,0.14550516,-0.0915901437,0.401622236,-0.335003287,0.000312948308,0.018360151,-0.139667258,0.0446783677,0.25762704,-0.128083274,0.191287518,-0.0651621446,0.165568382,-0.100006066,-0.143112347,0.245747074,-0.769210398,0.917774558,-0.000174648405,-0.00142303109,1.53237997e-05,-1.13862026,-0.262937009,0.562084079,-0.115519404,0.000140099306,-0.0065087988,0.00358467619
0.0433390997,-0.34830004,0.853197098,-0.0372371032,0.0148571909,-0.750352501,0.659821026,-0.0472832471,0.144957542,-0.111005813,0.427361816,-0.367047459,0.0141671048,-0.00339124305,-0.124135986,0.0610270947,0.328244954,-0.130440578,0.194096386,-0.0695623085,0.17093271,-0.0887247473,-0.136506751,0.258638591,-0.795095265,0.899932206,-0.000155372429,-0.00143513852,3.04391542e-05,-1.10770905,-0.251126617,0.532935739,-0.137126386,0.000160301395,-0.00642351247,0.00338968355
0.0527773537,-0.351289898,0.851027548,-0.0438872043,0.0197785342,-0.742986481,0.667573077,-0.0536062643,0.143064782,-0.129992247,0.45506236,-0.397173285,0.029292319,-0.0334262773,-0.107257873,0.0776395202,0.412052095,-0.132901639,0.198207632,-0.0702135637,0.175024837,-0.0771932006,-0.131866142,0.278424054,-0.822004676,0.874146223,-0.000131223409,-0.0015106221,4.0505558e-05,-1.09439635,-0.247491688,0.507027328,-0.16611883,0.000166180995,-0.00612092204,0.0031332674
0.0618942901,-0.353872359,0.848400593,-0.0487782019,0.0241820717,-0.736494057,0.674249523,-0.0646370351,0.138483152,-0.148115695,0.486676544,-0.423456013,0.0469549596,-0.0800154805,-0.0876912624,0.0947749466,0.522207618,-0.135569483,0.204921737,-0.0633693188,0.176572397,-0.0651643351,-0.131155416,0.311987817,-0.850955546,0.832484841,-9.73376737e-05,-0.00171279698,4.04748425e-05,-1.11627245,-0.260203183,0.487603366,-0.209869921,0.000143423647,-0.00538394693,0.00275411061
0.0703425109,-0.355959237,0.84464705,-0.050903876,0.0276461843,-0.731509396,0.679366239,-0.0832603797,0.128735989,-0.164253041,0.526656985,-0.44958505,0.0671416521,-0.142231777,-0.0653612837,0.114840016,0.652562022,-0.141389042,0.213790923,-0.0491052531,0.174206734,-0.0543955639,-0.135009915,0.358464837,-0.880744934,0.77725172,-5.47997515e-05,-0.00206011022,2.4364379e-05,-1.17044187,-0.292724729,0.479230762,-0.258340746,0.000101770187,-0.00434490433,0.00239940081
0.0784548596,-0.35779798,0.84033066,-0.0516465495,0.0306398795,-0.727283422,0.683705095,-0.105676897,0.116407663,-0.179394409,0.570813656,-0.475632578,0.0885868296,-0.212250948,-0.04165354,0.136366397,0.792993128,-0.148783505,0.223736137,-0.0311336257,0.169884786,-0.0442587994,-0.141146466,0.411390513,-0.910948277,0.715242326,-7.94310017e-06,-0.00247993483,2.16499998e-07,-1.24074888,-0.33514595,0.476385683,-0.309162915,5.06756005e-05,-0.00315500586,0.00205697864
0.085285373,-0.358892232,0.83368659,-0.0471998185,0.0323718099,-0.725530671,0.685805722,-0.141292289,0.0945100635,-0.189007536,0.629233062,-0.50743407,0.112961218,-0.292570174,-0.0159929451,0.163235739,0.937086582,-0.164700016,0.233293235,-0.00604654849,0.157363504,-0.0380868129,-0.152789891,0.47614193,-0.938422143,0.64321506,4.50104344e-05,-0.00308442302,-5.82280554e-05,-1.3449353,-0.407439768,0.495445043,-0.349262834,-5.24832831e-06,-0.00187442708,0.0019262759
0.0916965455,-0.359779954,0.826310098,-0.0413297024,0.0337985397,-0.724308941,0.687405319,-0.180027276,0.0704333633,-0.196546137,0.690670609,-0.541242242,0.137353003,-0.371120512,0.00876117125,0.190603927,1.07347798,-0.183181301,0.24128437,0.0189461634,0.141917601,-0.0330771841,-0.164657176,0.541493475,-0.96383822,0.57163012,9.98785545e-05,-0.0037185431,-0.000126326326,-1.45320678,-0.485531032,0.521936595,-0.383981407,-6.34669341e-05,-0.000678815588,0.00187727751
0.0972691178,-0.360254437,0.817468524,-0.0326134011,0.0346147873,-0.724148588,0.688002184,-0.225000888,0.0419987962,-0.199936032,0.758143842,-0.579063535,0.161779612,-0.446133316,0.0317024738,0.218969747,1.19446635,-0.206791759,0.246143863,0.0437501594,0.120622888,-0.0303920899,-0.176972136,0.60804522,-0.985139072,0.500929832,0.000158575538,-0.00441192277,-0.000213730527,-1.56964755,-0.575216293,0.56329143,-0.407938242,-0.00012627455,0.000346874003,0.00199167524
0.102066219,-0.360433847,0.80769676,-0.023201174,0.0349176539,-0.724373665,0.688131715,-0.270570844,0.0127767976,-0.199988157,0.825725377,-0.617228687,0.183295071,-0.511675417,0.0502245203,0.245003656,1.29190111,-0.231257975,0.246833354,0.0644014478,0.0957875103,-0.0285989866,-0.186485872,0.669898987,-1.00123012,0.436614484,0.00022343517,-0.00508844992,-0.000302508503,-1.68069649,-0.662775159,0.613943338,-0.425153017,-0.000204773212,0.00110600074,0.00221282523
0.106475398,-0.360465705,0.797460556,-0.0134406548,0.0349619729,-0.724752318,0.687990616,-0.316436559,-0.0168373492,-0.198371708,0.893357575,-0.655563831,0.20335415,-0.572479844,0.0665364414,0.26987052,1.37755632,-0.256150723,0.245438188,0.0829757601,0.0691834167,-0.0272518806,-0.194598794,0.729400992,-1.01471603,0.375494152,0.000291372213,-0.00575651787,-0.000391968701,-1.78904402,-0.749266505,0.669240236,-0.438996583,-0.000291111792,0.00173183461,0.0024873286
0.109648772,-0.360117972,0.786930561,-0.00543252582,0.0341958459,-0.72521468,0.687651656,-0.356371105,-0.0439245477,-0.19386974,0.954176784,-0.688887596,0.21626018,-0.617905557,0.0759481192,0.28860575,1.42867613,-0.275695682,0.239426851,0.0939147845,0.0429517217,-0.0253923256,-0.19749698,0.775445223,-1.0205965,0.328481883,0.000357236189,-0.00629416388,-0.000455202535,-1.87685573,-0.818333387,0.724305689,-0.449895501,-0.000391830137,0.00200676802,0.00276285782
0.112374313,-0.359610319,0.776648283,0.00183748397,0.033162484,-0.725662609,0.68724861,-0.393747598,-0.0694806352,-0.18917118,1.01175106,-0.719708025,0.226950258,-0.65917635,0.0836786851,0.305309892,1.4707514,-0.292671382,0.233040452,0.102939226,0.0181596838,-0.0229929425,-0.199230656,0.815869808,-1.02444053,0.286668301,0.000415155519,-0.00676541962,-0.000505799369,-1.95570445,-0.880373895,0.77466774,-0.460684896,-0.000485720579,0.00220413716,0.00299581187
0.114203796,-0.358783126,0.766863585,0.00762913681,0.0315980008,-0.726142744,0.686775129,-0.426000178,-0.0919690132,-0.184080675,1.06282282,-0.745515704,0.233207166,-0.692129791,0.0880461782,0.317949057,1.4947325,-0.304505885,0.225905806,0.108133465,-0.00374768162,-0.019514868,-0.198635697,0.845048666,-1.02421224,0.255259335,0.000457176036,-0.00710381754,-0.000531117432,-2.01661301,-0.928350687,0.81561327,-0.47125262,-0.000565935741,0.00224637846,0.00314358505
0.115174517,-0.357562602,0.758104384,0.0122773311,0.0297287103,-0.726851813,0.686040752,-0.453598201,-0.109935522,-0.179548815,1.10694921,-0.766020298,0.236659884,-0.719158053,0.0900837332,0.327263415,1.50717807,-0.311965674,0.220285729,0.111384287,-0.0221029371,-0.0147419265,-0.197181523,0.863577485,-1.02104187,0.233624727,0.000477214344,-0.00730996113,-0.000530750083,-2.05805206,-0.963175893,0.841705441,-0.480359703,-0.00061672536,0.00218217168,0.00319033023
0.115715645,-0.356145561,0.749859512,0.0163527839,0.0277071894,-0.727670671,0.685171725,-0.478863865,-0.125637785,-0.175297111,1.14759493,-0.783869565,0.238709807,-0.743218899,0.0909558982,0.334913611,1.51385319,-0.317236692,0.215423971,0.113662757,-0.0386787765,-0.00932236854,-0.195297956,0.876777828,-1.01640081,0.21688135,0.000486257399,-0.00744993752,-0.000517539389,-2.08974838,-0.991418839,0.860366046,-0.488734812,-0.000652792398,0.00206474913,0.00318655046
0.114939913,-0.353890955,0.743720293,0.0188076677,0.02557718,-0.729396752,0.68335383,-0.497704655,-0.133423716,-0.172214627,1.17760265,-0.793979168,0.238610879,-0.760968328,0.0888988823,0.338529289,1.51120818,-0.317933977,0.214719102,0.115295663,-0.0502159856,-0.00233690999,-0.194238469,0.877570152,-1.00939667,0.21256879,0.000465768157,-0.00744034536,-0.000463278382,-2.09257507,-1.00290084,0.854917288,-0.491715908,-0.000640569429,0.00182375661,0.00307005853
0.113639504,-0.351082534,0.738385141,0.020664516,0.0233259585,-0.731572903,0.681050633,-0.514529824,-0.138845995,-0.169382975,1.20412183,-0.801491499,0.237994209,-0.77695328,0.0859156325,0.341123521,1.50715625,-0.317570388,0.215592727,0.117121041,-0.0602495857,0.00511596771,-0.194132656,0.874781609,-1.00244021,0.211726487,0.000437666255,-0.00739650847,-0.000394258357,-2.08503413,-1.00958943,0.841252923,-0.491748393,-0.000610824209,0.0015641487,0.00293475506
0.111289352,-0.347165912,0.73465693,0.0213256724,0.0208321496,-0.734657067,0.677783322,-0.527326703,-0.139541447,-0.167052448,1.2236681,-0.803810418,0.236341804,-0.7894122,0.0810790509,0.341675252,1.50028908,-0.315084726,0.219623879,0.119331785,-0.0672776327,0.0135053201,-0.195934415,0.864829779,-0.995577633,0.217825323,0.00039433135,-0.00728416443,-0.000295702426,-2.05675364,-1.00669146,0.811152339,-0.485883087,-0.000546024065,0.00126725296,0.00276179565
0.107995167,-0.341429591,0.732505739,0.020634281,0.0177576825,-0.738590675,0.673604265,-0.536316693,-0.135792136,-0.164802343,1.23681116,-0.800574422,0.233290672,-0.798161328,0.0747054964,0.340521634,1.49296665,-0.31149444,0.226101905,0.122520804,-0.0719574839,0.0229037497,-0.201083928,0.847728372,-0.98987937,0.229419053,0.000341671781,-0.0071320273,-0.000170745101,-2.0062139,-0.99285984,0.76586616,-0.470216095,-0.000444928446,0.000996227143,0.00258761225
0.104228668,-0.334782988,0.731142879,0.0192659051,0.0143920268,-0.742922727,0.668945077,-0.543404341,-0.129820347,-0.162592202,1.24675417,-0.794561028,0.229539931,-0.805056691,0.0675629228,0.338515341,1.4854157,-0.307351559,0.233803868,0.126199216,-0.0754638612,0.0328076109,-0.207907647,0.827050984,-0.984762549,0.243761048,0.000284345093,-0.00695998035,-3.25760011e-05,-1.94454086,-0.973560512,0.712983608,-0.449647367,-0.000325677189,0.000738107192,0.00241279881
0.0999818593,-0.325334072,0.731906772,0.0157938389,0.0103933202,-0.747907014,0.663534198,-0.544891775,-0.116542503,-0.160148352,1.24786639,-0.78064096,0.222911358,-0.80540061,0.0582661554,0.332969487,1.47869611,-0.303938419,0.241911754,0.132757977,-0.0769805908,0.0433238409,-0.220842928,0.798168182,-0.981454849,0.26292485,0.000222603034,-0.00677826535,0.000128979722,-1.85846686,-0.933639646,0.647420049,-0.407053649,-0.00017266802,0.000588838069,0.00226441515
0.0958344862,-0.315447092,0.733319461,0.0119121212,0.00643880705,-0.752815233,0.658092599,-0.544337869,-0.10129448,-0.157446161,1.24543655,-0.765086293,0.215332776,-0.802956223,0.0475821346,0.325814456,1.47201431,-0.301290393,0.249115452,0.140529737,-0.078344062,0.0533820018,-0.235314548,0.768241763,-0.978440702,0.282486796,0.000163361197,-0.00660687126,0.000288646523,-1.77107072,-0.887289584,0.583099842,-0.356039345,-2.1999258e-05,0.000486069097,0.00212628534
0.0918851346,-0.304681778,0.736030102,0.00721177275,0.00257303979,-0.757629744,0.652639672,-0.539700747,-0.082102485,-0.154226616,1.23592162,-0.746258795,0.20585233,-0.794934094,0.0341210738,0.315439224,1.46540654,-0.30017224,0.254511982,0.150729403,-0.0794012547,0.0625259578,-0.252862245,0.73622179,-0.976013243,0.302849084,0.000109108405,-0.00645608595,0.000444567442,-1.68101263,-0.828070223,0.521253407,-0.288171321,0.000124018741,0.000476291287,0.00200863765
0.0880637541,-0.294407815,0.739858508,0.00300346939,-0.00128330485,-0.761996794,0.647572558,-0.530327678,-0.0625175536,-0.149280012,1.21610951,-0.726496339,0.195356548,-0.78028512,0.0145249218,0.302205026,1.45644176,-0.300159484,0.257665068,0.162320346,-0.0809849054,0.069488883,-0.271469235,0.705604851,-0.973473191,0.321966887,6.60032165e-05,-0.00634465413,0.000573601515,-1.60119581,-0.762978196,0.4717713,-0.205541775,0.000241268892,0.000570742937,0.00190765923
0.0843064487,-0.284379661,0.744245648,-0.000958671884,-0.00513463578,-0.76611736,0.642679475,-0.51858741,-0.0427366868,-0.143470213,1.19115055,-0.706266999,0.184353486,-0.762323856,-0.00813749805,0.287542075,1.44629884,-0.300699264,0.259696633,0.174606442,-0.0828316733,0.0753613934,-0.290605277,0.675690055,-0.970876873,0.340462089,2.84715006e-05,-0.00625289697,0.000689192326,-1.52650034,-0.69495225,0.428470939,-0.115535438,0.000344135799,0.000717293704,0.00181501557
0.080294773,-0.276352942,0.749801159,-0.00230433389,-0.00991868668,-0.769505971,0.638558432,-0.499483049,-0.0283796433,-0.132801771,1.1470778,-0.685246944,0.173374578,-0.735268593,-0.0447550155,0.26892063,1.42429805,-0.301309347,0.258924901,0.186487287,-0.087179333,0.0763755366,-0.308469951,0.652105331,-0.967829943,0.354559153,-3.90500645e-08,-0.00625127275,0.000744339079,-1.47508776,-0.633340716,0.410388857,-0.00737236068,0.000392068061,0.00100446527,0.00172885892
0.0761324018,-0.269106239,0.755555391,-0.00251319763,-0.0149429342,-0.772742304,0.634538986,-0.478321135,-0.0163154975,-0.120486863,1.097121,-0.663152695,0.162284479,-0.705903351,-0.0851664692,0.248059124,1.39511025,-0.301684082,0.257196158,0.198071718,-0.0930318087,0.0753517076,-0.325401366,0.631314754,-0.9648031,0.366883636,-3.24068569e-05,-0.00628893077,0.000779532944,-1.4302696,-0.57697469,0.400062084,0.104651168,0.000425005856,0.0013068472,0.0016355667
0.0716686547,-0.263419569,0.761707187,-0.00044874985,-0.0204477502,-0.775712632,0.630754787,-0.453044385,-0.00883680396,-0.104879215,1.03539741,-0.638910353,0.150971994,-0.671918631,-0.13316521,0.222717851,1.35154974,-0.301588178,0.25355342,0.209063321,-0.101893693,0.0702522397,-0.340466291,0.616111755,-0.961816311,0.375663251,-7.24885904e-05,-0.00640514819,0.000774823886,-1.39863968,-0.531098902,0.405244648,0.224395037,0.000427956984,0.00163964764,0.00152800395
0.0668608993,-0.259079754,0.767887831,0.00359646879,-0.025298303,-0.778772296,0.626786066,-0.425352693,-0.00393644487,-0.0878889039,0.965851665,-0.60982728,0.137958109,-0.63380003,-0.180832431,0.191445053,1.29175401,-0.301007062,0.247964621,0.220276058,-0.113638572,0.0613719113,-0.353992432,0.605931103,-0.958958209,0.381556451,-0.000124985439,-0.00659612939,0.000735038775,-1.37473536,-0.492560327,0.422549725,0.337050676,0.000411522167,0.00191630982,0.00139978551
0.061881423,-0.255413473,0.774082541,0.00863139796,-0.0298203733,-0.781844794,0.622699737,-0.396455199,-0.000325241504,-0.0702082589,0.892399251,-0.578325808,0.12409436,-0.593616724,-0.228331491,0.157208696,1.22384536,-0.300183386,0.241403282,0.23159875,-0.126824051,0.0506019704,-0.366748601,0.598261654,-0.956164539,0.386006415,-0.000183685901,-0.00682447525,0.000677721109,-1.35469425,-0.45769155,0.445914,0.446157157,0.000385397201,0.00216489495,0.00126124779
0.0561472028,-0.2527349,0.779622793,0.0152056285,-0.0322921953,-0.785368994,0.617998015,-0.366882831,0.0030504181,-0.0540561154,0.814704061,-0.536169887,0.106068209,-0.547507584,-0.26254499,0.117011249,1.13799703,-0.29882881,0.233255655,0.243667841,-0.141247332,0.0373099223,-0.378013641,0.596063495,-0.952922463,0.386923373,-0.00024092957,-0.00712458184,0.000583711429,-1.33612907,-0.419960201,0.48326081,0.515756249,0.000347163936,0.0022519792,0.00111319381
0.0500426479,-0.250017375,0.784686923,0.0217205848,-0.0342383493,-0.788964469,0.613099517,-0.338091284,0.0070061544,-0.0391193628,0.738770962,-0.491203427,0.0870290995,-0.500626326,-0.291057378,0.0772512108,1.05002511,-0.297651857,0.225272909,0.255534559,-0.155175865,0.024468258,-0.388489753,0.595542967,-0.949466646,0.386688352,-0.000289190852,-0.00743450038,0.000487845857,-1.31402516,-0.377840787,0.524013519,0.568814516,0.000310071307,0.00228075078,0.000969669258
0.0431946367,-0.24722071,0.788801074,0.0281207067,-0.0351365974,-0.792770038,0.607857148,-0.310848206,0.012123852,-0.0266065374,0.666327059,-0.440595269,0.0659553483,-0.452179134,-0.308180571,0.0383477807,0.957765996,-0.296829611,0.2176162,0.267002016,-0.168121278,0.0125214886,-0.39739272,0.598377347,-0.945581794,0.384149224,-0.00031950936,-0.00776418578,0.000388224464,-1.28483403,-0.326925874,0.571596682,0.588815451,0.000275242986,0.00219290936,0.000835137442
0.035636656,-0.244062945,0.791718364,0.033569531,-0.0356379277,-0.796406182,0.602777088,-0.287959307,0.0182417836,-0.0162533987,0.605995476,-0.390804112,0.0455564857,-0.407562643,-0.317497969,0.00574292429,0.871707559,-0.298286051,0.21052745,0.27661854,-0.1802077,0.00285013788,-0.404019117,0.605889618,-0.941535711,0.379105866,-0.000328114111,-0.00808243919,0.000302978442,-1.24395847,-0.269657373,0.623476207,0.579618573,0.00024599387,0.00200229604,0.00070964545
0.027723968,-0.240724772,0.794037402,0.0385416604,-0.0359399626,-0.799938318,0.597763789,-0.267247528,0.0248595495,-0.0069800932,0.551719964,-0.341422617,0.0254955031,-0.364862084,-0.32291317,-0.0237126183,0.788750947,-0.300881505,0.203722745,0.285309583,-0.191864416,-0.00568354549,-0.409507304,0.61574012,-0.937409341,0.37281087,-0.000325864501,-0.0083949687,0.000224920397,-1.19724345,-0.209214345,0.677501976,0.555826783,0.000219534399,0.00176031468,0.000588675495
0.0193443373,-0.236945152,0.794807792,0.0418657366,-0.0364263061,-0.802533514,0.594020491,-0.257408142,0.0315231904,0.00183922285,0.526270807,-0.304065853,0.0113104982,-0.335947067,-0.323641181,-0.0401495434,0.730936289,-0.310774416,0.195141762,0.289458424,-0.20467791,-0.010888976,-0.411690533,0.633578956,-0.932425618,0.361557692,-0.000301692606,-0.0086319223,0.000175442285,-1.13845181,-0.155587316,0.736091018,0.496832162,0.000200437105,0.00140286027,0.00047660718
0.0110340742,-0.233104929,0.795222819,0.0448935461,-0.037207389,-0.804689442,0.590825762,-0.252107769,0.0378760137,0.0116281006,0.512243152,-0.271940827,-0.000103594735,-0.312076151,-0.324102819,-0.0534643866,0.68308264,-0.323568732,0.184906438,0.291739196,-0.218580708,-0.0154697504,-0.412897557,0.652876735,-0.926562905,0.348929912,-0.000273180252,-0.00883104093,0.000132867732,-1.07946491,-0.109286264,0.795284033,0.43047148,0.000185043507,0.00101897283,0.000368172128
0.00286294706,-0.229143739,0.794927299,0.0473305166,-0.0385794075,-0.806002426,0.588754228,-0.255884439,0.0436069593,0.0233553611,0.521056235,-0.250279665,-0.00597598916,-0.298293412,-0.324031681,-0.0605351701,0.65515095,-0.342164457,0.171363354,0.290284216,-0.234661207,-0.0188011378,-0.41215238,0.675090849,-0.91894263,0.33355388,-0.000235989559,-0.00895449147,0.000104100764,-1.02009058,-0.0776377171,0.855682015,0.349383831,0.000177057183,0.000582245411,0.000267008087
-0.00494560227,-0.225348622,0.794216096,0.0497962428,-0.040786304,-0.806541213,0.58766324,-0.270847738,0.04835058,0.037577711,0.558460176,-0.236358285,-0.00684219599,-0.291200429,-0.324164391,-0.0654383525,0.641298115,-0.364203453,0.154024571,0.284047872,-0.252791226,-0.0221801847,-0.4093059,0.696098089,-0.908663571,0.319111228,-0.0001903722,-0.0090009626,8.15502062e-05,-0.966534853,-0.0649876297,0.912160814,0.263143331,0.000181763928,0.000126807863,0.000164228608
-0.0125716738,-0.221637115,0.793297052,0.052275614,-0.0434100115,-0.80668755,0.587058794,-0.291402072,0.0525998063,0.053045433,0.610153854,-0.226308957,-0.00520517724,-0.287453473,-0.324398965,-0.0692569837,0.634486735,-0.387960672,0.13479057,0.275421858,-0.271943271,-0.0255825482,-0.405409217,0.716498673,-0.89705652,0.305137485,-0.000140548495,-0.00900893472,6.21112995e-05,-0.915896773,-0.0618386976,0.966671586,0.174339548,0.0001928165,-0.000337915291,6.06571011e-05
-0.0197434537,-0.218782663,0.792233884,0.0553896614,-0.0466616043,-0.805958809,0.587524534,-0.330817431,0.0546924211,0.0689104572,0.713147283,-0.221593842,0.000990551431,-0.288155407,-0.324521303,-0.0730484799,0.636557996,-0.411146998,0.111590907,0.258080542,-0.291632295,-0.0308887064,-0.397652686,0.730733454,-0.881872535,0.298610955,-8.14148952e-05,-0.00890734419,4.35183683e-05,-0.88117981,-0.0923319906,1.00688124,0.0854017511,0.000226357195,-0.000731947366,-6.73308678e-05
-0.026965376,-0.216365382,0.791277647,0.0588016365,-0.0496997209,-0.805099799,0.588121262,-0.374809891,0.0557488501,0.0834683776,0.829681993,-0.21713452,0.00719295442,-0.289104134,-0.324087828,-0.0768353418,0.63861835,-0.432783604,0.0880314633,0.238079324,-0.310324311,-0.037259873,-0.388095915,0.742703855,-0.866052032,0.295293987,-2.3482251e-05,-0.00877498277,2.38108496e-05,-0.853574038,-0.135688722,1.04144883,-0.0028128624,0.00026221032,-0.00107101898,-0.000196337904
-0.034289062,-0.214821979,0.790535092,0.0628111632,-0.05231226,-0.803995096,0.588990722,-0.427966624,0.054732874,0.0954147056,0.973326325,-0.213185936,0.0134099703,-0.290546685,-0.322542667,-0.08061371,0.640657067,-0.45132497,0.0637475625,0.212753505,-0.327025831,-0.0457626246,-0.374936223,0.750147402,-0.848955035,0.29839623,3.20599538e-05,-0.00858104602,1.86985062e-06,-0.840186894,-0.204784468,1.06473768,-0.0895988941,0.000302696222,-0.00130022469,-0.000327409682
-0.0423701406,-0.214237139,0.790238023,0.0674052109,-0.0540380158,-0.803148412,0.589482026,-0.482089311,0.0499945804,0.10396523,1.12223065,-0.208083838,0.0164847076,-0.290266037,-0.318539202,-0.0836913213,0.638157547,-0.465597302,0.0408364125,0.184211046,-0.340077937,-0.0566560924,-0.356648743,0.754496217,-0.830970764,0.307001948,7.73225547e-05,-0.00836412422,-2.4691275e-05,-0.844023168,-0.296088994,1.07900524,-0.172659606,0.000324881141,-0.00139807351,-0.000416266848
-0.0508296043,-0.214131445,0.790163636,0.0722903407,-0.0553196908,-0.802419984,0.589776235,-0.536693513,0.0433957204,0.110818066,1.27376044,-0.202405274,0.0179886259,-0.289124042,-0.313306957,-0.0864185616,0.633389473,-0.47773537,0.018612057,0.154061377,-0.351305455,-0.0687443316,-0.335798442,0.757297814,-0.812543571,0.318358481,0.000117445503,-0.00813572016,-5.35612016e-05,-0.856469035,-0.398492813,1.08876288,-0.253856063,0.000337917299,-0.00143025804,-0.000484019809
-0.0608060583,-0.215693653,0.791106164,0.0778275248,-0.0553537301,-0.802873774,0.588449271,-0.580168009,0.0277185012,0.113614209,1.39713335,-0.195145532,0.0119704101,-0.282338202,-0.303539634,-0.0871966779,0.61515373,-0.482890695,0.00117534399,0.124156304,-0.356934935,-0.0837848634,-0.306920946,0.758033633,-0.791086972,0.333706051,0.000142586534,-0.00795442052,-9.53003255e-05,-0.902854681,-0.517319977,1.090868,-0.321594119,0.000299804204,-0.00124069594,-0.000447070168
-0.0709137022,-0.21785441,0.792514443,0.0833491938,-0.055011657,-0.804005998,0.586174875,-0.617548347,0.00908523053,0.115267523,1.50386596,-0.188209489,0.00364099722,-0.273544729,-0.292463034,-0.0869154334,0.591607869,-0.485066205,-0.0139427213,0.0964726284,-0.361179829,-0.0991519392,-0.276463389,0.758560359,-0.768048525,0.348863602,0.000167707185,-0.00780975772,-0.000143816171,-0.963232398,-0.635081887,1.09230709,-0.381667078,0.000245676609,-0.000969406799,-0.000375649775
-0.0812837183,-0.221212134,0.794854164,0.088840901,-0.0539184357,-0.806509189,0.582016343,-0.642741382,-0.0154596921,0.114635363,1.57732069,-0.181920782,-0.00931045506,-0.260736376,-0.278767973,-0.0845156014,0.557442546,-0.481282532,-0.0244238414,0.0732314363,-0.362655818,-0.115172066,-0.242845744,0.75866884,-0.741846502,0.363641024,0.000192787003,-0.00773836579,-0.000205884397,-1.05159211,-0.750713348,1.09241426,-0.426411092,0.000159522519,-0.000534675841,-0.000235293177
-0.0906990469,-0.225108892,0.798236907,0.0934642421,-0.0521357847,-0.810779224,0.575485313,-0.654387474,-0.0414651297,0.111639649,1.61281669,-0.177436486,-0.0240991376,-0.245976657,-0.262765825,-0.0789523572,0.51645273,-0.4673751,-0.028890131,0.0570557974,-0.361959308,-0.130123943,-0.208917499,0.758615136,-0.713446081,0.377602577,0.000230738515,-0.00775585743,-0.000284594193,-1.16681218,-0.852958918,1.09490943,-0.452052116,4.34315843e-05,3.29184695e-06,-2.05577817e-05
-0.0996369645,-0.229275092,0.80214119,0.0976464969,-0.0500047615,-0.815874157,0.567727087,-0.659259915,-0.0682003871,0.107462093,1.6293329,-0.173854336,-0.0398061946,-0.230241343,-0.245610148,-0.0718074366,0.472051114,-0.448405474,-0.0303488895,0.0444128849,-0.360176533,-0.144541621,-0.174834058,0.75848043,-0.683946729,0.391156226,0.000275126018,-0.00781779084,-0.000371624395,-1.29546213,-0.948510885,1.09859896,-0.468141466,-8.76286867e-05,0.000592868426,0.000231368307
-0.106179692,-0.232767373,0.807432294,0.0995227843,-0.047227185,-0.822839083,0.55749498,-0.641881585,-0.0885155946,0.09842816,1.58324611,-0.171812207,-0.053512536,-0.214047521,-0.225775555,-0.0606286637,0.42498821,-0.40673849,-0.0205497593,0.0413785055,-0.354272425,-0.156207174,-0.143131822,0.757791162,-0.656665504,0.405472636,0.000341962092,-0.0079976581,-0.000475714216,-1.45329571,-1.01160145,1.11202812,-0.451306283,-0.000281931716,0.00115040841,0.000620713807
-0.112048425,-0.235978484,0.813007116,0.100534886,-0.0442961935,-0.82974929,0.547217232,-0.61625278,-0.105183199,0.0871867836,1.51384723,-0.16916047,-0.0659064576,-0.197707832,-0.205617025,-0.0495517254,0.378240675,-0.357663929,-0.00677593285,0.0406550243,-0.346397519,-0.167144343,-0.113077551,0.756398201,-0.632206917,0.420464396,0.000409117842,-0.00820017792,-0.000577446306,-1.61615169,-1.06242621,1.12990046,-0.419488221,-0.000493862142,0.00165489176,0.00104875723
-0.116568536,-0.238627002,0.819148779,0.0998347067,-0.0410669313,-0.836683543,0.536942443,-0.574126005,-0.114554107,0.0715317652,1.39783287,-0.165289789,-0.0756743476,-0.181078136,-0.184812754,-0.0386795774,0.332128644,-0.293779522,0.0149456766,0.0445533022,-0.334581703,-0.176623687,-0.0863221884,0.753597975,-0.61339587,0.436805487,0.000476906192,-0.0084479833,-0.000674452865,-1.7890358,-1.08871472,1.15665674,-0.357708454,-0.000741024909,0.00205321284,0.00155415095
-0.120353371,-0.241286665,0.82520175,0.0974577852,-0.0373181529,-0.842871877,0.527898034,-0.517469764,-0.117147148,0.051774554,1.24129927,-0.157589316,-0.0831966996,-0.164723724,-0.164035961,-0.0308146738,0.288527131,-0.22453776,0.0420030579,0.0514225997,-0.318430126,-0.184731513,-0.0649641082,0.747064948,-0.601553202,0.455433786,0.000528031203,-0.00869619474,-0.000748774852,-1.96154094,-1.09222531,1.19035316,-0.254325449,-0.000965527724,0.00231515127,0.00209402526
-0.123770885,-0.243952125,0.83121103,0.0942372162,-0.0333076084,-0.848641399,0.519439819,-0.453545004,-0.116351701,0.0299648978,1.0644958,-0.147973508,-0.089596957,-0.148505673,-0.143271327,-0.0244526826,0.24617748,-0.152612224,0.071730189,0.0597778149,-0.300109565,-0.192154229,-0.0463028289,0.738665164,-0.593193531,0.475206971,0.000570829026,-0.00894462783,-0.000811761129,-2.13386989,-1.08434808,1.2275219,-0.130134597,-0.00117871852,0.00250892341,0.00265117991
-0.126652032,-0.247056216,0.835918427,0.0889243538,-0.0284699927,-0.853021077,0.513455899,-0.379407346,-0.108562067,0.00554515049,0.864789963,-0.132274508,-0.0937497914,-0.134433806,-0.12325348,-0.0240300708,0.211475998,-0.094093293,0.101345517,0.0689073354,-0.277176648,-0.196817458,-0.0372240394,0.721567988,-0.592433333,0.499918818,0.000577558472,-0.00913106464,-0.000822856557,-2.28948188,-1.04677141,1.26716208,0.0577313937,-0.00123957067,0.00244622771,0.00327591831
-0.129377797,-0.250176579,0.839967787,0.0833449142,-0.0235760659,-0.856839599,0.508255542,-0.307453454,-0.0995093882,-0.0180376917,0.674636662,-0.11663492,-0.0974853039,-0.121402919,-0.10415116,-0.025732385,0.180386811,-0.0442664176,0.128366321,0.0771170631,-0.253899604,-0.20056352,-0.030675536,0.702353895,-0.592768967,0.525730312,0.000573378231,-0.00928374659,-0.000815358944,-2.43430328,-1.00284719,1.30456293,0.254013717,-0.00123209483,0.00228736596,0.00395032717
-0.131794095,-0.253330946,0.842702866,0.0772411357,-0.0185711826,-0.859641531,0.504683422,-0.23983413,-0.0879264772,-0.0399575233,0.503501534,-0.101106957,-0.100387856,-0.110447988,-0.0868711397,-0.0316853374,0.156507999,-0.0118008517,0.150210425,0.0834909678,-0.229923725,-0.202476978,-0.0291846134,0.678896904,-0.595296502,0.553752899,0.000547376752,-0.00936898962,-0.00077067205,-2.55760908,-0.946207762,1.33750224,0.467218578,-0.00108795997,0.00193610019,0.00472438522
-0.133836865,-0.25608331,0.844180882,0.0718341187,-0.0139366918,-0.861602294,0.502281907,-0.185593277,-0.0758024007,-0.057627365,0.373221576,-0.0910733491,-0.102623239,-0.102048852,-0.0729867667,-0.041692432,0.140300289,0.0058397064,0.165338576,0.0875646994,-0.207756549,-0.203184992,-0.0303192437,0.656363845,-0.598057151,0.580874503,0.000511270599,-0.00938153081,-0.000702097896,-2.65194488,-0.890482724,1.3618443,0.654308915,-0.000857938197,0.00149004778,0.00552846398
-0.135693118,-0.258634955,0.845030367,0.0667740045,-0.00948687009,-0.863129811,0.500457952,-0.138035312,-0.0634065419,-0.0731742755,0.263353407,-0.0837855339,-0.104525313,-0.0949265957,-0.0607985966,-0.0537273586,0.127925992,0.0160704963,0.177110702,0.0904889032,-0.186491355,-0.203290418,-0.0327665992,0.634290457,-0.600934625,0.607548475,0.000470108993,-0.0093577262,-0.000621574582,-2.73180699,-0.835209131,1.38189065,0.828362584,-0.000584955094,0.000996563002,0.0063476325
-0.136966959,-0.260275722,0.844324112,0.0638103295,-0.00602444153,-0.864078626,0.499259528,-0.113221467,-0.0531881936,-0.0820814371,0.212155402,-0.0885095149,-0.104526952,-0.0915502459,-0.0544671193,-0.0690135583,0.124702156,0.0135597838,0.1815736,0.091482766,-0.170466498,-0.202531815,-0.0365008712,0.61957252,-0.603661299,0.629523635,0.000438042858,-0.00923193619,-0.000541935849,-2.76972771,-0.798749924,1.39013529,0.924184322,-0.00034034258,0.000646073255,0.00690546259
-0.138073415,-0.261660665,0.84316206,0.0613913427,-0.00297910949,-0.864983973,0.498021039,-0.0937376469,-0.0442633219,-0.0894601792,0.173068851,-0.0970716849,-0.103380255,-0.0889513344,-0.049675338,-0.0839133039,0.123521753,0.00851726159,0.184701204,0.0924297199,-0.156183422,-0.201576069,-0.0404945612,0.607284784,-0.606625795,0.649829507,0.000411919318,-0.00907583721,-0.000470015657,-2.79784298,-0.769544005,1.39619303,0.996566355,-0.000135810667,0.000393089023,0.00730724493
-0.138845071,-0.262534052,0.841088772,0.0600637452,-0.000768138787,-0.865830353,0.496718789,-0.0849130452,-0.0379252024,-0.0937822908,0.158203319,-0.113309614,-0.0999370813,-0.0879071802,-0.0479627177,-0.0980402306,0.126427874,-0.00158848939,0.185158342,0.093282856,-0.145383626,-0.200226054,-0.0450070351,0.599857032,-0.610066116,0.666797101,0.000397680065,-0.00885913055,-0.000413531379,-2.80634928,-0.754843235,1.3978771,1.02207255,-1.14339036e-05,0.000335101213,0.00739695737
-0.139377788,-0.263070792,0.838251293,0.0590472608,0.000591487622,-0.866650791,0.495408395,-0.0814241916,-0.0338058248,-0.0963288248,0.155592218,-0.135270998,-0.0934003145,-0.0873617604,-0.0481307134,-0.109205656,0.131900951,-0.0155075351,0.183705211,0.0951850414,-0.136578649,-0.198044524,-0.0507953092,0.595038712,-0.614609659,0.680824101,0.00039022835,-0.00859443378,-0.0003727976,-2.80132246,-0.750669956,1.39640141,1.01510143,4.34245158e-05,0.000444292731,0.00715790689
-0.139791057,-0.263439268,0.835031271,0.058186233,0.00152557252,-0.867458049,0.494093684,-0.0806027204,-0.0307954121,-0.0979878157,0.159107655,-0.160095558,-0.08531636,-0.0870656446,-0.0492389649,-0.118891306,0.138657823,-0.0313341431,0.1812969,0.0976118669,-0.128770351,-0.195447102,-0.0572218709,0.591524601,-0.619705081,0.693381965,0.000386169588,-0.00830572378,-0.000339935388,-2.7895298,-0.751759648,1.39334607,0.991892576,6.35305987e-05,0.000637075922,0.00675446913
-0.140039176,-0.263428956,0.831028998,0.0568561462,0.00142631675,-0.868067894,0.493176922,-0.0829819068,-0.0295540504,-0.0978414416,0.174230665,-0.189707607,-0.0730017126,-0.0860581249,-0.0517522171,-0.123407014,0.146462664,-0.0523268729,0.175987124,0.102660492,-0.121393934,-0.190486625,-0.0663723052,0.588413835,-0.626896203,0.702062488,0.000384795945,-0.0079799816,-0.000322528998,-2.75597095,-0.762702525,1.37923193,0.93143779,2.69098236e-05,0.000951067894,0.00599016342
-0.140309051,-0.263296813,0.82691586,0.0552234184,0.00105907287,-0.868564158,0.492489142,-0.0855090469,-0.0285677649,-0.0971530825,0.192007378,-0.219553396,-0.0600060746,-0.084112525,-0.0543630198,-0.126689464,0.153660536,-0.0749580935,0.169938698,0.108053312,-0.113678999,-0.184646428,-0.0758977383,0.584647357,-0.634489357,0.709643126,0.000383980427,-0.00765743852,-0.000306602713,-2.71287775,-0.774992704,1.35681164,0.862000585,-1.51470431e-05,0.00124454498,0.00520444615
-0.140622616,-0.262921035,0.822579145,0.0529847383,0.000155687791,-0.86883422,0.49225978,-0.0883332342,-0.0280911773,-0.0953804329,0.215099663,-0.249880314,-0.0456425473,-0.0802898481,-0.0571701042,-0.127506912,0.159647748,-0.100876644,0.162410155,0.114136986,-0.105283514,-0.177044064,-0.0861775652,0.579567969,-0.642890036,0.715027273,0.000384280895,-0.00734114833,-0.000293629389,-2.65069628,-0.789982975,1.31776893,0.774566531,-6.80953526e-05,0.00149712653,0.00437554531
-0.141163379,-0.262352854,0.818375587,0.0502904889,-0.00138685087,-0.868706605,0.492765439,-0.0901969597,-0.0277380235,-0.0929381475,0.238268286,-0.277089864,-0.0313183665,-0.0727400035,-0.0597424209,-0.127350494,0.163749009,-0.127937734,0.154413149,0.118454665,-0.0963338763,-0.168912157,-0.0949861705,0.572802067,-0.65124917,0.718300998,0.000388467568,-0.00702634361,-0.000276126957,-2.56492209,-0.802645147,1.25366223,0.679761469,-0.000110739435,0.00158170331,0.00364127383
-0.141817838,-0.261688411,0.814238131,0.0473677678,-0.00324906508,-0.868372574,0.493634288,-0.0915807039,-0.0274465401,-0.0901608393,0.261477441,-0.302743673,-0.0170124043,-0.0633260459,-0.0621976256,-0.126707196,0.166907802,-0.155572787,0.146181136,0.121889882,-0.08710628,-0.160514683,-0.103060156,0.565192342,-0.659588456,0.72051996,0.000394597591,-0.00671224995,-0.0002563585,-2.46734428,-0.814144671,1.17701876,0.581261754,-0.000148236402,0.00158229703,0.00295423577
-0.142974064,-0.260876656,0.810792804,0.0444340312,-0.00628935142,-0.866988199,0.496303862,-0.0907895416,-0.0267111994,-0.0876317099,0.276015133,-0.319176555,-0.00344083924,-0.0470295213,-0.0639634803,-0.126461655,0.168096423,-0.179230511,0.137770489,0.12069717,-0.0785034001,-0.154274747,-0.106915295,0.556080639,-0.66756767,0.718685389,0.00041216414,-0.00633753929,-0.000224485208,-2.33212829,-0.814098716,1.06315851,0.488242984,-0.000162150129,0.00121105276,0.00236774958
-0.144204497,-0.26001209,0.807634473,0.0415962428,-0.00945301846,-0.865160515,0.499677572,-0.0893491507,-0.0257409066,-0.085359171,0.28684479,-0.332659274,0.00964769907,-0.0295589808,-0.0653931946,-0.126716778,0.169020399,-0.200521976,0.129009962,0.118412003,-0.0705068633,-0.149121046,-0.109487161,0.547298968,-0.675187588,0.71470058,0.000433215348,-0.00595583767,-0.000190752529,-2.18732142,-0.807689548,0.942750812,0.40103063,-0.000171739404,0.000735275855,0.00180463842
-0.145583227,-0.259041876,0.805050611,0.0389511495,-0.0128631909,-0.862457227,0.504464941,-0.0866105109,-0.0243008174,-0.0835998729,0.290258676,-0.340241671,0.0217696391,-0.00974159315,-0.0661506504,-0.127973109,0.169415146,-0.217080429,0.119550183,0.113942295,-0.0637232661,-0.14613983,-0.109492652,0.539177597,-0.682088614,0.706415832,0.000461233867,-0.00556017691,-0.000153303263,-2.02334285,-0.788556039,0.809255958,0.325434029,-0.000172680477,5.04842028e-05,0.00128830003
-0.14674288,-0.257883072,0.802908897,0.0363957976,-0.0154558885,-0.859115647,0.510251669,-0.0829024166,-0.0223916266,-0.0818356276,0.287459135,-0.344301581,0.0315438136,0.00804087799,-0.0659908429,-0.130430222,0.169819832,-0.229555637,0.109613627,0.109265059,-0.0580733977,-0.144647256,-0.107611924,0.534304082,-0.687174618,0.69176054,0.000489682774,-0.00525925634,-0.000120742283,-1.85347247,-0.753920436,0.681465805,0.26691395,-0.000171723776,-0.000665600412,0.000886911701
-0.147792965,-0.256629914,0.800988615,0.0338839723,-0.0176391072,-0.855423145,0.516519101,-0.0787093714,-0.0202477258,-0.0800688118,0.281551808,-0.346599907,0.0401438735,0.0248058196,-0.0653722137,-0.133487999,0.170229509,-0.239988983,0.0994384512,0.104484014,-0.0529904142,-0.143899113,-0.104787759,0.531055033,-0.691352963,0.673918486,0.000518347137,-0.00500571914,-9.06256173e-05,-1.68065214,-0.711530626,0.556526899,0.216933846,-0.000169817999,-0.00139734172,0.000543008617
-0.148218378,-0.255014986,0.799413443,0.0315754126,-0.0179776723,-0.851440936,0.523190338,-0.0734719336,-0.0167855918,-0.0770561695,0.267609775,-0.346356928,0.0435105488,0.0347847342,-0.0628385991,-0.13800858,0.171755299,-0.246911496,0.0906438157,0.101456873,-0.0492139198,-0.144095689,-0.0997972786,0.535883784,-0.692077756,0.644362748,0.000537328422,-0.00498562492,-7.12743058e-05,-1.51932764,-0.650543213,0.464123666,0.199738085,-0.000167899212,-0.00191584881,0.000400268997
-0.148408428,-0.253243148,0.797868967,0.0293858823,-0.0179477365,-0.847501665,0.52967469,-0.0681275576,-0.0128130335,-0.0735419169,0.251940399,-0.345683306,0.0452008024,0.0427877009,-0.0597059503,-0.142948642,0.17425555,-0.253692329,0.082486853,0.0991336107,-0.045969516,-0.144329339,-0.0943767056,0.543654799,-0.691569805,0.61071527,0.000550939236,-0.00503256731,-5.31337027e-05,-1.36617005,-0.587563455,0.385386825,0.195520088,-0.000165365214,-0.00234622555,0.000295929087
-0.14812769,-0.251157612,0.796386063,0.027437022,-0.0171821181,-0.843710009,0.535822177,-0.0625698492,-0.00782005303,-0.0690248311,0.232817963,-0.344148576,0.043538142,0.0468380526,-0.0553755797,-0.148727134,0.178704441,-0.260189086,0.0756060183,0.0982183218,-0.0437895916,-0.144637123,-0.0880965292,0.557309508,-0.688596427,0.568888009,0.000553808,-0.00521357358,-3.74162992e-05,-1.22936118,-0.520605683,0.333990008,0.21725738,-0.000161601085,-0.00260030269,0.000268397387
-0.147288561,-0.24867177,0.79489243,0.0256295408,-0.0163946859,-0.840375003,0.541150806,-0.0578013882,-0.00301240594,-0.0644035339,0.214887604,-0.34170866,0.0397098064,0.0483775176,-0.0510580242,-0.155304313,0.186181337,-0.268407315,0.0686957464,0.0987210348,-0.0430709831,-0.144527823,-0.0819370747,0.575471103,-0.682391346,0.520011902,0.00054246746,-0.00547671318,-1.90910614e-05,-1.11282277,-0.458128691,0.307353228,0.26674521,-0.000155035144,-0.00274968543,0.000271833007
-0.146170184,-0.245985582,0.793393254,0.0238923363,-0.0155961077,-0.837257642,0.546063694,-0.0534271486,0.00170294836,-0.0597297847,0.197551876,-0.338815957,0.0347984321,0.0486617573,-0.0467465371,-0.162281334,0.195172697,-0.277486861,0.0617702343,0.0999327451,-0.043082919,-0.144210011,-0.0758374929,0.595887363,-0.674569964,0.467607975,0.000524021802,-0.00578093668,5.39399991e-07,-1.00641,-0.39788717,0.293093443,0.330111057,-0.000147067898,-0.00284673693,0.000290751312
-0.144152805,-0.242781609,0.791962624,0.0223945912,-0.0155274242,-0.835230273,0.549224702,-0.0524024516,0.00334839639,-0.0561968982,0.189820379,-0.332377493,0.0288014449,0.0460703224,-0.0450343713,-0.169165373,0.208855301,-0.290575147,0.0530351922,0.104052365,-0.0461242311,-0.141881123,-0.0712310299,0.619152069,-0.660922229,0.409090072,0.000482520671,-0.00611264259,2.52289265e-05,-0.928923249,-0.350322485,0.311308563,0.422036678,-0.000136901363,-0.00290458021,0.000341061852
-0.141911507,-0.23947683,0.790628791,0.0211377609,-0.0159314539,-0.8335468,0.551814386,-0.0535986461,0.00331741478,-0.0527884886,0.187597364,-0.323144853,0.0224626865,0.0424154066,-0.0449197851,-0.175277859,0.223562673,-0.304687858,0.0436549596,0.109274648,-0.0505919605,-0.138134539,-0.0671582595,0.641960442,-0.645557821,0.350715816,0.000436692993,-0.00642242469,4.93328698e-05,-0.858767748,-0.306675196,0.339434683,0.511894405,-0.000127898325,-0.00296840514,0.000397221738
-0.139221907,-0.235969663,0.789488435,0.0203628815,-0.0172811839,-0.832570459,0.553274927,-0.059236031,-6.57512574e-05,-0.0496281087,0.196388483,-0.308322549,0.0154389124,0.0366330408,-0.04799968,-0.179849148,0.240322813,-0.320852667,0.0329822153,0.116703115,-0.0579130836,-0.13155219,-0.0641516298,0.663862288,-0.626756907,0.292613953,0.000382202241,-0.00668844627,7.22719997e-05,-0.803253889,-0.270850092,0.387385905,0.597640038,-0.000121219535,-0.00304420711,0.000465092278
-0.136423901,-0.232364237,0.788648725,0.0205584144,-0.020093949,-0.832009933,0.554015393,-0.0733033866,-0.00725101586,-0.0447083972,0.223439693,-0.284651846,0.00601436943,0.0284846369,-0.0556635857,-0.182140097,0.257491976,-0.337553918,0.0214948002,0.125211507,-0.0689816624,-0.121511906,-0.0612497702,0.683077931,-0.60606277,0.238994971,0.000332329393,-0.00687991269,8.92286553e-05,-0.75925827,-0.241131544,0.449756205,0.656811595,-0.00011764012,-0.00312040886,0.000494052831
-0.133571327,-0.228709221,0.787959158,0.0212390965,-0.0236384833,-0.831649549,0.554390793,-0.0915884227,-0.0163384099,-0.0389080755,0.259626299,-0.256553471,-0.00461195828,0.0191520322,-0.0656208098,-0.183291048,0.274867773,-0.354525387,0.00959856994,0.134260818,-0.0819256455,-0.109741271,-0.0583998337,0.700952768,-0.584419608,0.187611088,0.000284760172,-0.00703412108,0.00010319586,-0.721016884,-0.214462891,0.519344211,0.702701211,-0.000115609604,-0.00319681596,0.000503549585
-0.131053507,-0.225158021,0.787673473,0.0243653646,-0.029310989,-0.831451861,0.55428783,-0.130117774,-0.0296459831,-0.0263525769,0.33845371,-0.217447162,-0.0198318008,0.00632287888,-0.0833980963,-0.181241781,0.290898532,-0.369984269,-0.00297555397,0.141678557,-0.101155132,-0.095579043,-0.0536828712,0.715174198,-0.563879132,0.147350326,0.00025856556,-0.00709158741,0.000108344655,-0.700742841,-0.196681559,0.597373307,0.695557594,-0.000107953645,-0.0031973701,0.000257180567
-0.128685191,-0.22176531,0.787469983,0.028490997,-0.0351134476,-0.831201224,0.554129798,-0.176514998,-0.0429733619,-0.0106151197,0.434349477,-0.178793281,-0.0353558287,-0.00759590184,-0.102866605,-0.178500995,0.306056738,-0.384316862,-0.015711382,0.147654027,-0.121920459,-0.0822127312,-0.0481874868,0.728642642,-0.545228064,0.11186,0.000240248395,-0.00713070156,0.000111760055,-0.687134624,-0.181974173,0.674463272,0.669579864,-8.89591684e-05,-0.00314670755,-0.000150870124
-0.126616791,-0.218690872,0.787430882,0.0346142763,-0.0411739538,-0.830861871,0.553872827,-0.238633007,-0.0563356131,0.0114813047,0.564351261,-0.141058102,-0.0514827706,-0.0236892011,-0.125710979,-0.174377993,0.319464296,-0.39639166,-0.0287661199,0.150742531,-0.145750374,-0.070443213,-0.0411370397,0.740600228,-0.530362844,0.0859241635,0.000237694359,-0.00713309413,0.000111707137,-0.686864018,-0.173420548,0.749647617,0.60593915,-4.72921092e-05,-0.0029936186,-0.000882171793
-0.124712929,-0.215843797,0.787483454,0.0419639633,-0.0460512176,-0.830359074,0.553734701,-0.311267853,-0.0669118762,0.039410904,0.721584797,-0.112358838,-0.0647957399,-0.0417070985,-0.147669777,-0.170317709,0.330303311,-0.405481279,-0.0415958837,0.150168717,-0.169287339,-0.0621739514,-0.0341104344,0.750281692,-0.520786583,0.0713650286,0.000250679936,-0.00711905584,0.000108217151,-0.700247645,-0.169715315,0.816616893,0.508766949,4.07027692e-05,-0.00274179131,-0.00190653047
-0.122891188,-0.213110179,0.78758198,0.049925241,-0.0503350601,-0.829738246,0.553631913,-0.389166176,-0.0760960653,0.0702589974,0.892445207,-0.0881750062,-0.0767028555,-0.0606885925,-0.169187501,-0.166288465,0.339858979,-0.413079113,-0.0543141477,0.147763833,-0.192679644,-0.0556540675,-0.0270952079,0.758826017,-0.513853848,0.0624927059,0.000271435711,-0.00709680188,0.000103008497,-0.720458925,-0.1684338,0.879484117,0.394822836,0.000151866494,-0.0024405797,-0.00307748467
-0.121178865,-0.210048139,0.787772298,0.0573680036,-0.0520579222,-0.828825658,0.55411814,-0.463739842,-0.0803181455,0.106111944,1.07603288,-0.0789523125,-0.08252763,-0.0814312473,-0.183594763,-0.164342761,0.3451159,-0.415976942,-0.0648748204,0.138955146,-0.209509641,-0.0543260388,-0.0232501216,0.760813117,-0.513293624,0.0727901757,0.000314018631,-0.00706044026,8.95863341e-05,-0.754088402,-0.171098113,0.921516657,0.261333883,0.000334654993,-0.0021171649,-0.00430843141
-0.119557947,-0.206842139,0.788006127,0.0641031607,-0.0530385523,-0.827804741,0.554812588,-0.530531108,-0.0835930035,0.141864359,1.25241172,-0.0728331208,-0.086797379,-0.101776004,-0.195134699,-0.163176835,0.349256724,-0.417209923,-0.0741639882,0.127330959,-0.222939789,-0.0544597544,-0.0207529403,0.759254634,-0.513600707,0.0901229307,0.000359493308,-0.00701799057,7.37385126e-05,-0.786556363,-0.174279481,0.955389738,0.13471736,0.000527612283,-0.00183215411,-0.00546147116
-0.118119158,-0.203346714,0.788327038,0.0694304511,-0.052539213,-0.826631403,0.555967236,-0.581788242,-0.0849748999,0.17743209,1.41445339,-0.0729181468,-0.0879589915,-0.121334292,-0.200945258,-0.163569927,0.351167232,-0.415113658,-0.0809144154,0.110070407,-0.229576364,-0.0575170293,-0.0209504236,0.750604451,-0.515642345,0.121534199,0.000410772394,-0.00696334615,5.30320904e-05,-0.816716075,-0.178496465,0.972959101,0.0217877571,0.000740995281,-0.00162382098,-0.00645922543
-0.117068708,-0.200070962,0.788841844,0.073209021,-0.0508228155,-0.825557152,0.557236817,-0.61067301,-0.0860765129,0.20849219,1.54304361,-0.0756266043,-0.0872796923,-0.137834594,-0.201742545,-0.164534077,0.35171771,-0.408734232,-0.0849147439,0.0856717229,-0.228902638,-0.063633047,-0.0228545703,0.731456697,-0.516799629,0.167154193,0.000453442335,-0.0068801064,3.28184433e-05,-0.834727883,-0.183043361,0.975109696,-0.0653534308,0.000943866093,-0.00151118985,-0.00726706162
-0.116212308,-0.196904704,0.789453626,0.076213346,-0.0484976142,-0.824529004,0.558561929,-0.628376007,-0.0870381072,0.237301886,1.65492332,-0.0796468854,-0.0856799632,-0.152807787,-0.20003359,-0.165783808,0.351588339,-0.400212824,-0.0875406042,0.057701949,-0.224574178,-0.0712788627,-0.0256121382,0.707058907,-0.517514884,0.219882309,0.000491812592,-0.0067825634,1.28491001e-05,-0.846668184,-0.187755644,0.96955198,-0.139610901,0.00114150206,-0.00144639227,-0.00798003282
-0.115983248,-0.194199249,0.790426731,0.0770751334,-0.0448232678,-0.824176632,0.559270219,-0.610288382,-0.0896894485,0.254200757,1.70371795,-0.0840051621,-0.0828008652,-0.16256398,-0.190987498,-0.16560483,0.34988749,-0.383901179,-0.0864997953,0.0189553648,-0.209548265,-0.0837065578,-0.0290199965,0.66473949,-0.513691306,0.289263487,0.000501891423,-0.00657137018,2.08085817e-06,-0.834912419,-0.192562312,0.941521525,-0.181334004,0.00128219672,-0.00150589901,-0.00828266051
-0.115880832,-0.191238463,0.791436672,0.0772386016,-0.0409038834,-0.824134737,0.559609691,-0.579949856,-0.0935623869,0.266765296,1.73088515,-0.0880012512,-0.0798989534,-0.171340048,-0.179644778,-0.16454953,0.347384721,-0.365239829,-0.084175095,-0.0227343533,-0.191744894,-0.0972510427,-0.0324341245,0.618509412,-0.507955015,0.360541046,0.000499812886,-0.00628101965,-3.92934862e-06,-0.815062284,-0.197512329,0.906066179,-0.215898737,0.00139082572,-0.00162651308,-0.00829584152
-0.116031721,-0.187767684,0.792520404,0.0760060902,-0.036495938,-0.824722687,0.559216962,-0.525115907,-0.0998776555,0.270657539,1.71478868,-0.0912719071,-0.0769521594,-0.1781535,-0.163711414,-0.161741704,0.343278617,-0.3418836,-0.0792830586,-0.0703000426,-0.168390781,-0.113025799,-0.0358599275,0.564469278,-0.4983944,0.435593456,0.000473418913,-0.00583242066,-4.21472976e-07,-0.77902776,-0.202747792,0.855769455,-0.236137152,0.00143529242,-0.00186931738,-0.00773009658
-0.116235808,-0.183112115,0.793408692,0.0735848239,-0.0316519925,-0.825939561,0.558038767,-0.447916538,-0.108549349,0.266262472,1.65047407,-0.0946638137,-0.0738873035,-0.185122386,-0.144551128,-0.158600464,0.33697623,-0.315669775,-0.0714265183,-0.122059554,-0.142327309,-0.129341945,-0.0397680663,0.511825085,-0.487541378,0.504499495,0.000423240941,-0.00519056898,1.3737862e-05,-0.729440808,-0.208782405,0.794115424,-0.244649559,0.00139044214,-0.00228160946,-0.00632527005
-0.11646653,-0.177863523,0.794199228,0.0705669951,-0.0265886143,-0.827449837,0.556453154,-0.359523892,-0.118400298,0.257722646,1.5620389,-0.0981169045,-0.0707629099,-0.192170054,-0.123774737,-0.155292377,0.329574853,-0.2880238,-0.0620865859,-0.175922647,-0.114905693,-0.145930767,-0.0439179353,0.459872931,-0.476041168,0.570340097,0.000361164362,-0.00445200736,3.32250274e-05,-0.673071086,-0.215217471,0.726774633,-0.247298941,0.00130092097,-0.00277870148,-0.00450070156
-0.116535097,-0.171555623,0.794423163,0.0666692923,-0.0201658996,-0.829632396,0.55394822,-0.251406908,-0.127722129,0.237484887,1.39859557,-0.103908993,-0.0653917342,-0.202851653,-0.0981688052,-0.15729478,0.320606083,-0.25933677,-0.0492004156,-0.232184619,-0.0842856616,-0.16025278,-0.0494418964,0.423146158,-0.470469713,0.615012944,0.000287844276,-0.00362222688,6.12671065e-05,-0.607901454,-0.224217609,0.651629567,-0.225422055,0.00106293359,-0.00338639366,-0.00200308696
-0.116517551,-0.165489495,0.79441911,0.0628566018,-0.0130588243,-0.831799079,0.551351799,-0.144089162,-0.134980917,0.214930713,1.22026181,-0.110910788,-0.0583809987,-0.215968132,-0.0704451501,-0.16317229,0.312277347,-0.231090441,-0.0359606482,-0.287402004,-0.0518024564,-0.172883436,-0.0553344525,0.392574608,-0.469033808,0.652028382,0.00022273502,-0.00287041743,8.73363897e-05,-0.545250952,-0.235323519,0.576653838,-0.19039765,0.000801176298,-0.00392394932,0.000279024563
-0.116327755,-0.15990749,0.793959141,0.0592179212,-0.00458541009,-0.8339731,0.548599198,-0.038380675,-0.138113022,0.187746137,1.0121659,-0.12033122,-0.0480919555,-0.23395291,-0.0384889618,-0.176799223,0.305229455,-0.203728363,-0.0220150538,-0.340524644,-0.0155962901,-0.182130128,-0.0619635917,0.374316365,-0.475869,0.673725665,0.000174053595,-0.00227462221,0.000109457542,-0.48764497,-0.250639737,0.502024353,-0.129082322,0.000491906831,-0.00432118122,0.00212990772
-0.116062127,-0.155730709,0.793105125,0.0562833005,0.00469185518,-0.835736537,0.54621847,0.0522846766,-0.135566056,0.162175193,0.813356996,-0.131933585,-0.0346597657,-0.257001579,-0.00507426169,-0.198382258,0.300345212,-0.178444028,-0.00881369505,-0.388124973,0.0223824885,-0.187787116,-0.0686516464,0.364096403,-0.492457718,0.685244679,0.000149682601,-0.00189889804,0.000123344056,-0.442724764,-0.27287221,0.433158547,-0.0385435484,0.000230032485,-0.00446763588,0.0031941887
-0.11575862,-0.152256623,0.792054236,0.0536977324,0.0143697665,-0.837246792,0.54399253,0.135425374,-0.130180269,0.137412205,0.619200766,-0.144626111,-0.0196570009,-0.282580525,0.0290678423,-0.22394143,0.296542794,-0.15419963,0.00401495211,-0.432962298,0.0612454601,-0.191649318,-0.0753688067,0.357895374,-0.51392138,0.691675007,0.000137465599,-0.00163320615,0.000133113397,-0.40414837,-0.298561007,0.367177516,0.066599384,-8.13580027e-06,-0.00448872009,0.00386519451
-0.115651138,-0.151455253,0.790904999,0.0522672075,0.0225498873,-0.838166754,0.542435374,0.186394781,-0.119836956,0.122121342,0.488416851,-0.156502306,-0.00494361203,-0.308760464,0.0562167354,-0.251699686,0.295169294,-0.135613948,0.0138786826,-0.465289056,0.0935164839,-0.19211635,-0.0806024671,0.355912447,-0.546003044,0.691895008,0.000148859661,-0.00155490427,0.000134490707,-0.383210182,-0.332363665,0.316873014,0.190868795,-0.000111457033,-0.00420175306,0.00384717295
-0.115700617,-0.151648015,0.789942622,0.0510433092,0.0294835033,-0.839085998,0.540795702,0.227725998,-0.1099867,0.110010602,0.383222818,-0.165407836,0.00777795399,-0.331999242,0.0792534575,-0.276061118,0.294477612,-0.119663432,0.0221828111,-0.49275285,0.121256948,-0.192096621,-0.0846728459,0.353871047,-0.578199625,0.691675782,0.000163103949,-0.00148833403,0.000134808841,-0.364660621,-0.365660667,0.272189677,0.307525337,-0.000183004508,-0.00386335235,0.00378845353
-0.11606402,-0.153828859,0.789353967,0.0502380987,0.0339263937,-0.840090808,0.539047835,0.249782354,-0.101122491,0.104259633,0.329204708,-0.168372482,0.016516177,-0.349356055,0.0940664709,-0.293629467,0.295149505,-0.108982839,0.0273679756,-0.510491371,0.139937013,-0.191103429,-0.0864168257,0.351712763,-0.610625744,0.690578103,0.000183048265,-0.00144522602,0.000133008754,-0.350887954,-0.397946417,0.238747776,0.408957183,-0.0001910094,-0.00342209172,0.00364834582
-0.116780289,-0.158152699,0.789327502,0.0492593259,0.0356238527,-0.841797454,0.536359494,0.257857412,-0.0952888727,0.103164941,0.320628166,-0.161867291,0.0199931748,-0.357715815,0.101687767,-0.300353497,0.297797143,-0.104107574,0.0291657988,-0.519615293,0.149176687,-0.189545929,-0.0848919451,0.348668814,-0.636556029,0.689274788,0.000202312905,-0.00136176264,0.000131594337,-0.335463941,-0.422956556,0.213420525,0.477119625,-0.000176521702,-0.00298680458,0.00357319112
-0.117673099,-0.163548708,0.789582253,0.0481933608,0.0359484547,-0.843851373,0.533197871,0.258941948,-0.0909699351,0.104398504,0.334774137,-0.150626019,0.0208396912,-0.361577511,0.105713896,-0.301655501,0.301433146,-0.102134809,0.0292699933,-0.5244326,0.15369685,-0.187705994,-0.0817322433,0.345181614,-0.659240961,0.687868357,0.000221239752,-0.00125810551,0.00013037282,-0.319212049,-0.444331467,0.192147657,0.5286538,-0.000150786887,-0.002554456,0.00353050977
-0.118821643,-0.171782702,0.790423751,0.045916462,0.0325444613,-0.847092777,0.528456587,0.23968789,-0.0901878849,0.111874357,0.416378319,-0.129989311,0.0142361,-0.351544261,0.102443285,-0.285627246,0.309453338,-0.110344931,0.0248176195,-0.518871307,0.146279767,-0.184005082,-0.0742043555,0.341660112,-0.667855382,0.684509277,0.000232143168,-0.00103375118,0.000134636357,-0.297449827,-0.451950401,0.178085506,0.527505696,-0.000138717238,-0.00226177927,0.00363235502
-0.119913615,-0.180584118,0.791272104,0.0431872513,0.028257848,-0.850306607,0.523750924,0.211296588,-0.0903327242,0.120970823,0.521861792,-0.110287838,0.00580651173,-0.337776959,0.0973766521,-0.265316039,0.31894052,-0.12284217,0.0190707836,-0.510126114,0.13603802,-0.179160133,-0.0662006512,0.338951439,-0.671285033,0.678929389,0.000238230379,-0.000777089095,0.000143116908,-0.275113553,-0.455702364,0.165996239,0.50947994,-0.000143973492,-0.00203282735,0.00379721262
-0.120892368,-0.190519542,0.792134047,0.0395552541,0.0222077514,-0.853489156,0.519132409,0.164634109,-0.0923313051,0.133307502,0.675091922,-0.0924588293,-0.00627412088,-0.316543162,0.0887185782,-0.236441106,0.331360638,-0.143912107,0.0107356729,-0.49501428,0.120148122,-0.172027588,-0.0572461858,0.33786872,-0.664345086,0.668908536,0.000234684747,-0.000455839268,0.000160030351,-0.251631349,-0.451720327,0.157853901,0.457701504,-0.00018388014,-0.00193134591,0.00408807537
-0.121589705,-0.200644195,0.792700171,0.0358709582,0.0155873208,-0.85576937,0.515877016,0.0973999798,-0.0967473388,0.145597607,0.864321232,-0.082314238,-0.0190978311,-0.292000592,0.0764075294,-0.207557365,0.344688863,-0.17319949,0.000527810771,-0.473652661,0.102263115,-0.163027599,-0.0496547967,0.339901447,-0.644907355,0.649281025,0.000217962661,-0.000152662091,0.000188830047,-0.231653959,-0.442903966,0.155306965,0.374787629,-0.000283946254,-0.00194637361,0.00454546604
-0.122146338,-0.210862979,0.793118477,0.0321597088,0.0086818804,-0.857570479,0.513286715,0.0198855214,-0.102371626,0.157863811,1.0715369,-0.0760116056,-0.0322923549,-0.265805185,0.062270999,-0.178670675,0.358470321,-0.20659326,-0.0106157167,-0.449167818,0.0833816752,-0.15309453,-0.0427451991,0.343491435,-0.619222999,0.62485224,0.000194654494,0.000141465207,0.000223570198,-0.213429615,-0.431671411,0.15555729,0.276313365,-0.000414080889,-0.00201964332,0.00508607924
-0.122257277,-0.220336795,0.793037415,0.0298805861,0.00104348149,-0.857893263,0.512957319,-0.0812062323,-0.111888237,0.165026575,1.2883817,-0.0820664838,-0.043807596,-0.23934871,0.0399794057,-0.161356628,0.368867099,-0.246113881,-0.022476498,-0.414766252,0.0646426827,-0.143754065,-0.039507322,0.353575289,-0.573999643,0.578457952,0.000155776026,0.000276606501,0.000270342105,-0.205577821,-0.419498503,0.168988317,0.152696505,-0.000648447312,-0.00220105681,0.0058649322
-0.122276112,-0.229486376,0.792909265,0.0282416158,-0.00750138146,-0.857914509,0.512960852,-0.185363352,-0.122163169,0.170296028,1.49226356,-0.0906933472,-0.0551964231,-0.212522164,0.0138474423,-0.148154557,0.377024561,-0.284655303,-0.033361841,-0.376248389,0.0450031832,-0.135363027,-0.0376281478,0.366369665,-0.524876416,0.523923993,0.000117751682,0.00032839246,0.000315447454,-0.202364504,-0.408776134,0.188243926,0.0322378427,-0.000897003221,-0.00238295295,0.00666918186
-0.122110769,-0.237987474,0.792687118,0.0278840054,-0.0178581246,-0.857361998,0.513647715,-0.29565081,-0.133954629,0.171779126,1.67022169,-0.104463808,-0.0663324445,-0.184955537,-0.019964667,-0.143175811,0.380703688,-0.321238548,-0.0422964543,-0.329498529,0.0235628039,-0.128870726,-0.0384661704,0.384584695,-0.467954099,0.453112066,8.14354717e-05,0.000213480482,0.000357219891,-0.208427355,-0.400954485,0.219147801,-0.0819049105,-0.00117393571,-0.00256581465,0.00752422353
-0.121937424,-0.246028453,0.792825758,0.0286814437,-0.0305118148,-0.856822124,0.513908798,-0.401478738,-0.144565731,0.171373025,1.80263591,-0.11860171,-0.0774050206,-0.155010998,-0.0606891401,-0.143152952,0.378688633,-0.350010931,-0.0465071686,-0.272281647,-0.00237108022,-0.123153031,-0.0427865833,0.408946455,-0.411297977,0.36871314,5.90140553e-05,-0.000133840134,0.000386034895,-0.227934793,-0.396752298,0.26159355,-0.172377467,-0.00140289287,-0.00269320561,0.0082526356
-0.121760078,-0.253840387,0.793144822,0.0300529294,-0.0443110131,-0.856181788,0.513893084,-0.505089283,-0.154587552,0.170022294,1.91229141,-0.132924885,-0.0884471387,-0.123873577,-0.104874998,-0.145608187,0.373825818,-0.374880731,-0.0483559966,-0.209823191,-0.0305552389,-0.117821828,-0.0488490462,0.436385065,-0.354768097,0.27750954,4.3538239e-05,-0.000597426086,0.00040837389,-0.254168183,-0.394359559,0.309816182,-0.251024604,-0.00160788419,-0.00279287389,0.0089178076
-0.121738739,-0.261132926,0.794870138,0.0325739854,-0.0588505801,-0.856748245,0.511329628,-0.586651325,-0.155976743,0.168514997,1.94629157,-0.142397374,-0.0963633507,-0.0899396092,-0.151332751,-0.152392969,0.358779252,-0.381307065,-0.0398073532,-0.129756331,-0.0642952546,-0.110593528,-0.0618191212,0.471621633,-0.305865258,0.174041897,5.21418697e-05,-0.00145014992,0.000408335589,-0.306862563,-0.396625429,0.371930897,-0.287965834,-0.00165807386,-0.00279570348,0.00919645652
-0.121809833,-0.268265128,0.797272861,0.035108819,-0.0722357319,-0.858065589,0.507220676,-0.657120049,-0.152754307,0.167138979,1.95452619,-0.149558768,-0.102809981,-0.0564587265,-0.195015296,-0.160549879,0.340610057,-0.380512238,-0.0274712406,-0.0442747548,-0.0978564173,-0.10262052,-0.0775143057,0.507482171,-0.259706855,0.0703298151,6.45874898e-05,-0.00238661095,0.000401575351,-0.367988586,-0.400878131,0.438147992,-0.312618047,-0.00165043306,-0.00277560484,0.00931119546
-0.122065857,-0.275073767,0.801029682,0.0376777876,-0.0833184876,-0.861097046,0.500150268,-0.705372334,-0.140309513,0.166026115,1.91122317,-0.152094766,-0.106314637,-0.0238976534,-0.233129382,-0.171447814,0.31620273,-0.365274698,-0.00756482175,0.052001968,-0.131046206,-0.0931613147,-0.0986535847,0.544576049,-0.219056264,-0.0338289998,8.47124102e-05,-0.00349017465,0.000381373131,-0.445953846,-0.409102947,0.512543261,-0.31268099,-0.00152712851,-0.00270965556,0.00909804646
-0.122657552,-0.281777442,0.805962086,0.0396474262,-0.090513595,-0.866062956,0.490071757,-0.72815907,-0.120758712,0.16391173,1.81201112,-0.14819628,-0.108075276,0.00478953123,-0.261269867,-0.186003596,0.289220393,-0.338482261,0.0167892892,0.154041141,-0.159679905,-0.0842534453,-0.125086337,0.577805281,-0.183447242,-0.128476858,0.000100381862,-0.00461073266,0.000351083872,-0.534145117,-0.424316943,0.594563246,-0.28834343,-0.00132138201,-0.00261701085,0.00848936383
-0.123417176,-0.288428724,0.811482549,0.0413130469,-0.095754292,-0.871906367,0.478438747,-0.738209426,-0.0976537913,0.161296129,1.68483305,-0.141079158,-0.108963735,0.0315397792,-0.284422606,-0.202389285,0.26094985,-0.305910558,0.0433681011,0.25896427,-0.18603535,-0.0756212771,-0.154167131,0.609102309,-0.150359005,-0.218369424,0.000113822622,-0.0057398132,0.00031574929,-0.627452791,-0.443027318,0.680398643,-0.251801044,-0.00107440096,-0.0025110112,0.00768283801
-0.124853209,-0.295466781,0.817388952,0.0418004505,-0.0948871895,-0.878902435,0.46559602,-0.708398938,-0.0744486302,0.152480677,1.47935438,-0.119753346,-0.108953223,0.0508616753,-0.291689783,-0.223648071,0.236388996,-0.270770103,0.0667021722,0.356595784,-0.202301264,-0.0711895078,-0.186913371,0.631435871,-0.126841784,-0.281544864,0.000108258915,-0.0067720823,0.000277984247,-0.722110689,-0.477514744,0.772451162,-0.178566456,-0.000811166363,-0.00235729525,0.00636802614
-0.126460925,-0.302656472,0.822842956,0.0419102653,-0.0920096942,-0.885343487,0.453811255,-0.667215884,-0.0538259745,0.139803916,1.26101756,-0.0943743363,-0.108843766,0.0679760054,-0.294258147,-0.244791374,0.214845493,-0.239813864,0.0863273591,0.445944488,-0.215068147,-0.0685847998,-0.218239173,0.651544929,-0.10753613,-0.334948808,9.46900327e-05,-0.00776576204,0.000244220631,-0.813283801,-0.517191529,0.863621235,-0.0986178741,-0.000571254932,-0.00216700067,0.005028293
-0.12841174,-0.310148299,0.827390969,0.0412751527,-0.0851359399,-0.890887871,0.444260098,-0.603295624,-0.0383710451,0.119407028,1.01699972,-0.0608934462,-0.108536452,0.0806729421,-0.287429184,-0.265700459,0.199339524,-0.217230216,0.0985323638,0.518715143,-0.220835567,-0.0696343258,-0.246719599,0.667202055,-0.0966559201,-0.368803084,6.51140581e-05,-0.00868211873,0.000218464469,-0.897473991,-0.567240298,0.953012586,-0.00525450893,-0.000378022669,-0.00190358388,0.0036389241
-0.130404592,-0.317342401,0.830452919,0.0400405808,-0.0754346966,-0.894691133,0.438445133,-0.531796157,-0.0284092017,0.0916407108,0.790622711,-0.0281548798,-0.108290903,0.089709051,-0.273584604,-0.282931387,0.190682158,-0.205847502,0.102771118,0.570171595,-0.220339835,-0.0738520175,-0.267735213,0.68023932,-0.0947834104,-0.387131631,2.27395376e-05,-0.0094846487,0.00020303583,-0.970458031,-0.620529175,1.03360212,0.0818815306,-0.000240778958,-0.00154031802,0.00249860692
-0.13241826,-0.324386746,0.832771361,0.0385037242,-0.0643162787,-0.897561708,0.43446963,-0.456514984,-0.0211953595,0.0601921529,0.573093653,0.00420851912,-0.108076289,0.0969135016,-0.256233245,-0.298321098,0.185450613,-0.200067461,0.10302566,0.610963881,-0.216712072,-0.0796535239,-0.285015345,0.691965103,-0.0974158794,-0.3976942,-2.60303423e-05,-0.0102301687,0.000192773179,-1.03783035,-0.675432265,1.10978115,0.165893391,-0.000131547786,-0.00112715841,0.00148296217
-0.134056032,-0.32958883,0.833225369,0.0366963749,-0.0536272347,-0.897756112,0.43567357,-0.398643255,-0.0200149342,0.0257418882,0.431648076,0.0237273462,-0.108357131,0.0995842889,-0.235671729,-0.307562053,0.189220846,-0.208352864,0.0946735218,0.62486428,-0.205731735,-0.0870007724,-0.286857486,0.700979114,-0.113948822,-0.390380144,-7.60485127e-05,-0.0107127884,0.000190365288,-1.08685136,-0.718465269,1.16195381,0.22055912,-7.99634363e-05,-0.000640259881,0.000942059676
-0.135497063,-0.333928823,0.833317757,0.0350593063,-0.0443741711,-0.897120226,0.43815189,-0.350762397,-0.0205488522,-0.00696310215,0.317887664,0.0391774401,-0.108780205,0.100729771,-0.216785192,-0.315286756,0.195732832,-0.220139682,0.084613502,0.632220268,-0.193412304,-0.0932836235,-0.282825708,0.709859848,-0.135676891,-0.376676381,-0.00012075121,-0.0111080147,0.000188087899,-1.13007188,-0.753884912,1.20404935,0.265715063,-3.82884973e-05,-0.00017865299,0.000506010081
-0.136544511,-0.336544633,0.832686663,0.0337685295,-0.0380024223,-0.894958278,0.443243931,-0.322866112,-0.0245115124,-0.0361757949,0.259504735,0.0464890823,-0.109487727,0.0988244936,-0.201249659,-0.319978535,0.207728133,-0.238928914,0.0711381659,0.626486778,-0.178415269,-0.0974372625,-0.267046064,0.718473613,-0.167794362,-0.350193501,-0.00015482046,-0.0113284308,0.000186071586,-1.16168857,-0.774075449,1.22598803,0.291848749,-1.64349822e-05,0.000232346123,0.000279693981
-0.137212455,-0.33761397,0.831735492,0.033081657,-0.0347601123,-0.89174603,0.449984841,-0.312457621,-0.0316342413,-0.0585418418,0.245431691,0.0499564633,-0.11009787,0.093149446,-0.191296503,-0.322728872,0.225032866,-0.2611458,0.0556844026,0.60980922,-0.163453847,-0.0978003442,-0.241870493,0.728627622,-0.209684432,-0.308633089,-0.00017591317,-0.011425429,0.000184138917,-1.18279254,-0.77876687,1.22793806,0.306549966,-2.80171707e-06,0.000523851137,0.000152188484
-0.137690827,-0.337910473,0.830623984,0.0326953579,-0.0330804262,-0.88797459,0.457534508,-0.310789794,-0.0403384417,-0.0774897486,0.2535083,0.0515028276,-0.11065945,0.0855883881,-0.18413195,-0.324509203,0.244995847,-0.285081118,0.0392380469,0.587656379,-0.148506984,-0.0962684378,-0.211992115,0.739553869,-0.256469607,-0.25952521,-0.000190523089,-0.0114607476,0.000182247837,-1.19864559,-0.775710523,1.21989489,0.315539092,6.72526221e-06,0.000755678862,7.40519026e-05
-0.137760311,-0.336351842,0.82948035,0.0333306643,-0.0348576457,-0.883298842,0.466323029,-0.33182174,-0.0523672178,-0.0819348991,0.320771724,0.0507252067,-0.110523447,0.0730192289,-0.183550596,-0.324716687,0.269549221,-0.307071477,0.0211288966,0.551476002,-0.136704281,-0.0904686451,-0.178766787,0.750026464,-0.309629947,-0.191342741,-0.000188439328,-0.0113142701,0.000184746779,-1.19817281,-0.753036618,1.18225896,0.315048963,1.18794724e-05,0.000776332803,7.61410192e-05
-0.137745589,-0.334318221,0.828392386,0.034426265,-0.0372865321,-0.878219356,0.475557893,-0.360400826,-0.0650371909,-0.0802901313,0.408573627,0.0488221347,-0.109902523,0.0597624108,-0.184066981,-0.324518174,0.293417037,-0.326768041,0.00324643124,0.51137501,-0.126165137,-0.084574461,-0.147777736,0.757080376,-0.360344619,-0.120786592,-0.000181866839,-0.0110436724,0.000191445259,-1.19022655,-0.724345565,1.13392866,0.311242044,1.6487631e-05,0.000710725551,0.000114423674
-0.137562424,-0.331335068,0.827416062,0.0364442974,-0.0410202543,-0.872393958,0.485713839,-0.404068649,-0.078987509,-0.0664666891,0.537435949,0.0446686298,-0.108311899,0.0451324135,-0.186778545,-0.323507637,0.315910339,-0.341874242,-0.0141799711,0.463439316,-0.118154526,-0.0784923881,-0.12126559,0.757296383,-0.406160593,-0.0454942249,-0.000166318656,-0.0105248922,0.000206541052,-1.16733503,-0.683625758,1.06421864,0.300802767,2.00030681e-05,0.000472619256,0.00022508204
-0.137269214,-0.327949136,0.82643044,0.039722289,-0.0445826607,-0.865395847,0.497518396,-0.457590938,-0.0938683525,-0.041030895,0.699867129,0.0363230519,-0.105281562,0.0297532417,-0.189583242,-0.321369618,0.334552258,-0.352689385,-0.0288896281,0.407628536,-0.111374006,-0.0748980045,-0.102033928,0.74475944,-0.43910712,0.0249550045,-0.000145480968,-0.00961242057,0.000235321189,-1.12405682,-0.631977916,0.974225163,0.278004676,1.87682526e-05,3.64707375e-05,0.000457692367
-0.136921003,-0.324362308,0.825440168,0.0436234344,-0.0480517952,-0.857681668,0.510068796,-0.516032338,-0.109212182,-0.00979281869,0.879057884,0.0258827116,-0.101531819,0.014001823,-0.192434028,-0.318668127,0.351265669,-0.361357361,-0.0422386639,0.347888649,-0.105209559,-0.0725480095,-0.0864454508,0.7258479,-0.465613902,0.092971921,-0.0001220017,-0.00850324053,0.000270939112,-1.07059157,-0.574874043,0.874103606,0.249030694,1.51585e-05,-0.000498632318,0.000751243206
-0.136408001,-0.321072549,0.824201822,0.0493124105,-0.0489552334,-0.848629917,0.524403409,-0.570764661,-0.124504976,0.0291287638,1.07364035,0.0092010377,-0.0967602879,-0.00587188127,-0.192667305,-0.313390791,0.363340974,-0.366514504,-0.0498046316,0.279069573,-0.0978785008,-0.0761425793,-0.0835484117,0.689646542,-0.465621114,0.140864566,-9.50424655e-05,-0.00703030126,0.000318867649,-0.986458957,-0.511556447,0.756824374,0.189293802,-1.40298771e-05,-0.001202774,0.00124694034
-0.135763511,-0.318022013,0.822949529,0.0552429837,-0.0485218599,-0.839643452,0.538138194,-0.618758619,-0.13900815,0.0661808252,1.25881183,-0.00800572056,-0.09262155,-0.0280940458,-0.191432565,-0.306903303,0.374962091,-0.370833904,-0.0559808388,0.21014294,-0.0896363631,-0.0816817954,-0.085923627,0.652195811,-0.45546788,0.179537952,-6.68385765e-05,-0.00564775104,0.000363506901,-0.896075189,-0.45228982,0.640728295,0.119996861,-6.19062557e-05,-0.00189222884,0.00178322685
-0.134856135,-0.315450042,0.821669221,0.0616715964,-0.0454321777,-0.831082419,0.550848931,-0.653275192,-0.151931539,0.0994924232,1.42515433,-0.0262616407,-0.0897484273,-0.0550113991,-0.187262267,-0.297996074,0.385674477,-0.373477846,-0.0593775585,0.141004696,-0.0795727223,-0.0911095366,-0.0988418683,0.612248421,-0.424996823,0.199773178,-3.61471248e-05,-0.00444602501,0.000401566009,-0.793195188,-0.40112704,0.527004182,0.0315857902,-0.000147151441,-0.00255227881,0.0024006546
-0.133477926,-0.313256502,0.820707202,0.0677706712,-0.0395844824,-0.824439691,0.560481401,-0.670653582,-0.162956029,0.124632321,1.55316544,-0.0421736538,-0.0892571732,-0.0860794261,-0.180013567,-0.286913604,0.397919387,-0.373668611,-0.0620239452,0.0766600743,-0.067986384,-0.102481052,-0.123596132,0.578950047,-0.37902379,0.203855574,-2.38691973e-06,-0.00363479368,0.000426803541,-0.69088763,-0.36574769,0.426791012,-0.0571746491,-0.000279851665,-0.00313593494,0.00300853886
-0.131864205,-0.311252177,0.819904506,0.0737002484,-0.0323556621,-0.818708589,0.568539911,-0.679460526,-0.173031077,0.145685717,1.66200757,-0.0569136441,-0.0899572,-0.119224153,-0.171225026,-0.27474305,0.410931349,-0.372632354,-0.064295195,0.0147114629,-0.0556382127,-0.114824861,-0.154270604,0.548976541,-0.325297207,0.199859768,3.2908818e-05,-0.00301884278,0.00044562915,-0.588864744,-0.338261694,0.333333313,-0.146110445,-0.000436288188,-0.00368139567,0.00361165707
-0.129820973,-0.309117317,0.819789529,0.0783773593,-0.0224348141,-0.816892631,0.57099921,-0.661825776,-0.180826157,0.155551881,1.7079246,-0.0665251762,-0.0936065838,-0.156585723,-0.158716008,-0.261819333,0.429302394,-0.366835713,-0.0671326742,-0.0392424949,-0.042464979,-0.125700757,-0.195567697,0.532671869,-0.272740304,0.187076539,6.86609419e-05,-0.00278483005,0.000452541106,-0.508219957,-0.333210707,0.266684175,-0.203074008,-0.000616942882,-0.00409363396,0.0040400126
-0.12790066,-0.306533843,0.819828629,0.0825400559,-0.0124617922,-0.816258042,0.571624573,-0.63461411,-0.18757689,0.16273196,1.73445714,-0.0752214193,-0.0976470336,-0.194783181,-0.145038158,-0.249585122,0.449187636,-0.359865844,-0.0699717179,-0.0913604572,-0.0297513399,-0.135191068,-0.23520872,0.519361734,-0.228367656,0.178829551,0.000101930076,-0.00257875724,0.0004574458,-0.438513279,-0.334527224,0.20880118,-0.245555773,-0.000777336536,-0.00442984188,0.00436618505
-0.126226425,-0.303053617,0.820175827,0.0856833695,-0.00239020895,-0.818095328,0.568658669,-0.588254154,-0.192237988,0.164539218,1.72221935,-0.0820859075,-0.102468938,-0.234646425,-0.129024923,-0.238731742,0.472098142,-0.350550741,-0.0728134364,-0.13979876,-0.0179587714,-0.141908973,-0.271531731,0.512042165,-0.20036903,0.179655656,0.000130228524,-0.00242859125,0.000458335417,-0.390691876,-0.348577589,0.168457955,-0.259069711,-0.000897186808,-0.00461394899,0.00448795687
-0.124990158,-0.29794842,0.820600033,0.0878500274,0.00640984404,-0.821826116,0.562888197,-0.522531331,-0.194151819,0.161569417,1.66716397,-0.0891682208,-0.106107011,-0.27348423,-0.110123098,-0.230754241,0.49306947,-0.340691626,-0.0744393989,-0.184687763,-0.00782078318,-0.145711675,-0.297657222,0.506916225,-0.193288535,0.201919928,0.000151949411,-0.00223851902,0.000452398963,-0.363651693,-0.374821961,0.142984644,-0.244651943,-0.00095055101,-0.00461006723,0.00438082917
-0.123973079,-0.292031527,0.821062744,0.0895210711,0.0145717273,-0.826439016,0.555672741,-0.447137117,-0.194691733,0.156211555,1.59070826,-0.0963583514,-0.109152623,-0.311803371,-0.0897798538,-0.22421594,0.51306802,-0.330562025,-0.0754572451,-0.227795273,0.00148837024,-0.148056209,-0.318679959,0.502887845,-0.196668208,0.234899893,0.000170378204,-0.00202852255,0.000443050289,-0.347006261,-0.407159299,0.124950193,-0.216270536,-0.00097066391,-0.00451219175,0.00415926892
-0.123262897,-0.284013033,0.821448326,0.090168894,0.020506056,-0.832002774,0.547010471,-0.349140465,-0.190313637,0.14297767,1.44171321,-0.106091201,-0.105043322,-0.343828857,-0.06465929,-0.224200323,0.520279229,-0.319389045,-0.072092101,-0.264453948,0.0107429754,-0.146930784,-0.326469064,0.498571157,-0.229760855,0.301312387,0.000182489748,-0.00178663805,0.000415128015,-0.354025632,-0.453394741,0.123649225,-0.150286615,-0.000911809446,-0.00422162004,0.00369982654
-0.122515842,-0.275888741,0.82184881,0.0906489961,0.0259839185,-0.83708215,0.538888737,-0.24884674,-0.183653042,0.127945915,1.27563417,-0.117246985,-0.0969113633,-0.373246908,-0.0384683758,-0.22744891,0.52142638,-0.306217313,-0.0663103983,-0.299447358,0.0213116519,-0.145099998,-0.332067907,0.493578792,-0.271000743,0.371796042,0.000193602376,-0.00157776335,0.000381500053,-0.365993202,-0.500925124,0.126531526,-0.0770708621,-0.000844061899,-0.00393208535,0.00323553337
-0.121695265,-0.267555028,0.8222785,0.0908096813,0.0305508825,-0.841339357,0.531947677,-0.143985838,-0.172430649,0.109323405,1.075441,-0.131244853,-0.0807388574,-0.397444397,-0.0101441322,-0.237222865,0.510449409,-0.289052635,-0.0556986406,-0.331102401,0.0345049165,-0.141859412,-0.333286136,0.487236679,-0.328519255,0.450401396,0.000202715062,-0.00143493875,0.000336473167,-0.387850761,-0.551032305,0.137776867,0.0105850901,-0.000758551294,-0.00364469597,0.00276165851
-0.120643489,-0.260233045,0.823032498,0.0908348131,0.0345733247,-0.844206111,0.527133535,-0.0493839458,-0.15719977,0.0913449526,0.878596842,-0.145838052,-0.0588054731,-0.416645974,0.0172999706,-0.254351616,0.488595545,-0.264414966,-0.0404281691,-0.361083061,0.0503106937,-0.138364926,-0.332280815,0.479564697,-0.393077791,0.519050002,0.000211559454,-0.00140028296,0.000290866825,-0.411034852,-0.595974505,0.153901935,0.0943349004,-0.000695911702,-0.00348391384,0.0023985994
-0.119476222,-0.253418058,0.823948562,0.0907923006,0.0383228005,-0.846378457,0.52338478,0.0400742926,-0.139966413,0.0736910999,0.683455467,-0.160726592,-0.0339943357,-0.43334651,0.0443001166,-0.275156081,0.461305231,-0.23604314,-0.0228299703,-0.3902224,0.0674207732,-0.134743974,-0.330163479,0.47122854,-0.461148143,0.58270961,0.000220268586,-0.00141972583,0.000244977331,-0.434878767,-0.63832736,0.172464922,0.176119298,-0.000644720334,-0.00338647654,0.00209100987
-0.118146881,-0.24929449,0.825894833,0.0904645622,0.040842291,-0.847133398,0.52202785,0.097598888,-0.124119289,0.0611014292,0.548764348,-0.16614148,-0.0126620233,-0.442182302,0.0643906519,-0.298877299,0.427131772,-0.199937135,-0.00389502617,-0.415816605,0.0829137638,-0.132108152,-0.323868275,0.462034523,-0.521774769,0.619299173,0.000229602039,-0.00153002585,0.000213987514,-0.447645485,-0.664693892,0.18878895,0.22904253,-0.000662941253,-0.00356690981,0.00198971201
-0.11691007,-0.246271983,0.82824111,0.0899267554,0.0426686846,-0.847742007,0.520985654,0.144153267,-0.111707166,0.0500627309,0.441075683,-0.165236101,0.0044415989,-0.448112905,0.0814066157,-0.318516493,0.394776702,-0.165577844,0.0132537661,-0.438836098,0.09605515,-0.129909188,-0.315586567,0.452991903,-0.576195359,0.647890389,0.000238371722,-0.00163251092,0.000189241182,-0.454556763,-0.684944928,0.201478824,0.269227952,-0.000706537627,-0.00382984732,0.00194978015
-0.115858436,-0.245451942,0.831387162,0.0889701693,0.0431093051,-0.848069607,0.520580291,0.168763041,-0.106166095,0.0421270207,0.387401283,-0.151690528,0.0130863199,-0.44823277,0.092271857,-0.32999,0.366061568,-0.134715393,0.0268286001,-0.45670414,0.104492098,-0.128584191,-0.303332746,0.444252998,-0.618198812,0.660482526,0.000246012991,-0.00171935605,0.000176984089,-0.449756742,-0.692963243,0.206899315,0.283934414,-0.000800878974,-0.0042577628,0.00203258032
-0.115065619,-0.247105256,0.834894896,0.0873440641,0.0417898291,-0.84848963,0.520278745,0.175544053,-0.109833099,0.0369665772,0.385423481,-0.12586385,0.012666475,-0.441695005,0.0978839546,-0.32662642,0.345829308,-0.114720166,0.0345642902,-0.467129916,0.107332721,-0.127816468,-0.287570953,0.436944246,-0.647034168,0.660176933,0.000250710407,-0.00175273791,0.000176127796,-0.432639807,-0.689308107,0.203045309,0.271639526,-0.000947322114,-0.00475601014,0.0022359062
-0.11440213,-0.249995589,0.838584006,0.0853823547,0.0395897727,-0.848949944,0.520025476,0.173410371,-0.118104972,0.0331934243,0.409297049,-0.0938932598,0.00771394139,-0.431827188,0.100869939,-0.315842956,0.329836369,-0.100156873,0.03938099,-0.473835349,0.107375205,-0.127327293,-0.270053059,0.430349827,-0.669288516,0.653421462,0.000253936334,-0.00175938953,0.000180972667,-0.40936172,-0.679815054,0.194553182,0.245840758,-0.00111983798,-0.00528948288,0.00249952916
-0.114036292,-0.256577045,0.841565013,0.0823015523,0.0352204932,-0.849536524,0.519878511,0.14347443,-0.135989964,0.0362846702,0.510946274,-0.0581135526,-0.00644880394,-0.412261903,0.0977557153,-0.283867955,0.326640308,-0.105384856,0.0348771513,-0.468621016,0.099595651,-0.127054378,-0.251007408,0.427532077,-0.675950527,0.625155449,0.000252419442,-0.00169460149,0.000205874239,-0.37302497,-0.654999495,0.175725996,0.179855734,-0.00137160218,-0.00574826449,0.00295171654
-0.113776669,-0.263973802,0.843996048,0.078975399,0.0306382197,-0.850016942,0.519899399,0.102526315,-0.154041559,0.0427360535,0.636997342,-0.0273039136,-0.0210713409,-0.390985012,0.092917487,-0.2486507,0.326946557,-0.117407352,0.027580088,-0.459777772,0.0896980017,-0.126734391,-0.232907787,0.426304191,-0.67849052,0.587728441,0.00024976331,-0.00162429502,0.000239211367,-0.33689189,-0.62715137,0.156988055,0.10371124,-0.00164044288,-0.00614349358,0.00346297561
-0.113729484,-0.272999972,0.845326781,0.0751610059,0.0256316363,-0.850303295,0.520267382,0.0395618007,-0.172423571,0.055906225,0.811828911,-0.0064383517,-0.0366111621,-0.366288394,0.0846322551,-0.206954733,0.334256887,-0.143016025,0.0146981217,-0.443678588,0.0755659491,-0.126320317,-0.216702849,0.428256005,-0.672786653,0.531987011,0.000244829105,-0.00154296274,0.000289413234,-0.301171541,-0.593242884,0.1384314,0.00726096332,-0.00194339303,-0.00641156733,0.00409229193
-0.113848194,-0.282341003,0.845556736,0.0714675449,0.0206441869,-0.850139992,0.521275553,-0.0423230454,-0.186773121,0.0740535706,1.01260614,-0.000409245229,-0.0485061333,-0.34158501,0.07302019,-0.16899249,0.346230924,-0.179894105,-0.00159556558,-0.421330035,0.0589743853,-0.125848353,-0.204150945,0.434069395,-0.659629583,0.45732975,0.000237039596,-0.00150914118,0.000351557275,-0.274975896,-0.559551001,0.128730044,-0.0956251696,-0.00222394592,-0.00652523711,0.00479925936
-0.114049852,-0.291838497,0.845236182,0.0678336387,0.0156664326,-0.849734856,0.522593374,-0.133660868,-0.199104548,0.0946877599,1.22633553,-0.00180024456,-0.0585770532,-0.316880792,0.0597454756,-0.132901803,0.360535711,-0.22240369,-0.0195935145,-0.395858467,0.0411545448,-0.12534748,-0.193427175,0.441813409,-0.642746747,0.373220712,0.000227822704,-0.0014990879,0.000419665972,-0.253546566,-0.525971174,0.123458691,-0.201718241,-0.00249326392,-0.00656167557,0.00554498332
-0.114354171,-0.300765485,0.844084382,0.0652721135,0.00927311903,-0.848751046,0.524666773,-0.237971932,-0.204460308,0.114641607,1.42317951,-0.0206601229,-0.0622906983,-0.29219684,0.0399828553,-0.11086452,0.374723852,-0.269759893,-0.0370350219,-0.361536503,0.0204271004,-0.125081167,-0.188320458,0.455972314,-0.618188977,0.270045102,0.000210211147,-0.00164761581,0.000480454793,-0.253565609,-0.498929679,0.141058117,-0.294320643,-0.00262404652,-0.00633711927,0.00627907272
-0.114691213,-0.309607446,0.843019068,0.063145633,0.00187233717,-0.847761332,0.526602171,-0.341261655,-0.207909286,0.132884338,1.59983325,-0.0420534313,-0.0647474304,-0.266300917,0.0174759608,-0.0930161774,0.386329353,-0.313601762,-0.0524405837,-0.324023694,-0.00196249504,-0.124922961,-0.184607923,0.471929133,-0.593131423,0.166046768,0.000189149985,-0.00186437182,0.000531038153,-0.262501091,-0.473914504,0.167756125,-0.376897335,-0.00268507702,-0.00602183351,0.00695698336
-0.11509373,-0.318278521,0.842126846,0.0618912997,-0.00754168642,-0.846781335,0.528274512,-0.442498207,-0.207544401,0.147703037,1.73608923,-0.0685112923,-0.0646901578,-0.237983763,-0.0105170645,-0.0835473239,0.392768532,-0.350410759,-0.0637727976,-0.280133128,-0.0276740324,-0.124981001,-0.183684036,0.491479993,-0.567076683,0.0604135916,0.000161191987,-0.00221755845,0.000561206019,-0.289268076,-0.452954561,0.212648094,-0.43941468,-0.00260660192,-0.00552512472,0.00752247171
-0.115573794,-0.327073067,0.841985464,0.0612936373,-0.0187304461,-0.846406791,0.528666062,-0.532856405,-0.203816578,0.160291165,1.82455456,-0.0934902728,-0.0631604493,-0.206046581,-0.0430342071,-0.0790612623,0.391325265,-0.374047458,-0.0688551366,-0.229023144,-0.0574457869,-0.124860309,-0.184941739,0.513292611,-0.542437553,-0.0360973626,0.000130197252,-0.00268718367,0.000568324816,-0.336512506,-0.434262395,0.274384707,-0.477753103,-0.00236629951,-0.00490284991,0.00790574588
-0.116092667,-0.33592999,0.842219591,0.0610187481,-0.0308050913,-0.846258434,0.528369588,-0.617782712,-0.198407114,0.171765029,1.8891331,-0.117731757,-0.0608944595,-0.17229709,-0.0778157115,-0.0770660713,0.385940939,-0.391100317,-0.0708131641,-0.174299836,-0.0892497748,-0.124650247,-0.187290266,0.536237717,-0.518504381,-0.128054902,9.76818992e-05,-0.00321505964,0.000563920476,-0.393998414,-0.416702539,0.344547719,-0.504005909,-0.00204507168,-0.004217749,0.0081979502
-0.116692752,-0.344802141,0.844239533,0.0614172429,-0.04346441,-0.847911636,0.524771022,-0.674710512,-0.187141016,0.181717128,1.89050651,-0.133463562,-0.0567524172,-0.135708079,-0.114841715,-0.0798932612,0.367682844,-0.387452781,-0.0619927868,-0.107751682,-0.12462464,-0.12262702,-0.193181098,0.560340285,-0.497132659,-0.196599051,7.0592112e-05,-0.00381902489,0.000536827487,-0.478712559,-0.403245449,0.432292461,-0.495687902,-0.00154218345,-0.00351020787,0.00816011615
-0.11734803,-0.353609115,0.846939564,0.0619654456,-0.0554280828,-0.850206,0.519843985,-0.720015407,-0.174025685,0.190521345,1.87003291,-0.145124704,-0.0524980426,-0.0999449939,-0.150648639,-0.0845638067,0.346034944,-0.377973437,-0.0500169694,-0.0377750583,-0.15923278,-0.11952772,-0.200186282,0.58371985,-0.476871639,-0.256499171,4.68007311e-05,-0.00441504363,0.000508288154,-0.568957329,-0.392051399,0.522309422,-0.476722121,-0.00104284752,-0.00284125819,0.00797736458
-0.118113667,-0.362285346,0.850999236,0.0628234481,-0.0660053454,-0.8539276,0.512351601,-0.742075026,-0.157213077,0.197029591,1.80587173,-0.148644984,-0.0480192415,-0.0658353567,-0.18401587,-0.0929203928,0.31760931,-0.356832534,-0.03173168,0.0390541069,-0.192305967,-0.114276722,-0.209419474,0.605652273,-0.45883286,-0.299110383,2.960657e-05,-0.00499513978,0.000476857822,-0.670257449,-0.385383368,0.616865516,-0.436464339,-0.000550640863,-0.00224951655,0.00750482315
-0.119090542,-0.370857328,0.855913579,0.0636720704,-0.0737545693,-0.858568851,0.503354408,-0.740332484,-0.139603466,0.197941661,1.68938255,-0.141573831,-0.0456491038,-0.0364183262,-0.21052371,-0.105272591,0.287415147,-0.329272121,-0.0112079503,0.118359804,-0.219117403,-0.107720271,-0.219613016,0.623767972,-0.443873525,-0.327228427,1.67572853e-05,-0.00553867919,0.000451750035,-0.774482965,-0.384482652,0.709086418,-0.37674886,-0.0001785434,-0.00174192921,0.00667601964
-0.120172843,-0.379375458,0.861254215,0.06451108,-0.0800820849,-0.863604982,0.493570275,-0.726689756,-0.121598944,0.196055591,1.54675424,-0.129208654,-0.0443337299,-0.00935347751,-0.233596653,-0.119619988,0.256342918,-0.29850775,0.0104307635,0.198887572,-0.242792666,-0.10051246,-0.230284646,0.639971852,-0.430456936,-0.348094583,6.08294295e-06,-0.00606383011,0.000429808395,-0.880149782,-0.386465669,0.80012089,-0.307317227,0.000133426729,-0.00127652008,0.00566926319
-0.121525884,-0.387642771,0.866300166,0.0645436826,-0.0809263478,-0.868404014,0.484932477,-0.680324137,-0.105707727,0.180065036,1.33595884,-0.0992714614,-0.0492571965,0.00920028985,-0.240670606,-0.137218669,0.231066912,-0.270589143,0.0275335498,0.272437721,-0.252616197,-0.0948148817,-0.239771396,0.649130225,-0.421541125,-0.355894685,-2.44818693e-06,-0.00658014603,0.000419642369,-0.981065273,-0.39972806,0.882471919,-0.215371013,0.000256229774,-0.000833732716,0.00428745523
-0.122869924,-0.395667195,0.870804191,0.0640717435,-0.0798688311,-0.872632231,0.477523582,-0.626970947,-0.0899903625,0.158966005,1.11871552,-0.0657986701,-0.0561217479,0.0253440924,-0.241907164,-0.154570699,0.209146127,-0.246443883,0.0418643877,0.340185761,-0.257865608,-0.0901298821,-0.24823986,0.656508148,-0.413684726,-0.361786157,-1.03208267e-05,-0.00710952654,0.000412529829,-1.07813883,-0.417269588,0.961596608,-0.120991051,0.000342942512,-0.000378701778,0.00293868454
-0.124195747,-0.403204769,0.874223948,0.0625992599,-0.0750200251,-0.875826061,0.472633091,-0.559659302,-0.0746227726,0.127658576,0.888621807,-0.0252642967,-0.0668653175,0.0366682038,-0.231474787,-0.171426669,0.193935975,-0.229845852,0.0506517179,0.396324396,-0.253970861,-0.0874698088,-0.254671365,0.660326123,-0.407947063,-0.363862276,-1.68760052e-05,-0.00766494684,0.000411521993,-1.16751742,-0.443362296,1.03425992,-0.0217621494,0.000357508165,0.000100739831,0.00165620632
-0.125329599,-0.40972054,0.876338542,0.0600601185,-0.0677695393,-0.877717993,0.470543513,-0.493086159,-0.0596681535,0.0914468244,0.686091125,0.0120887216,-0.0781774148,0.0445226878,-0.213221729,-0.18615441,0.184868753,-0.220472187,0.0547477975,0.437504023,-0.243416488,-0.0860364288,-0.258321553,0.66270268,-0.403730512,-0.363746047,-1.98225662e-05,-0.00821197964,0.000416282914,-1.24393034,-0.473978698,1.09824252,0.066208899,0.000344055297,0.000551349192,0.000707493396
-0.126367256,-0.415724248,0.877800286,0.0569852028,-0.0593163589,-0.878915485,0.469831701,-0.426894128,-0.0449226797,0.0527892485,0.497378856,0.0478443317,-0.0897717774,0.0506408736,-0.191061363,-0.199815392,0.178874776,-0.214712575,0.0564974099,0.471196473,-0.229534015,-0.0852166936,-0.260580361,0.66435802,-0.40027526,-0.362533629,-2.09642003e-05,-0.00875472091,0.0004239275,-1.31384683,-0.506851614,1.15787315,0.148535073,0.000316594902,0.000987461535,-7.41593976e-05
-0.127137333,-0.419486225,0.877746344,0.0531990292,-0.0515740726,-0.878035168,0.472825785,-0.381053269,-0.0355600081,0.0195016433,0.383674264,0.0674087182,-0.0963890254,0.0531085283,-0.168792099,-0.209481537,0.179512575,-0.216227382,0.0534300357,0.484174788,-0.212379664,-0.0846596733,-0.256872654,0.66732502,-0.399320185,-0.356946021,-1.13648821e-05,-0.00914540794,0.000438750954,-1.35766625,-0.5338552,1.19771063,0.195001304,0.00028543215,0.00127160875,-0.000373308576
-0.127866775,-0.422461957,0.877390027,0.0496764085,-0.0450481077,-0.876404786,0.476883186,-0.343681246,-0.0289804414,-0.00926485658,0.293788135,0.0818284526,-0.100714378,0.0545890592,-0.149384826,-0.217900872,0.181982979,-0.219759077,0.0488908365,0.491614074,-0.196462542,-0.0838073939,-0.249873877,0.67194277,-0.399809062,-0.348790109,3.53479845e-06,-0.00944940746,0.000453863904,-1.39296579,-0.555619478,1.22946036,0.228437036,0.000260847999,0.00149289693,-0.000591225747
-0.128514946,-0.423865467,0.876428783,0.0466859244,-0.0409597511,-0.873354393,0.48310954,-0.323245615,-0.0279666595,-0.0289898347,0.251535326,0.0859596431,-0.10045629,0.0540955141,-0.135701135,-0.223826841,0.188118294,-0.227324218,0.0414082147,0.487976193,-0.183019713,-0.082364656,-0.236293495,0.679861367,-0.403185666,-0.335498095,2.9034396e-05,-0.00958004501,0.000469555787,-1.41122723,-0.566905737,1.24503589,0.235813826,0.000249420118,0.00158847659,-0.000646691129
-0.129093796,-0.423900664,0.875211477,0.0449977785,-0.0392488662,-0.869090917,0.49103534,-0.317090303,-0.0322028548,-0.0388057381,0.246585548,0.0842156783,-0.0966179371,0.0510369539,-0.12846905,-0.227819473,0.197850376,-0.238931835,0.0308318269,0.474292338,-0.173766136,-0.0798288509,-0.214285851,0.691974163,-0.412315249,-0.313329428,6.54470641e-05,-0.00951649528,0.000481431838,-1.4151051,-0.566301525,1.24420226,0.220368832,0.000258898945,0.00155870081,-0.000620109262
-0.129637986,-0.423251867,0.873866439,0.0439581002,-0.0387242575,-0.864168858,0.499780254,-0.318074018,-0.0390632935,-0.0436676145,0.260283738,0.0795348212,-0.0909900144,0.0466963053,-0.12446247,-0.230845451,0.209380001,-0.252559692,0.0187094025,0.455587178,-0.166607216,-0.0767467543,-0.188066527,0.706183136,-0.42432031,-0.286724418,0.000107313303,-0.00935587566,0.000491399784,-1.41179252,-0.559753239,1.23516583,0.193516031,0.000278828491,0.00146626146,-0.00055251352
-0.129998028,-0.420883775,0.872452497,0.0450998349,-0.0405037093,-0.857877487,0.510266276,-0.338067353,-0.0518541522,-0.0344217122,0.326063901,0.0698929131,-0.0822239593,0.0366005041,-0.1272351,-0.231949627,0.225959882,-0.270938963,0.00362422364,0.422386706,-0.163637578,-0.0725132823,-0.154656559,0.722340941,-0.448978215,-0.242104024,0.000157714356,-0.00892634317,0.000494436128,-1.38698459,-0.539139628,1.20295,0.14378348,0.000328723923,0.00117947394,-0.000276259525
-0.130281255,-0.418108433,0.871010721,0.0467261009,-0.0425357192,-0.851217403,0.520995506,-0.363432556,-0.0651604608,-0.0207781643,0.409406304,0.0583016574,-0.0732848719,0.0243947357,-0.130875036,-0.232703328,0.243955463,-0.290029287,-0.0113448482,0.385409534,-0.161089957,-0.0685269982,-0.122973867,0.736686289,-0.47715202,-0.191829026,0.000206314027,-0.00843477808,0.000495585264,-1.35501921,-0.516253531,1.1642791,0.0930564031,0.000381563877,0.000835073646,0.00011852735
-0.130410761,-0.414519519,0.869513571,0.0493261613,-0.0450769724,-0.843932722,0.532271131,-0.399531633,-0.0794939548,0.00165430317,0.527840376,0.042815946,-0.0640021041,0.00797353312,-0.136248097,-0.232756138,0.264776886,-0.310536355,-0.0260779783,0.340890944,-0.159386724,-0.0650359616,-0.0947526023,0.747404337,-0.512348175,-0.130261362,0.00025129976,-0.00781931356,0.00049296103,-1.30875206,-0.488829702,1.11271226,0.0403538346,0.000440277508,0.000375573203,0.000750201289
-0.130371302,-0.410698295,0.867926955,0.0520993157,-0.0469541196,-0.836564455,0.543360732,-0.438581526,-0.0918378085,0.0299232118,0.671402693,0.0227161385,-0.0564371422,-0.0114254178,-0.140277088,-0.232440919,0.286446989,-0.330244184,-0.0389352813,0.29165417,-0.157111257,-0.0634357706,-0.0753189921,0.750893712,-0.548523188,-0.0611826442,0.000284243841,-0.00715664029,0.000485779892,-1.25131381,-0.461027265,1.0510515,-0.00462735444,0.000484250399,-0.000149646148,0.00154892798
-0.130247355,-0.406761616,0.866295695,0.0549535231,-0.0484944136,-0.829080464,0.554304958,-0.479099989,-0.103184611,0.0611054562,0.827504158,0.000312740303,-0.0497324727,-0.0323098637,-0.143633276,-0.23194173,0.308537632,-0.349548846,-0.0508523397,0.240066886,-0.154550046,-0.0627813414,-0.060282886,0.750767946,-0.585181236,0.0116394861,0.000311160897,-0.00647047907,0.000476321497,-1.18829966,-0.433040559,0.984354436,-0.045739647,0.000520844711,-0.000707633095,0.00243104319
-0.129817531,-0.403437316,0.86485064,0.0574454584,-0.0478984671,-0.822353354,0.564039641,-0.508003235,-0.111464068,0.092256777,0.98523283,-0.0246376749,-0.0477605797,-0.0545974188,-0.142357022,-0.230917126,0.326413751,-0.36350286,-0.0588083677,0.184151694,-0.14914979,-0.0663803592,-0.0580662414,0.736503959,-0.613587439,0.0901319757,0.000315118639,-0.00579720084,0.000458936614,-1.11276889,-0.406423032,0.902846158,-0.0735091791,0.000513890758,-0.00128253689,0.00316881435
-0.129288137,-0.400446594,0.86362803,0.0598728172,-0.0464497059,-0.8159945,0.573071241,-0.529547274,-0.119515307,0.120531842,1.12966061,-0.0478626229,-0.0473718345,-0.0765516907,-0.139542937,-0.229622215,0.341719866,-0.374364376,-0.065351285,0.127549231,-0.142519578,-0.071541138,-0.0594171993,0.717718959,-0.637968123,0.168813467,0.000312387827,-0.00514364848,0.000439995056,-1.03421926,-0.380671859,0.817036152,-0.097438097,0.000489428698,-0.0018394175,0.00376963196
-0.128559649,-0.398122966,0.862850308,0.0621807643,-0.0433039698,-0.810516349,0.580793911,-0.536373854,-0.127110153,0.143054828,1.24748874,-0.0676369146,-0.0501491502,-0.09783943,-0.133653358,-0.22778669,0.351886421,-0.379041225,-0.0690681934,0.0695723668,-0.133429646,-0.0798252001,-0.0679028332,0.689892411,-0.654298306,0.247872949,0.000296280778,-0.00452954508,0.000417940348,-0.949632466,-0.356653184,0.722623348,-0.113686368,0.000429953157,-0.00236025499,0.00409656437
-0.127693534,-0.396106482,0.862660527,0.0643550443,-0.0386352531,-0.806305631,0.586717117,-0.524649918,-0.134695292,0.15765512,1.32377887,-0.0819747895,-0.0544479564,-0.118336044,-0.12542595,-0.225348279,0.357879162,-0.376020402,-0.070115,0.0120915268,-0.122816592,-0.0902968496,-0.0826848671,0.658914804,-0.664518595,0.322394609,0.000274573948,-0.00399004435,0.000394895615,-0.86398983,-0.337336421,0.62816447,-0.121247582,0.000341490348,-0.00278892112,0.00418097619
-0.126758516,-0.394243389,0.862764537,0.0664609313,-0.0332040049,-0.802708345,0.591726078,-0.503650486,-0.142276183,0.168295488,1.37930751,-0.0935957655,-0.0595077723,-0.138438687,-0.116029076,-0.222608268,0.361785561,-0.369150788,-0.0698269457,-0.0451457053,-0.11144121,-0.101862997,-0.100615993,0.626359463,-0.6716851,0.394653231,0.000250065787,-0.00348780002,0.000371354196,-0.77781266,-0.320368975,0.533675373,-0.124466173,0.000238528301,-0.00317153777,0.00414414331
-0.125658423,-0.391698718,0.863722563,0.067788026,-0.0266792378,-0.801508889,0.593528856,-0.450901985,-0.148097113,0.16929327,1.37116647,-0.100180179,-0.0631331354,-0.158979028,-0.103415668,-0.220022663,0.362711608,-0.350937694,-0.065317899,-0.0987150967,-0.0997268856,-0.113221273,-0.125250131,0.601546407,-0.67484504,0.450921685,0.000234274354,-0.00315480214,0.000344385073,-0.698869467,-0.316551507,0.458289921,-0.108256295,0.000122471101,-0.00336837769,0.00392408902
-0.124510974,-0.388549447,0.864878297,0.0687543248,-0.0202282747,-0.801012896,0.594341652,-0.388663352,-0.152254686,0.168165773,1.34137189,-0.10622739,-0.0654159412,-0.180121839,-0.0894773528,-0.218336746,0.363143504,-0.330225736,-0.0593921468,-0.150115594,-0.0880450457,-0.12335588,-0.151191413,0.581413925,-0.677929521,0.499823689,0.000224494666,-0.00288214907,0.000315624842,-0.623386979,-0.318743199,0.392216384,-0.0820821747,1.32217956e-05,-0.00351216225,0.00369769288
-0.123268574,-0.384190291,0.866429687,0.0690026696,-0.0139256532,-0.801966985,0.593206257,-0.307433605,-0.153085962,0.162787274,1.26826215,-0.111201003,-0.0650137886,-0.202472851,-0.0728869438,-0.218450084,0.362587094,-0.304512531,-0.0506318919,-0.197185799,-0.0764264315,-0.131044522,-0.179751098,0.570640147,-0.680863619,0.533999145,0.000226737917,-0.0027301535,0.000283277768,-0.554815054,-0.332954347,0.344758034,-0.0359740742,-8.24273375e-05,-0.00354984915,0.00345857791
-0.12195465,-0.378520757,0.868027449,0.068716468,-0.00797092095,-0.803612847,0.59111835,-0.216909125,-0.149021611,0.153810054,1.15503633,-0.115373433,-0.0614713021,-0.226182401,-0.0539743751,-0.222788513,0.360294521,-0.277765334,-0.0401868969,-0.238795817,-0.0642428249,-0.135885447,-0.209672615,0.567968726,-0.685581863,0.553878129,0.000239633402,-0.00267638965,0.000249258388,-0.4911502,-0.359912127,0.311666667,0.0326423571,-0.000152091263,-0.0035061324,0.00326846587
-0.120605126,-0.372196734,0.869648337,0.0681614582,-0.00219082461,-0.805586045,0.588540856,-0.121748991,-0.142510086,0.143034726,1.02176774,-0.119144768,-0.0563591756,-0.250568151,-0.0339032039,-0.229238838,0.357134193,-0.250504583,-0.0289009027,-0.277670592,-0.0517782792,-0.139301986,-0.240271196,0.569348752,-0.691191614,0.566606641,0.000257853098,-0.00267174607,0.000214407206,-0.42994687,-0.393239439,0.285762638,0.112503648,-0.000208754398,-0.00342172151,0.00310287811
-0.119068325,-0.365406215,0.87096405,0.0673310897,0.00319312334,-0.807231386,0.586373446,-0.0337843597,-0.130623877,0.126565993,0.864646435,-0.120512471,-0.048417706,-0.274927258,-0.0133266486,-0.244396716,0.348347783,-0.225703686,-0.017435031,-0.308708578,-0.0385474488,-0.140182391,-0.268477172,0.576860785,-0.701739073,0.562585652,0.000284769572,-0.00278527616,0.000182893622,-0.372024834,-0.439688534,0.269380391,0.209481984,-0.000232039718,-0.00324369199,0.0030447538
-0.117489003,-0.359197199,0.87221539,0.0665720545,0.00820129915,-0.808604649,0.5845164,0.0461337604,-0.119106337,0.108938657,0.717363238,-0.120352663,-0.040928416,-0.297581732,0.00612703525,-0.261107892,0.337049842,-0.202050358,-0.00636670692,-0.337572366,-0.0260154884,-0.140769035,-0.293655187,0.584272146,-0.713505566,0.554485261,0.000311373209,-0.00292480062,0.000154178793,-0.31450972,-0.486676037,0.2525388,0.301274687,-0.000250954123,-0.00306229852,0.00302897487
-0.115824968,-0.354152292,0.873337924,0.0659590446,0.0124571595,-0.809472333,0.583308466,0.1099471,-0.108328231,0.088998355,0.589780688,-0.117138728,-0.0343447477,-0.316823244,0.0233316496,-0.28092137,0.320732594,-0.180696368,0.00390449353,-0.362083077,-0.0148834176,-0.140768215,-0.312773883,0.59148097,-0.727706909,0.538230002,0.000337346108,-0.00311627099,0.000131065754,-0.257819772,-0.534730554,0.234782189,0.382680386,-0.000261125213,-0.00287421606,0.00309786666
-0.114353269,-0.351200879,0.874584317,0.065641666,0.0151602874,-0.810202234,0.582265985,0.154401332,-0.102456763,0.0703992695,0.501345217,-0.108021274,-0.0308569632,-0.329716086,0.0365932174,-0.297202051,0.301173359,-0.16199699,0.0125825834,-0.382784307,-0.0073439898,-0.140683517,-0.323021829,0.596128285,-0.740751028,0.51635623,0.000356998207,-0.00329944864,0.000113951544,-0.200940266,-0.577023387,0.209897876,0.436873168,-0.000277474144,-0.00277188118,0.00326055731
-0.112977862,-0.349296242,0.87589258,0.0654722914,0.0170869757,-0.810865302,0.581307902,0.189174056,-0.0990386978,0.0524721071,0.432487011,-0.0959532186,-0.0289171468,-0.339434087,0.0478825495,-0.311715335,0.279994905,-0.144626111,0.0204635765,-0.401579469,-0.00160118472,-0.140556902,-0.328834236,0.599494755,-0.753215611,0.491675168,0.000373488903,-0.00347846723,9.98375981e-05,-0.143970296,-0.616432667,0.18145214,0.477457434,-0.000296910293,-0.00271242158,0.0034701284
-0.112280861,-0.350904942,0.877581596,0.0657215012,0.0162513025,-0.812322458,0.579265745,0.198740155,-0.105634138,0.0412726626,0.420806497,-0.0720667988,-0.0323760137,-0.339140207,0.053584028,-0.312207341,0.260068774,-0.132860407,0.024671901,-0.414727896,-0.00209557032,-0.140580103,-0.320461333,0.598581731,-0.759389281,0.461744905,0.000378485362,-0.00355121796,9.12523974e-05,-0.085188821,-0.642689407,0.135710984,0.469556391,-0.000352163595,-0.00293847127,0.00380019424
-0.111823142,-0.353660494,0.87930572,0.0660600832,0.0146946446,-0.814456847,0.576263983,0.200969502,-0.114925072,0.0329425894,0.426353872,-0.0461568385,-0.0371258333,-0.335963428,0.0582183599,-0.306307733,0.242265642,-0.123443998,0.0275634285,-0.425946087,-0.00438649766,-0.140668035,-0.307791054,0.596371293,-0.763049483,0.430777669,0.000380741549,-0.00357597368,8.3786661e-05,-0.0268017165,-0.664610744,0.0838464126,0.444505334,-0.00042695459,-0.0033153207,0.00414345553
-0.11184375,-0.358710974,0.881100595,0.0665763118,0.0116950631,-0.817931204,0.571331223,0.188526422,-0.129611269,0.0303474478,0.466359645,-0.0161879249,-0.0444597378,-0.327019513,0.0607205182,-0.287622154,0.228700489,-0.118721858,0.0278226919,-0.433309019,-0.0102715585,-0.140885532,-0.286520302,0.591564894,-0.761684597,0.397722334,0.000377518241,-0.00350475078,7.85564407e-05,0.0308233518,-0.677871108,0.0197112691,0.385142684,-0.000540855166,-0.00399394194,0.00451326324
-0.112205639,-0.365669161,0.88259083,0.0670822873,0.00815833563,-0.823251324,0.563640547,0.16122508,-0.145187438,0.0331553109,0.540005565,0.00923721492,-0.0519576743,-0.313786805,0.0623889863,-0.256078273,0.220471159,-0.119182438,0.0258176327,-0.43685478,-0.0186131019,-0.141070887,-0.259569764,0.584876537,-0.754702568,0.363099545,0.000372196693,-0.00335351145,7.67886231e-05,0.0811211467,-0.683672905,-0.0523166396,0.293228209,-0.000686270418,-0.00501269288,0.00482761394
-0.112738125,-0.373580784,0.883928716,0.067576513,0.00435250674,-0.82941312,0.554516318,0.126497194,-0.161208093,0.0386639163,0.630465388,0.0323904008,-0.0595374107,-0.298410624,0.063640669,-0.218107671,0.21490927,-0.122233719,0.022680752,-0.438492358,-0.0281823613,-0.141240165,-0.229780763,0.577247679,-0.744912863,0.327694088,0.000365826389,-0.0031622781,7.6751603e-05,0.127754956,-0.685746193,-0.12828809,0.185044214,-0.000847435324,-0.00620143954,0.00511423498
-0.113385394,-0.383437097,0.884442925,0.0677366658,0.00113114474,-0.837801579,0.541755461,0.0709695294,-0.172179312,0.0483606309,0.759526312,0.0389556773,-0.0641744435,-0.280562162,0.0642397702,-0.16924271,0.216583282,-0.134209216,0.0175857432,-0.433597684,-0.038853243,-0.140631258,-0.197815627,0.569355428,-0.725205302,0.289083779,0.000361466809,-0.00292882114,8.55995313e-05,0.154501453,-0.678081155,-0.202196479,0.0506692268,-0.0010022294,-0.00765539333,0.00521321967
-0.113896444,-0.3936764,0.88468945,0.0676769592,-0.00180241436,-0.846420142,0.528194589,0.0109204631,-0.181496039,0.0572508387,0.892873049,0.0394254476,-0.0677726194,-0.263052285,0.0646195114,-0.120586216,0.220272958,-0.149038047,0.0127118183,-0.425744683,-0.0492545441,-0.139346391,-0.166895673,0.562324226,-0.702478588,0.249122947,0.000358967867,-0.00271224952,9.88582469e-05,0.174163282,-0.668104887,-0.269889027,-0.0801984072,-0.00113743497,-0.0090355901,0.00523806177
-0.114135057,-0.404681683,0.884400427,0.0671906949,-0.00415931522,-0.855658869,0.513143265,-0.0581707172,-0.187504023,0.0645281523,1.03479075,0.0277051348,-0.0692932457,-0.246219486,0.06456054,-0.072346583,0.227993667,-0.169573158,0.00828003138,-0.411975563,-0.0591167212,-0.136709705,-0.138065889,0.557015002,-0.673714042,0.20646134,0.000360189879,-0.00252944604,0.000120937882,0.179656893,-0.653506517,-0.325150847,-0.204051867,-0.00123346644,-0.0102682859,0.00511463173
-0.11384175,-0.415630937,0.883792102,0.0660002124,-0.00667606308,-0.865088658,0.49721325,-0.127947494,-0.193484604,0.0664689019,1.16512144,0.00807985477,-0.069818981,-0.23060897,0.0638730228,-0.0281184986,0.238787711,-0.192130953,0.00589181297,-0.390982687,-0.0684533566,-0.131805584,-0.113303512,0.554875493,-0.642105222,0.162716925,0.000367422472,-0.00241320999,0.00015351575,0.172029167,-0.638376594,-0.361550063,-0.300493658,-0.00128200569,-0.0111082783,0.00487831095
-0.113282554,-0.42655167,0.883024216,0.064444726,-0.00927084094,-0.874438494,0.480747594,-0.198063463,-0.199451149,0.0657418147,1.28965306,-0.0154961087,-0.0698473379,-0.215610281,0.0628713295,0.0141019793,0.251117617,-0.215698749,0.00452529313,-0.366379678,-0.0775267929,-0.125768229,-0.0905756801,0.554320633,-0.609076142,0.118433431,0.000377659308,-0.00233025639,0.000191340005,0.157842487,-0.622981668,-0.388518065,-0.383227497,-0.00130680122,-0.0117519163,0.0045855674
-0.111833915,-0.43556273,0.882294655,0.0612358601,-0.0134490654,-0.88413036,0.463014901,-0.254833162,-0.210546717,0.0530103147,1.37218904,-0.0394110866,-0.0696615279,-0.201813236,0.0605589747,0.0515255593,0.266148001,-0.233774424,0.00774809625,-0.330890596,-0.0866980851,-0.115568303,-0.0746622086,0.560900509,-0.577973723,0.0793162882,0.000401994621,-0.00235095783,0.000239721383,0.125449181,-0.612587869,-0.387507021,-0.410285354,-0.00126963947,-0.0117346104,0.00423795218
-0.110162228,-0.44365716,0.881729245,0.0572831164,-0.0182385736,-0.893723278,0.444572493,-0.303894669,-0.223665103,0.0356245749,1.43700993,-0.0611047633,-0.069538936,-0.188279346,0.0579150692,0.0879740417,0.28149575,-0.248286501,0.0130243767,-0.292170733,-0.0958445147,-0.104116529,-0.0605758689,0.570631623,-0.548582852,0.0446351916,0.000430915738,-0.00240472518,0.000287384872,0.0883623213,-0.6043787,-0.377356589,-0.417093217,-0.00121531019,-0.0115066087,0.00390372775
-0.108043693,-0.449922085,0.881491601,0.0518650891,-0.0242551339,-0.903437365,0.424879546,-0.337562263,-0.24083516,0.00892240368,1.4664309,-0.0783657655,-0.069542706,-0.175265566,0.0546068586,0.122489005,0.297485232,-0.255678028,0.022410024,-0.246971577,-0.104945384,-0.0901558474,-0.0501373671,0.586669624,-0.522601664,0.0188103169,0.000469021674,-0.00252464903,0.000333634438,0.0418713465,-0.600535035,-0.34892264,-0.383404315,-0.00112662069,-0.0108571071,0.00359613239
-0.105704039,-0.454906344,0.881714225,0.0450341729,-0.0306949006,-0.913372004,0.403461682,-0.35422188,-0.257822901,-0.0249649081,1.46021581,-0.0923565701,-0.0695017874,-0.163268417,0.0512571037,0.153973401,0.313281834,-0.255415261,0.0367382541,-0.196458384,-0.112797931,-0.0749444067,-0.0416848287,0.608437121,-0.499039024,0.00541173294,0.000506802171,-0.00269738259,0.000371250324,-0.0113841463,-0.599900663,-0.299099028,-0.307115436,-0.00101781508,-0.00984951574,0.00333785801
-0.103253923,-0.459250391,0.882166862,0.0374811322,-0.0373319418,-0.923049136,0.381027275,-0.362379223,-0.274719059,-0.062443018,1.43618727,-0.104712337,-0.0694385171,-0.151779741,0.0478866585,0.183942124,0.328981638,-0.251326323,0.0535367765,-0.143290132,-0.12002629,-0.0591081455,-0.0342252329,0.633068144,-0.476685941,-0.00177494076,0.000544418988,-0.0028965103,0.000404549501,-0.0680196881,-0.60087049,-0.238584533,-0.209533855,-0.000898956612,-0.00866295118,0.00310424459
-0.100540482,-0.462888896,0.883182704,0.0289689073,-0.0426454843,-0.933333974,0.355288416,-0.345538586,-0.28228718,-0.101772085,1.36219418,-0.116580941,-0.0684118494,-0.144112661,0.0447613224,0.204499871,0.344561696,-0.237632096,0.0763445199,-0.0839934051,-0.123524435,-0.0446893349,-0.0279862601,0.661159515,-0.454508334,0.0112380991,0.000561138499,-0.00312134204,0.000423264224,-0.134521902,-0.603397012,-0.141087323,-0.054512158,-0.000783143973,-0.00725894608,0.00293408427
-0.0976114124,-0.46645081,0.88421917,0.0208059639,-0.0470515035,-0.943148002,0.328367347,-0.32139051,-0.285219371,-0.138025641,1.27536869,-0.129065529,-0.0665916651,-0.138855025,0.0414037257,0.22020565,0.361185312,-0.222899184,0.0992827639,-0.0234883651,-0.125553221,-0.0318820365,-0.0222116113,0.688387871,-0.431998104,0.0298376977,0.000568519172,-0.00333993835,0.000439023366,-0.203290462,-0.604965508,-0.0316465721,0.10998182,-0.000678002369,-0.00591651583,0.00276385993
-0.0942512751,-0.469859302,0.88529706,0.0133725476,-0.0496718015,-0.952743627,0.299388491,-0.282630533,-0.278880656,-0.16812709,1.16288626,-0.142781258,-0.0631847233,-0.138415933,0.0375818349,0.226207972,0.379894972,-0.206089824,0.122480839,0.0394299291,-0.124643572,-0.022297997,-0.0173657835,0.713889003,-0.408823878,0.059608046,0.000557224266,-0.00354605354,0.000448871317,-0.276587695,-0.604618192,0.101672664,0.293409586,-0.000594205514,-0.00469728932,0.00259351498
-0.0901010633,-0.473175943,0.886029363,0.00785240852,-0.0505317081,-0.961367067,0.270477814,-0.236524016,-0.264174551,-0.187242955,1.0402925,-0.158529729,-0.0574268699,-0.145154685,0.0315138549,0.219694227,0.404039651,-0.193103358,0.141327679,0.101049632,-0.12090756,-0.0171851721,-0.0141604235,0.735194445,-0.386419654,0.0932904631,0.000536487496,-0.00375126256,0.000457941205,-0.346026123,-0.598802149,0.249773264,0.463018537,-0.00053919747,-0.00372706167,0.00230313884
-0.0855564401,-0.476446092,0.886588931,0.0032891008,-0.0504888274,-0.969080406,0.241502021,-0.186751246,-0.245287001,-0.200863123,0.91266191,-0.175292164,-0.0504944436,-0.155481324,0.024323754,0.2069235,0.43089819,-0.18203032,0.157996044,0.16201064,-0.115758933,-0.0143087385,-0.0117757879,0.754398823,-0.364403874,0.128923789,0.000511032995,-0.00395598682,0.000466620695,-0.413524598,-0.590252638,0.405241966,0.625692248,-0.000498592213,-0.00288148271,0.0019527917
-0.0796035901,-0.479823768,0.886347651,0.00202554093,-0.0487506673,-0.974757031,0.217871523,-0.141716152,-0.21988228,-0.197195798,0.796911895,-0.195800394,-0.0404067039,-0.177623197,0.00959207769,0.173816651,0.468058407,-0.180869848,0.164804697,0.212577492,-0.108012304,-0.018077055,-0.0132574188,0.767225504,-0.346773565,0.156969607,0.000494258886,-0.00422273111,0.000479740731,-0.462251008,-0.567402244,0.557000458,0.727050483,-0.000491214101,-0.00235622097,0.0012315677
-0.0732884631,-0.483307064,0.885831714,0.0016772872,-0.0468607224,-0.979266537,0.197074374,-0.101845913,-0.194924712,-0.188713714,0.691137195,-0.217022777,-0.0301070865,-0.202273056,-0.00835432112,0.136446431,0.507419348,-0.182847738,0.168658718,0.257762492,-0.100465044,-0.0233421903,-0.0168178752,0.779071927,-0.331115782,0.180213794,0.000485174183,-0.00452298205,0.000493997417,-0.505334735,-0.5380041,0.700361252,0.805629373,-0.000486813893,-0.00189653179,0.000429305364
-0.0662488267,-0.487001538,0.884766817,0.00316133426,-0.0447084241,-0.982252199,0.182131219,-0.0723045915,-0.170861334,-0.170602798,0.605311453,-0.239673465,-0.0193837471,-0.231938526,-0.0327296741,0.0905501544,0.551181436,-0.191101819,0.166603893,0.292184711,-0.0933165103,-0.0316007435,-0.0245356616,0.788957834,-0.319402784,0.193855524,0.00049146713,-0.00489024306,0.000510527287,-0.537133873,-0.495511204,0.826928139,0.838653088,-0.000488369027,-0.00156797725,-0.000535021361
-0.0589861088,-0.490864486,0.883245945,0.00572860366,-0.0430626932,-0.983978246,0.172915007,-0.0540554672,-0.151410297,-0.146426916,0.541982472,-0.260919094,-0.0105106533,-0.262073398,-0.0615663417,0.0467295572,0.594785035,-0.204090104,0.160660118,0.316597223,-0.087998122,-0.0401971191,-0.0375039056,0.80005455,-0.310621262,0.198946416,0.000515870866,-0.0053045731,0.000525177689,-0.567331672,-0.439111829,0.934462428,0.83414036,-0.000472440064,-0.00131162407,-0.00138632313
-0.0516122207,-0.494811416,0.881497324,0.00883719908,-0.0416719844,-0.985109133,0.166569339,-0.0414522216,-0.134265944,-0.119220406,0.489902794,-0.281461209,-0.00256294617,-0.292441398,-0.0926317424,0.00394880818,0.638307095,-0.219444379,0.152772591,0.336004704,-0.0835948959,-0.0489619337,-0.0530961826,0.811755896,-0.303305656,0.199762493,0.000549326884,-0.00574241159,0.000538887805,-0.596727431,-0.375763535,1.03247702,0.810863376,-0.000447771687,-0.00109137734,-0.00218108064
-0.0447688699,-0.498758227,0.879361153,0.0118782197,-0.0414787807,-0.98507411,0.166635579,-0.0413377658,-0.125167698,-0.090437755,0.464762658,-0.296616137,0.000973231392,-0.319753528,-0.125088632,-0.024309963,0.677063107,-0.237555012,0.142930597,0.345605731,-0.0817117095,-0.0549775809,-0.073662594,0.828659058,-0.296617866,0.192028075,0.000608151837,-0.00619102316,0.000547018542,-0.63574481,-0.297297597,1.10628295,0.741122127,-0.00035099918,-0.000929998234,-0.00259096501
-0.038336359,-0.502558172,0.87723434,0.0144828848,-0.0416232475,-0.984751352,0.168292976,-0.0435772985,-0.117927261,-0.063379541,0.444966078,-0.310056925,0.00329805957,-0.345936775,-0.156450748,-0.0475552231,0.713892221,-0.254800767,0.133649528,0.353355974,-0.0802344531,-0.0598617718,-0.0934602022,0.847171187,-0.288932323,0.182766423,0.000671797083,-0.00662728306,0.000554082333,-0.678251863,-0.21849288,1.1715796,0.65987283,-0.000222572038,-0.000786176184,-0.00288836588
-0.0327237286,-0.506065428,0.875125706,0.0162155849,-0.042442824,-0.983850105,0.173131836,-0.0505244248,-0.114399895,-0.039762605,0.435849428,-0.320073605,0.0032012728,-0.36986953,-0.185631752,-0.0607814193,0.746877432,-0.270321488,0.125487685,0.357407361,-0.0795685276,-0.0624847673,-0.111725569,0.868905246,-0.279249847,0.170448527,0.000745097059,-0.00703895697,0.000559014385,-0.727747738,-0.138990641,1.21987808,0.555591464,-3.08159069e-05,-0.000677424599,-0.0029609208
-0.0282365661,-0.508897662,0.873378456,0.01703714,-0.0435206986,-0.982425511,0.180709161,-0.0590018332,-0.112400278,-0.0222492646,0.431213617,-0.32745409,0.00184278912,-0.391227841,-0.20944795,-0.0664083958,0.775927186,-0.281592101,0.119728535,0.358750492,-0.0787912235,-0.0633532852,-0.124424234,0.890370727,-0.267468959,0.158545434,0.000814442988,-0.00738706905,0.000563715934,-0.777909219,-0.0715851784,1.24944615,0.442620575,0.000187780708,-0.000627355999,-0.00279032579
-0.0243121479,-0.511392355,0.871811867,0.0174020935,-0.0447250037,-0.980679255,0.189644512,-0.0682441965,-0.111164436,-0.00778782228,0.428817987,-0.333516479,-0.000146462,-0.411298811,-0.230581537,-0.068235822,0.803009331,-0.290737569,0.115170754,0.358739436,-0.0779581219,-0.0633445978,-0.134339467,0.91170156,-0.254639059,0.146850049,0.000881810964,-0.00770339696,0.00056830229,-0.828402817,-0.0102287745,1.26964915,0.325306207,0.000419792283,-0.000606630871,-0.00249815034
-0.0222519897,-0.512539446,0.871277213,0.0168680495,-0.0453668789,-0.978134241,0.202263992,-0.0759564638,-0.110161752,-0.00437731575,0.427996218,-0.334678382,-0.00243093632,-0.425439,-0.238865465,-0.0600216836,0.82337153,-0.292010903,0.114363857,0.35317716,-0.0750594437,-0.0612165891,-0.134149075,0.926218271,-0.243225753,0.142182842,0.000926078763,-0.00785816647,0.000573567173,-0.866493046,0.0196618848,1.26276088,0.219345421,0.000588509894,-0.00071236823,-0.00173836353
-0.0207917485,-0.51327908,0.871195853,0.0161933767,-0.045558713,-0.975150517,0.216202794,-0.0825964212,-0.108891472,-0.00518479617,0.426897734,-0.333407253,-0.00455355924,-0.43697083,-0.24192901,-0.0484423824,0.841087878,-0.290399611,0.114772759,0.344491512,-0.0706707165,-0.0585598424,-0.13071993,0.937525511,-0.234327689,0.141444683,0.000961917394,-0.00795171503,0.000578619482,-0.897552252,0.0381718539,1.24669337,0.122182317,0.000714932918,-0.000864554953,-0.000893581368
-0.0205314532,-0.513203621,0.872021079,0.0152391049,-0.0448541817,-0.971372144,0.232791816,-0.087091133,-0.107086144,-0.0144279515,0.425245941,-0.32727024,-0.00635227188,-0.443285048,-0.234551713,-0.0301341154,0.853510797,-0.283019453,0.117613137,0.329560131,-0.0633023903,-0.0548458993,-0.120813742,0.942412972,-0.230460942,0.148564503,0.000980894314,-0.0079228133,0.000583246001,-0.91454649,0.0339191407,1.21226978,0.0426240712,0.00075675582,-0.00110962242,0.000121101504
-0.0213318523,-0.512540102,0.873830497,0.0142991899,-0.0429639284,-0.966349076,0.25321749,-0.0900698304,-0.104532212,-0.0332865119,0.422233015,-0.315039068,-0.00800869241,-0.443106294,-0.216222823,-0.00561916176,0.859432817,-0.269683212,0.123049572,0.306376517,-0.0524430349,-0.0507466905,-0.106823854,0.940661669,-0.235176742,0.164916307,0.000987082603,-0.00778315123,0.000585279777,-0.914598167,0.00585993752,1.15757132,-0.0169298276,0.000703343307,-0.00145266415,0.000981408055
-0.0226626135,-0.511582434,0.876131952,0.0133615153,-0.0404659281,-0.960364507,0.275470491,-0.0922907889,-0.101603813,-0.0569538437,0.418539405,-0.299760073,-0.00959409773,-0.439681292,-0.192417175,0.0220007692,0.862105131,-0.253368139,0.129784361,0.279065311,-0.0398374721,-0.0464545488,-0.0907911956,0.935591221,-0.244183823,0.185885012,0.000986877596,-0.00758810341,0.000586017501,-0.906179249,-0.0341037475,1.09273183,-0.0664868653,0.000602312677,-0.00184471568,0.00176459795
-0.0250079855,-0.510048747,0.879539251,0.0125243635,-0.036155545,-0.951319797,0.305821126,-0.0947015584,-0.098452121,-0.0946534052,0.413447708,-0.274775326,-0.0121341012,-0.421855092,-0.15386939,0.0573715754,0.851461649,-0.231244534,0.13941747,0.239784718,-0.0243872814,-0.0420951694,-0.0770130306,0.919585466,-0.271260291,0.219789371,0.000971796573,-0.00725960173,0.000578126463,-0.864262998,-0.111620635,0.996946216,-0.0867243111,0.00037116179,-0.00240254751,0.00213383813
-0.0274304487,-0.508364439,0.882978201,0.0115774358,-0.0314925102,-0.940206932,0.338947061,-0.098178342,-0.0957239717,-0.134791061,0.408717185,-0.246811897,-0.0154389683,-0.397608459,-0.112644352,0.0937895998,0.834772468,-0.209791273,0.148848653,0.197682351,-0.00925552752,-0.0376040004,-0.0667185634,0.899723351,-0.305175632,0.256976783,0.000953525654,-0.00690311752,0.000565463735,-0.809370518,-0.198452741,0.893630683,-0.0953803137,0.000121153673,-0.00299458508,0.00243264693
-0.0300082006,-0.506377995,0.886482418,0.0104187901,-0.0261490129,-0.925480557,0.37774782,-0.103788778,-0.0938416943,-0.179823279,0.404706776,-0.212878272,-0.0202750769,-0.360509932,-0.0660459623,0.132318735,0.805984139,-0.189668939,0.157880306,0.149917185,0.00524627557,-0.032847181,-0.063386783,0.872139513,-0.352784246,0.300747335,0.000928866852,-0.00649050623,0.000543251866,-0.728500307,-0.303955078,0.775207996,-0.0808774009,-0.00016668337,-0.0036553056,0.00259072986
-0.0325751714,-0.503984451,0.889304996,0.00880287719,-0.0212084809,-0.907130698,0.420222092,-0.11314965,-0.0930860341,-0.219935,0.402966112,-0.176084518,-0.0264376272,-0.31172803,-0.0221054517,0.167019024,0.763917089,-0.176421091,0.163674235,0.100869805,0.0170485172,-0.0279344153,-0.069358997,0.837664604,-0.410680592,0.349791616,0.000901514199,-0.00605463237,0.000510060694,-0.631390095,-0.412554145,0.657604218,-0.0324817225,-0.000417797535,-0.00424255244,0.00276380498
-0.0351370201,-0.501387119,0.891787171,0.0069472815,-0.01644362,-0.885705197,0.463904781,-0.124386452,-0.0928935409,-0.25759086,0.402359962,-0.137857139,-0.0332639404,-0.257100254,0.0205107573,0.199808672,0.715207219,-0.166608691,0.167850137,0.0511764139,0.0275023505,-0.0229431875,-0.0799832344,0.799741089,-0.473726094,0.401477456,0.000872812001,-0.00560708391,0.000471377192,-0.526151121,-0.522712409,0.540397942,0.0328630991,-0.000650578178,-0.00479312753,0.00294439238
-0.0378471129,-0.497836471,0.892696619,0.00471695914,-0.0135174523,-0.862066262,0.506593318,-0.141579568,-0.0933675021,-0.272181273,0.406417131,-0.104056887,-0.039878469,-0.194389433,0.0488722175,0.219944477,0.650729299,-0.170613259,0.164804012,0.00794471707,0.0324310176,-0.0189808607,-0.101365089,0.753898501,-0.539705455,0.460657775,0.000836672029,-0.00515115261,0.000422341924,-0.427140117,-0.613496244,0.453013271,0.155921876,-0.000770278217,-0.00499568507,0.00328924553
-0.0405794568,-0.493857414,0.893112779,0.00258324884,-0.0111433996,-0.837699718,0.546011294,-0.160135865,-0.0934850648,-0.277061731,0.412011653,-0.0734086409,-0.0458574221,-0.13316907,0.072230503,0.236025393,0.584141552,-0.178473681,0.159381047,-0.0316044949,0.0356916375,-0.0157174021,-0.122953035,0.706960857,-0.601907253,0.520936906,0.000796281383,-0.00470018946,0.000373898714,-0.33741352,-0.694142222,0.378052294,0.288716257,-0.000858034007,-0.00505320448,0.00370287546
-0.0433562808,-0.489021778,0.89254272,0.000660089824,-0.00991626627,-0.81437348,0.580256036,-0.181418344,-0.0928899273,-0.2625238,0.420680583,-0.0490639582,-0.0505653173,-0.0749293566,0.0855832025,0.243997157,0.513334394,-0.194045275,0.149204791,-0.0637892932,0.0356164202,-0.0138515756,-0.144953102,0.65783304,-0.656554341,0.583413363,0.000747390208,-0.00425916072,0.000326639565,-0.266254365,-0.754514217,0.327936769,0.440980405,-0.00088190625,-0.0048206686,0.00425404869
-0.0458709449,-0.48336333,0.891341984,-0.00099519456,-0.00927638561,-0.794167058,0.607627881,-0.20328337,-0.0905324221,-0.233892471,0.430985868,-0.029311223,-0.0539762303,-0.026418969,0.093188338,0.246947318,0.447100818,-0.212347001,0.13623184,-0.0901249945,0.0334843695,-0.0133690769,-0.16119653,0.611647189,-0.697800756,0.642104745,0.000695064547,-0.00385231059,0.000287714502,-0.21360153,-0.796559095,0.292381823,0.579359889,-0.000867213705,-0.00439264905,0.00486815069
-0.0482547358,-0.477293164,0.889825821,-0.00251515942,-0.00892881341,-0.775380942,0.631425645,-0.225441307,-0.0872936174,-0.198212847,0.442110002,-0.0118527785,-0.0567389615,0.0172308367,0.0979204848,0.247387096,0.383148789,-0.232015073,0.121859662,-0.11353837,0.0303238165,-0.0135781523,-0.174563125,0.566928744,-0.732350469,0.698908269,0.000641017803,-0.00346251694,0.000252953207,-0.170197085,-0.829444349,0.264103949,0.710808098,-0.000833238999,-0.00386686297,0.00551376212
-0.0498237088,-0.470841259,0.888146043,-0.00427543477,-0.00885049186,-0.762964092,0.646366138,-0.24464044,-0.0810023323,-0.15945977,0.452622294,0.00230659498,-0.0583924353,0.043150682,0.10025385,0.244378135,0.337254107,-0.246850058,0.108444363,-0.133288711,0.0267392546,-0.0153228715,-0.177883446,0.532671869,-0.747257829,0.743644953,0.000596839585,-0.00314455642,0.000234085222,-0.142902911,-0.843687356,0.238965094,0.788153291,-0.000777791603,-0.00337918149,0.00606604479
-0.0511265136,-0.464674711,0.886601806,-0.00629468141,-0.00878162401,-0.752216298,0.658827671,-0.261973321,-0.0740366653,-0.12452051,0.462654114,0.0152089205,-0.0598548204,0.0644036233,0.102916896,0.241176471,0.298230171,-0.258753657,0.0966401994,-0.152877048,0.0238922145,-0.0174172651,-0.178616196,0.502036095,-0.757560968,0.784547508,0.000557676423,-0.00284356717,0.000219678739,-0.118165649,-0.854458869,0.210216627,0.845227778,-0.000727807521,-0.00301792077,0.00654710922
-0.0518975779,-0.459076107,0.885327756,-0.0088348457,-0.00873656416,-0.745227483,0.666694546,-0.275581658,-0.0657190457,-0.0971929356,0.471729428,0.0256030597,-0.0609356984,0.0763324797,0.106240526,0.237587899,0.272929847,-0.264799953,0.0880528688,-0.172150359,0.0225189161,-0.0202119648,-0.174174041,0.478628457,-0.758660436,0.817800343,0.00052852527,-0.00257638237,0.000214188651,-0.0985308811,-0.858292282,0.174235716,0.86178714,-0.000688727014,-0.0029093367,0.0068859579
-0.052313678,-0.454348505,0.884377837,-0.0118280939,-0.0086977401,-0.741173333,0.671153139,-0.285938144,-0.0571329668,-0.0786061808,0.482122123,0.0318939462,-0.0614279062,0.0828104466,0.110664457,0.234740868,0.257943839,-0.265888274,0.0828314424,-0.191458613,0.0236377381,-0.0233917013,-0.165511936,0.460532784,-0.753677249,0.845837235,0.000504141906,-0.00231130258,0.000215135835,-0.0832412019,-0.857711017,0.126156405,0.837963343,-0.000677446951,-0.00320475153,0.00706538837
-0.0525523312,-0.450056404,0.883589804,-0.0150478221,-0.00866219489,-0.73860019,0.673920091,-0.294668853,-0.0484129116,-0.0643891916,0.493173063,0.0361335613,-0.0616258457,0.0865635127,0.115638278,0.232264563,0.248114064,-0.264498264,0.0792926848,-0.210783854,0.0260022748,-0.0267638247,-0.154740572,0.445092887,-0.74565351,0.871266127,0.000482142408,-0.00204728171,0.000219300797,-0.0701239035,-0.85492295,0.0720306411,0.793953717,-0.000680063793,-0.00370210689,0.00716512511
-0.0524262525,-0.44654575,0.883129001,-0.0183412359,-0.00872975217,-0.739469411,0.672883631,-0.30220896,-0.0411932245,-0.0580800027,0.512730241,0.0329088047,-0.0602612793,0.0860074311,0.120619118,0.230999678,0.247229785,-0.258766949,0.0788568556,-0.229032964,0.0319076926,-0.0301912911,-0.139772385,0.435298443,-0.73082,0.891381383,0.000457596034,-0.001750906,0.000228856254,-0.0658713207,-0.843912125,0.00508556515,0.690981686,-0.000733031658,-0.00486386102,0.00702793337
-0.0521939769,-0.443116724,0.882739782,-0.0213920761,-0.00890790965,-0.741318912,0.670752785,-0.310593188,-0.0351815261,-0.0532964654,0.537281632,0.0273278933,-0.0583774075,0.0845309943,0.124959648,0.229929626,0.24790968,-0.252855301,0.0788072348,-0.246082842,0.0382650495,-0.0335257873,-0.124695972,0.427066624,-0.714280903,0.909793615,0.00043108128,-0.00144729158,0.000238389213,-0.0656385943,-0.829493046,-0.0612204783,0.574406087,-0.000799847068,-0.00617226958,0.00681558065
-0.051749289,-0.439850062,0.882493496,-0.0239584448,-0.00930721415,-0.745124646,0.666429765,-0.320667416,-0.0315837823,-0.0515624061,0.571825862,0.0170342177,-0.0554546751,0.081213817,0.128020912,0.229248822,0.251717389,-0.246581644,0.0795298442,-0.260739058,0.0455277152,-0.0366752259,-0.109399304,0.421957105,-0.694327235,0.924805045,0.000400623772,-0.00112912583,0.000247879536,-0.0734438896,-0.808254957,-0.126265571,0.430599272,-0.000894368917,-0.00777426036,0.00645288266
-0.0511090457,-0.43679148,0.882375896,-0.0256330747,-0.0101731523,-0.750788877,0.659966298,-0.33334735,-0.0322139636,-0.0529065877,0.618581712,0.00406535668,-0.0526074618,0.0765096992,0.129333258,0.229100734,0.256955624,-0.242082596,0.0802373812,-0.270958364,0.051675342,-0.0395582393,-0.0964089185,0.419882506,-0.671681643,0.935045779,0.000368146866,-0.000832840335,0.000254878076,-0.0917102844,-0.783269644,-0.181188226,0.283899933,-0.00100059109,-0.00936486945,0.00598694477
-0.0503709316,-0.43383655,0.882322431,-0.0268600804,-0.0112717979,-0.757328563,0.652384036,-0.347331792,-0.0349586867,-0.055790361,0.6714499,-0.0102426372,-0.0497978181,0.0711114556,0.129771203,0.229219139,0.2629098,-0.238470435,0.0809374452,-0.278960079,0.057266064,-0.0423083864,-0.0845702589,0.419325411,-0.647687018,0.942901969,0.00033465639,-0.000547461619,0.000260631379,-0.115210272,-0.756407917,-0.231055647,0.135737449,-0.00111267646,-0.0109499665,0.00546932872
-0.0495475307,-0.431592941,0.88248384,-0.0265101943,-0.0133548157,-0.76666464,0.6413612,-0.363208562,-0.0484908149,-0.0653891414,0.738675714,-0.023109531,-0.0503487773,0.0639900044,0.127588227,0.232011497,0.269553453,-0.238449663,0.081348002,-0.27717036,0.0593403727,-0.0444890335,-0.0780172348,0.425582647,-0.620258331,0.938136399,0.000305191788,-0.000353341689,0.000262404792,-0.155610979,-0.733870268,-0.259078294,0.0212724842,-0.00121988973,-0.0121096969,0.00491955131
-0.0488092452,-0.429673016,0.882718325,-0.0256116426,-0.0157372541,-0.776929194,0.628869946,-0.378023058,-0.0667089373,-0.0779955834,0.805908084,-0.0342129692,-0.0531168282,0.0560778975,0.124616362,0.236506909,0.27677688,-0.239347756,0.0818473399,-0.270598143,0.0599979311,-0.0464691035,-0.0731562227,0.436258286,-0.591715574,0.925540149,0.000279411674,-0.000200370821,0.000263420952,-0.200966656,-0.71479553,-0.27884078,-0.0750289559,-0.00131828745,-0.0130775943,0.00439271471
-0.0482412912,-0.428400695,0.8830989,-0.0236186361,-0.0187185942,-0.789114933,0.613505825,-0.390711606,-0.0942969397,-0.0966158882,0.873147011,-0.0417884514,-0.0603186749,0.046585314,0.120067105,0.244407892,0.285159111,-0.24208346,0.0825241804,-0.254461825,0.0578219891,-0.048047848,-0.0716796368,0.45576942,-0.560947597,0.897284269,0.000261003093,-0.000129711581,0.00026292252,-0.256227434,-0.702648222,-0.282081336,-0.134994477,-0.00139904418,-0.0136617413,0.00391181326
-0.047907047,-0.427807808,0.88360405,-0.0206226378,-0.0220325465,-0.803363398,0.594723907,-0.397446454,-0.127942845,-0.120441325,0.927891433,-0.0463431962,-0.0719577447,0.0349029228,0.114019588,0.255518079,0.29634726,-0.245418444,0.0842605233,-0.226306438,0.0520529747,-0.0494104549,-0.0727754757,0.488543212,-0.526826143,0.845825434,0.000251660589,-0.000164382087,0.000263123628,-0.320094526,-0.696195304,-0.265030712,-0.156958997,-0.00144407945,-0.0138878766,0.00350494683
-0.0476896279,-0.427554578,0.884171426,-0.0171167151,-0.0255027845,-0.818293762,0.573979046,-0.401205242,-0.164620027,-0.146870941,0.976393223,-0.0493880361,-0.0858161449,0.0221248195,0.10722252,0.268233597,0.308939099,-0.249053285,0.0865267068,-0.192139834,0.0444871113,-0.0506651066,-0.0751575157,0.527950346,-0.491025329,0.782762289,0.000246850104,-0.00025171609,0.000263674505,-0.388269335,-0.692588806,-0.237833977,-0.159926161,-0.0014712587,-0.0139350379,0.00313506392
-0.0476250425,-0.42824766,0.884909213,-0.0125577145,-0.0291968792,-0.83572705,0.548224538,-0.390518486,-0.197410464,-0.173827618,0.993945181,-0.0515501201,-0.100292653,0.00707965111,0.0968892574,0.280879319,0.325266331,-0.251552552,0.0920026675,-0.143248007,0.029793229,-0.0516649559,-0.0792265385,0.585114956,-0.4479433,0.686571717,0.000256845495,-0.000602493295,0.000270825927,-0.466657579,-0.692492485,-0.171974778,-0.104676381,-0.00141457305,-0.0133801363,0.00283459108
-0.0475049503,-0.429136157,0.885681987,-0.00792435438,-0.032932232,-0.852978858,0.520845218,-0.373468369,-0.225466132,-0.198039263,0.999673188,-0.0551374666,-0.112131119,-0.00810411666,0.0849832892,0.291510135,0.341838419,-0.253513217,0.0984759703,-0.0925601125,0.0128631815,-0.0526294969,-0.0830244943,0.643730581,-0.402213097,0.585909903,0.00027255548,-0.00107971835,0.000281986548,-0.547014475,-0.692247033,-0.0924300998,-0.030425299,-0.00132450194,-0.0125682391,0.00252315402
-0.0472738557,-0.43041569,0.886524916,-0.0031572002,-0.0367708195,-0.870546911,0.490699515,-0.34368968,-0.244061261,-0.216768131,0.981759667,-0.0615756623,-0.118697591,-0.0235688854,0.0699294955,0.298114628,0.358904362,-0.254397392,0.106945209,-0.0382678956,-0.00854259077,-0.0535236821,-0.0862813666,0.705262601,-0.351175994,0.476281971,0.000299696287,-0.00180990878,0.000301166758,-0.631328166,-0.69170326,0.0145002529,0.0818395466,-0.00116765045,-0.0112422518,0.0021897126
-0.0465965196,-0.431651294,0.887252092,0.000970034049,-0.0403848888,-0.887576941,0.458884837,-0.302820176,-0.252105117,-0.227962047,0.939686537,-0.0751418471,-0.116925403,-0.0404416099,0.0535050817,0.298057914,0.377017647,-0.255215347,0.115087323,0.0150540527,-0.030561123,-0.0552289337,-0.0885919929,0.760048687,-0.294704258,0.374324113,0.000337629259,-0.00274187,0.00032943883,-0.717796385,-0.689010859,0.143858835,0.217493117,-0.000972168695,-0.00954801589,0.0018211084
-0.0456959195,-0.432865083,0.887921393,0.00477441196,-0.0438554754,-0.903685177,0.42591901,-0.25639993,-0.254873842,-0.235389471,0.885527313,-0.0922743753,-0.110983171,-0.058020778,0.0363933779,0.294669986,0.395657271,-0.256000519,0.123066671,0.0678974912,-0.0528885238,-0.0573401004,-0.0904298052,0.811468124,-0.235507742,0.276189536,0.000380963727,-0.00377483596,0.000362260966,-0.805352628,-0.685243487,0.284448594,0.364857733,-0.000757348666,-0.00766944792,0.0014348788
-0.0434769094,-0.433595806,0.887967706,0.00717098413,-0.0460331259,-0.918448339,0.392787699,-0.205227211,-0.244096726,-0.232407451,0.803783298,-0.123694554,-0.0934437513,-0.0823674127,0.0212453827,0.2777493,0.421691149,-0.259850293,0.126247436,0.117377117,-0.0691919178,-0.0626027808,-0.0924816951,0.847909331,-0.168756932,0.203451097,0.000438336399,-0.00486955233,0.000407174928,-0.890448689,-0.676386952,0.442199707,0.507029772,-0.000565922935,-0.00586569356,0.00109888497
-0.0407261252,-0.434174836,0.887674689,0.0093295792,-0.0476674903,-0.931562936,0.360321059,-0.1567128,-0.230339363,-0.225932747,0.720005751,-0.158668846,-0.0736897886,-0.109623678,0.00649713911,0.256182104,0.451538652,-0.265847296,0.127281904,0.1646218,-0.0835111737,-0.0689644814,-0.0951602831,0.880535662,-0.101849258,0.139177039,0.000500528025,-0.00592946867,0.000455303467,-0.970584273,-0.665581584,0.597049832,0.63512975,-0.000392125512,-0.00419967296,0.000803933071
-0.0369126797,-0.434450001,0.886703014,0.0110198172,-0.0482820632,-0.94274317,0.329822259,-0.113532826,-0.210625783,-0.212474257,0.632190526,-0.200739622,-0.0495133474,-0.142690092,-0.00744626857,0.22532858,0.489003569,-0.276137054,0.124022946,0.207379311,-0.0938566551,-0.0775221884,-0.0990914404,0.905519724,-0.0346516371,0.0918562785,0.000572336372,-0.0069194017,0.000509844802,-1.0407697,-0.650882125,0.746042132,0.735037208,-0.000253650156,-0.00280974107,0.000591178192
-0.032365784,-0.43447122,0.885027647,0.012764456,-0.0484203295,-0.951424926,0.303781419,-0.0802358612,-0.190771222,-0.1933956,0.555508256,-0.24378714,-0.0252708346,-0.178848445,-0.0224495493,0.191056967,0.531112969,-0.290085107,0.117848158,0.241432846,-0.103479639,-0.0862587541,-0.103858002,0.925664485,0.0227198601,0.0588986389,0.000648508081,-0.00776046421,0.000567405135,-1.09589028,-0.630759656,0.870329618,0.796668708,-0.000137722222,-0.00165455963,0.000447565631
-0.0274518467,-0.434365481,0.883000493,0.0145334303,-0.0483122392,-0.958694097,0.27992916,-0.0518774949,-0.170844704,-0.17150563,0.484386176,-0.287326247,-0.000993442256,-0.216555417,-0.0379838683,0.155073851,0.575547695,-0.305863261,0.110215098,0.271137297,-0.112742148,-0.0950854197,-0.109042592,0.943391442,0.0751830414,0.0331195034,0.000726867118,-0.00852716062,0.000626479217,-1.14348352,-0.607924342,0.982275188,0.839168429,-3.30582989e-05,-0.000616656383,0.000338510697
-0.0222891178,-0.433666855,0.880456209,0.0162825325,-0.0485422428,-0.962879485,0.265031369,-0.0384802669,-0.157760948,-0.148327202,0.440783679,-0.322720766,0.0183967818,-0.25202927,-0.0540788248,0.126888514,0.616486073,-0.320497572,0.102360278,0.284804583,-0.123104014,-0.100478977,-0.113191336,0.955614209,0.100343265,0.0295451991,0.000792398467,-0.0089424653,0.000681480393,-1.17435288,-0.570402622,1.0443629,0.828761816,4.32190136e-05,0.000128075015,0.000287903822
-0.0172311515,-0.43262437,0.87800926,0.0177976768,-0.0490531399,-0.966110049,0.25280112,-0.0286367871,-0.146993935,-0.126792625,0.405563772,-0.353722095,0.0356561616,-0.285438627,-0.0693618804,0.103100196,0.65382266,-0.332915515,0.0953160524,0.294084787,-0.133242533,-0.104345128,-0.116684549,0.966442943,0.116061904,0.0344876647,0.000848990981,-0.00923912693,0.000731711043,-1.20329332,-0.526190042,1.09296298,0.803061664,0.000108344248,0.000772056752,0.000246798299
-0.0123804053,-0.430893749,0.875755787,0.0188514847,-0.0501440008,-0.967788379,0.245999704,-0.0258963089,-0.140855461,-0.108535886,0.387092948,-0.375951231,0.0486617461,-0.31473425,-0.0830281153,0.0880950093,0.683972657,-0.340906501,0.0898898169,0.294595093,-0.142939001,-0.10515821,-0.118868276,0.974488735,0.112904571,0.0564659238,0.000887731614,-0.00929863565,0.000772423751,-1.22838926,-0.468575418,1.11460984,0.746762812,0.000151195141,0.00121483393,0.00022467658
-0.00778754102,-0.428452551,0.874043107,0.0192116587,-0.0515494965,-0.968482944,0.242928692,-0.0274453275,-0.137102753,-0.0943048,0.379587442,-0.390341699,0.0583551005,-0.340485096,-0.0942053348,0.079568997,0.707322896,-0.344661355,0.0857928395,0.289538503,-0.150566414,-0.103468031,-0.120246395,0.981156945,0.0950485393,0.0938013792,0.000910489005,-0.00919817947,0.000799826579,-1.2522372,-0.400910884,1.12106919,0.663906813,0.000178209331,0.00148717337,0.000212715997
-0.003323704,-0.425656229,0.872600794,0.0192253536,-0.0531129174,-0.96869911,0.241725955,-0.0311385095,-0.134542748,-0.0820863843,0.377563387,-0.40081349,0.0663925186,-0.364463449,-0.104138069,0.0742819682,0.727273524,-0.346298695,0.0823604465,0.28169924,-0.157159388,-0.100526579,-0.121221758,0.987136424,0.0698454827,0.138812512,0.000925256405,-0.00901776273,0.000820575515,-1.27546072,-0.328224301,1.11993635,0.567777812,0.000197306494,0.00167430856,0.000205834993
0.000812680926,-0.422700346,0.872047663,0.0184134284,-0.0541082496,-0.968006462,0.244329147,-0.0389570221,-0.133120477,-0.0751908496,0.383850813,-0.404057562,0.0714674219,-0.385718048,-0.110187292,0.0738111436,0.742664635,-0.344630361,0.0794759095,0.269400239,-0.159700304,-0.0954371989,-0.121473357,0.992702127,0.0309927575,0.194772929,0.000926832086,-0.00872543827,0.000822861795,-1.29301417,-0.25706476,1.10950911,0.446538925,0.00020708816,0.00169797032,0.000216171364
0.00474804314,-0.420032442,0.871763587,0.017514535,-0.0546493868,-0.967025814,0.248128517,-0.0475168824,-0.131586954,-0.070172295,0.390996814,-0.405938119,0.0758859664,-0.406153083,-0.114870407,0.0744513348,0.758410811,-0.342562914,0.0767414644,0.256369829,-0.160787046,-0.0904331952,-0.121265158,0.998056412,-0.00960898586,0.249992728,0.000926591107,-0.00842784625,0.000819372886,-1.30741358,-0.192830637,1.09844303,0.325183421,0.000215813066,0.00169407832,0.000236197142
0.00828139298,-0.417940468,0.872017801,0.0164415039,-0.0542814532,-0.965456514,0.254316574,-0.0575593188,-0.129830912,-0.0689074025,0.399859697,-0.405091822,0.0789919049,-0.424949259,-0.116821505,0.0773133785,0.774867117,-0.339697242,0.0743071735,0.241876766,-0.158965647,-0.0855999067,-0.120137461,1.00298786,-0.0537085049,0.303731322,0.000922716688,-0.00811972003,0.000804334588,-1.31550479,-0.14244625,1.08609939,0.2035947,0.000222424569,0.00163508242,0.000275600265
0.0111611765,-0.416459501,0.872837126,0.0155700241,-0.0527481334,-0.963198849,0.263102994,-0.0679703131,-0.127045453,-0.0724216998,0.407903254,-0.401804686,0.0808546767,-0.440129906,-0.115447581,0.0837191045,0.793034315,-0.33614558,0.0732146055,0.226148665,-0.153344288,-0.0821456462,-0.117394492,1.00614786,-0.0987579599,0.351884007,0.000917551573,-0.00782515109,0.000775381573,-1.31663752,-0.114878729,1.07203627,0.0972098112,0.000225372743,0.00154049636,0.000339785067
0.0137144998,-0.415283829,0.873939455,0.0147979899,-0.050627629,-0.960519053,0.273168468,-0.0785668939,-0.123744875,-0.0783264637,0.415538013,-0.397296518,0.0820960328,-0.453504294,-0.112410635,0.0918978378,0.812059164,-0.332250386,0.0727929622,0.209800944,-0.145821944,-0.0793805495,-0.113843456,1.00842237,-0.144288331,0.39724943,0.000911740586,-0.00753732538,0.000739466574,-1.31429076,-0.0987179875,1.05711114,-0.00158515072,0.000226488744,0.00142809877,0.000416369759
0.0152971968,-0.414439917,0.875977397,0.0144494473,-0.046636008,-0.956558098,0.287424603,-0.0890183076,-0.118572161,-0.0936405659,0.420317709,-0.388573885,0.0816273466,-0.457232952,-0.102072582,0.107751861,0.8296839,-0.325283885,0.076642856,0.191013694,-0.131482065,-0.0786661655,-0.108207993,1.00536788,-0.19424136,0.433516383,0.000906721456,-0.00725457305,0.000679768389,-1.29921198,-0.124298722,1.0314517,-0.0663389862,0.000209670543,0.00121993735,0.000517945795
0.0166114736,-0.413537204,0.878282189,0.0141498447,-0.0421024208,-0.951878185,0.303240975,-0.0993912295,-0.113153599,-0.112613529,0.424264669,-0.378574282,0.08081536,-0.455975473,-0.0883968323,0.126073584,0.844827414,-0.315909386,0.0826628208,0.171369985,-0.115285277,-0.0783577263,-0.10256616,0.99951452,-0.24745369,0.466652036,0.00090332306,-0.00696479855,0.000613125158,-1.27830553,-0.165244609,0.999333024,-0.119342685,0.000178131042,0.000946326065,0.000618871069
0.0173887908,-0.412516892,0.881120265,0.0139498031,-0.0364921987,-0.945864917,0.322200686,-0.109606102,-0.107243925,-0.138902113,0.426545739,-0.366021901,0.0793168768,-0.444746047,-0.0680472851,0.149328709,0.855006993,-0.301719993,0.09302219,0.150015503,-0.0953764319,-0.078861177,-0.0969121456,0.988064408,-0.307179064,0.49352175,0.000903166714,-0.00666101044,0.000532598991,-1.24574625,-0.236915886,0.954299212,-0.148841321,0.000117152958,0.000541846268,0.000718484691
0.0177626461,-0.411154628,0.884143353,0.0135984924,-0.0304100345,-0.938119887,0.344704784,-0.11946708,-0.102073744,-0.170776218,0.42777437,-0.351412445,0.077547729,-0.418656766,-0.0416533388,0.175129399,0.856311023,-0.280765206,0.108175546,0.127302229,-0.0741586536,-0.0799206346,-0.0921651274,0.969685435,-0.374351621,0.514113069,0.00090940285,-0.00632799882,0.000445308629,-1.1996038,-0.337022543,0.896128416,-0.152528554,1.53675028e-05,-3.56855744e-05,0.000811669102
0.0179347973,-0.409621418,0.887258887,0.0131656295,-0.0240802116,-0.929095087,0.368821269,-0.129150644,-0.0972735062,-0.205440909,0.42847681,-0.335775435,0.0756433532,-0.385140359,-0.0122391582,0.202201322,0.853178144,-0.256429434,0.125724629,0.103910893,-0.0522876345,-0.0812579691,-0.0878717452,0.94784373,-0.445243627,0.531564713,0.000918834121,-0.00598039664,0.000354641292,-1.14667344,-0.451338917,0.831393421,-0.143312499,-0.000106812302,-0.00069969648,0.000901634921
0.0178549998,-0.407256216,0.889839768,0.0122464479,-0.0187214323,-0.917474994,0.397163906,-0.138334483,-0.0946341455,-0.238105148,0.428182542,-0.317007214,0.0730864182,-0.324977577,0.0184844285,0.226581872,0.827866912,-0.226183951,0.146803424,0.0803476796,-0.0335969664,-0.0836666077,-0.0843530744,0.917101145,-0.519791663,0.54298526,0.000938487239,-0.00558286253,0.000268323347,-1.07597733,-0.591233253,0.759231687,-0.0822706223,-0.00025746855,-0.00150028628,0.00102387299
0.0177721009,-0.404423058,0.892047286,0.011243284,-0.014187066,-0.90487022,0.425302481,-0.147917956,-0.0926371589,-0.265770555,0.427751392,-0.297302544,0.0699843988,-0.258078843,0.0462705344,0.248075664,0.791996181,-0.197606713,0.166597024,0.0580776259,-0.0174255129,-0.0865736008,-0.0806156322,0.88469559,-0.59053278,0.554401934,0.000958416204,-0.00517844129,0.000187057129,-1.00202012,-0.730508804,0.690708339,-0.00165550411,-0.000396748394,-0.00224888884,0.00118508702
0.0176830031,-0.400654018,0.893507838,0.0100848675,-0.0113236439,-0.891185822,0.453384937,-0.158300638,-0.0919248238,-0.28343904,0.427046388,-0.275725245,0.0657923073,-0.177709281,0.0681821331,0.263796329,0.735007882,-0.172365725,0.183820397,0.0383936837,-0.00629209634,-0.0904772282,-0.0764406919,0.848964453,-0.653660715,0.565810859,0.000978897093,-0.00476024672,0.00011589365,-0.921541452,-0.868546963,0.629461169,0.118103072,-0.000513277133,-0.00289352518,0.0014242474
0.0175555516,-0.395519882,0.894242585,0.00926160998,-0.0103736493,-0.878230778,0.478034842,-0.171096891,-0.0920901597,-0.287484467,0.427094758,-0.253174573,0.0601229593,-0.0957405269,0.0813892484,0.27321136,0.659275413,-0.156160697,0.194917649,0.0236598719,-0.00086793059,-0.0951968282,-0.0708526522,0.812483072,-0.701289535,0.579510927,0.000988954678,-0.00436181156,5.91902026e-05,-0.840881109,-0.988705754,0.581592858,0.262248099,-0.000590870739,-0.0032814974,0.00178848556
0.0174089018,-0.389702439,0.894614577,0.00860402739,-0.0103783645,-0.865432507,0.500844124,-0.185101777,-0.0926943868,-0.284718186,0.427520066,-0.230134353,0.0537142307,-0.0129626794,0.0902453437,0.279474467,0.574161232,-0.144472182,0.202952892,0.0113995373,0.00170200772,-0.100324973,-0.064557232,0.77562201,-0.741173863,0.594358444,0.000993800932,-0.00397320883,9.71069494e-06,-0.760119855,-1.09993839,0.540408432,0.418604076,-0.000649005058,-0.00354116899,0.00221531582
0.0170998126,-0.381958127,0.894273579,0.00890004516,-0.0129316012,-0.856237953,0.516343036,-0.203475624,-0.0942777097,-0.263648868,0.433333099,-0.206552178,0.0463884622,0.0521711484,0.0882346258,0.27821666,0.483592153,-0.146680176,0.201778099,0.00609285198,-0.00291786483,-0.105079621,-0.0552252159,0.741411328,-0.757780075,0.611700296,0.000973220798,-0.00364747271,-1.39712356e-05,-0.68509984,-1.17350197,0.512346745,0.568826377,-0.000667318585,-0.00338445627,0.00280696922
0.0167684518,-0.3739447,0.893844903,0.00946484221,-0.0161501392,-0.848028714,0.529619571,-0.223168641,-0.0961978883,-0.238358587,0.443786234,-0.183153957,0.039572522,0.108216003,0.0839270502,0.274607658,0.399807274,-0.151693404,0.198639512,0.00204914482,-0.00912587717,-0.109083459,-0.0450556912,0.709175646,-0.769209445,0.629118502,0.000946782355,-0.00334034767,-2.95815898e-05,-0.612709045,-1.2361865,0.484392881,0.706422567,-0.000679361285,-0.00312751089,0.00341483252
0.0163926631,-0.365395904,0.893241107,0.0105710584,-0.0207036762,-0.842188622,0.538681664,-0.245493308,-0.0987911224,-0.204634547,0.463516712,-0.160131961,0.033778742,0.146061063,0.0750268325,0.266297162,0.32962203,-0.16231589,0.191574052,0.000533091545,-0.0185082834,-0.11158409,-0.0332145914,0.680902004,-0.770279765,0.646683395,0.000908635615,-0.00307055702,-2.90415828e-05,-0.545603156,-1.27708852,0.456664741,0.818714917,-0.000678856624,-0.00267017097,0.00405490119
0.0161520354,-0.357287645,0.89276439,0.0120988437,-0.0259268516,-0.837887493,0.545092621,-0.271264851,-0.102941141,-0.168090805,0.49982053,-0.139512435,0.0294079129,0.168577433,0.0636711717,0.254188001,0.279446244,-0.174207926,0.183413863,-9.99340336e-05,-0.0290864129,-0.112235844,-0.0208025128,0.657371104,-0.766079426,0.663430572,0.000871524564,-0.00281865988,-1.66394257e-05,-0.485708594,-1.30460835,0.426190436,0.903286815,-0.000671553891,-0.00213319482,0.00464733317
0.0159789622,-0.349399,0.89235127,0.013837249,-0.0314845257,-0.834343911,0.550170422,-0.298761636,-0.107869789,-0.130134553,0.54441309,-0.120092489,0.0257481709,0.183431759,0.0510870069,0.240178764,0.239270613,-0.186735585,0.174705729,-0.000291527802,-0.0402631648,-0.111963272,-0.00810401421,0.636209607,-0.759243667,0.679770112,0.000834928418,-0.002575689,1.69429995e-06,-0.429414749,-1.32543993,0.394340783,0.974006057,-0.000660851889,-0.00155636272,0.00521599408
0.0163172837,-0.343377441,0.892372429,0.0165037669,-0.0369376258,-0.83194629,0.553379262,-0.334724665,-0.118493058,-0.0966795236,0.621570528,-0.107248098,0.0224257484,0.184931129,0.0361387059,0.225341216,0.222132504,-0.1973546,0.167242676,-1.91753716e-05,-0.0515583754,-0.109630063,0.00429894775,0.621373773,-0.749323964,0.694347501,0.000809230085,-0.00234027579,2.97604274e-05,-0.388135821,-1.33624101,0.363627166,1.01721966,-0.000639721053,-0.00101136626,0.00564695988
0.0169236176,-0.338112056,0.892551661,0.019610146,-0.042161908,-0.82964617,0.556349754,-0.374116719,-0.132165149,-0.0663776174,0.708716393,-0.0964155793,0.0182602815,0.184218138,0.0204517078,0.21184051,0.208854556,-0.206930906,0.160346493,0.000409617671,-0.0627431497,-0.106827915,0.0166138113,0.608288467,-0.738797903,0.708191991,0.000784612028,-0.00210693339,5.8330781e-05,-0.352467299,-1.34511673,0.335478485,1.05600262,-0.000614282792,-0.000505411997,0.00602723891
0.018065948,-0.33435905,0.893046618,0.0235969262,-0.0469303476,-0.827587258,0.558873919,-0.420366347,-0.151934445,-0.0423814505,0.815837264,-0.0896065012,0.0124088554,0.179080859,0.0032874262,0.201013252,0.203296363,-0.214421928,0.15458402,0.00115126802,-0.0737070888,-0.103088006,0.0287524946,0.59870398,-0.727059245,0.720570922,0.000762154406,-0.00187773234,8.79095169e-05,-0.328018844,-1.35014224,0.31245923,1.08592534,-0.000580230146,-7.75360095e-05,0.00630615
0.0197058953,-0.331714302,0.893884599,0.0284177236,-0.0513163099,-0.82568175,0.561078174,-0.471427828,-0.178042173,-0.0244983193,0.932107627,-0.0849097595,0.00278787338,0.171873227,-0.0150037808,0.193602204,0.200196981,-0.219455242,0.149894804,0.00252640946,-0.0842753276,-0.0984499753,0.0411103591,0.592015147,-0.712917924,0.731654406,0.000734200235,-0.00165676256,0.000114192706,-0.313436717,-1.351825,0.296086043,1.11205959,-0.000539638917,0.000245706382,0.00649751537
0.0215946175,-0.32962364,0.894894123,0.0336546172,-0.0555095369,-0.823830473,0.563106926,-0.524894893,-0.207318872,-0.00967146363,1.05295157,-0.0812691003,-0.0087179048,0.163630575,-0.0338584222,0.187899172,0.198326796,-0.223259702,0.145742252,0.00421835296,-0.0946457461,-0.0933629125,0.053577818,0.586774111,-0.69757545,0.742090285,0.000703497615,-0.00143990864,0.000138827949,-0.303787589,-1.35183644,0.283035785,1.13629973,-0.000495778862,0.000516632514,0.00664510997
0.0235656686,-0.328416795,0.896504104,0.0398389467,-0.059578902,-0.822393284,0.564386835,-0.578911304,-0.241506696,0.000720258104,1.16408896,-0.0791321993,-0.0262425616,0.155005947,-0.0538085252,0.185421258,0.195991859,-0.222804949,0.14384523,0.00796517543,-0.104937956,-0.087129645,0.0665532425,0.584842205,-0.677029788,0.752154648,0.000661949744,-0.0012452167,0.000155276866,-0.304764569,-1.34532809,0.278183073,1.15737867,-0.000449886604,0.000640260812,0.00670020608
0.0253082644,-0.327426493,0.898332179,0.0462628042,-0.0636346957,-0.82107388,0.565374267,-0.630556285,-0.274350762,0.0115420725,1.26539207,-0.0776160583,-0.0440302603,0.147004217,-0.0739192963,0.183349296,0.192559451,-0.220486954,0.142896056,0.0128901508,-0.115470409,-0.0807726979,0.0793018118,0.583604395,-0.654719651,0.762847781,0.000618210237,-0.00106014719,0.000169155028,-0.307870239,-1.33552802,0.275148451,1.17745554,-0.000405820785,0.000727767125,0.00673441961
0.0265938491,-0.326869309,0.900596142,0.0531671609,-0.0676661287,-0.820034509,0.565807346,-0.677455604,-0.304505616,0.0232235417,1.34702086,-0.077341564,-0.0623431504,0.140248686,-0.0943504125,0.182089373,0.186932176,-0.214442462,0.143842727,0.0201712418,-0.126482874,-0.074168697,0.0915960148,0.583755016,-0.628881514,0.774797976,0.000570089673,-0.000894333003,0.000177890775,-0.31523329,-1.31914544,0.275750279,1.19552696,-0.000365410117,0.000743023003,0.00672686379
0.027155336,-0.32679221,0.903254747,0.0602661829,-0.0712840018,-0.819302028,0.565712616,-0.714624524,-0.326603055,0.0369795002,1.4027046,-0.0785470754,-0.0765751302,0.135305256,-0.113950908,0.181082308,0.178068906,-0.203566521,0.146900743,0.030577898,-0.137440801,-0.0677305013,0.101755679,0.584209561,-0.599264324,0.789466679,0.000518973742,-0.000739483279,0.000183818309,-0.324930608,-1.29386306,0.27925387,1.21144724,-0.000331854855,0.000693578622,0.00668018032
0.0273549147,-0.32695505,0.906111538,0.0674619752,-0.0746935311,-0.818697038,0.56533611,-0.746936798,-0.344677031,0.0517756343,1.44542933,-0.08049272,-0.0887698904,0.131266609,-0.133140489,0.180201426,0.167585745,-0.190272555,0.151015088,0.0425496362,-0.148373827,-0.0613737293,0.110850364,0.584816098,-0.567750812,0.805498004,0.000466348458,-0.0005900783,0.000188343416,-0.335797101,-1.26412511,0.284209013,1.22629607,-0.00030171941,0.000611774158,0.00661392184
0.0263010692,-0.327940553,0.909326553,0.0742323388,-0.07679133,-0.818859863,0.563969127,-0.759699583,-0.348026276,0.0668885261,1.44648576,-0.0829117894,-0.0915949643,0.129391342,-0.148470715,0.179181263,0.153307572,-0.170292258,0.158392578,0.05993063,-0.156741112,-0.0551192462,0.114345469,0.583357453,-0.529206753,0.826592207,0.00040856548,-0.000426444924,0.000192551975,-0.349389166,-1.21892977,0.293584555,1.23795795,-0.000282032939,0.000414270035,0.0064766407
0.0248747747,-0.329271376,0.912502646,0.080627027,-0.0783633915,-0.819384186,0.562110324,-0.765240669,-0.34644109,0.0812989473,1.43101048,-0.0841630101,-0.091314584,0.12795192,-0.1618779,0.177754939,0.138713598,-0.149344712,0.166625172,0.0792368501,-0.163500518,-0.0488541536,0.115457267,0.580004513,-0.487934232,0.849117279,0.00034961637,-0.000249664678,0.000197838119,-0.363747895,-1.1684624,0.304087162,1.24854445,-0.000264316594,0.000180289222,0.00631098263
0.0227035824,-0.331292838,0.915601134,0.0862752571,-0.0788887813,-0.820679664,0.559301376,-0.756341934,-0.334988981,0.0943061709,1.38247681,-0.0830791295,-0.084824577,0.127383903,-0.171441182,0.175516278,0.123486638,-0.126461044,0.176568478,0.102394708,-0.167045549,-0.0425672047,0.111803487,0.5728634,-0.441201389,0.874505639,0.000288329495,-4.65780322e-05,0.000205279473,-0.379641175,-1.10744786,0.316844493,1.25698209,-0.000250537792,-0.000126653918,0.00608856604
0.0202879813,-0.334345281,0.918184519,0.0907620946,-0.0781099656,-0.822860011,0.555484003,-0.731961548,-0.314521372,0.106557131,1.29490781,-0.0778641999,-0.0738498196,0.127483383,-0.17693013,0.170956656,0.109510466,-0.105173968,0.186997458,0.128963679,-0.166557789,-0.0369268879,0.102631643,0.5594486,-0.390560567,0.901970506,0.000227751807,0.0001781147,0.000217557041,-0.395807445,-1.03648734,0.330545545,1.26326084,-0.000237629516,-0.000477604102,0.00580899138
0.0177504458,-0.337913096,0.920510113,0.0946655507,-0.076677204,-0.825464615,0.551150805,-0.69984144,-0.289547533,0.118428729,1.18782651,-0.0705839992,-0.0606336333,0.127916709,-0.180380955,0.165236607,0.0961613506,-0.0846877173,0.19766812,0.157235712,-0.164053217,-0.0316106193,0.0907010958,0.542897582,-0.337970853,0.930471063,0.000167535196,0.000413587317,0.000232252001,-0.41210857,-0.960560203,0.344717115,1.26845944,-0.000225157884,-0.00085052487,0.00550086191
0.0157401673,-0.343693852,0.921588182,0.0962510273,-0.0721764576,-0.828881873,0.546334275,-0.646900296,-0.25736469,0.13085781,1.03403044,-0.0600777119,-0.0461294502,0.129609764,-0.17777063,0.15233244,0.0870652348,-0.0703938231,0.206337869,0.18786861,-0.154455617,-0.0289691687,0.0701874942,0.514933407,-0.288651407,0.961083829,0.000114177339,0.000632444979,0.000255941501,-0.427235425,-0.871302485,0.360374629,1.27107716,-0.000213135121,-0.00125408662,0.00513388775
0.01398509,-0.350281775,0.922226608,0.096999217,-0.0663559734,-0.832113648,0.542010067,-0.590612829,-0.225851268,0.143407866,0.876892805,-0.0508722141,-0.032484889,0.131665275,-0.172986209,0.13607946,0.0802877769,-0.0580609925,0.213479102,0.217588142,-0.142612204,-0.027790729,0.0466324762,0.48310262,-0.244286597,0.99240458,6.40864164e-05,0.000827737618,0.000281251676,-0.442216128,-0.778441489,0.377572268,1.27322495,-0.000201573275,-0.00165560737,0.00475575356
0.0127410199,-0.358482182,0.921985447,0.0960757135,-0.0579004734,-0.835001944,0.538691699,-0.527648807,-0.195686415,0.156196058,0.71311903,-0.0442715101,-0.0205639862,0.13444519,-0.163854346,0.113132745,0.0781504214,-0.0496546663,0.217560679,0.245471582,-0.126280099,-0.0295391195,0.0170008726,0.443547249,-0.209846079,1.02513206,2.05456581e-05,0.00097583374,0.000309796043,-0.456899881,-0.678401232,0.397845477,1.27443171,-0.00019093696,-0.0020529232,0.00435541198
0.01178395,-0.367975175,0.920984864,0.0935341771,-0.0472988066,-0.836548006,0.537774688,-0.46726644,-0.170710593,0.16796419,0.569401622,-0.043577455,-0.00902478397,0.136451602,-0.150971487,0.0842974633,0.084944807,-0.0426232256,0.217626303,0.267724901,-0.107782796,-0.0354034007,-0.0207256302,0.397138774,-0.189107567,1.06003392,-1.74036104e-05,0.00106765027,0.000336373632,-0.47295773,-0.574995995,0.423678398,1.2752974,-0.000180437521,-0.00238799723,0.00393399131
0.0109702684,-0.378114641,0.919604599,0.0901752527,-0.0356200957,-0.83734533,0.538007835,-0.408171415,-0.148326993,0.179223105,0.435700923,-0.0458354913,0.00232423237,0.138071567,-0.136213228,0.0525176413,0.0962035954,-0.0362785943,0.215684757,0.287165463,-0.0882023871,-0.0433250964,-0.0624998547,0.347302854,-0.175216243,1.09602416,-5.25602009e-05,0.00113134319,0.000361969694,-0.489703149,-0.469903648,0.452291459,1.27599263,-0.000170005995,-0.00269197999,0.00350201433
0.0102561126,-0.389340878,0.917595565,0.0839889803,-0.022685124,-0.834691726,0.543802315,-0.360278338,-0.134171799,0.185787231,0.353108764,-0.0586816743,0.018225329,0.132389098,-0.118398011,0.0179874431,0.137896314,-0.0286681801,0.206804097,0.294681549,-0.0687362552,-0.0571679436,-0.120061994,0.29147923,-0.181277364,1.13264537,-7.92476349e-05,0.00111660908,0.000379609352,-0.511801064,-0.370417327,0.491650939,1.27603698,-0.000156698647,-0.00279978244,0.00304379524
0.00955293421,-0.400553882,0.915647507,0.0765266006,-0.0100020557,-0.830382346,0.551823158,-0.315768063,-0.121882409,0.189088374,0.286614299,-0.0752287656,0.0365209132,0.120237023,-0.100118838,-0.0143775642,0.199116945,-0.0209469311,0.195614874,0.29795745,-0.0491345599,-0.071567677,-0.182780057,0.236058116,-0.19340314,1.16655803,-0.000102016122,0.00106855948,0.000394757895,-0.536528468,-0.277075231,0.534568667,1.27529204,-0.000141389057,-0.00282597309,0.00258672098
0.00887171831,-0.411740482,0.913821578,0.066524051,0.00216957647,-0.822849153,0.564348399,-0.278022975,-0.113324396,0.185864016,0.252312809,-0.0991771147,0.059605103,0.0951466933,-0.0809118301,-0.042412512,0.299390405,-0.0130040199,0.179808915,0.292753696,-0.0292617902,-0.0870810822,-0.255809158,0.181441888,-0.217657298,1.19505394,-0.000116947333,0.000953884213,0.000404924649,-0.566514432,-0.196020633,0.584602237,1.27296805,-0.000122075275,-0.00268895365,0.00213193661
0.00828715228,-0.422299981,0.912446916,0.0542438936,0.0127577663,-0.812143042,0.580791287,-0.245187834,-0.106772706,0.172339141,0.240235567,-0.12955308,0.0862611532,0.0477893054,-0.0617323518,-0.0613634698,0.450745255,-0.00780065358,0.161530703,0.279491186,-0.00844652019,-0.10044086,-0.335279047,0.132203683,-0.251888871,1.2129885,-0.00012316108,0.000755154877,0.000411852234,-0.601309657,-0.132424802,0.637696385,1.26613879,-9.69925677e-05,-0.00241311966,0.00171188929
0.00775086507,-0.432546705,0.911297679,0.0408009628,0.0225461853,-0.799459462,0.598908607,-0.214804977,-0.101223603,0.153663382,0.239268705,-0.163144931,0.114705019,-0.010704373,-0.0425651707,-0.0757742226,0.62765038,-0.00396655779,0.142015085,0.262198597,0.0128415506,-0.112724915,-0.417975068,0.0856505185,-0.29111138,1.22564411,-0.000125016901,0.000514386396,0.000417160889,-0.638511896,-0.0775528252,0.692324638,1.25705671,-6.90236993e-05,-0.00206786254,0.00130917726
0.00744119566,-0.442561567,0.910735846,0.0271304037,0.0295597213,-0.7837399,0.619791846,-0.192102283,-0.0974815786,0.11914891,0.258208483,-0.201983958,0.143131524,-0.104335271,-0.025818374,-0.0757799447,0.858210564,-0.00827711634,0.124694914,0.235622644,0.0332423449,-0.120433658,-0.501311183,0.0515529513,-0.338646322,1.21993792,-0.000115132338,0.000189594575,0.000418993848,-0.679033816,-0.0479135215,0.739891112,1.2329849,-3.23814456e-05,-0.00163685519,0.00100519718
0.0071828831,-0.453213632,0.910304487,0.0144795178,0.036037324,-0.767193299,0.640239094,-0.172009692,-0.09410844,0.0817024857,0.280588001,-0.240199596,0.169233054,-0.204050124,-0.010003238,-0.0719897225,1.0861454,-0.01584078,0.109612748,0.207657278,0.0527500212,-0.127242416,-0.581781507,0.0221165866,-0.386035293,1.20768702,-0.00010272958,-0.000127081468,0.000419328891,-0.71872735,-0.0246896408,0.782417357,1.20108438,5.04815671e-06,-0.00122436578,0.000728209037
0.00702731917,-0.465136945,0.910133958,0.00390753521,0.0414647396,-0.74976727,0.660389618,-0.157140702,-0.0914736688,0.0384035856,0.309839129,-0.277159125,0.19067952,-0.315903544,0.00394517276,-0.0606110953,1.3087734,-0.0299065802,0.0990089029,0.176921055,0.0704670995,-0.132250056,-0.656501651,0.00200702203,-0.4331204,1.18235421,-8.52952362e-05,-0.00042745081,0.000416668976,-0.756754756,-0.0142982714,0.814855337,1.1535399,4.40424265e-05,-0.000849004718,0.000505257514
0.00686199917,-0.478917956,0.910309315,-0.00465451678,0.0464980215,-0.731985903,0.679715313,-0.144583493,-0.08877258,-0.00603748765,0.340635866,-0.307502359,0.2038562,-0.424418688,0.0170498099,-0.0442321487,1.48847556,-0.0484076962,0.0938629955,0.146300137,0.087553218,-0.136954665,-0.719937205,-0.00948830042,-0.473923862,1.14409184,-6.80393132e-05,-0.000657605706,0.000407918007,-0.788341165,-0.0143069979,0.836874008,1.08997285,7.72715575e-05,-0.000564423099,0.000281664485
0.00669178832,-0.493628085,0.910657525,-0.0122061123,0.051315767,-0.713778267,0.698382624,-0.133182257,-0.0860381946,-0.0510497242,0.372205406,-0.334535956,0.212896317,-0.531263113,0.029732354,-0.0253522899,1.64670575,-0.0691268519,0.0914471075,0.115736984,0.104323864,-0.141507715,-0.777727902,-0.0166749433,-0.511584997,1.09936273,-5.08729427e-05,-0.00085264002,0.0003961201,-0.816705823,-0.019517919,0.853681087,1.01839197,0.000107616535,-0.000325249566,5.77490355e-05
0.00628455263,-0.509771228,0.911734641,-0.0196097277,0.054959817,-0.694893743,0.716740932,-0.117819145,-0.0806874782,-0.0950429589,0.400054693,-0.348117232,0.207764834,-0.61469245,0.0402190313,-0.00283310981,1.72284174,-0.0872746632,0.0979502797,0.0868203044,0.122443125,-0.146000624,-0.812789798,-0.0125485957,-0.533534825,1.04208755,-3.99299315e-05,-0.000943184481,0.00036994199,-0.830686212,-0.0434992872,0.856520414,0.934367537,0.000119947406,-0.000244154595,-0.000197099289
0.00569301844,-0.525835156,0.912933409,-0.0277093831,0.0578260304,-0.675257302,0.734789709,-0.0994940251,-0.0734508112,-0.137825578,0.425622314,-0.358114392,0.198135123,-0.686365247,0.0487170592,0.0201354288,1.77377737,-0.100755997,0.107731029,0.0582928471,0.141189888,-0.149764106,-0.839727223,-0.00414017774,-0.549590886,0.984801173,-3.10587857e-05,-0.00101410621,0.000339240738,-0.839444637,-0.0757895187,0.853956163,0.852820635,0.000123981299,-0.000222177914,-0.000439387106
0.00473320158,-0.541734993,0.914375126,-0.0372050236,0.0591727411,-0.654634208,0.752707397,-0.0752530843,-0.0624458343,-0.178172424,0.446618825,-0.360941708,0.179514945,-0.734505951,0.0532358699,0.0439942591,1.7743082,-0.104902185,0.124061599,0.03055376,0.161184624,-0.15206778,-0.8504107,0.0128269922,-0.553857028,0.927513063,-2.6333375e-05,-0.00104576803,0.000299506559,-0.837759316,-0.124681339,0.840588808,0.7762568,0.000111424379,-0.000318412611,-0.000656474673
0.00313661806,-0.556867957,0.915450335,-0.0478633273,0.0585976061,-0.633154576,0.770318574,-0.0474526361,-0.0465654619,-0.211880863,0.464432955,-0.359527886,0.153151125,-0.754370391,0.0518728159,0.0672961697,1.72068238,-0.0928921103,0.145589888,0.0028631296,0.181368858,-0.150910378,-0.845581293,0.0429052263,-0.545518935,0.877846777,-2.3735658e-05,-0.00105881202,0.000257305714,-0.823044002,-0.192052096,0.810693502,0.716642141,8.01490824e-05,-0.000559284468,-0.000781009148
0.00122174807,-0.571615517,0.91634196,-0.0590740976,0.057033402,-0.610953978,0.787396139,-0.0178760607,-0.0282487255,-0.242264628,0.480653733,-0.35599336,0.122918002,-0.760090232,0.0475682504,0.0903163478,1.63997746,-0.0728030652,0.1697146,-0.0247997623,0.201645151,-0.148022071,-0.832994223,0.0795372874,-0.530878127,0.831999063,-2.22022554e-05,-0.00106254255,0.000213877182,-0.801813662,-0.268655986,0.772535384,0.665512264,3.95168572e-05,-0.000872460485,-0.000859231164
-0.0020796787,-0.585041761,0.915927887,-0.0698003863,0.0523700468,-0.588485079,0.803785168,0.00619295146,-0.00137879699,-0.255434394,0.50108844,-0.35029763,0.0848279297,-0.717535675,0.0343297124,0.10772264,1.46426201,-0.0226004664,0.194654077,-0.0527353473,0.218782812,-0.138048425,-0.80102402,0.144824147,-0.497335792,0.804596126,-2.12759624e-05,-0.00103279785,0.000178275281,-0.753964424,-0.370608151,0.696320534,0.64808321,-1.63132281e-05,-0.00135994283,-0.000634022756
-0.00589510053,-0.598268151,0.914961576,-0.0795300445,0.0469241658,-0.565860205,0.819313934,0.0253875181,0.0287182741,-0.261628598,0.52630198,-0.345383972,0.046646364,-0.660834908,0.0191719681,0.121399045,1.26501787,0.0343387537,0.217279002,-0.0801205635,0.233932227,-0.125941694,-0.765880167,0.220642596,-0.460519403,0.785166144,-2.0106685e-05,-0.000978171825,0.000146780221,-0.696871817,-0.477792591,0.604901493,0.6436373,-6.91322493e-05,-0.00182519644,-0.000222603005
-0.0107386801,-0.611096323,0.91289115,-0.0873273877,0.0399683547,-0.543510464,0.833890181,0.0348371342,0.0652713776,-0.253875196,0.56107378,-0.342033744,0.00827799365,-0.575841606,0.000175066292,0.127618566,1.01870561,0.104754247,0.23527807,-0.106408074,0.245107517,-0.109568432,-0.724386573,0.317527622,-0.417152762,0.781676769,-1.84514138e-05,-0.000873787387,0.00012349397,-0.621290326,-0.595450401,0.483071148,0.665151954,-0.000115935749,-0.00224604877,0.000561205554
-0.0160920229,-0.623729229,0.909788907,-0.0920275275,0.0332839107,-0.521761105,0.847460008,0.032257922,0.105881318,-0.231818408,0.606732547,-0.34268555,-0.0233464986,-0.484387457,-0.0196386799,0.124701597,0.776901722,0.169910848,0.247162223,-0.129427418,0.251866341,-0.0925435871,-0.685300529,0.428647757,-0.378034711,0.796281934,-1.62562192e-05,-0.00068890641,0.000106564141,-0.534319043,-0.711999655,0.34032166,0.717085838,-0.000150615175,-0.00237042201,0.00175416539
-0.0216999184,-0.636263609,0.906170726,-0.0951489486,0.0267286832,-0.500167557,0.860270114,0.0236619189,0.148517624,-0.202608347,0.657833755,-0.345339358,-0.0515952781,-0.389710099,-0.0398600213,0.117214799,0.537372708,0.232430995,0.255987406,-0.150810704,0.256415755,-0.0751945153,-0.647421479,0.546880364,-0.341044754,0.819936693,-1.37911311e-05,-0.000463772507,9.28142108e-05,-0.441656709,-0.827986538,0.187118962,0.784231782,-0.00017922913,-0.00234645838,0.00315167918
-0.0264405813,-0.647074223,0.901459455,-0.0926169213,0.0235956176,-0.478761863,0.872727008,-0.00363097899,0.189027101,-0.154271409,0.7166996,-0.355934739,-0.061901506,-0.323309958,-0.0614584163,0.097228609,0.378976345,0.261461139,0.258730561,-0.165998787,0.25527826,-0.0651424527,-0.621370018,0.663457811,-0.319297701,0.862820745,-1.11510271e-05,-0.0001414617,8.40994981e-05,-0.348005444,-0.924927235,0.0356023014,0.885852337,-0.000197346075,-0.00157813611,0.00472681317
-0.0305342712,-0.656704605,0.896513641,-0.0881138992,0.0219093773,-0.456278895,0.885192346,-0.0362085253,0.226949915,-0.101477906,0.7739622,-0.368725896,-0.0655499697,-0.26886037,-0.0856989175,0.0738961995,0.252121389,0.277070016,0.260512501,-0.179828152,0.252917439,-0.0586039796,-0.598976612,0.771546721,-0.301395833,0.90551734,-8.49688513e-06,0.000185136872,7.53786881e-05,-0.258026004,-1.01253295,-0.106524639,0.986919165,-0.000216024564,-0.000586041017,0.00617438834
-0.0333319493,-0.663969874,0.891101122,-0.0797200487,0.0231308262,-0.431906216,0.898090585,-0.0793420672,0.259681195,-0.0397940651,0.827991903,-0.385903478,-0.0558792017,-0.238340572,-0.115213327,0.043881014,0.188417003,0.265825212,0.26037094,-0.190933406,0.248110682,-0.0590967499,-0.583910823,0.862606585,-0.291193724,0.947819352,-5.81587847e-06,0.00052016275,6.6649678e-05,-0.175432593,-1.08142579,-0.229804188,1.08683193,-0.00023581773,0.000853213598,0.00736614317
-0.035000287,-0.668747127,0.885581613,-0.0689934532,0.0263179677,-0.404076258,0.9117399,-0.126823515,0.287694067,0.0265902206,0.872878611,-0.404885411,-0.0353988148,-0.220653862,-0.152185038,0.00757232215,0.167220652,0.233410448,0.258423865,-0.200485557,0.242922723,-0.0638743937,-0.571254194,0.929173648,-0.28307271,0.98018086,-2.60459865e-06,0.000840740395,5.41653935e-05,-0.10550756,-1.13124156,-0.328240812,1.16540456,-0.000264968374,0.00239231088,0.00821801648
-0.0361039191,-0.672280252,0.880009353,-0.0570552701,0.0304663041,-0.374232035,0.925076691,-0.176473528,0.313345462,0.0953173861,0.913190365,-0.424767375,-0.00951706991,-0.209383845,-0.192880675,-0.0318786278,0.167275056,0.190416723,0.255574405,-0.209260389,0.237544745,-0.070793435,-0.559803188,0.983490705,-0.275992841,1.00756991,8.7142314e-07,0.00115406315,3.98052325e-05,-0.0419222303,-1.17151594,-0.414249063,1.23330188,-0.000298793573,0.00398116,0.00889990572
-0.0360886604,-0.67336154,0.87520957,-0.0466170562,0.0352144597,-0.339898368,0.938645775,-0.219543576,0.336410105,0.167345464,0.937131882,-0.445130259,0.0229066517,-0.202307373,-0.236293256,-0.0812724084,0.197693825,0.135091409,0.248652339,-0.214354619,0.234313637,-0.0782221109,-0.543226838,1.00375199,-0.264811635,1.02135873,5.82867096e-06,0.00145917386,1.82122021e-05,-0.00159766246,-1.18749189,-0.463626802,1.26581573,-0.000346418034,0.00521755172,0.0092940703
-0.0357071385,-0.674002647,0.870957971,-0.0379163199,0.0395980239,-0.304368664,0.950975323,-0.257361561,0.359045595,0.23903802,0.956089914,-0.465108126,0.054134354,-0.194432154,-0.276158392,-0.132844836,0.230595052,0.0832115263,0.240712762,-0.217254639,0.231915236,-0.0851399228,-0.523547471,1.0149461,-0.251308233,1.03359735,1.11338022e-05,0.00175815308,-4.25823328e-06,0.0315611623,-1.19654143,-0.501630604,1.29031646,-0.00039174527,0.00630235998,0.00965419691
-0.0345932506,-0.673763752,0.867802262,-0.0327697669,0.0432971533,-0.266991863,0.962167784,-0.28468132,0.380825311,0.310066521,0.965085924,-0.484318048,0.082972832,-0.184958398,-0.308933228,-0.188778222,0.26846081,0.0382176265,0.230737969,-0.215767518,0.231181562,-0.0910368189,-0.497661382,1.00801301,-0.233160034,1.04273891,1.71350021e-05,0.00204490242,-2.84847993e-05,0.0503960662,-1.19174325,-0.516897023,1.29879928,-0.000432481902,0.00708418759,0.00994632673
-0.0325561166,-0.672772467,0.865959823,-0.0312391257,0.0460021195,-0.227746128,0.972131485,-0.301025271,0.397905946,0.374056876,0.965013981,-0.500272512,0.107289098,-0.172911704,-0.331438422,-0.241838321,0.304902554,0.00728972349,0.220960677,-0.207720742,0.230750382,-0.0972054899,-0.467151523,0.985291123,-0.212838888,1.05478144,2.29547804e-05,0.0023026499,-5.12358347e-05,0.0574380793,-1.17086816,-0.507345974,1.29780221,-0.000452811655,0.00764174573,0.0102134412
-0.0300570205,-0.671404779,0.864773631,-0.0314895764,0.0481666837,-0.187386807,0.980599083,-0.311882943,0.412638485,0.434535205,0.960407197,-0.514601052,0.12934719,-0.159577012,-0.348811239,-0.293467641,0.340637118,-0.0166084655,0.211280897,-0.196392655,0.230470225,-0.103510968,-0.434325844,0.954671264,-0.19142884,1.06827664,2.86845188e-05,0.00254592672,-7.32517728e-05,0.0585839413,-1.14195049,-0.485382825,1.29206479,-0.000462939002,0.00808723085,0.0104680816
-0.0260211676,-0.668322921,0.865440428,-0.0348125996,0.0487406428,-0.142488018,0.98798259,-0.310002834,0.411987931,0.472250611,0.939914703,-0.520544052,0.147352025,-0.146099031,-0.3551144,-0.327220649,0.380564034,-0.0243173502,0.202047288,-0.174157053,0.226837993,-0.112159461,-0.398400962,0.902467966,-0.172803134,1.09274864,3.29685208e-05,0.00273195771,-9.03810069e-05,0.0450387672,-1.08204949,-0.414227486,1.277601,-0.000436859758,0.00828035083,0.0106859207
-0.0215658993,-0.664368033,0.866630554,-0.0381798545,0.0485462131,-0.0951893018,0.993541424,-0.304758847,0.403808236,0.499173045,0.913343608,-0.523095906,0.164856136,-0.13458842,-0.359076619,-0.351851195,0.426366389,-0.029795574,0.191683069,-0.150079101,0.220703408,-0.121188067,-0.361342877,0.845296919,-0.155845076,1.12051928,3.66681998e-05,0.00289739063,-0.000103977203,0.0293122232,-1.01303554,-0.326357722,1.26142228,-0.000406614447,0.0083868606,0.010866628
-0.0162736028,-0.658669174,0.868866563,-0.0416835751,0.0468975359,-0.0434697102,0.997082487,-0.29279086,0.380577415,0.504505932,0.874628007,-0.518866301,0.181352884,-0.12701562,-0.358356953,-0.358233184,0.483899951,-0.0308117699,0.179061949,-0.122326054,0.20956777,-0.130973488,-0.322032243,0.77821368,-0.142227471,1.15487552,3.91982285e-05,0.0030215797,-0.000110504428,0.00922976993,-0.925825119,-0.205099642,1.2418201,-0.000368049979,0.00832016021,0.0109730279
-0.010571803,-0.651049256,0.871882439,-0.0442720382,0.0432062997,0.013043924,0.997999528,-0.274866432,0.341033161,0.483318895,0.826216757,-0.506469905,0.196134418,-0.125709713,-0.351243526,-0.344735503,0.553703964,-0.0312891901,0.163271531,-0.0968166292,0.193216652,-0.13950488,-0.27684629,0.709107041,-0.131363779,1.18888676,4.10005268e-05,0.00311434735,-0.000100340294,-0.00656865584,-0.834477544,-0.0706449598,1.21816289,-0.000352798583,0.00796688907,0.0108847441
-0.00466550561,-0.642469168,0.875288248,-0.0463100658,0.0384122382,0.0718456262,0.995599359,-0.253964156,0.293332726,0.448870659,0.772959352,-0.489989936,0.210057452,-0.127537861,-0.340933055,-0.32129693,0.629640758,-0.0314971469,0.145897016,-0.0724304989,0.174258158,-0.147408739,-0.228724465,0.638992012,-0.121877879,1.22272384,4.24388018e-05,0.00319139613,-8.18295011e-05,-0.020223882,-0.7410658,0.0704023466,1.19247925,-0.000349206588,0.0074703265,0.0106991073
0.00134644564,-0.632036924,0.879532874,-0.047230237,0.0304363431,0.135741638,0.989149706,-0.225116625,0.230722979,0.372345269,0.712564766,-0.459758282,0.218040258,-0.139974982,-0.313579947,-0.276942134,0.701218247,-0.0327885635,0.128425583,-0.0556495674,0.153120428,-0.151506752,-0.16630891,0.574735045,-0.116146043,1.24612355,4.4025659e-05,0.00326195592,-2.61846835e-05,-0.0205133054,-0.664694786,0.191057742,1.155967,-0.000423790421,0.00638013799,0.0100784656
0.00730534224,-0.621502697,0.884019136,-0.0480035373,0.0217472415,0.20017857,0.978341074,-0.194369718,0.168367386,0.284567803,0.651805878,-0.425600469,0.223028108,-0.155531153,-0.279594719,-0.231320009,0.762347221,-0.0341263637,0.113076732,-0.0408237614,0.133501157,-0.154125482,-0.100087702,0.512399733,-0.111525968,1.26596618,4.60968949e-05,0.00334466039,3.6020363e-05,-0.0167518929,-0.596044064,0.299434185,1.11687899,-0.000524201139,0.00519808475,0.0093788635
0.0131581761,-0.610764325,0.888988733,-0.0486622662,0.01179021,0.265925787,0.962692293,-0.159825832,0.106519863,0.174296618,0.590318799,-0.383593827,0.222028852,-0.177322581,-0.232351273,-0.183164328,0.802588761,-0.0355568901,0.10197109,-0.0299064144,0.116917431,-0.153787062,-0.0262586791,0.453905672,-0.109128378,1.27869809,4.91364553e-05,0.00345164281,0.000111339868,-0.00489251269,-0.542826712,0.383264005,1.07264173,-0.000676242053,0.00383238681,0.00852141157
0.0188569427,-0.600434542,0.894320607,-0.0497437228,0.00184398584,0.333628031,0.941389663,-0.124723248,0.0513447858,0.0513217747,0.531738758,-0.337123722,0.21323739,-0.2011417,-0.177123189,-0.136576831,0.81530869,-0.0349730402,0.098077327,-0.0211487934,0.104932986,-0.150207937,0.0470727719,0.397404611,-0.108184069,1.28916144,5.4156204e-05,0.00360272825,0.0001728645,0.0129272845,-0.50106132,0.445180416,1.03255451,-0.000836071966,0.00273182103,0.00780469831
0.0244776551,-0.590310872,0.899832845,-0.0508882149,-0.0080765878,0.401157027,0.914559018,-0.0893475562,-0.000484082295,-0.077983357,0.474622756,-0.288430005,0.200551167,-0.225970462,-0.117912374,-0.0907817408,0.814264834,-0.0333820544,0.0977903903,-0.0134726502,0.0952504203,-0.145009041,0.12014237,0.341910124,-0.107966579,1.29848874,6.01651991e-05,0.00377583946,0.000227480399,0.0337242708,-0.465029567,0.496128619,0.994549453,-0.000999768148,0.00176402414,0.00715848524
0.0301162004,-0.580932736,0.905339122,-0.0526646366,-0.0165567965,0.47546717,0.877999589,-0.0587961599,-0.042103909,-0.208390206,0.427921772,-0.240661412,0.175905704,-0.245491311,-0.0596691482,-0.0347902961,0.772565842,-0.0251889229,0.11130631,-0.00822621118,0.0901851952,-0.1344506,0.179532453,0.292393208,-0.109573305,1.31193638,7.00598612e-05,0.00401943736,0.000243817485,0.0605618656,-0.441284508,0.521274865,0.97290051,-0.00109119038,0.00145876408,0.00691645825
0.0358202532,-0.571751535,0.910543919,-0.0541191679,-0.0242784704,0.550096732,0.832991751,-0.0311845988,-0.0812316164,-0.331791461,0.386345446,-0.196577847,0.149411887,-0.261762083,-0.0054310644,0.0287105292,0.720775008,-0.0147840111,0.128960475,-0.00398251461,0.0855597779,-0.122128412,0.23201099,0.247194022,-0.11206606,1.32713282,8.04700976e-05,0.00426652003,0.000252097961,0.0879125297,-0.420452118,0.540225208,0.956710577,-0.00114549079,0.00129446341,0.00676261727
0.0416564271,-0.562962055,0.915147007,-0.0552022883,-0.030507552,0.62728905,0.776228346,-0.00944557972,-0.115384318,-0.441210121,0.355007529,-0.159853488,0.119216979,-0.271537602,0.0408098064,0.107239209,0.648795128,4.5448076e-05,0.154892653,-0.0017429312,0.0818128362,-0.106277153,0.270680696,0.210618883,-0.116330922,1.34582961,9.19133017e-05,0.00452061929,0.000244271039,0.11629463,-0.405439287,0.546790838,0.951432765,-0.00112557795,0.00141197618,0.00678507099
0.0473669246,-0.55455631,0.918625593,-0.0552693653,-0.0350137285,0.703233613,0.707941962,0.00553137343,-0.145169318,-0.524799705,0.334367573,-0.135225073,0.0922312438,-0.274567574,0.0749510378,0.193475842,0.574473858,0.0152628087,0.182418659,-0.00159947062,0.077995427,-0.0883918703,0.295558572,0.184576124,-0.122915976,1.36446595,0.000101350088,0.00471858773,0.000233227242,0.142211854,-0.392357767,0.545701146,0.956205428,-0.00102656928,0.00163562153,0.0068328944
0.0530141965,-0.546342909,0.921541214,-0.054486726,-0.038420007,0.773847468,0.629853314,0.0171252005,-0.172767922,-0.595464885,0.319079518,-0.116648227,0.0668527707,-0.274223387,0.103038259,0.283560574,0.498987675,0.0306726564,0.210739315,-0.00250433479,0.0741429701,-0.0694905221,0.313536793,0.163802654,-0.130661234,1.38307071,0.000109782595,0.00488846563,0.000220575894,0.16689457,-0.380242348,0.540782988,0.966005445,-0.000888002105,0.00191233342,0.00689338474
0.0578387082,-0.538886368,0.922560573,-0.0520232662,-0.0392210982,0.837015163,0.543287127,0.0190037638,-0.192498565,-0.623589277,0.316946983,-0.115207605,0.0526674688,-0.265751451,0.112889349,0.354991019,0.444555998,0.0390863344,0.229782015,-0.00487906719,0.0701737255,-0.0518424511,0.313618064,0.15546155,-0.141698569,1.39739335,0.000113654081,0.00494048977,0.000212750558,0.185474336,-0.365794957,0.530893624,0.99264425,-0.000633283402,0.00225288281,0.0067894021
0.0623307601,-0.531730711,0.923032045,-0.0489382695,-0.0390621683,0.889887006,0.451863154,0.0175184775,-0.209224522,-0.639443636,0.318373263,-0.117718026,0.042210903,-0.256329507,0.117666677,0.412744343,0.398825526,0.0439279601,0.24459441,-0.00679518376,0.0659385994,-0.035649363,0.308066845,0.149960339,-0.153180957,1.4101876,0.000116716503,0.00496445689,0.000206752913,0.201867685,-0.350667149,0.521503687,1.02446043,-0.000353200827,0.00259578135,0.00659668865
0.0661559105,-0.525179565,0.922407687,-0.0452760297,-0.0374614146,0.931742388,0.358333429,0.00930472929,-0.219933152,-0.630746365,0.326918125,-0.128131106,0.0392176025,-0.245010972,0.112292483,0.443114251,0.370519578,0.0416220538,0.250938445,-0.00779310241,0.0611732863,-0.0223734193,0.291250497,0.150142312,-0.165548876,1.41991949,0.000118159238,0.00493228994,0.00020441378,0.213880599,-0.334184378,0.513116539,1.06662047,-2.2494125e-05,0.00294323941,0.00622655544
0.0694941357,-0.519067883,0.921008706,-0.0423651545,-0.035138371,0.962379776,0.266074528,-0.00742581999,-0.22503227,-0.601382375,0.342745215,-0.143883422,0.0425555333,-0.236002296,0.0987657905,0.443941802,0.357785285,0.031218268,0.249888673,-0.00614013616,0.0550825894,-0.012233194,0.262793034,0.155911922,-0.176691413,1.42689478,0.000119854987,0.00488153333,0.000203632575,0.220406488,-0.319825441,0.508209169,1.11270618,0.00031204673,0.0032370938,0.00563826505
0.072589159,-0.513175488,0.919222593,-0.0396770017,-0.0323266314,0.983438793,0.173864499,-0.0284138881,-0.227328032,-0.561687708,0.362212718,-0.162305057,0.0490579605,-0.228147581,0.0811638311,0.430004209,0.352833033,0.0167666506,0.245143458,-0.00316218217,0.0483291596,-0.00365967769,0.228515938,0.164474517,-0.187222034,1.43249249,0.000121677302,0.00482148398,0.000203629999,0.22419031,-0.306527227,0.505040765,1.16075635,0.000648520887,0.00350417267,0.00494091026
0.0749972016,-0.507164538,0.917067885,-0.0392244878,-0.0293784559,0.994884457,0.0883360826,-0.0612634607,-0.222758055,-0.498896778,0.391478479,-0.186645702,0.063457869,-0.225495607,0.0553868003,0.378685564,0.36840862,-0.00916034076,0.229912087,0.00564075168,0.0396777131,0.000971812988,0.179935127,0.183898687,-0.194556311,1.43437266,0.000126001556,0.00479287747,0.000203020551,0.219033644,-0.299809933,0.507806003,1.20112491,0.000950673711,0.00365741225,0.00376988715
0.0770824999,-0.500943244,0.915099025,-0.0390824489,-0.0263287921,0.998874509,0.00539177186,-0.094335407,-0.216022223,-0.432958841,0.420880437,-0.211368412,0.07897605,-0.223562926,0.0284023508,0.319101393,0.387121618,-0.0365171582,0.21211791,0.0163496882,0.0308660083,0.00465963455,0.130295113,0.206800982,-0.201257959,1.43499732,0.000131420733,0.00478416216,0.00020121687,0.212119222,-0.295030624,0.512665749,1.23630416,0.00123640557,0.00378505141,0.00245033624
0.0785218105,-0.494302303,0.913502097,-0.0398960439,-0.0233456241,0.996397198,-0.0711049353,-0.127845421,-0.204955608,-0.360739768,0.450548947,-0.236850262,0.0967278555,-0.22306937,-0.000991689973,0.242996648,0.412106395,-0.066728361,0.189201221,0.0308688357,0.021735549,0.00645917607,0.0785466284,0.236655533,-0.206692919,1.43310964,0.000139028838,0.00481523527,0.000197024812,0.201690376,-0.294128776,0.521714032,1.26109624,0.00148923416,0.00386145874,0.00083396741
0.0792053714,-0.487546355,0.912742496,-0.0410357959,-0.020334975,0.989214473,-0.139130436,-0.153232306,-0.189458698,-0.290894091,0.47134912,-0.257695198,0.112247251,-0.220851362,-0.0302836224,0.161538944,0.431320608,-0.0921965688,0.166485518,0.0468482412,0.0130229006,0.00718645146,0.0334898718,0.268526375,-0.211886734,1.42780828,0.000148403487,0.00486821402,0.000187994156,0.191801697,-0.296374202,0.534457624,1.27637434,0.0016903854,0.0039078882,-0.000804028648
0.0795113295,-0.480730891,0.912401378,-0.042274126,-0.017287428,0.978208031,-0.20254158,-0.174566001,-0.171742216,-0.222213626,0.487722158,-0.276228338,0.12665534,-0.217770621,-0.0595334508,0.0773803219,0.447655886,-0.115301408,0.143863365,0.0635625422,0.00451646326,0.00737789785,-0.00823528878,0.301414967,-0.216961563,1.42079854,0.000158664101,0.00493216095,0.000176541798,0.182180017,-0.300193697,0.549052477,1.28690064,0.00186576345,0.00393934594,-0.00245333673
0.0787082165,-0.474630535,0.913696229,-0.0436774541,-0.0140334741,0.966152372,-0.253860071,-0.182025492,-0.149814621,-0.162729204,0.485024393,-0.283205718,0.134102985,-0.207611591,-0.0840593204,0.000362291932,0.444849074,-0.124752164,0.128998756,0.0771158561,-0.00291182846,0.00619843788,-0.0347040258,0.327853411,-0.222720742,1.40821171,0.000170546016,0.00497654825,0.000155112764,0.17624703,-0.308698714,0.565772235,1.28780961,0.00194668677,0.00393173657,-0.0037528621
0.0776104778,-0.468925953,0.91551435,-0.0450222051,-0.0107816087,0.952260129,-0.301757195,-0.186777264,-0.127936617,-0.106417529,0.477364928,-0.286668807,0.139443874,-0.194650352,-0.105672672,-0.0713839084,0.435856342,-0.129770577,0.117280357,0.0885842666,-0.0100179967,0.00431027869,-0.0568848699,0.350647986,-0.229155064,1.39460135,0.000182541713,0.00500331493,0.000130470202,0.171028063,-0.318251312,0.581783235,1.28613043,0.00200154097,0.00390821416,-0.00492506614
0.0759237707,-0.464014888,0.918378711,-0.0463926085,-0.00758872355,0.937959061,-0.343544665,-0.186112106,-0.106164515,-0.0564685762,0.459784567,-0.283102214,0.140569627,-0.176088631,-0.121454388,-0.132564545,0.414494634,-0.12592274,0.111857966,0.0958793536,-0.0164777506,0.00100529904,-0.0704831481,0.366147816,-0.236937642,1.37894785,0.000194761378,0.00499483291,9.9408091e-05,0.167238697,-0.329896212,0.596371651,1.27927482,0.00200424064,0.00385287381,-0.00584227033
0.074039802,-0.459834278,0.921799123,-0.0477509386,-0.00484131704,0.923333035,-0.380988866,-0.183070362,-0.0863471329,-0.0121267941,0.437955201,-0.274805605,0.138385981,-0.154304802,-0.131604403,-0.182729363,0.384971231,-0.115515724,0.111236989,0.099381417,-0.0227610394,-0.0038409289,-0.0781716034,0.37492919,-0.246518955,1.36328757,0.00020642567,0.0049433657,6.37691992e-05,0.162780374,-0.341228604,0.607891083,1.26719606,0.00197067391,0.00375732873,-0.00660007074
0.0720569864,-0.456018507,0.92549789,-0.049074897,-0.00231627713,0.908030882,-0.416012267,-0.178839698,-0.0675053298,0.0294152014,0.413998574,-0.264142543,0.13454701,-0.130907342,-0.138938874,-0.227390006,0.351362973,-0.101827227,0.113017268,0.100986838,-0.0289567113,-0.00945847016,-0.0829051733,0.380351365,-0.257000834,1.34762228,0.000217813402,0.00487039518,2.58377004e-05,0.157986999,-0.352405846,0.617876649,1.25250375,0.00191896653,0.00364166638,-0.00727822678
0.0704691634,-0.452925503,0.928944826,-0.0502080128,-0.000667921133,0.893454307,-0.446338561,-0.173283368,-0.0517022088,0.0642702281,0.391925812,-0.251444995,0.126653582,-0.107788205,-0.141476303,-0.259911001,0.314228952,-0.084007673,0.118795589,0.0983923227,-0.0354850814,-0.0163239334,-0.0816427916,0.378208995,-0.269328833,1.33282673,0.000228145727,0.00473151077,-1.57865397e-05,0.149837077,-0.360132515,0.623003602,1.23181653,0.00182919472,0.00346644316,-0.00783310644
0.0691308826,-0.449960768,0.932029784,-0.0511737782,0.000737605822,0.878474143,-0.475040925,-0.167698056,-0.0365484022,0.0974277332,0.3723737,-0.239775389,0.118145049,-0.085863851,-0.143487334,-0.289740354,0.278621972,-0.0671032965,0.124722369,0.0946299061,-0.0420542322,-0.023211034,-0.0789587796,0.374305725,-0.281771481,1.31815517,0.000238306864,0.00457458897,-5.77614082e-05,0.140394434,-0.366567641,0.626785755,1.21040344,0.00173125358,0.00327597978,-0.00836575404
0.0682913139,-0.447251916,0.934391439,-0.0518694286,0.00165571304,0.863858145,-0.501054813,-0.1620536,-0.0226898305,0.127197817,0.357857734,-0.230158865,0.108404912,-0.0663240328,-0.144446284,-0.314193845,0.246060863,-0.0520253666,0.130947173,0.0885315388,-0.048706241,-0.030142799,-0.0734316856,0.366880685,-0.294445932,1.3037287,0.000248127733,0.00438156957,-0.00010044589,0.12836507,-0.370421678,0.62787962,1.18753469,0.00161695795,0.0030550051,-0.00885406043
0.0679551065,-0.444733918,0.935828805,-0.0522506023,0.00219899397,0.849617258,-0.524800489,-0.157007605,-0.00958906393,0.153660581,0.350294471,-0.223999023,0.0996001363,-0.0500430055,-0.145378962,-0.334333301,0.219660848,-0.0416415781,0.135693222,0.0805754587,-0.0548161343,-0.0367876068,-0.0661864802,0.357713908,-0.306639373,1.28950119,0.000258100918,0.00416640472,-0.000142270874,0.114577465,-0.372666836,0.626695693,1.16522396,0.00149361615,0.00281375507,-0.00931191631
0.0678706467,-0.442311764,0.936803818,-0.0524590136,0.00255388939,0.835323348,-0.5472444,-0.152261615,0.003130798,0.178465664,0.346208781,-0.219568446,0.0912643969,-0.0353938639,-0.146298379,-0.352312684,0.196345374,-0.0336064473,0.139699146,0.071691744,-0.0606540255,-0.043287918,-0.0580833256,0.347677678,-0.318590462,1.2753756,0.000268148695,0.0039401995,-0.000183659693,0.0999128371,-0.374107212,0.624373138,1.14319563,0.00136577,0.00256240345,-0.00975447893
0.0685492828,-0.440340459,0.936433852,-0.0521793068,0.0023922422,0.82192141,-0.567200841,-0.149173394,0.0147774946,0.197370112,0.353264987,-0.219779193,0.0863787681,-0.025691174,-0.147676423,-0.364762813,0.183368802,-0.0337167494,0.140515015,0.0609125644,-0.0645519197,-0.0491961241,-0.0495076701,0.338071078,-0.329206169,1.26232612,0.000279033789,0.00370198814,-0.000221333728,0.0848010033,-0.374694437,0.618973911,1.12305379,0.00123190135,0.00229522306,-0.0101623321
0.0695183948,-0.438598573,0.935634732,-0.0516722225,0.00199172655,0.808475769,-0.586253312,-0.146482229,0.0258019343,0.213961452,0.363069266,-0.221290812,0.0826499015,-0.0174620803,-0.149141371,-0.375760317,0.173601195,-0.0366422646,0.14010562,0.0497372858,-0.0674881414,-0.0548575707,-0.0413337871,0.329324275,-0.339264363,1.24999619,0.000290163676,0.00346629764,-0.000257112493,0.0701967105,-0.375311047,0.612912714,1.10371709,0.00109772431,0.00202770811,-0.0105618825
0.071068652,-0.437314928,0.933977246,-0.0507441108,0.00111516942,0.795473665,-0.603858791,-0.144584253,0.0355854109,0.225932375,0.378371656,-0.225404263,0.0812330395,-0.0121772112,-0.150780544,-0.383856416,0.170247614,-0.0451982468,0.137245968,0.0377665237,-0.068502225,-0.0600273162,-0.0339608267,0.322294116,-0.348210841,1.23910177,0.000301786524,0.00323557621,-0.000289112242,0.0566029027,-0.375986546,0.60552603,1.08598471,0.000962889579,0.00175944308,-0.0109449541
0.0732148439,-0.436555177,0.931571603,-0.0491860375,-0.000480295945,0.783000196,-0.620073541,-0.142371431,0.0432615094,0.232701123,0.394204855,-0.232011408,0.0816906393,-0.00977085438,-0.152333632,-0.389542639,0.173983157,-0.0579666197,0.131549984,0.0256331228,-0.0669909567,-0.0646344125,-0.0280453432,0.317346632,-0.356249392,1.23017991,0.000313208468,0.00301881856,-0.000316732214,0.0445966125,-0.377227575,0.598168552,1.07072568,0.000829071156,0.0014979858,-0.011316739
0.0756593123,-0.43605724,0.928791642,-0.0473046665,-0.00243503572,0.770658238,-0.635485814,-0.140000686,0.0498850346,0.236869752,0.410305262,-0.239866465,0.0830855295,-0.00880359951,-0.153843954,-0.394024879,0.181264445,-0.0728423968,0.124435037,0.013416646,-0.0642166957,-0.0689608529,-0.0228577573,0.313439667,-0.363835335,1.22224295,0.000324531604,0.00280901021,-0.000342166517,0.0333822481,-0.378751636,0.590824783,1.05670106,0.000695740513,0.00123989314,-0.0116829369
0.0788764656,-0.436309457,0.925436139,-0.0441350987,-0.00563718999,0.75931533,-0.649199927,-0.135413885,0.0528145581,0.232537806,0.420551956,-0.252082914,0.0872244388,-0.0142389201,-0.155412152,-0.395452619,0.205054015,-0.0868128985,0.113873124,0.00184464548,-0.0568474531,-0.0720926002,-0.0204956308,0.311960906,-0.371172905,1.21736479,0.000334337092,0.00262307306,-0.000361097744,0.0244984962,-0.38191998,0.585411012,1.04700422,0.000564271351,0.000996944727,-0.0120365284
0.0822729841,-0.436804712,0.922149897,-0.0405215653,-0.00920226048,0.747898738,-0.66251098,-0.129861668,0.0548134595,0.225263417,0.428709358,-0.266240865,0.0924867988,-0.0238527544,-0.157233775,-0.395848274,0.237838417,-0.0976836532,0.103152096,-0.00976891071,-0.0479594581,-0.0745510086,-0.0191161148,0.311003149,-0.37894097,1.21315277,0.000343496329,0.00244289963,-0.000378053315,0.016292965,-0.385805696,0.580913782,1.03808117,0.000432375906,0.00075815263,-0.0123855527
0.0860269591,-0.437786043,0.919003725,-0.0360377335,-0.0134926067,0.736603574,-0.675229151,-0.12238051,0.0549499132,0.21210593,0.432683945,-0.284276873,0.0999944136,-0.0418214053,-0.159561634,-0.394179016,0.288602769,-0.102349222,0.0921170786,-0.0214608703,-0.0360369496,-0.0756614581,-0.0197027791,0.311087966,-0.387567103,1.21027493,0.000351359078,0.00227432931,-0.000391050009,0.00944748428,-0.391124934,0.578251719,1.03070962,0.000299681415,0.000527771772,-0.0127252992
0.0899029002,-0.439262033,0.916402936,-0.0309288576,-0.0183451634,0.724606676,-0.68822382,-0.113839999,0.0544221178,0.193952411,0.434509248,-0.306218266,0.110071637,-0.0740432739,-0.162639052,-0.389245689,0.364520013,-0.0982671455,0.083038941,-0.0350255296,-0.0217333566,-0.0748609826,-0.0220827349,0.312150061,-0.398337543,1.2076987,0.000358418329,0.00210795878,-0.000400470191,0.00376408454,-0.397854328,0.57774961,1.0225693,0.000159019168,0.000297211169,-0.0130479028
0.0938400328,-0.440985382,0.91407454,-0.0255017339,-0.0234743283,0.712109683,-0.701212105,-0.104769588,0.0535623133,0.173300952,0.435260504,-0.330112606,0.12143366,-0.113390498,-0.166091248,-0.382680744,0.453012437,-0.0898128152,0.0749383792,-0.0495268442,-0.00623897649,-0.0731053874,-0.0253590923,0.313700646,-0.410180241,1.20527315,0.000365076296,0.0019426794,-0.000408103399,-0.00133880076,-0.405288905,0.57832706,1.0140444,1.43674997e-05,6.65490006e-05,-0.0133619541
0.0976384208,-0.443499029,0.912720442,-0.0195069867,-0.0291870537,0.69792526,-0.715309671,-0.096927844,0.0538876057,0.148407236,0.434587002,-0.356473327,0.135098726,-0.179789126,-0.169723123,-0.368325591,0.582159638,-0.0710182041,0.0715222359,-0.0691806227,0.0116185099,-0.0682315379,-0.030831987,0.317260623,-0.427478701,1.20203626,0.000372232083,0.00175840233,-0.000410858309,-0.00469517475,-0.414469838,0.583533704,1.00077343,-0.000162577286,-0.000187822516,-0.0136310626
0.101304516,-0.446323097,0.911639333,-0.0133855378,-0.0350295696,0.683112359,-0.72934989,-0.0901557505,0.0554497875,0.123271935,0.433486342,-0.381704569,0.148155943,-0.253886342,-0.172672719,-0.350905061,0.720390737,-0.0514244623,0.0699680895,-0.0904701352,0.0298828818,-0.0626458824,-0.0366905443,0.321584076,-0.447009474,1.19823444,0.000380401703,0.00155855017,-0.000412209076,-0.00719605386,-0.424230158,0.59080857,0.984775186,-0.000358142366,-0.000458132068,-0.0138815679
0.104705274,-0.449767619,0.911104381,-0.00702343145,-0.0411399757,0.667352447,-0.743571708,-0.085524559,0.0594856627,0.0976585224,0.431531399,-0.404671431,0.159994677,-0.343367308,-0.17425698,-0.327356875,0.876763284,-0.0302362628,0.0721386075,-0.115027122,0.0489573963,-0.0556376316,-0.043319311,0.327433854,-0.471001357,1.19330359,0.000390597532,0.0013275852,-0.000410750916,-0.00798525941,-0.435147464,0.602218747,0.963325083,-0.00059091195,-0.000760265917,-0.0140948091
0.107554302,-0.453923106,0.9111287,-0.000524376315,-0.047702587,0.651505267,-0.757142704,-0.0826772749,0.0678321421,0.0733591616,0.428652406,-0.421476692,0.168098837,-0.438707054,-0.172590345,-0.299444854,1.03228247,-0.0124998325,0.0793318748,-0.141005963,0.0683645904,-0.0486086011,-0.0498118699,0.334526956,-0.498607695,1.18707299,0.000405196624,0.00105142035,-0.000407415704,-0.00586186303,-0.447973341,0.617534637,0.935467482,-0.000869151438,-0.00109962747,-0.0142810196
0.110128365,-0.458435297,0.911432385,0.00604355151,-0.0544793757,0.635447743,-0.770195845,-0.0807209238,0.0783361346,0.0497093052,0.425310582,-0.435206711,0.17433849,-0.537004828,-0.169297978,-0.269342721,1.18742251,0.00351638976,0.0890383199,-0.167703569,0.0879440308,-0.0415670425,-0.0562383235,0.34224385,-0.528029442,1.18019044,0.000422001496,0.000752574881,-0.000403141108,-0.00228174101,-0.461757302,0.634807765,0.904398024,-0.00117020751,-0.00145770377,-0.0144537715
0.111402124,-0.464142174,0.913083792,0.0126637757,-0.0623650366,0.620596067,-0.781543827,-0.0796014667,0.0970039517,0.0297861136,0.419644773,-0.434373081,0.173345312,-0.626188636,-0.158727109,-0.239555523,1.31163633,0.0121327555,0.1069896,-0.193497613,0.108030781,-0.0363106802,-0.0616951957,0.351300031,-0.559075892,1.17139888,0.000448217266,0.000388654793,-0.000398805802,0.00827106182,-0.481371194,0.655112207,0.864417315,-0.00152698089,-0.00185339362,-0.0146364998
0.112238482,-0.47033143,0.915406704,0.0191937895,-0.0704608958,0.606103855,-0.792025869,-0.078221485,0.117880046,0.0114116566,0.412211657,-0.426297665,0.169360816,-0.707711339,-0.146345988,-0.212298498,1.41982329,0.0193075091,0.126261771,-0.218617633,0.128159195,-0.0318668075,-0.0668216646,0.360839635,-0.589182079,1.16162491,0.000476491579,1.29394975e-05,-0.000395584793,0.021771742,-0.504302859,0.674965143,0.821453094,-0.00189025095,-0.00224999059,-0.0148461265
0.112199828,-0.477483541,0.919071555,0.0255452647,-0.0790031677,0.592655104,-0.801165318,-0.0763208419,0.143166333,-0.0038597146,0.401246309,-0.403741062,0.15939489,-0.7738868,-0.130348176,-0.190110087,1.49592328,0.0235968418,0.14816986,-0.242381871,0.148364767,-0.0290492568,-0.0712857544,0.371343255,-0.61739856,1.14988935,0.000508874306,-0.000386251515,-0.000394593313,0.0411640555,-0.533863187,0.693909287,0.772534728,-0.00226640375,-0.00264828093,-0.0151094925
0.111617818,-0.485632837,0.924064398,0.031201415,-0.086974383,0.580341284,-0.809114283,-0.0727566928,0.169002816,-0.0160883088,0.38494432,-0.362586141,0.142313898,-0.820707202,-0.115665749,-0.174792975,1.53800416,0.0285864323,0.168095171,-0.264812917,0.167050183,-0.0280221105,-0.0753554404,0.383612931,-0.642424464,1.13415182,0.000537946878,-0.000788807403,-0.000397585245,0.0655928999,-0.572035968,0.709145665,0.716385245,-0.00262715993,-0.00303125661,-0.0154539095
0.110764205,-0.494279474,0.929720223,0.0365046804,-0.0946481278,0.568536967,-0.816379114,-0.0683613196,0.195110425,-0.0267936476,0.365976602,-0.312138289,0.121677965,-0.857842922,-0.101643257,-0.162913829,1.56306899,0.033925388,0.187026069,-0.286573917,0.184972674,-0.0278903209,-0.0792272985,0.396763831,-0.665851176,1.11641574,0.000565359893,-0.0011929844,-0.000402568403,0.0925362781,-0.614509225,0.722525716,0.656628668,-0.00298016239,-0.00340651651,-0.0158388
0.109721377,-0.50408864,0.936151147,0.0398613927,-0.0996809334,0.558916627,-0.822245088,-0.0591378734,0.214756489,-0.0337100923,0.339124441,-0.239010364,0.0923819616,-0.865803957,-0.0964417309,-0.159252346,1.53768528,0.0459906906,0.199199378,-0.305450082,0.196757227,-0.0311890207,-0.0836762041,0.415553927,-0.686899602,1.08779681,0.000575872313,-0.00161219493,-0.000414179871,0.122197241,-0.670925379,0.728818059,0.583170116,-0.00327314343,-0.00375844981,-0.0162919275
0.108688056,-0.514182866,0.942229271,0.0424205911,-0.103397695,0.550045894,-0.827622453,-0.0477236137,0.231055826,-0.0396136604,0.31047371,-0.16500704,0.0621102266,-0.864060104,-0.0949559957,-0.157179192,1.4941839,0.0616048276,0.209413439,-0.322850525,0.20540154,-0.0358473361,-0.0895600766,0.437904686,-0.708845019,1.05396664,0.000578876177,-0.00205159024,-0.000427689345,0.150636435,-0.732351899,0.733298838,0.504480124,-0.00353637221,-0.00410820497,-0.016719453
0.107673489,-0.524849236,0.947602987,0.0433942658,-0.104505617,0.542796948,-0.832206097,-0.0319265164,0.240666777,-0.0434931926,0.278220862,-0.0892383754,0.0298813749,-0.842910886,-0.100899652,-0.158281565,1.41444778,0.0843180045,0.215712085,-0.337303787,0.207768738,-0.0432251357,-0.0983143374,0.467379481,-0.73258841,1.00970984,0.000566867355,-0.00253143394,-0.000444996404,0.176638499,-0.803809524,0.734158397,0.415313989,-0.00374016678,-0.00445367629,-0.0170958769
0.106323883,-0.535820723,0.951472878,0.0427626359,-0.102393103,0.537015303,-0.836242533,-0.0121889906,0.244253725,-0.0459919907,0.24568747,-0.0268298388,-0.000717570074,-0.803232372,-0.113585785,-0.160209626,1.29966438,0.113220312,0.219781876,-0.348316699,0.202015549,-0.0527812093,-0.115353644,0.50761652,-0.761276722,0.953697085,0.000541187124,-0.00305940048,-0.000466835627,0.196369976,-0.886704564,0.733049929,0.317649037,-0.00387974968,-0.00480472203,-0.0173319317
0.104806662,-0.546944201,0.954590201,0.0413271925,-0.0986676792,0.531956721,-0.83998738,0.00951823872,0.244827494,-0.0478001572,0.213016048,0.028891718,-0.030499354,-0.754288554,-0.129643485,-0.162550181,1.1673584,0.145216167,0.222736761,-0.357608229,0.192200601,-0.0634261817,-0.136537403,0.553235114,-0.792437315,0.891807139,0.000508670753,-0.00361140515,-0.000490941107,0.212963387,-0.975316644,0.730957091,0.215738848,-0.00398720894,-0.00515853707,-0.017497763
0.101853028,-0.557500184,0.955437064,0.0376894397,-0.0896812597,0.528381761,-0.843415374,0.0340856649,0.238218158,-0.0489306226,0.186404735,0.0544363856,-0.0546843894,-0.688052416,-0.151902676,-0.161797702,1.00502121,0.178592443,0.223968506,-0.362029791,0.167966172,-0.075474523,-0.180963755,0.617431104,-0.833989978,0.81432426,0.000465393881,-0.0041720178,-0.000525300857,0.215425447,-1.08111918,0.726713181,0.110797018,-0.00402044831,-0.00550303515,-0.0174118467
0.0982190445,-0.567521572,0.955695331,0.0335873335,-0.0793933213,0.524885545,-0.846796171,0.0585083775,0.230082229,-0.0503373444,0.163080305,0.0712293684,-0.0763159916,-0.622047603,-0.174195498,-0.158491522,0.84623003,0.208972335,0.224878818,-0.365069449,0.139355138,-0.0876912996,-0.235610694,0.686377287,-0.878985465,0.733888388,0.000423101708,-0.00470803585,-0.000562202767,0.212202221,-1.19035888,0.721288919,0.00885402039,-0.0040338533,-0.00581961684,-0.0172466878
0.0932245851,-0.576473951,0.954776585,0.0285595762,-0.0665097863,0.521576369,-0.850128749,0.0826417133,0.218893528,-0.0522964895,0.146328717,0.0705216378,-0.0928414911,-0.556505561,-0.196555614,-0.150078639,0.694529772,0.233360365,0.225146338,-0.365345746,0.10199219,-0.10024488,-0.310695708,0.764822423,-0.930865407,0.647547483,0.000382778584,-0.00519487355,-0.000604188011,0.19761014,-1.3064723,0.713504672,-0.0870922133,-0.00400759652,-0.00608037226,-0.0169230588
0.0869364589,-0.584598899,0.952748895,0.0235515368,-0.0533525158,0.517751953,-0.853540714,0.10508737,0.208233297,-0.0557860732,0.135930374,0.0585362315,-0.103905186,-0.500500381,-0.214967281,-0.134934679,0.573681712,0.246219411,0.224907637,-0.363073349,0.060010124,-0.113701552,-0.404809773,0.844139636,-0.986192644,0.563218474,0.000351418799,-0.00561338477,-0.000641605584,0.173236057,-1.41940212,0.702280641,-0.170664817,-0.00391870365,-0.00620846171,-0.0164261162
0.0800016373,-0.592309594,0.950166702,0.0185514288,-0.0400543381,0.513607884,-0.856888812,0.126687571,0.19783847,-0.0600410514,0.12871021,0.0409114249,-0.11223653,-0.449268758,-0.231402621,-0.116424911,0.468272954,0.253310442,0.224415615,-0.359526306,0.015720509,-0.127609387,-0.508436084,0.923887372,-1.04324043,0.479901493,0.000324544497,-0.00599770155,-0.000676734373,0.143971086,-1.53073204,0.689336598,-0.248043329,-0.00379847572,-0.00627016835,-0.0158424918
0.0717893094,-0.600262046,0.945780754,0.0147373129,-0.0298760295,0.508240019,-0.860570925,0.14448081,0.193688065,-0.0670253858,0.128608346,0.0174276773,-0.114482522,-0.415189028,-0.238490999,-0.0909681469,0.416877836,0.238236487,0.22237505,-0.352732182,-0.0274986289,-0.144115403,-0.627514422,0.987921953,-1.09502888,0.412623793,0.000315036799,-0.00632222183,-0.000684528262,0.108630106,-1.61959672,0.670822024,-0.301733255,-0.00350293284,-0.00597618334,-0.0148619339
0.0634245202,-0.608477473,0.940985322,0.0113388535,-0.0210757802,0.502449065,-0.864275523,0.160519242,0.192043185,-0.0742310435,0.130477294,-0.00455829222,-0.115603104,-0.385550857,-0.24277173,-0.0660379007,0.37822032,0.215652078,0.219249725,-0.345467836,-0.0686134472,-0.161144942,-0.745475411,1.04322672,-1.14122057,0.352874815,0.000310784992,-0.00664831791,-0.000678387354,0.0740465,-1.69744623,0.650370419,-0.347607315,-0.00313009461,-0.00550956372,-0.0136927068
0.0547590628,-0.617214918,0.935373127,0.00877685171,-0.0150433796,0.495917225,-0.868195122,0.173039556,0.195410699,-0.0818757489,0.136287317,-0.0235372186,-0.114472039,-0.364811778,-0.24143444,-0.0421734899,0.3650603,0.178056777,0.213956222,-0.337266594,-0.105498299,-0.179213047,-0.861141503,1.08104229,-1.17619431,0.308215201,0.000317048311,-0.00697740167,-0.0006443772,0.0409953967,-1.75322318,0.626054883,-0.377824605,-0.00260283938,-0.00469787745,-0.0121466946
0.0461853445,-0.625840306,0.929849029,0.00642334658,-0.0104989231,0.489215842,-0.872075899,0.181222826,0.201311648,-0.0874616057,0.148537934,-0.0369341634,-0.111764178,-0.349676907,-0.237626895,-0.0242610388,0.36655885,0.12966086,0.205606222,-0.328535438,-0.138217777,-0.195316017,-0.962283015,1.10134351,-1.19448495,0.276767313,0.000330187555,-0.00732231606,-0.000584782276,0.0124021787,-1.78732371,0.596928239,-0.395511389,-0.00198201323,-0.00360790826,-0.0103181107
0.0376588032,-0.634408355,0.924369991,0.00417434781,-0.00669900395,0.482414704,-0.875907388,0.187236294,0.208478391,-0.0920171887,0.164006963,-0.0475380719,-0.108268328,-0.337346405,-0.232584804,-0.0093272971,0.375386387,0.0758720115,0.195729241,-0.31954065,-0.168849573,-0.21043396,-1.05614674,1.11288452,-1.20443118,0.251930088,0.00034676271,-0.0076750936,-0.000512404193,-0.0139577379,-1.81058085,0.565400481,-0.406930208,-0.00131449616,-0.00237896433,-0.00834852085
0.0293454099,-0.641872942,0.920250654,0.000895000575,-0.00208217112,0.476743752,-0.879039395,0.185262784,0.213668674,-0.0895577371,0.199581653,-0.0525089093,-0.101602063,-0.328964412,-0.229409859,-0.00409841025,0.397797108,0.0161355697,0.181338608,-0.30637455,-0.197277516,-0.217401505,-1.11558735,1.10210061,-1.18356967,0.238727093,0.000368583831,-0.00801255554,-0.000423614663,-0.0309025347,-1.80627847,0.521315932,-0.404432476,-0.000730834319,-0.001240841,-0.00650839228
0.0208868217,-0.649196506,0.916719854,-0.00304225475,0.00336266906,0.471650708,-0.881773807,0.17907095,0.216796905,-0.0838378891,0.246310532,-0.0569958016,-0.0934800953,-0.320812851,-0.227661639,-0.00113570516,0.422225773,-0.0424926132,0.165727884,-0.290378571,-0.225524023,-0.220680416,-1.16247261,1.08501732,-1.15089536,0.226346076,0.000393227616,-0.00832615234,-0.000334261509,-0.0438522696,-1.79238939,0.469295382,-0.39794755,-0.000221105976,-0.000309269235,-0.00482691312
0.0121395318,-0.656236649,0.914366961,-0.00829422941,0.010461946,0.46774301,-0.883763673,0.164442897,0.215800062,-0.0715977028,0.315340519,-0.0605137907,-0.0824480951,-0.313123912,-0.228767544,-0.00270642783,0.450685829,-0.09889213,0.14767991,-0.268725485,-0.253401875,-0.216580644,-1.18423498,1.05533767,-1.09459949,0.215611622,0.000423512363,-0.00859195273,-0.000243799281,-0.0488084368,-1.75932741,0.401411742,-0.383488774,0.000140636694,0.000208967977,-0.00346310623
0.00239425967,-0.664237738,0.912908196,-0.0147806399,0.0183102275,0.464468993,-0.885276693,0.13690649,0.208597034,-0.0545402318,0.411023915,-0.0648808479,-0.0695184842,-0.305810392,-0.231477156,-0.0074327793,0.477582872,-0.148513108,0.127873644,-0.241388708,-0.277715147,-0.204605043,-1.18265772,1.01621222,-1.01655066,0.201688409,0.000467576785,-0.0087839663,-0.000144850943,-0.0454328023,-1.7032907,0.311833262,-0.363223612,0.000381383405,0.000211130449,-0.00226992229
-0.0078529045,-0.672721624,0.91189599,-0.0218847178,0.0265335819,0.461476243,-0.886485592,0.1029085,0.198289141,-0.0350692719,0.520061195,-0.0696737096,-0.0556362718,-0.298682302,-0.234989315,-0.013738147,0.503706813,-0.194760501,0.107182331,-0.211202234,-0.300253868,-0.188688457,-1.1694119,0.972352684,-0.927603185,0.186166823,0.000518543413,-0.00893915258,-4.1629999e-05,-0.0378908738,-1.63575149,0.211381689,-0.340049535,0.000561714813,-4.47044004e-05,-0.00116167194
-0.0196808334,-0.68348074,0.911378026,-0.0295307086,0.0326861206,0.457731619,-0.887998491,0.0490843765,0.175887138,-0.0166493244,0.658555448,-0.0756658688,-0.0437816679,-0.294527292,-0.237322465,-0.0243770741,0.523572206,-0.22808595,0.0853723586,-0.177626029,-0.311609715,-0.164090946,-1.12530684,0.92118305,-0.82189405,0.166136235,0.000594541896,-0.00896734558,8.60640357e-05,-0.0224857591,-1.53569818,0.0907504186,-0.315487742,0.000648974616,-0.000865552458,-0.000142385397
-0.0314909481,-0.694626153,0.910681725,-0.0366800875,0.0374114254,0.453244226,-0.889845283,-0.00748982467,0.1495938,-0.000242863083,0.797323346,-0.0813823566,-0.0336557999,-0.292139232,-0.238381416,-0.0367573202,0.542432785,-0.258315027,0.0636372343,-0.145482361,-0.318652481,-0.139353707,-1.0742743,0.870599508,-0.719224095,0.148001462,0.000671455287,-0.00894771703,0.000215279259,-0.00775460154,-1.43013787,-0.0246255063,-0.291109025,0.000720117183,-0.00173397351,0.000773164327
-0.0432678387,-0.706546247,0.909629107,-0.0428412091,0.0392878333,0.447331835,-0.892477073,-0.0695742965,0.115514383,0.0121409902,0.936666489,-0.0865487829,-0.0269844588,-0.293283761,-0.23689276,-0.0526218489,0.559288263,-0.282359183,0.042047359,-0.116196461,-0.31707269,-0.11433205,-1.00937986,0.821177423,-0.622610033,0.133653641,0.000750213687,-0.00883246399,0.000347562367,0.00563197909,-1.31354535,-0.1295169,-0.267091364,0.000759048038,-0.00269769318,0.00148147938
-0.0538741425,-0.717871666,0.907537818,-0.0469109217,0.0378807184,0.439737154,-0.896100247,-0.125321776,0.0783575028,0.0235745069,1.05476749,-0.0915305763,-0.0224400498,-0.298950583,-0.231786519,-0.0737346262,0.577881336,-0.304622173,0.0212306287,-0.0939853787,-0.306513429,-0.0941112339,-0.942931056,0.778413713,-0.548360825,0.134055704,0.000807454344,-0.0085982047,0.000456091657,0.0103286784,-1.20158255,-0.203177571,-0.234333754,0.000769110629,-0.00348618347,0.00191600597
-0.0638935342,-0.728897989,0.904927492,-0.0499312726,0.0348297914,0.431276081,-0.900163705,-0.177892268,0.0396675579,0.034531109,1.1622293,-0.0964192823,-0.0189597998,-0.306877732,-0.224872261,-0.0974683091,0.597340405,-0.325991184,0.000803649076,-0.0753150806,-0.291466087,-0.0762939304,-0.875715435,0.738985658,-0.485305279,0.141832635,0.000853927399,-0.00830447767,0.000552727492,0.0106797209,-1.09195185,-0.261211634,-0.197211146,0.000764737488,-0.00418693852,0.00221357215
-0.0718459636,-0.737229645,0.900490403,-0.0488359569,0.026890625,0.420400243,-0.905624414,-0.209465995,0.00912159681,0.0544829555,1.22171736,-0.107323423,-0.0128881037,-0.321081668,-0.212169111,-0.133682847,0.619679391,-0.345377922,-0.0160158668,-0.0700499117,-0.262079,-0.0666466579,-0.825741172,0.707429588,-0.469639003,0.193547964,0.000848529395,-0.00779095897,0.000588173571,-0.0143106431,-1.00695038,-0.263627142,-0.121604726,0.000695338123,-0.00443866756,0.00228930102
-0.0792411566,-0.744437218,0.895701706,-0.0460239051,0.0175785575,0.408605779,-0.911380333,-0.234165207,-0.0150301661,0.0796168596,1.26761127,-0.123511881,-0.00346991466,-0.336379707,-0.198274016,-0.174521744,0.641273379,-0.362176806,-0.030635871,-0.0697734356,-0.228498563,-0.0582601428,-0.785656214,0.67288667,-0.471735209,0.265908599,0.000824589457,-0.00721317623,0.000602717511,-0.0527018085,-0.930763423,-0.245983988,-0.0262285955,0.000597552105,-0.00455674576,0.00235776766
-0.0855210871,-0.74939692,0.890211344,-0.0397863597,0.00553014248,0.395016298,-0.917795504,-0.245119467,-0.0263970736,0.115102932,1.28632534,-0.150258705,0.0126349181,-0.353861511,-0.181999445,-0.22459501,0.661374032,-0.37379995,-0.0408567861,-0.0794678032,-0.186543792,-0.0523951948,-0.765345037,0.632380903,-0.509332478,0.379517794,0.000763594988,-0.00650706934,0.000575481681,-0.117869049,-0.87220943,-0.188253686,0.108641401,0.000443050056,-0.00440767547,0.00241170498
-0.0906240195,-0.752608418,0.884637594,-0.0303317632,-0.00821677191,0.379606113,-0.924614335,-0.247122705,-0.0230646469,0.156887859,1.28920591,-0.189393982,0.0372732319,-0.372219771,-0.166203335,-0.277338505,0.678181171,-0.378708035,-0.0471652001,-0.0997413993,-0.139853418,-0.0454163775,-0.766621351,0.574329734,-0.579115391,0.52419436,0.000675768824,-0.00579031231,0.000517541717,-0.21374473,-0.822723925,-0.0886195824,0.276347756,0.000242835376,-0.00413525105,0.00252160779
-0.0951375887,-0.754945159,0.879022539,-0.019258988,-0.0228052537,0.363136392,-0.931257737,-0.244648874,-0.0123797907,0.201818004,1.28416729,-0.234721243,0.0661770478,-0.391014516,-0.150648504,-0.331410795,0.693339348,-0.380256802,-0.0515161492,-0.125304654,-0.0907996967,-0.0378807783,-0.778696239,0.507507324,-0.664989293,0.684391916,0.000574533129,-0.00506832404,0.000444251375,-0.324970812,-0.777778625,0.0319644772,0.460458189,1.97766294e-05,-0.00380117283,0.00265949755
-0.0974562615,-0.756070137,0.873952568,-0.00674512013,-0.0373647278,0.345257746,-0.937739553,-0.237959802,0.0140664876,0.240708873,1.27264524,-0.284622192,0.0990556702,-0.410472423,-0.138995588,-0.372851372,0.705554724,-0.376123726,-0.0541396923,-0.161045417,-0.0433896892,-0.0260188207,-0.818536997,0.415699303,-0.769745946,0.83411634,0.000474177301,-0.00454733148,0.000360411737,-0.463969469,-0.731271744,0.191130444,0.641170681,-0.000237483837,-0.00353445206,0.00289255287
-0.0991361067,-0.757103801,0.869275808,0.00491920251,-0.0507533224,0.327668875,-0.943415608,-0.233338565,0.0416797847,0.274096936,1.26516569,-0.329542041,0.128997311,-0.429054916,-0.12850067,-0.40725404,0.717168927,-0.371825874,-0.0576779954,-0.195886582,0.000100221485,-0.0137815792,-0.864677548,0.322207868,-0.867528319,0.963380218,0.000385077437,-0.00410625199,0.000284635433,-0.60122031,-0.682381809,0.348307848,0.802306831,-0.000498935406,-0.00332185207,0.00312424172
-0.0995384455,-0.757954955,0.865385413,0.014872303,-0.0618254013,0.310968712,-0.948290512,-0.232852325,0.0716267675,0.296481103,1.26576972,-0.364501148,0.15306589,-0.44588688,-0.120321363,-0.427583218,0.727581024,-0.367198378,-0.0630455241,-0.228928864,0.0357511416,-0.000793884043,-0.92341572,0.225350112,-0.951364398,1.05172932,0.000318486156,-0.00382497278,0.000224983276,-0.734975815,-0.628726363,0.501508653,0.924296021,-0.000768767844,-0.00321747782,0.00335319922
-0.099384129,-0.758766294,0.862580001,0.0220708621,-0.0691234031,0.297053636,-0.952099769,-0.242470801,0.0972617567,0.308510542,1.28540325,-0.385664701,0.16853559,-0.458081901,-0.112723216,-0.435780466,0.735693216,-0.362883866,-0.0718488097,-0.253552467,0.0596934594,0.0087971231,-0.989766359,0.139801994,-1.01074064,1.09925103,0.000270442251,-0.00359671633,0.000185390876,-0.852664232,-0.572914898,0.632457733,1.00126016,-0.00102133956,-0.00318458211,0.00349080795
-0.0989514738,-0.759557605,0.860317349,0.0278891137,-0.0745302907,0.284530649,-0.955358437,-0.257143676,0.120738246,0.315360248,1.31455517,-0.399927139,0.179703593,-0.467956841,-0.105415992,-0.437909365,0.742654443,-0.358725846,-0.0823699832,-0.273963571,0.0777779967,0.016688345,-1.05992091,0.0599165373,-1.05788004,1.12635124,0.000231675993,-0.00339497696,0.00015583291,-0.962310255,-0.516028762,0.752269804,1.05570149,-0.00126525923,-0.00318743475,0.00358270947
-0.0988375172,-0.760513425,0.85970819,0.0299360558,-0.0747746042,0.277472454,-0.957351361,-0.291653663,0.1344603,0.310497046,1.37809086,-0.399003088,0.180758923,-0.470326304,-0.0973798186,-0.426253259,0.744877398,-0.352692097,-0.0957044065,-0.280219436,0.079486154,0.0169071928,-1.1378597,0.00875043776,-1.07986116,1.1241703,0.000198229856,-0.003108365,0.000141304074,-1.05257547,-0.463472843,0.840673149,1.06859303,-0.00142765557,-0.00322489813,0.00346312672
-0.0990098193,-0.761769176,0.859613419,0.0308213679,-0.073920695,0.271968092,-0.958967743,-0.332527131,0.14484705,0.301941663,1.45002544,-0.394626111,0.179617688,-0.470864505,-0.089559719,-0.410658985,0.745473802,-0.345628977,-0.108086154,-0.282752037,0.0766453594,0.0151658487,-1.21661663,-0.0332491063,-1.09922564,1.12086594,0.000163672506,-0.00280089281,0.000127936233,-1.14033842,-0.41510132,0.923453569,1.07521009,-0.0015558789,-0.00325993495,0.00327392668
-0.0997546986,-0.763624251,0.860547543,0.0293850949,-0.0708766,0.269598134,-0.959911386,-0.386113584,0.148557633,0.286003977,1.53873158,-0.383343726,0.174082875,-0.467739165,-0.0821750462,-0.387193203,0.742816031,-0.336509496,-0.11855714,-0.277835697,0.0647059828,0.00950403046,-1.296978,-0.0568947196,-1.11334825,1.11531615,0.00012690635,-0.00245181657,0.000116896343,-1.22305965,-0.375119865,0.994952142,1.06927276,-0.00161568937,-0.00329010305,0.00294553954
-0.100819826,-0.766578376,0.862491488,0.0252255626,-0.0669404308,0.269413785,-0.960363922,-0.447331399,0.145464242,0.264727265,1.6319164,-0.367927372,0.166168064,-0.46203959,-0.0772365853,-0.35857892,0.736379027,-0.326642215,-0.12491218,-0.268629223,0.0446664654,0.00155854947,-1.37200093,-0.0678000748,-1.13007569,1.11342251,9.13477561e-05,-0.00216806098,0.000106403764,-1.30315495,-0.347114533,1.06141484,1.05702746,-0.00161721895,-0.00330550596,0.00252322317
-0.10204497,-0.770081639,0.864940047,0.019704442,-0.0625562712,0.270311971,-0.960536249,-0.512359858,0.138970777,0.240783498,1.72733462,-0.350445867,0.157064274,-0.455053836,-0.0735208616,-0.327393204,0.728053689,-0.31640172,-0.129209965,-0.257279277,0.0205799565,-0.00752777746,-1.44435203,-0.0723379776,-1.14810419,1.11335599,5.63944595e-05,-0.00191696349,9.6185242e-05,-1.38193393,-0.325095654,1.12535751,1.04163051,-0.00158962281,-0.00331352907,0.0020539877
-0.102863789,-0.774970412,0.86877954,0.00980923333,-0.058155213,0.273442122,-0.960078724,-0.574788451,0.123283729,0.216419101,1.81086135,-0.332139492,0.146548867,-0.445141792,-0.074927941,-0.294014752,0.711411893,-0.306608647,-0.127159506,-0.24532783,-0.0121222502,-0.0190510154,-1.49831951,-0.0642221645,-1.17255068,1.11643469,2.85840124e-05,-0.00183477858,8.6005195e-05,-1.44969606,-0.319080532,1.17901039,1.01998615,-0.0014964072,-0.00330166332,0.00153709413
-0.103340708,-0.779807329,0.87299186,-0.000995774226,-0.0538148959,0.277044696,-0.959348321,-0.631781757,0.105883837,0.193277717,1.88545454,-0.31442225,0.136071876,-0.434233516,-0.0777744055,-0.260339469,0.691242218,-0.295901567,-0.122717202,-0.234351397,-0.0455538742,-0.0312496517,-1.54456615,-0.0529276356,-1.19614041,1.11805558,3.51802191e-06,-0.00178860489,7.5728567e-05,-1.51028812,-0.316453844,1.22619081,0.996694922,-0.00139017589,-0.00328113697,0.00102828932
-0.103133947,-0.784540296,0.877949953,-0.0136166744,-0.0496015091,0.281612828,-0.95814847,-0.677905321,0.0850600749,0.172582448,1.94218338,-0.297883451,0.125672013,-0.421333402,-0.0834985971,-0.22607097,0.664018512,-0.283366382,-0.113492444,-0.225325122,-0.0804425851,-0.0447985865,-1.57537544,-0.0352782644,-1.21801567,1.11675954,-1.60605123e-05,-0.00181441929,6.52587623e-05,-1.55654216,-0.320600659,1.26042807,0.970111191,-0.00125792634,-0.00324329315,0.000535671366
-0.10199739,-0.788052857,0.883468807,-0.0260501782,-0.0452959758,0.286867468,-0.956544154,-0.708748341,0.064712666,0.152901843,1.97440982,-0.282667339,0.116051659,-0.40591228,-0.0909588635,-0.189926639,0.630262911,-0.263962686,-0.0978416577,-0.217896283,-0.112254903,-0.0587562025,-1.59042478,-0.0137318783,-1.22901142,1.10430074,-3.04504592e-05,-0.00185986538,5.65043338e-05,-1.58538294,-0.327949524,1.27758598,0.939872026,-0.00111910014,-0.00317028794,9.62870981e-05
-0.100395709,-0.790955603,0.889268994,-0.038387666,-0.0409393706,0.292435695,-0.954636957,-0.731955588,0.0446006581,0.133725345,1.99438918,-0.268110305,0.1068196,-0.389228135,-0.0992881879,-0.152838826,0.593236387,-0.241121098,-0.078975305,-0.211264774,-0.142533407,-0.0729200691,-1.59759605,0.00976610649,-1.23456788,1.0862565,-4.22483754e-05,-0.00191513053,4.86067584e-05,-1.60552132,-0.336900085,1.2862066,0.907800138,-0.00097696553,-0.00307968678,-0.000316541002
-0.0969822928,-0.791209638,0.895659804,-0.0481824016,-0.0362498982,0.299610434,-0.952154393,-0.73014915,0.0283778571,0.113578461,1.96949553,-0.256425381,0.0987261087,-0.3679097,-0.108926937,-0.112722553,0.547827721,-0.201787561,-0.0488038436,-0.204774499,-0.163504273,-0.0855232924,-1.57837367,0.037211556,-1.21299815,1.03188527,-4.6941208e-05,-0.00196566293,4.82073956e-05,-1.59952939,-0.34576267,1.26466727,0.865439415,-0.00083630404,-0.00288850232,-0.000586790673
-0.0929658487,-0.790481091,0.902087629,-0.0569125208,-0.0314487618,0.307752003,-0.949242143,-0.718384087,0.0132172238,0.0932170972,1.92580056,-0.245867953,0.0907355174,-0.344878942,-0.118656844,-0.0725883543,0.499674201,-0.157577753,-0.0154335573,-0.197784081,-0.181001723,-0.0969302952,-1.5485158,0.0666851476,-1.18066025,0.95984298,-4.98749287e-05,-0.00201817509,5.10974714e-05,-1.58370304,-0.353366733,1.23103857,0.81634897,-0.00069402298,-0.00265160669,-0.000789795595
-0.0877452716,-0.787787318,0.908586502,-0.0635153687,-0.0264337444,0.317872825,-0.945634137,-0.686705649,0.000188847771,0.0724371001,1.84452152,-0.237571135,0.0829548389,-0.318434954,-0.128564119,-0.0324387252,0.446054876,-0.103636965,0.0243180394,-0.189796805,-0.19154273,-0.105938785,-1.49740028,0.10020043,-1.12679994,0.852491319,-4.92885738e-05,-0.00207462022,6.05656278e-05,-1.5482136,-0.358449727,1.17324567,0.753822625,-0.000548575073,-0.00232339883,-0.000858194078
-0.0819648504,-0.783253253,0.914494753,-0.0679459494,-0.021673783,0.330465338,-0.941119682,-0.632533669,-0.0102799758,0.050691165,1.72126186,-0.231408983,0.0748396516,-0.29040736,-0.136958584,0.00398403313,0.389095187,-0.0472859293,0.0666012764,-0.180293262,-0.195700154,-0.111606926,-1.42621589,0.136870265,-1.05441236,0.714028418,-4.744744e-05,-0.00215660199,7.3932868e-05,-1.49158144,-0.359308302,1.09119427,0.671931624,-0.000408190361,-0.00194219383,-0.000789214624
-0.0759053826,-0.777799726,0.920106888,-0.0712793712,-0.0170393871,0.344242397,-0.93601607,-0.567123115,-0.0194674265,0.0284655858,1.57703066,-0.226315126,0.066558443,-0.261592329,-0.14459537,0.0385377966,0.330474049,0.0102616213,0.11014387,-0.170033008,-0.196665168,-0.115604036,-1.34500802,0.175111786,-0.972772419,0.560030937,-4.49791987e-05,-0.00225133961,8.92476019e-05,-1.4243865,-0.358054549,0.997026324,0.580370903,-0.000270358694,-0.00153454859,-0.000651556824
-0.0702740252,-0.770620942,0.923796415,-0.0705090505,-0.014126316,0.360955728,-0.929806369,-0.475566208,-0.0202548485,-0.000111204572,1.38346148,-0.22441414,0.0566606633,-0.237282872,-0.145438701,0.0617787987,0.275260985,0.058820419,0.149433598,-0.158210903,-0.186589316,-0.113836102,-1.24730015,0.208200336,-0.879227042,0.393537641,-4.49818399e-05,-0.00241622562,0.00010309639,-1.33581352,-0.34734416,0.881916642,0.466552317,-0.000175472698,-0.00119952345,-0.000411415298
-0.0649432838,-0.763184607,0.926769257,-0.067940333,-0.0120807273,0.377942747,-0.923253729,-0.381525606,-0.0169968121,-0.0313966945,1.18531668,-0.223499343,0.0459706746,-0.216308281,-0.14306125,0.0805366859,0.224102244,0.102921195,0.185054153,-0.146802798,-0.171736106,-0.110014409,-1.14951718,0.236409307,-0.789149106,0.237321958,-4.6993202e-05,-0.00260896259,0.000115645926,-1.24653792,-0.332889825,0.769663453,0.355207562,-9.83654318e-05,-0.000923416694,-0.00018784673
-0.0602125451,-0.755231798,0.928309321,-0.0617960804,-0.0117739413,0.395574785,-0.916276819,-0.28249976,-0.00564925745,-0.0681045726,0.977982819,-0.224556252,0.0336944908,-0.201997578,-0.134243384,0.0903344303,0.181039661,0.138117164,0.213345498,-0.136220187,-0.147327587,-0.102085456,-1.05156446,0.254867345,-0.705985904,0.101624519,-5.30213947e-05,-0.00285742735,0.000125600185,-1.15583956,-0.310946494,0.663098931,0.248786613,-5.67909665e-05,-0.000765060307,2.62984395e-06
-0.055848144,-0.746671677,0.928696156,-0.0526011186,-0.0133488972,0.412356653,-0.909404706,-0.192596644,0.0115045356,-0.104214981,0.789981127,-0.227161288,0.0215042345,-0.195124879,-0.121150911,0.0923443139,0.149289146,0.166669562,0.233077988,-0.128282905,-0.115073413,-0.0910153687,-0.959792852,0.263744622,-0.641781449,0.00506887957,-6.30279246e-05,-0.00313164294,0.000133656446,-1.07274711,-0.283382773,0.58022368,0.169256479,-3.64709631e-05,-0.000722086639,0.000125952865
-0.051667586,-0.73780936,0.928506255,-0.041871937,-0.0158611119,0.428612541,-0.902378222,-0.107268609,0.0315588303,-0.14002113,0.611674249,-0.230539963,0.00935880188,-0.191972256,-0.105923101,0.0904599577,0.123199508,0.191895813,0.248528033,-0.121669501,-0.0789013281,-0.0783763975,-0.871125996,0.267830223,-0.587066114,-0.0719011277,-7.50221006e-05,-0.00341869239,0.000140762495,-0.993470311,-0.253012985,0.509205639,0.103183903,-2.67812993e-05,-0.000736810791,0.000215680295
-0.0475439839,-0.72738415,0.926913619,-0.0298038454,-0.0205979691,0.442473609,-0.896049418,-0.0498006418,0.0505816899,-0.162759453,0.491104901,-0.235715598,0.00256946916,-0.19996351,-0.0912828445,0.0802678764,0.115969181,0.210284114,0.254578233,-0.119461909,-0.0412431099,-0.0643878728,-0.793393672,0.263803512,-0.565585732,-0.0812850744,-8.73817771e-05,-0.00363552151,0.000143672078,-0.927056611,-0.219587296,0.482295632,0.0953056812,-3.0160767e-05,-0.000903933658,0.000267761614
-0.0433701575,-0.716412187,0.924953938,-0.0178634415,-0.0254748262,0.45578698,-0.889544917,-0.0017495905,0.067179814,-0.180034399,0.390254706,-0.241497159,-0.00138779858,-0.211990058,-0.0776457265,0.0687627196,0.116506666,0.226852536,0.259135485,-0.118449502,-0.00575810485,-0.0503704064,-0.718883514,0.258658856,-0.553174019,-0.0645765588,-9.72046546e-05,-0.00378903933,0.000144939113,-0.863708019,-0.186564192,0.468376309,0.111124128,-3.63284198e-05,-0.00111341721,0.000338272483
-0.0390946269,-0.704343736,0.922259748,-0.00619186291,-0.0306401406,0.46819327,-0.883072989,0.0274851639,0.0789342672,-0.186389446,0.328805923,-0.248492271,0.000316992373,-0.232089639,-0.0660104305,0.0546282902,0.132577538,0.239786863,0.260708839,-0.119826794,0.0253919642,-0.036290776,-0.65079391,0.251277059,-0.558893025,0.00431402959,-0.000101957725,-0.00381600112,0.000142921985,-0.806469202,-0.154336065,0.480430126,0.174333528,-4.80734743e-05,-0.001407673,0.000445658341
-0.0346986949,-0.69155544,0.919269681,0.0056101223,-0.0349560803,0.480824178,-0.876101997,0.0443975329,0.0869068578,-0.184175968,0.293609828,-0.257631034,0.00803206582,-0.262200534,-0.0545501038,0.0405626595,0.172591999,0.249293268,0.261209458,-0.123466663,0.0519843549,-0.0214069784,-0.589015961,0.242712468,-0.575688243,0.131007046,-9.8329605e-05,-0.00367809925,0.000139415424,-0.754273474,-0.125383526,0.511535108,0.28788498,-6.67119166e-05,-0.00171465357,0.000621742336
-0.0302423611,-0.678406835,0.916131616,0.017474693,-0.0388403248,0.493474749,-0.868716718,0.0551520772,0.0929897055,-0.177679837,0.271532953,-0.267841697,0.0187514499,-0.297316581,-0.0431766473,0.0265307073,0.2245754,0.257086873,0.261173964,-0.12823756,0.0763001814,-0.00612050528,-0.530389369,0.233556315,-0.598020196,0.28659597,-9.05124034e-05,-0.0034577921,0.0001351643,-0.704595566,-0.0980666429,0.552163363,0.426602989,-8.87966016e-05,-0.00202800939,0.000832170423
-0.0256491583,-0.664912462,0.913281679,0.028472993,-0.0412562444,0.506146421,-0.860989554,0.0564301088,0.0964969397,-0.163499177,0.267793715,-0.284050316,0.0380516946,-0.352391958,-0.0307659023,0.0141638424,0.327480406,0.25707832,0.259859979,-0.136728376,0.0952185467,0.00917730294,-0.481082529,0.224439323,-0.622838378,0.49470821,-7.01326644e-05,-0.0030699023,0.000130022629,-0.66176343,-0.0800866485,0.6006971,0.605967939,-0.000123261707,-0.00222635386,0.00106260297
-0.0211661216,-0.651595414,0.91065985,0.0382424398,-0.0433993745,0.518145898,-0.853333955,0.0555777997,0.0991667807,-0.148840994,0.266704381,-0.302282393,0.0592005812,-0.413917035,-0.0184866376,0.00235358346,0.447324634,0.253267109,0.257813215,-0.146086097,0.112133026,0.0232224241,-0.434717298,0.216526881,-0.644502997,0.696451068,-4.68888902e-05,-0.00268866401,0.000124092723,-0.620534539,-0.0665255412,0.644006491,0.77805531,-0.000160949887,-0.00237634941,0.00123009249
-0.0169043541,-0.638635933,0.90849483,0.0455617258,-0.045013553,0.529012291,-0.846193775,0.050464537,0.100161143,-0.133230641,0.270915687,-0.324558109,0.0840428248,-0.488330394,-0.00647286186,-0.00834095106,0.601026416,0.241850704,0.254301071,-0.157175958,0.125035897,0.0347590558,-0.394245267,0.211025357,-0.659855366,0.885413051,-1.7921162e-05,-0.00232080743,0.000116587413,-0.582520843,-0.0618058927,0.676857233,0.935551107,-0.000205077173,-0.00242960663,0.00127164903
-0.0134217264,-0.626593709,0.906860828,0.0500750995,-0.0463908693,0.538604803,-0.839788806,0.0414339304,0.09905532,-0.118683293,0.278035611,-0.346822798,0.108543463,-0.566525459,0.00529204356,-0.0180618763,0.772000492,0.224041849,0.249132603,-0.167856321,0.13416563,0.0424766615,-0.36000827,0.209283844,-0.667206407,1.03063142,1.37989537e-05,-0.00204574293,0.000106696782,-0.545804918,-0.0670371577,0.694800258,1.05484104,-0.000253163307,-0.00242189341,0.0010732417
-0.0103294253,-0.615013599,0.905492842,0.0531831475,-0.0476478279,0.547540027,-0.833727267,0.0304489043,0.0969005525,-0.104671486,0.28660658,-0.369075209,0.13286595,-0.64658618,0.0169290174,-0.0272934027,0.951551914,0.203044698,0.243138134,-0.178328842,0.14140746,0.0482838489,-0.32889685,0.209421426,-0.670557499,1.15395057,4.68845319e-05,-0.00181712292,9.56174263e-05,-0.509748697,-0.0772384852,0.705289602,1.15500641,-0.000303212699,-0.0023837206,0.000755004468
-0.00873827562,-0.604922175,0.904908895,0.0537956538,-0.0487012858,0.555980558,-0.828021637,0.0163854156,0.092962414,-0.0890667886,0.295436442,-0.38372761,0.151520029,-0.712434411,0.0299494918,-0.0366361737,1.11767626,0.181684375,0.235745609,-0.185966074,0.145307973,0.0490763411,-0.305624723,0.214179307,-0.664892793,1.21487403,8.11517893e-05,-0.001705645,8.02656286e-05,-0.470659137,-0.100048244,0.701433659,1.20393157,-0.000357722514,-0.00229962287,9.79049364e-05
-0.00751052704,-0.595165968,0.904590011,0.054005443,-0.0496891575,0.564545183,-0.822133284,0.00275118416,0.089251034,-0.0717669502,0.302716017,-0.394490838,0.16763486,-0.769376278,0.0431590751,-0.0468403697,1.26809728,0.162987769,0.228241414,-0.192905381,0.148709953,0.048543036,-0.283413619,0.219697595,-0.65688622,1.26290679,0.0001144505,-0.00160938618,6.30689319e-05,-0.429081261,-0.12502332,0.69576925,1.24223673,-0.000411487883,-0.00220616139,-0.000606101588
-0.00700927153,-0.586079657,0.904800773,0.0534154876,-0.0505505268,0.573411078,-0.815960272,-0.010023904,0.0859935433,-0.0510771275,0.306895047,-0.397477299,0.178672343,-0.808508635,0.0567466021,-0.0587673932,1.38711405,0.149618596,0.220514163,-0.198449358,0.151115507,0.0453591682,-0.26332283,0.226735771,-0.644197822,1.28517127,0.000145811893,-0.00154354156,4.21833392e-05,-0.382527232,-0.154326484,0.686490774,1.25931239,-0.000463763427,-0.00209398125,-0.0014038533
-0.00693947449,-0.577467263,0.90569675,0.0521756602,-0.0511947876,0.582505053,-0.809533605,-0.0207523108,0.083738558,-0.0278534777,0.306355208,-0.391307592,0.185036361,-0.82927978,0.0680759326,-0.0723799318,1.46736407,0.141780213,0.212646753,-0.203506976,0.152791992,0.0402830616,-0.243045151,0.23411648,-0.627213538,1.29385662,0.000171071079,-0.00147550774,1.7272383e-05,-0.332409173,-0.184268683,0.677292943,1.26374078,-0.000506677374,-0.00197320315,-0.0021737162
-0.00708531495,-0.569091201,0.906935215,0.0506074186,-0.0517269838,0.591672577,-0.802923888,-0.0304583386,0.0819845051,-0.00336224074,0.303456873,-0.380561382,0.18906489,-0.840875089,0.0782772079,-0.0868355632,1.52824259,0.136705667,0.204708919,-0.20832181,0.154104188,0.0342609622,-0.222673014,0.241668776,-0.608081341,1.29575551,0.000193281696,-0.00140637625,-9.65169966e-06,-0.280507207,-0.214531824,0.668134928,1.26184845,-0.000544914627,-0.00184812176,-0.00292967982
-0.00782189425,-0.561362922,0.909453988,0.0478670603,-0.0517679087,0.6009155,-0.796196829,-0.0380798541,0.0804627985,0.0214893874,0.294235289,-0.354931593,0.187307984,-0.827888429,0.0822982043,-0.100543559,1.53828478,0.136114344,0.196346298,-0.212115079,0.154211655,0.0272864588,-0.200695679,0.249462202,-0.583308756,1.28448462,0.000201287534,-0.0013102782,-4.11640358e-05,-0.230084747,-0.243343204,0.661425412,1.24502254,-0.000563238165,-0.00173249957,-0.0035964502
-0.00877038203,-0.553802133,0.912319422,0.0446656528,-0.0515642603,0.610184375,-0.789316879,-0.0452857614,0.0783383697,0.0458533578,0.283792973,-0.325276285,0.183745548,-0.806906223,0.0842030942,-0.113036111,1.53274322,0.136179447,0.187902182,-0.215198666,0.153757662,0.0203812998,-0.177956775,0.25736776,-0.557169676,1.26969433,0.0002039627,-0.00120246829,-7.32560729e-05,-0.181827277,-0.271478087,0.655529916,1.22380602,-0.00057622348,-0.00162765733,-0.00424386561
-0.0101424046,-0.546578705,0.915877461,0.040549696,-0.0508781156,0.619576938,-0.782234976,-0.0516582504,0.0750091299,0.0692345798,0.270912409,-0.287578911,0.176573142,-0.769939303,0.0818751752,-0.123093978,1.49603546,0.137557402,0.179297656,-0.216862008,0.15218088,0.0136169363,-0.153701648,0.265495151,-0.528305531,1.24787009,0.000195975779,-0.00107126799,-0.000106497726,-0.137914494,-0.298251361,0.65126425,1.19381487,-0.000578528503,-0.00154440687,-0.00485237362
-0.0117701385,-0.539692879,0.919559121,0.0353981841,-0.0495013094,0.629449704,-0.774654542,-0.0571101531,0.0694141239,0.0917495638,0.257465035,-0.2472426,0.165985972,-0.717534423,0.0758753419,-0.130440637,1.42535496,0.139263287,0.171054512,-0.216317773,0.1487692,0.00665479992,-0.128088206,0.273352802,-0.497627825,1.22246408,0.00017810383,-0.000916558318,-0.000138967996,-0.0992585719,-0.323991954,0.647898197,1.15866113,-0.000575390062,-0.00149041996,-0.00544489687
-0.0135254785,-0.532976925,0.923302174,0.0297260708,-0.0477738738,0.639488846,-0.766738569,-0.0621009357,0.062687099,0.113827996,0.243736327,-0.20559296,0.153693065,-0.657418549,0.0680404529,-0.136430547,1.33769858,0.141132846,0.162993357,-0.214669853,0.144440591,-0.000405159808,-0.101799518,0.281074405,-0.466048062,1.1952709,0.000155292102,-0.000750117586,-0.000171047606,-0.0632369742,-0.349212229,0.644982398,1.12093151,-0.000569530413,-0.0014510731,-0.00602933671
-0.0151316365,-0.526886284,0.926136732,0.0222260309,-0.0449664127,0.6510339,-0.757389521,-0.0660962984,0.0525753126,0.136390015,0.231402546,-0.17059955,0.138035446,-0.578827262,0.0564166009,-0.139419332,1.20275354,0.141507521,0.156310126,-0.207677603,0.136532784,-0.00866626203,-0.0744083375,0.28833881,-0.431696802,1.16847205,0.000122311569,-0.000551386562,-0.000200607814,-0.0345130339,-0.375086546,0.641546726,1.08235669,-0.00056252128,-0.00145242317,-0.00661081541
-0.0165753663,-0.520917654,0.928409338,0.0141353696,-0.0418941142,0.663149574,-0.747179842,-0.0704081804,0.04211732,0.159949765,0.22057429,-0.140302092,0.122357443,-0.497725666,0.0444171727,-0.141829878,1.05919302,0.140248448,0.150169671,-0.198344469,0.127511725,-0.0171719026,-0.0470678322,0.296479762,-0.396042198,1.14249361,8.82867826e-05,-0.000344384956,-0.000229455982,-0.00804297719,-0.402436197,0.637128592,1.04502702,-0.000556326064,-0.00146378903,-0.00719350576
-0.017694626,-0.515191734,0.929558516,0.00486971032,-0.038301726,0.676532108,-0.735400279,-0.0753537863,0.0309649743,0.185509294,0.212754011,-0.119387954,0.106635518,-0.411588311,0.0316643417,-0.143084735,0.898376405,0.135722429,0.14511323,-0.184328869,0.11626295,-0.0261682235,-0.0198231041,0.306375086,-0.357774287,1.11815047,5.21671172e-05,-0.000120804434,-0.000256886327,0.0139258401,-0.432741284,0.630745351,1.01017988,-0.000551757112,-0.00149518345,-0.00777873397
-0.0186154842,-0.509414673,0.929475248,-0.00490161951,-0.0343657314,0.690802795,-0.722209435,-0.0830575526,0.0216080938,0.212734848,0.212129712,-0.108540833,0.0932627171,-0.331658036,0.0195840038,-0.143559784,0.743014634,0.124672115,0.140909612,-0.166767299,0.10351871,-0.0340709239,0.00611165212,0.321817338,-0.316345096,1.09548867,1.82423846e-05,0.000111124034,-0.000282487774,0.0307505559,-0.468566298,0.620740533,0.979584455,-0.000547989155,-0.00153480261,-0.00835870113
-0.0194370057,-0.503612876,0.928775966,-0.0149206911,-0.0302490817,0.705305043,-0.708101097,-0.0921392217,0.0131503772,0.240789235,0.215103477,-0.102728881,0.081066519,-0.254843473,0.0078417575,-0.143644854,0.590403855,0.110361323,0.137133077,-0.147435442,0.0900286883,-0.0414256044,0.0313874632,0.34003073,-0.273341537,1.07367086,-1.45797003e-05,0.00034719109,-0.000307170907,0.0450006537,-0.507145822,0.608926415,0.951119661,-0.000544622308,-0.0015785282,-0.0089359479
-0.0203386042,-0.497650445,0.926578164,-0.0240836445,-0.0257012438,0.719292412,-0.693813989,-0.109332077,0.0102687581,0.265547454,0.240177304,-0.109494194,0.073872,-0.201701954,-0.00231198524,-0.1422102,0.476760834,0.0835863203,0.133493572,-0.127743274,0.0758443475,-0.0443228781,0.0522520356,0.371107817,-0.22657153,1.05650473,-3.97070726e-05,0.00058779883,-0.00032557876,0.0497081988,-0.555851817,0.589716494,0.931865335,-0.000536029984,-0.00161016802,-0.00946971402
-0.0212852713,-0.491719425,0.924113572,-0.0325735461,-0.0209535633,0.732235228,-0.679949618,-0.130831808,0.00941189844,0.287139177,0.277464747,-0.118983157,0.0677857995,-0.157140002,-0.0121932756,-0.140093774,0.379471242,0.0536619611,0.129141808,-0.109441377,0.0618141294,-0.0454099514,0.0708584562,0.406843662,-0.179432526,1.04178488,-6.1641862e-05,0.000831470126,-0.000340739993,0.0508835912,-0.607739806,0.567592144,0.916430771,-0.000522126502,-0.00163100858,-0.00997070037
-0.0223223437,-0.485849291,0.921114445,-0.039731259,-0.0158220133,0.743518207,-0.667346812,-0.160950541,0.0126036778,0.302405477,0.339187026,-0.133921489,0.0639140308,-0.129720911,-0.0215327591,-0.136613399,0.314853847,0.0174307115,0.123364456,-0.0939140618,0.0480878428,-0.0428775214,0.0849549472,0.451906592,-0.131541193,1.03195226,-7.71991326e-05,0.00108134199,-0.000349413604,0.04499612,-0.666006982,0.539633095,0.908629894,-0.00049759791,-0.00163026061,-0.0104062902
-0.023237478,-0.480276167,0.918041885,-0.0454249315,-0.0100180453,0.752909435,-0.656478178,-0.202421725,0.0182872377,0.310491443,0.431168914,-0.149551004,0.0606267229,-0.11378181,-0.0313913301,-0.131970674,0.275363266,-0.0210900251,0.114768878,-0.0821344331,0.0345351771,-0.0380167104,0.0941911787,0.505639791,-0.0848318338,1.02626443,-8.72278397e-05,0.00134430302,-0.00035058739,0.0327391028,-0.72950691,0.504809976,0.90779084,-0.000457016111,-0.0016049504,-0.0107196625
-0.0240917131,-0.474851251,0.914932311,-0.0503828376,-0.00387794803,0.761298536,-0.646429478,-0.249568954,0.0252164658,0.31498912,0.538279057,-0.165526748,0.0576313585,-0.103579551,-0.0415098406,-0.126746774,0.248428971,-0.0607569963,0.104764327,-0.0722272918,0.0210685879,-0.0319919363,0.100998752,0.56370908,-0.0387108251,1.02264762,-9.4493902e-05,0.00161381927,-0.000348012894,0.0172979776,-0.795625389,0.466554493,0.910431325,-0.000408408901,-0.00156736304,-0.0109719671
-0.0243632719,-0.470129192,0.912077785,-0.0536351596,0.00347629528,0.76768723,-0.638566756,-0.313180476,0.0316411927,0.31098628,0.684266925,-0.176670209,0.0535898507,-0.101124287,-0.0539684407,-0.121337101,0.24139303,-0.0985132903,0.0912619084,-0.0670874789,0.00661375606,-0.0264555402,0.101923831,0.632817447,0.00531173311,1.02075315,-9.70204565e-05,0.00190121599,-0.000330074748,-0.00343210855,-0.866668224,0.414717674,0.918258309,-0.000341982552,-0.00151807186,-0.0108589791
-0.0243546758,-0.465639025,0.909372449,-0.0566100445,0.0111142893,0.77346088,-0.631213152,-0.379607558,0.0368481539,0.305145741,0.836038113,-0.186102062,0.0484307744,-0.0996430367,-0.0675943792,-0.116444752,0.237106979,-0.134276018,0.0778546855,-0.0632647946,-0.00862543005,-0.0222451445,0.101051241,0.704301119,0.0503762364,1.01727974,-9.91733687e-05,0.00218513655,-0.000302349334,-0.0243538059,-0.937298417,0.356531948,0.925043464,-0.000276260136,-0.00148330699,-0.0104633812
-0.0237857066,-0.461613625,0.906965971,-0.0590391631,0.0193178761,0.778148218,-0.625001239,-0.451652765,0.0396182798,0.295630574,0.999346018,-0.192108423,0.0410373695,-0.100110278,-0.0835524797,-0.112588175,0.238322228,-0.166043907,0.0646406189,-0.062077418,-0.025430385,-0.0206878763,0.0965831429,0.780521274,0.097515665,1.01064944,-0.00010057848,0.00246204576,-0.000255052961,-0.0456545092,-1.00708914,0.285658896,0.929743409,-0.000211959123,-0.0014776045,-0.00950258784
-0.0226587392,-0.457901478,0.905028999,-0.0615487712,0.0276141288,0.78181908,-0.619845251,-0.521558583,0.0398007631,0.284076452,1.15714383,-0.196820796,0.0306214858,-0.10205026,-0.101921842,-0.109967306,0.242099583,-0.191909507,0.053968288,-0.0632141456,-0.0438855141,-0.0225652177,0.0870107114,0.856624305,0.151069701,0.99489367,-0.000103091297,0.00269929599,-0.000178948816,-0.0670268387,-1.06967342,0.200652599,0.924934566,-0.000155575734,-0.00153932045,-0.00766021572
-0.0212531835,-0.454346597,0.903327048,-0.0640951535,0.0359532083,0.784945656,-0.615190617,-0.590381145,0.0386902429,0.271505862,1.31215608,-0.200885609,0.0186974816,-0.104725741,-0.121492289,-0.107964426,0.247156367,-0.214820638,0.044568155,-0.0655119345,-0.0631614327,-0.0261583477,0.0748897642,0.932653248,0.207818046,0.974581361,-0.000106157102,0.00291668181,-8.84658002e-05,-0.0884306058,-1.12864423,0.108601607,0.915375471,-0.000103159997,-0.00163471117,-0.00537772104
-0.0193353742,-0.45110029,0.902495265,-0.0669501731,0.0432722053,0.786991964,-0.6117915,-0.647098124,0.0355832465,0.257138461,1.43899453,-0.205366448,0.00422756886,-0.109799191,-0.14156279,-0.10692209,0.253771007,-0.227727085,0.0399703234,-0.0698206946,-0.0817483664,-0.0339154378,0.0518434793,0.998468697,0.270565957,0.931476712,-0.000113606395,0.00301975547,2.97940678e-05,-0.112553291,-1.16887283,0.00620262697,0.875497103,-4.20227261e-05,-0.00187985948,-0.00237758644
-0.0173544902,-0.448051393,0.901947021,-0.0696447805,0.0498760987,0.788832145,-0.608609749,-0.697607636,0.0325612202,0.242630452,1.55173683,-0.209750071,-0.00981087517,-0.114976086,-0.160060257,-0.105776317,0.259856939,-0.237357974,0.0368103795,-0.0740662962,-0.0985661075,-0.0426551402,0.0250693113,1.05795872,0.330499858,0.878849387,-0.000123807986,0.00305671804,0.000144916572,-0.137629211,-1.20235813,-0.092338413,0.820355058,3.59646729e-05,-0.00219375035,0.000361855346
-0.0152478404,-0.445397884,0.901966214,-0.0720245923,0.055052352,0.790339243,-0.60592539,-0.735690713,0.0297097731,0.227844149,1.63626134,-0.213938326,-0.0229834355,-0.120358855,-0.175407618,-0.104423881,0.264884055,-0.240435094,0.0365271568,-0.0781847239,-0.111841701,-0.0533584952,-0.00915593468,1.10478425,0.384792984,0.807185769,-0.000139512616,0.00296143838,0.000253740291,-0.164606646,-1.22234893,-0.183142722,0.734693527,0.00014763989,-0.00264507672,0.00257930113
-0.0129376613,-0.443569243,0.902575731,-0.0735766365,0.059066946,0.79177316,-0.603483916,-0.756513596,0.0278286897,0.213770032,1.68666911,-0.215774938,-0.0331243202,-0.123036325,-0.186501399,-0.102031857,0.266668916,-0.236872762,0.0389336199,-0.0814208239,-0.121262543,-0.0660874471,-0.0471152067,1.13724315,0.426172018,0.716057718,-0.000165381876,0.00259865122,0.000345091976,-0.191076517,-1.23004699,-0.255545795,0.617698669,0.000323385437,-0.00327388803,0.00382400071
-0.0105256401,-0.442152739,0.903480411,-0.0747147913,0.0625008899,0.79316817,-0.60116187,-0.768710911,0.0264324956,0.200051099,1.72002828,-0.216436282,-0.0417504944,-0.124361828,-0.195469812,-0.0991201326,0.266833395,-0.229991883,0.0426845029,-0.0842160955,-0.128757268,-0.0798294321,-0.0869426653,1.16252339,0.461098731,0.615196824,-0.000196332694,0.00210214593,0.0004277158,-0.217294067,-1.2316016,-0.318755686,0.485037625,0.000531162019,-0.00399143714,0.00458258903
-0.00748899207,-0.442213118,0.905234218,-0.0743849177,0.0656750031,0.794715079,-0.598816851,-0.749973059,0.026905451,0.186988384,1.70021045,-0.210250795,-0.0446294248,-0.118571207,-0.200600073,-0.0939593166,0.260875463,-0.213412464,0.0501496755,-0.0856635869,-0.133719385,-0.0956835449,-0.124792084,1.16916466,0.477328509,0.495010734,-0.000247409072,0.000989644439,0.000483060372,-0.239803851,-1.21510065,-0.352413535,0.324094713,0.000837025815,-0.00492936745,0.00431023166
-0.00431827363,-0.44265759,0.907083213,-0.0734907018,0.0688441099,0.796448531,-0.596262814,-0.72156322,0.0281535555,0.173347861,1.66335082,-0.201527417,-0.0456653126,-0.110792257,-0.205044582,-0.0879953206,0.253855318,-0.195166498,0.0581363924,-0.0866921991,-0.138283506,-0.11093124,-0.161058366,1.17062271,0.489252508,0.375913084,-0.000301650376,-0.000266922725,0.000526002608,-0.261597961,-1.19345808,-0.377737403,0.164305091,0.00114087295,-0.00585377682,0.00390030514
-0.000878837891,-0.443870187,0.909122765,-0.0714687729,0.072004574,0.798564997,-0.593297144,-0.673808694,0.0309518203,0.15854916,1.5924083,-0.187727883,-0.0430162773,-0.099036105,-0.208118856,-0.08042413,0.244709834,-0.173584521,0.0671675652,-0.0868834555,-0.14205277,-0.124969468,-0.194166556,1.16171753,0.492569476,0.258967638,-0.00036223093,-0.00181180343,0.000544155366,-0.281965435,-1.16153073,-0.386402637,0.00678901374,0.00144074927,-0.00675133895,0.00321522774
0.00225315429,-0.445658803,0.910818696,-0.0680076956,0.0742275523,0.80134735,-0.589667405,-0.613218248,0.0360768288,0.141665995,1.49244785,-0.171370834,-0.0373149291,-0.0860028937,-0.208905026,-0.0715505183,0.236903295,-0.154254541,0.0749944001,-0.0862101763,-0.143398136,-0.135353357,-0.224742889,1.14432228,0.489804804,0.159707218,-0.000415060233,-0.00325502665,0.000531489379,-0.303920329,-1.12547362,-0.380313873,-0.129107401,0.00163136702,-0.00741966395,0.00253990083
0.00523094554,-0.447735101,0.912342489,-0.0638256319,0.0759792429,0.804438857,-0.585688969,-0.54621917,0.0423644297,0.123743176,1.37799358,-0.153737545,-0.0300882999,-0.0723331422,-0.208547011,-0.0620270558,0.229767397,-0.136053488,0.082217887,-0.0851047263,-0.143531322,-0.143908516,-0.254048645,1.1226846,0.483999729,0.0693044737,-0.000464005891,-0.00464720093,0.000503415882,-0.32666555,-1.08735716,-0.366848975,-0.254173249,0.00176732638,-0.0079732677,0.00186955254
0.0072050523,-0.450792253,0.91309011,-0.0577244913,0.0752581067,0.808321961,-0.581050521,-0.472468615,0.0538971871,0.105077654,1.23678184,-0.138628811,-0.0210956559,-0.0595343895,-0.202699184,-0.052465342,0.226452157,-0.125954002,0.0865973756,-0.082743153,-0.137012929,-0.147321969,-0.278433204,1.09565806,0.471394897,0.0151616866,-0.000493456202,-0.00550936069,0.000439878495,-0.355400681,-1.05401623,-0.332805037,-0.3345474,0.00166770909,-0.00813744031,0.00139769132
0.0090032937,-0.454256415,0.913699687,-0.0515297059,0.0737671688,0.812178856,-0.576427446,-0.400183916,0.0668525919,0.0875428319,1.09439528,-0.125490576,-0.0128813367,-0.0472094864,-0.195389211,-0.0436161682,0.223646283,-0.117827252,0.0907391831,-0.079925783,-0.128301054,-0.149952799,-0.30129078,1.0706501,0.457385421,-0.0284072682,-0.000518758316,-0.00621163845,0.000375006988,-0.386523843,-1.0245589,-0.293910533,-0.401473492,0.00151443854,-0.00822546799,0.000989691354
0.0104503948,-0.458535463,0.914033413,-0.0451501521,0.0707416051,0.816038057,-0.571873219,-0.330808431,0.0826568156,0.0722637549,0.949616313,-0.116288774,-0.00622092094,-0.0358283818,-0.185153216,-0.0361891612,0.221858099,-0.113642894,0.0944069698,-0.0761961192,-0.115200266,-0.151019409,-0.321101904,1.04967129,0.440562695,-0.0508450866,-0.000535772881,-0.00659441343,0.000307447917,-0.422431856,-1.002859,-0.245304585,-0.441528082,0.00125383085,-0.00816125888,0.000709269894
0.0122166993,-0.463638961,0.914516866,-0.0399199806,0.0667307103,0.819483278,-0.56780328,-0.270510674,0.0976507366,0.0606851727,0.817245305,-0.109937638,-0.00290840957,-0.0254798401,-0.17514661,-0.0304416418,0.218815506,-0.109779105,0.0996983945,-0.071107842,-0.100155666,-0.15204142,-0.342079818,1.03908622,0.421036124,-0.0584799871,-0.00054825726,-0.00677788956,0.000256428553,-0.462967604,-0.990273952,-0.194400549,-0.461473823,0.000995296636,-0.00803813525,0.000525666575
0.0141431214,-0.469156116,0.915075302,-0.0352619312,0.0622243258,0.822699988,-0.563958739,-0.214732707,0.112244144,0.0509530231,0.69103682,-0.105009675,-0.00126858416,-0.0156443398,-0.165251628,-0.0255319793,0.215144888,-0.106074385,0.105803125,-0.0653388128,-0.0841347203,-0.153041437,-0.363647461,1.03369403,0.400151849,-0.0587168932,-0.000558480679,-0.00686178729,0.000213662206,-0.505829215,-0.982241809,-0.142332077,-0.471372724,0.000737720227,-0.00788552128,0.00039040891
0.0171999019,-0.475566268,0.916660845,-0.0331404781,0.0569845275,0.825149033,-0.561055742,-0.17783761,0.121185653,0.046426326,0.596109092,-0.100383818,-0.00543284416,-0.00777495932,-0.159383178,-0.0216125194,0.206725627,-0.0972778201,0.116860606,-0.0569321141,-0.0687555447,-0.15528743,-0.393486351,1.04804158,0.373055279,-0.0426701233,-0.000560775574,-0.00674789958,0.000202668452,-0.552834392,-0.987253785,-0.0980551541,-0.457285821,0.000606871501,-0.00771097094,0.000351000112
0.0206146538,-0.482023448,0.918800831,-0.031674503,0.0515816539,0.82741301,-0.558322281,-0.146720827,0.128433928,0.0430778153,0.511568964,-0.0944163203,-0.0113659846,-0.00077425479,-0.154716536,-0.0174705051,0.19666715,-0.0852717906,0.129809573,-0.0478155799,-0.0536753312,-0.158135027,-0.425764084,1.06787694,0.34428066,-0.021643104,-0.000559053384,-0.00658050459,0.0002005516,-0.59863317,-0.996086955,-0.0588060021,-0.435710281,0.000523383962,-0.00754447142,0.000328965747
0.024746269,-0.4885768,0.922050178,-0.031520523,0.045854086,0.829348045,-0.555954746,-0.127149493,0.132298455,0.0420842916,0.447775126,-0.0857641399,-0.0208381582,0.00449150056,-0.152451694,-0.0128821926,0.183327705,-0.0668441951,0.146544904,-0.037276797,-0.0391883589,-0.162186518,-0.462928683,1.09869218,0.312141716,0.00934932474,-0.000549297954,-0.00630606059,0.000216185203,-0.642033219,-1.01256418,-0.0295988787,-0.399153262,0.000534578983,-0.00739401998,0.00034166823
0.0292813666,-0.494721293,0.926181555,-0.0319153177,0.0396597053,0.831333006,-0.553438302,-0.114842027,0.134467214,0.0423092656,0.399330676,-0.0721906871,-0.0325328931,0.00753477681,-0.150938243,-0.00797479507,0.16943109,-0.040321283,0.165696636,-0.0263511036,-0.0239824038,-0.167017996,-0.499810934,1.13297379,0.280209452,0.0504169725,-0.000528735458,-0.00594873261,0.000244775583,-0.676805496,-1.03431535,-0.0110513847,-0.349118978,0.000609296141,-0.0072819381,0.000372687646
0.0340171382,-0.500660241,0.930752933,-0.0325832776,0.0332322827,0.833317754,-0.550831614,-0.106166594,0.135788202,0.043143034,0.358565718,-0.0561609715,-0.045335792,0.00946692936,-0.149800524,-0.00290895998,0.155258879,-0.0097587863,0.18605186,-0.0152343102,-0.00842028949,-0.172238231,-0.536544561,1.16898024,0.248386979,0.0965105444,-0.000502777286,-0.00555006228,0.00027983429,-0.707259655,-1.05869734,0.00216604397,-0.292360753,0.000715738104,-0.00718905125,0.000412853202
0.0388387069,-0.505826712,0.935221195,-0.0330698031,0.0259314888,0.835793082,-0.547433895,-0.102207236,0.136109352,0.0448151343,0.330573797,-0.0318408683,-0.0591593683,0.00745445304,-0.147275165,0.000873481389,0.145360425,0.0335505083,0.205636263,-0.00553742144,0.0093177706,-0.177080944,-0.564074278,1.1983645,0.221124291,0.157752946,-0.000460310112,-0.0050595114,0.000321218453,-0.719755888,-1.08638525,0.00310590607,-0.218808085,0.000863292604,-0.00716383616,0.000466817059
0.0435606763,-0.510808527,0.939231873,-0.0333383764,0.0184768164,0.838375474,-0.543758885,-0.0985916555,0.136270046,0.0465711951,0.304003626,-0.00548206782,-0.0728971884,0.0039304914,-0.143733501,0.00380699523,0.137557283,0.079653278,0.223496109,0.0030665393,0.0274408814,-0.181313738,-0.586940527,1.22396016,0.195771694,0.223551244,-0.000414164737,-0.00454179943,0.000359533704,-0.725759029,-1.11473978,0.0010460593,-0.139994383,0.00100841385,-0.00715521071,0.000527948549
0.0480824746,-0.515419662,0.942326605,-0.0331729442,0.0107180984,0.841222443,-0.539564157,-0.0956644267,0.136109769,0.0484948419,0.280282706,0.02494918,-0.0864607096,-0.00261603016,-0.138159752,0.00504188426,0.133946806,0.131334186,0.23790288,0.00948266871,0.0463304855,-0.184325725,-0.600474119,1.2419728,0.174244776,0.298448801,-0.000360671518,-0.00396986725,0.00039170275,-0.718773723,-1.14442158,-0.00701339776,-0.0506736115,0.00114863855,-0.00717977015,0.000603404362
0.0524107292,-0.519745767,0.944378495,-0.032606956,0.00349731794,0.844071636,-0.535226708,-0.0919102803,0.135566413,0.0502247848,0.257394403,0.0552176386,-0.0989395455,-0.0121276285,-0.131351531,0.00409954367,0.134307235,0.179633498,0.247688904,0.0128646158,0.0641058907,-0.185287684,-0.603268147,1.25323629,0.157024369,0.379115403,-0.00030476012,-0.00336737325,0.000412656722,-0.696658611,-1.1761477,-0.0195616521,0.050382562,0.00125395856,-0.00719027314,0.000731473789
0.0566413999,-0.523928642,0.945908785,-0.031839814,-0.00345302024,0.846891701,-0.530800104,-0.0877437219,0.134831771,0.051857587,0.23492676,0.085398607,-0.110873871,-0.0231188498,-0.123927847,0.00206949958,0.136651739,0.226233289,0.255164057,0.0147297839,0.0813209414,-0.185225114,-0.600695312,1.26112509,0.14195931,0.462648183,-0.000247651798,-0.00274973153,0.00042800259,-0.666988134,-1.20888901,-0.0343502685,0.157281995,0.00134181627,-0.00719375024,0.000885806512
0.0609057173,-0.527625024,0.946096241,-0.030830718,-0.00817492174,0.849492944,-0.526634954,-0.0805349275,0.132952467,0.0530675799,0.215572298,0.106308028,-0.118655242,-0.0366893113,-0.118025482,-0.00468829041,0.144420326,0.253575176,0.256660521,0.0118110366,0.0934243947,-0.180648804,-0.57723105,1.26063502,0.1334389,0.545893431,-0.000193480781,-0.00217135297,0.000427112594,-0.611722469,-1.24120986,-0.0513353497,0.282699227,0.00133423717,-0.00699696317,0.00121475605
0.0651839823,-0.531058192,0.945764542,-0.0298776025,-0.0120638074,0.852074362,-0.522428058,-0.0721747875,0.13044031,0.0542727299,0.198278591,0.121664621,-0.124314517,-0.0501719788,-0.113175206,-0.0135440845,0.153625026,0.273519337,0.256450713,0.00775597664,0.103397444,-0.174251944,-0.545259655,1.25672054,0.126244769,0.625519812,-0.00014289713,-0.00163129438,0.000421845383,-0.549672604,-1.27025807,-0.0669180825,0.412224621,0.00128785404,-0.00664474024,0.00161335769
0.0694892481,-0.533964217,0.944394588,-0.0290385196,-0.0142860566,0.854665356,-0.518169665,-0.0615134016,0.12666285,0.0554679483,0.185110331,0.125911325,-0.125728026,-0.0634763092,-0.1104303,-0.026594514,0.165700391,0.278662533,0.252828062,0.00142888271,0.109107211,-0.164214954,-0.496278703,1.24595737,0.121704951,0.697891474,-9.94992442e-05,-0.00116799341,0.000407823885,-0.474065363,-1.29275441,-0.0796926767,0.549940765,0.00116386381,-0.00598168606,0.00215119682
0.0735727102,-0.536117315,0.941626668,-0.0284450493,-0.0153755915,0.857573303,-0.513344426,-0.049985908,0.121566877,0.0570234433,0.177220151,0.116207227,-0.121880554,-0.0757675916,-0.109421477,-0.0436364859,0.179779559,0.271724313,0.245572954,-0.00531296106,0.111481465,-0.150964305,-0.433324903,1.22506845,0.117015183,0.757828236,-6.70396257e-05,-0.000779810012,0.000389969966,-0.39497149,-1.30198717,-0.0863578916,0.68588984,0.000994961243,-0.00491278572,0.00274652988
0.077546522,-0.537894726,0.93815887,-0.0279736378,-0.0158988671,0.860623565,-0.508224145,-0.0380218998,0.115810178,0.0587595068,0.17196621,0.0995258242,-0.115401827,-0.0875561833,-0.109280258,-0.0626791269,0.19486475,0.25874421,0.236499742,-0.0122642061,0.11218895,-0.136103004,-0.363366574,1.19911098,0.112249002,0.81156683,-4.00384015e-05,-0.000429061212,0.000370194612,-0.314110458,-1.30459201,-0.0899709165,0.820996881,0.000803554314,-0.00364066684,0.00337078702
0.0810476989,-0.538555622,0.932391047,-0.0278141462,-0.0155081825,0.864308298,-0.50195322,-0.0281387493,0.109036669,0.0615092143,0.174625009,0.0619281754,-0.100222379,-0.0984799266,-0.111048371,-0.0843432695,0.212962195,0.231058449,0.222981781,-0.0173094831,0.109399498,-0.118270755,-0.285313189,1.15648901,0.102541953,0.843973219,-2.59991029e-05,-0.000142853329,0.000355292519,-0.244485617,-1.27945983,-0.081140101,0.936314225,0.000651580223,-0.00195834809,0.00387995364
0.0844806358,-0.538928986,0.92602253,-0.027729912,-0.0149166174,0.868107151,-0.495377151,-0.0195789058,0.102314875,0.0646044016,0.179679438,0.0195271112,-0.0827919543,-0.109326527,-0.113402322,-0.104962036,0.232399851,0.199280053,0.20922564,-0.0212652721,0.105645612,-0.100145727,-0.208298385,1.11102295,0.0896092728,0.868996203,-1.31246243e-05,0.000118661999,0.000343285938,-0.181061298,-1.24421585,-0.0672527626,1.04073274,0.000537522312,-0.000288890034,0.00431410503
0.0877777934,-0.538727403,0.918451309,-0.0277973393,-0.0139239793,0.872171338,-0.488211622,-0.0136632659,0.0956951156,0.0683909953,0.189524963,-0.0324869528,-0.0608571433,-0.120021068,-0.116928153,-0.123494759,0.254521191,0.15931198,0.194990501,-0.0230434369,0.0999625847,-0.081431672,-0.133344606,1.05986071,0.0702243522,0.879261255,-2.57657439e-06,0.00033085802,0.000337066565,-0.13002196,-1.18874598,-0.0432521217,1.12338018,0.000499254384,0.00135519297,0.00459835259
0.0911820829,-0.538061202,0.910301268,-0.028078099,-0.0125788607,0.876282674,-0.480813964,-0.0106637832,0.0896742791,0.0723008141,0.203695595,-0.0881148875,-0.0375535488,-0.131636575,-0.121830434,-0.136788607,0.280993283,0.112829715,0.182679653,-0.0220161509,0.0926460773,-0.063070558,-0.0623369701,1.01289165,0.0439599864,0.871590614,9.77363015e-06,0.000443720724,0.000333699369,-0.0890873969,-1.11760366,-0.0083883116,1.1810497,0.000546903582,0.00271361135,0.00472320244
0.0946402922,-0.537162602,0.901860774,-0.0284644337,-0.0110568577,0.880382449,-0.473280325,-0.00912244618,0.0839523748,0.076272659,0.22003077,-0.145555869,-0.0135630099,-0.143713862,-0.127421618,-0.147463709,0.309644014,0.063084811,0.171329945,-0.0195856765,0.084511891,-0.0448841006,0.00670430204,0.968015075,0.014252359,0.854948997,2.30263995e-05,0.000506915676,0.000331758289,-0.0532023273,-1.0386157,0.0319120102,1.22623289,0.000637527206,0.0039292993,0.0047683455
0.0985419899,-0.535582423,0.893437147,-0.0295022238,-0.00896092715,0.884292177,-0.465914869,-0.0133419828,0.0785476193,0.0795673877,0.243634045,-0.202823967,0.00837402232,-0.162276149,-0.136158571,-0.148732051,0.350049019,0.0090080779,0.163969547,-0.011560522,0.0738881826,-0.0270212684,0.0711714029,0.940831423,-0.020871561,0.800368845,3.63805739e-05,0.000371417816,0.00032739446,-0.0262877569,-0.950479984,0.0891906396,1.23569643,0.000834736624,0.00460235309,0.00446811598
0.102628469,-0.533750534,0.885232568,-0.0308496398,-0.00660474283,0.88805069,-0.458661802,-0.0202919822,0.0726711079,0.0826576352,0.27012831,-0.25889203,0.0290849023,-0.184758693,-0.146374404,-0.14696005,0.395317674,-0.0434937626,0.157842368,-0.00144756376,0.0622101426,-0.00903769769,0.133084476,0.92088449,-0.0564979315,0.730535209,4.6823232e-05,0.000175970839,0.000319675659,-0.00188621366,-0.865351558,0.152525589,1.23286426,0.00104486919,0.00513574667,0.00396723812
0.107085705,-0.531414568,0.877463222,-0.032818756,-0.00372826436,0.891574773,-0.451667414,-0.0327041931,0.065849416,0.0853399038,0.302411765,-0.312577546,0.047350172,-0.215087444,-0.159550622,-0.139107719,0.450326085,-0.0928623229,0.154179469,0.0128434468,0.0484201945,0.00919279456,0.18990922,0.915403068,-0.0931399092,0.630177975,5.14469357e-05,-0.00013941573,0.000305245572,0.0174974892,-0.786210716,0.227990657,1.20544362,0.00128090824,0.00539002428,0.00306497142
0.111747324,-0.528657138,0.870503664,-0.0352582607,-0.00046315192,0.894862882,-0.444946136,-0.0498827696,0.0580602214,0.0881396085,0.337893188,-0.360032707,0.0629308596,-0.251439273,-0.174921602,-0.126842856,0.508959413,-0.133655936,0.152526259,0.0297015458,0.0328581333,0.0265205987,0.237370268,0.924549878,-0.130088449,0.504897118,4.45637488e-05,-0.000557309075,0.000279884,0.0298374481,-0.723545313,0.313339949,1.14836037,0.0014806398,0.00546114706,0.00169183745
0.116512544,-0.525688231,0.863946736,-0.0379323104,0.00299714204,0.898001673,-0.438343645,-0.0694494024,0.0497849658,0.0909988955,0.374984205,-0.404387653,0.0771742165,-0.290813327,-0.191394478,-0.112368338,0.56942296,-0.17017518,0.151877254,0.0478481352,0.0164054036,0.0434024148,0.280164689,0.941012561,-0.167201504,0.36711815,3.19259016e-05,-0.00102657545,0.000249049801,0.0386598371,-0.669097126,0.403656632,1.07643068,0.00166228134,0.00544072827,8.28866032e-05
0.121077627,-0.52268523,0.859085143,-0.0406496639,0.00608609807,0.900827473,-0.432227287,-0.0902510136,0.0424942449,0.0954153314,0.407683343,-0.433600664,0.0872630477,-0.329103023,-0.207031816,-0.0966869369,0.618373871,-0.190653265,0.153309226,0.0647259578,9.00099985e-05,0.0554502532,0.304799527,0.97527194,-0.203154624,0.21672982,-2.46231957e-06,-0.00167220854,0.000204545504,0.0311010368,-0.642254353,0.499348342,0.956620455,0.0017190564,0.00516451523,-0.00191807689
0.125561431,-0.519790113,0.85482192,-0.0431415239,0.00883619942,0.90349914,-0.426321516,-0.10967005,0.0360861197,0.1006881,0.436988562,-0.457753628,0.0962031782,-0.364880085,-0.221427888,-0.0821256116,0.661146522,-0.206585839,0.155017272,0.079913795,-0.0151469093,0.0654991418,0.321995616,1.01166725,-0.238761932,0.0715250894,-4.32249071e-05,-0.00237641181,0.000160051204,0.0145604424,-0.621061087,0.593590498,0.824693203,0.00172459905,0.0047881403,-0.00386305293
0.129884019,-0.517109931,0.851754129,-0.0451861525,0.0109098567,0.905930239,-0.420867662,-0.126330301,0.0314409509,0.107674867,0.459515899,-0.471795529,0.102848992,-0.395643562,-0.233346149,-0.0697996542,0.691577435,-0.213433713,0.157277942,0.0917267948,-0.0282318592,0.071553804,0.324321747,1.05234468,-0.273688674,-0.0633583292,-9.67467349e-05,-0.00319795264,0.000115563358,-0.0199460462,-0.611158252,0.684962809,0.668495178,0.00162769377,0.00421135686,-0.00569666456
0.134689718,-0.514043689,0.849696159,-0.0463113313,0.0125780696,0.908112265,-0.415967747,-0.138947397,0.0283884257,0.115753919,0.475279808,-0.478720784,0.108207271,-0.421745181,-0.242922217,-0.0605691709,0.713554978,-0.213890687,0.159150675,0.100447625,-0.0381118134,0.074877575,0.307018161,1.08856905,-0.311243385,-0.177353799,-0.000157113886,-0.00408139359,8.03710427e-05,-0.0797633529,-0.602752209,0.767495751,0.505855441,0.00144210248,0.00345779769,-0.00707043661
0.139737129,-0.510784328,0.848142803,-0.0469766045,0.0140435808,0.910161918,-0.411340808,-0.149544388,0.0261317473,0.124379285,0.487664193,-0.482089579,0.112922333,-0.445518076,-0.25132814,-0.0528853312,0.731308758,-0.211153522,0.160829604,0.107623458,-0.0463904254,0.0768366382,0.279902756,1.12256968,-0.350113451,-0.28091532,-0.000220905393,-0.00499581685,4.98228001e-05,-0.152233958,-0.595093787,0.845615029,0.339987993,0.00121217698,0.00261584786,-0.00821445137
0.146476477,-0.505726039,0.847803116,-0.0456826246,0.0155699075,0.911977705,-0.407390894,-0.154508859,0.0255828314,0.132980868,0.491433084,-0.477995515,0.116845369,-0.463981688,-0.257474482,-0.0492698997,0.742815495,-0.200581133,0.161206186,0.113898017,-0.049879048,0.0767849162,0.21960032,1.14228475,-0.397999346,-0.351540118,-0.000293472141,-0.00587736815,3.74492629e-05,-0.26189816,-0.575038254,0.90059185,0.19749096,0.000931377639,0.00169255771,-0.00824569073
0.153505623,-0.500234246,0.847807825,-0.0437691009,0.0171323375,0.913741674,-0.403567717,-0.158230066,0.025427198,0.141465038,0.492837906,-0.471734315,0.120562173,-0.480911702,-0.263177752,-0.046627596,0.752914667,-0.187559932,0.161219001,0.121321335,-0.0521622971,0.0763223171,0.151013687,1.15645111,-0.448525608,-0.412509829,-0.000371618517,-0.00670551602,3.06574693e-05,-0.378257066,-0.546918511,0.946463883,0.0710120946,0.000667755725,0.000833925966,-0.00786098279
0.161112905,-0.493876338,0.848501325,-0.0406177222,0.0187669281,0.915419262,-0.400006972,-0.159463704,0.0260582455,0.149712667,0.489513844,-0.46113956,0.123865709,-0.494770825,-0.267993629,-0.0459322855,0.760196507,-0.169643223,0.160504162,0.131040886,-0.0520340838,0.0750379935,0.0658709407,1.1595161,-0.504322886,-0.454154938,-0.000460909272,-0.00742667587,3.50316768e-05,-0.507982969,-0.50267446,0.974115133,-0.0234014057,0.000438546092,0.000104798659,-0.00664437562
0.167867914,-0.488043845,0.849680185,-0.037133267,0.0202435153,0.916885657,-0.396903027,-0.159697115,0.0268933792,0.157521352,0.48345077,-0.447598219,0.126503244,-0.506318033,-0.272319853,-0.0464207605,0.765185177,-0.148434311,0.159520626,0.144494385,-0.0506862178,0.0729081184,-0.0249111131,1.15009606,-0.560263693,-0.480193853,-0.000554856146,-0.00797241647,5.08318954e-05,-0.634927154,-0.443692863,0.988218367,-0.0818044022,0.000274423219,-0.000355286553,-0.00499392627
0.174197286,-0.482473612,0.851101696,-0.0334817791,0.0216409481,0.918235743,-0.394022539,-0.159430623,0.0278305598,0.16511105,0.476018459,-0.432583511,0.128808051,-0.516710341,-0.27640149,-0.0475009009,0.769027948,-0.125578895,0.158402756,0.15981479,-0.0487286933,0.0703555271,-0.118516274,1.13443577,-0.616279066,-0.498434126,-0.000651134818,-0.00843051169,7.23436024e-05,-0.760487497,-0.377342552,0.995551109,-0.12221244,0.0001428221,-0.000680928817,-0.00312656094
0.178232178,-0.479143322,0.852659464,-0.031046397,0.0228061371,0.918944568,-0.392500805,-0.159097537,0.0276338998,0.170745015,0.468882501,-0.417247266,0.129510432,-0.524749279,-0.280058116,-0.049260661,0.770332575,-0.103205308,0.157601714,0.179788053,-0.0468928888,0.0660111532,-0.207049608,1.09718287,-0.663098693,-0.500663221,-0.000724785379,-0.00858062599,0.00010974484,-0.864549041,-0.306451976,0.994171381,-0.118470922,8.2128754e-05,-0.000567475741,-0.0016441131
0.181747496,-0.476537526,0.854075432,-0.0291688764,0.0240166505,0.919415729,-0.391467872,-0.158917725,0.0265647396,0.175640777,0.462789655,-0.403074682,0.129538342,-0.532056034,-0.283565462,-0.0508967638,0.77098006,-0.0830134973,0.156972587,0.200547308,-0.0456822589,0.060804382,-0.291330516,1.0527426,-0.705109656,-0.499755919,-0.000787269557,-0.00862757582,0.000149930856,-0.96025455,-0.239245102,0.992657542,-0.104963347,3.09208845e-05,-0.000342443411,-0.000427447667
0.184224814,-0.475379616,0.855208218,-0.0284068188,0.0253185174,0.91942577,-0.391418292,-0.159044355,0.0237505157,0.17906186,0.458780706,-0.391224742,0.128217518,-0.537900805,-0.286775291,-0.0522860847,0.770313621,-0.0671783909,0.156687051,0.222884744,-0.0457214154,0.0538714603,-0.367133558,0.993916512,-0.737517595,-0.49257654,-0.00082744332,-0.00846824516,0.000195697881,-1.0392797,-0.179383963,0.990875006,-0.0719225258,-1.33456433e-06,0.000105781954,0.000258105458
0.186360031,-0.475252211,0.855913639,-0.0283481163,0.0268014056,0.919130448,-0.392016949,-0.159473121,0.0188624319,0.181964919,0.456675291,-0.382885456,0.125770211,-0.541707873,-0.289752722,-0.053296715,0.767983377,-0.0579927824,0.156449616,0.245323628,-0.0479050577,0.045160722,-0.431753099,0.924163878,-0.760979056,-0.481952608,-0.000854341604,-0.00811816566,0.000242058537,-1.10561979,-0.128714278,0.991731346,-0.0304252636,-2.92560871e-05,0.000650474569,0.000611435273
0.188324854,-0.475639939,0.856405497,-0.0286409587,0.0283751816,0.918680287,-0.392939021,-0.16005303,0.0129360836,0.18460989,0.455520838,-0.376298636,0.122758999,-0.54449749,-0.292614847,-0.0541183352,0.764820576,-0.052128613,0.156236127,0.26782009,-0.0511614345,0.0355585478,-0.490801483,0.848927617,-0.779975176,-0.469603449,-0.000874611316,-0.00767261907,0.000288730109,-1.16563857,-0.0826241523,0.993907094,0.0153122274,-5.50195e-05,0.00124355976,0.000798786583
0.190241039,-0.477036953,0.856309056,-0.0293789441,0.0299136388,0.9180139,-0.394325414,-0.160964251,0.00514325034,0.187845737,0.455848336,-0.374787927,0.119240187,-0.542987406,-0.295586169,-0.0553332157,0.757132888,-0.0567455031,0.15516974,0.288284391,-0.0580461398,0.0244379565,-0.531397223,0.767344892,-0.789740324,-0.454644263,-0.000888101524,-0.00702373078,0.00033426928,-1.21246839,-0.0470616147,1.00280714,0.0562432297,-8.65754264e-05,0.00178471347,0.000813831866
0.192138195,-0.478564084,0.856057644,-0.0301581628,0.031329003,0.917313895,-0.395783016,-0.161982551,-0.00253000646,0.191380724,0.456407547,-0.374649853,0.115955606,-0.539549649,-0.298651963,-0.0572113767,0.747180879,-0.0644270033,0.153483793,0.307406545,-0.0657277182,0.0133521119,-0.566271544,0.687761307,-0.797784448,-0.439349979,-0.000900447776,-0.0063563115,0.000379269855,-1.25553703,-0.014546833,1.01392746,0.0918424353,-0.000121968231,0.00227446435,0.000811082078
0.193996951,-0.480350882,0.855497003,-0.0310198008,0.0324982439,0.916551626,-0.397384893,-0.163214728,-0.0099627059,0.195512846,0.457429588,-0.377255142,0.113139823,-0.532259881,-0.301905841,-0.0604148395,0.732705176,-0.0782321021,0.150559902,0.323842198,-0.07500045,0.00233797333,-0.589703381,0.61218971,-0.802387059,-0.423389137,-0.000910505129,-0.00565199181,0.000423184742,-1.29108012,0.0118698478,1.02948272,0.11677786,-0.000165022546,0.00266137719,0.000772766361
0.195638031,-0.482022285,0.854762077,-0.0319154903,0.0333761766,0.915786227,-0.399002531,-0.164723679,-0.0161552932,0.1998972,0.458681136,-0.381695628,0.111084118,-0.520848751,-0.305152178,-0.065587759,0.713517308,-0.0955360085,0.14641048,0.336931735,-0.0842598528,-0.00788244978,-0.604165971,0.547444344,-0.805415273,-0.407426566,-0.000917792669,-0.00501602283,0.000463863194,-1.32005787,0.0320263468,1.04601026,0.130942315,-0.000210040336,0.0029511312,0.000724507961
0.197170332,-0.483636022,0.85394001,-0.0328281963,0.0341083774,0.91501729,-0.400627367,-0.166371152,-0.0217279177,0.204407945,0.460047513,-0.387054265,0.109408475,-0.507375598,-0.308394879,-0.0717460141,0.69197154,-0.114590809,0.14164786,0.34834826,-0.0935130641,-0.0177063942,-0.614143074,0.488110691,-0.807656109,-0.391462386,-0.000923694985,-0.00441420963,0.000502924901,-1.34575319,0.0490526706,1.06302488,0.139720067,-0.000256042491,0.00319230324,0.000671274087
0.198129654,-0.485018015,0.853173733,-0.0339289848,0.0344513264,0.914305937,-0.402127572,-0.168411389,-0.0253731161,0.208138466,0.461447656,-0.393046319,0.108675547,-0.490544736,-0.311198056,-0.0796595365,0.666491151,-0.132340014,0.136484548,0.354976714,-0.100447968,-0.026042819,-0.613510132,0.44975996,-0.808838844,-0.374797195,-0.000925821252,-0.00402159104,0.000532295613,-1.36451459,0.0573972017,1.0747602,0.138188034,-0.000293774239,0.00334558007,0.000630422845
0.198932305,-0.486461908,0.852514267,-0.0350816648,0.0346452395,0.913592465,-0.403630763,-0.170435876,-0.0286257956,0.211151078,0.462766886,-0.398549557,0.108214281,-0.474204332,-0.313696891,-0.0872471929,0.641572058,-0.147734314,0.13170591,0.360303611,-0.106216535,-0.0338280052,-0.609203577,0.417844325,-0.809734762,-0.356667161,-0.000927184941,-0.0037048352,0.000557629159,-1.38208032,0.0632836744,1.08358729,0.135362074,-0.000328057649,0.00348713412,0.000601408246
0.199421912,-0.488030136,0.852068186,-0.0363385722,0.0345412835,0.912878114,-0.405141898,-0.172429413,-0.0310945567,0.212728918,0.463924587,-0.403077096,0.108296104,-0.458839804,-0.315587759,-0.0941855311,0.617767692,-0.158424169,0.127695054,0.363029271,-0.109654576,-0.0405132584,-0.597549379,0.39878732,-0.81005758,-0.335602373,-0.000927024405,-0.00353968423,0.000574897334,-1.39726055,0.0642565861,1.08660185,0.129947811,-0.000355455908,0.00360529032,0.000596054364
0.199806228,-0.489996612,0.851897538,-0.0374030582,0.0340422689,0.91210836,-0.406817495,-0.173885018,-0.0331863128,0.212537944,0.464755237,-0.405832887,0.108973116,-0.446593821,-0.316602409,-0.0992502421,0.598175526,-0.162510812,0.124917969,0.363868773,-0.110776998,-0.0457626097,-0.577898502,0.389058292,-0.809521198,-0.308556169,-0.000925125438,-0.00349611905,0.0005847172,-1.41176248,0.0600204542,1.08293211,0.125276119,-0.000376765063,0.00371275865,0.000621186919
0.200138032,-0.492162794,0.851864576,-0.0383715751,0.0333455102,0.911308074,-0.408574711,-0.175072119,-0.0350902341,0.211462632,0.46542269,-0.407703727,0.109947883,-0.435903072,-0.317179322,-0.103379823,0.580683172,-0.163297594,0.122756816,0.363765508,-0.110742137,-0.0502957217,-0.554243922,0.383989602,-0.808555067,-0.278511494,-0.00092235679,-0.00351332454,0.000590816489,-1.42592978,0.0531789027,1.07591963,0.120974235,-0.000395036594,0.00381491659,0.000661568018
0.200599432,-0.49483341,0.852323592,-0.0384226342,0.032066042,0.910427184,-0.410630994,-0.174513817,-0.0363981314,0.208487511,0.465129018,-0.406490207,0.111609787,-0.430440664,-0.31555742,-0.104368396,0.571289182,-0.152055979,0.122530118,0.361591697,-0.107038699,-0.052372314,-0.520700693,0.388766825,-0.804717898,-0.237221688,-0.000912639196,-0.00366179645,0.000585470407,-1.43931687,0.036328204,1.05725956,0.11936228,-0.000402519479,0.00388632528,0.000746132573
0.201207921,-0.497488856,0.853004098,-0.0379776015,0.0306422964,0.909507374,-0.412813625,-0.173002318,-0.0373407118,0.205141753,0.46417284,-0.404175341,0.113342911,-0.426703751,-0.312486619,-0.10427326,0.565048039,-0.136365294,0.12286786,0.358575493,-0.101671666,-0.053695973,-0.485317916,0.396042705,-0.798772931,-0.192527235,-0.000897394144,-0.00383476587,0.000574965379,-1.45143151,0.0158173312,1.03443098,0.118037775,-0.00040457875,0.00393764116,0.000838668144
0.202110738,-0.500114977,0.854127526,-0.0365405395,0.0289297134,0.90851239,-0.415250646,-0.169584244,-0.0375530571,0.201053813,0.461891502,-0.399657428,0.115218982,-0.426416129,-0.306517482,-0.10201098,0.565109611,-0.111773059,0.124334425,0.353873909,-0.092976287,-0.0535143763,-0.44624579,0.408317327,-0.788611412,-0.14101088,-0.00087109115,-0.00405677641,0.00055414089,-1.46100521,-0.0120190354,1.00326014,0.117287666,-0.000395793206,0.00394879375,0.000947171357
0.203456819,-0.502505243,0.855801582,-0.0339452122,0.0266945609,0.907346619,-0.418159344,-0.163904816,-0.0364303514,0.195734039,0.45721215,-0.393065453,0.117475621,-0.430584431,-0.29603067,-0.0976140052,0.57403928,-0.0804505497,0.126282215,0.346075118,-0.0800781697,-0.0520367473,-0.406732708,0.423238128,-0.771561742,-0.0850999951,-0.000826757401,-0.00426886417,0.000522599206,-1.46455598,-0.0454678796,0.964670777,0.114509746,-0.000368888082,0.00389460195,0.00104667689
0.205024526,-0.504777789,0.857750952,-0.0307702369,0.0241976219,0.906078054,-0.42129589,-0.157094851,-0.034640342,0.18979837,0.451334059,-0.385436565,0.119922593,-0.436979979,-0.283285439,-0.0921498686,0.587401688,-0.0457626805,0.128470629,0.336727947,-0.065078862,-0.0499112941,-0.366997212,0.439482212,-0.751068711,-0.0269898791,-0.000773409673,-0.00447600288,0.000485699595,-1.46509624,-0.0817235261,0.922371984,0.110718198,-0.000332925498,0.00380774797,0.00114169042
0.207102567,-0.507144988,0.860568881,-0.0262602556,0.0197328991,0.904291886,-0.425649147,-0.147663116,-0.0294684209,0.17973344,0.440061033,-0.376050562,0.124695845,-0.452397197,-0.262735039,-0.08522816,0.618969321,-0.00830738805,0.129807502,0.31986022,-0.0437579006,-0.0466039553,-0.331113547,0.455640078,-0.718354106,0.0330952778,-0.00069064321,-0.00458871806,0.000441876968,-1.4499985,-0.121328801,0.871319652,0.0985954702,-0.000262010843,0.00356923556,0.0011871442
0.209197372,-0.50976491,0.863637447,-0.021550666,0.0142920973,0.902182259,-0.430579234,-0.137743086,-0.0228998754,0.167457715,0.426587999,-0.366631925,0.130722508,-0.470642835,-0.239643216,-0.0788291991,0.656930327,0.0276469272,0.130455717,0.299895495,-0.0208151601,-0.0434079319,-0.297391117,0.471453726,-0.68203032,0.0921170413,-0.000601202308,-0.00466578547,0.000399728684,-1.42713737,-0.160717994,0.817506671,0.08253932,-0.00018385642,0.00326055731,0.00120974076
0.211325273,-0.512889624,0.867206991,-0.0164438421,0.00690109522,0.899444766,-0.436670457,-0.126848415,-0.0135391355,0.150762483,0.408717215,-0.357149959,0.139255047,-0.494542181,-0.21147272,-0.0734771565,0.707671463,0.0605916642,0.129726365,0.273740292,0.0053667929,-0.0404352061,-0.267998487,0.486575603,-0.638494849,0.148999795,-0.000498429523,-0.00467153359,0.000360937993,-1.3887527,-0.199666947,0.758182883,0.0586187765,-9.12368632e-05,0.00281159626,0.00118661299
0.213234931,-0.516390562,0.871096432,-0.0112696317,-0.00188902159,0.895928736,-0.444050816,-0.1155231,-0.00224689581,0.129453495,0.387094468,-0.347275168,0.14924711,-0.520296395,-0.178955123,-0.0703278258,0.767575979,0.0871524215,0.127426684,0.242400318,0.0326610431,-0.0384744331,-0.242919981,0.502772689,-0.591647506,0.199156761,-0.000394449511,-0.00463763298,0.000329402392,-1.33072102,-0.237461627,0.692933559,0.0296187997,-6.3787229e-06,0.0022035928,0.00111756381
0.215035573,-0.520079732,0.875146031,-0.00606045448,-0.0113780181,0.891914122,-0.452021029,-0.103981979,0.0100112734,0.105837472,0.363595366,-0.337203503,0.159969121,-0.546978951,-0.144263163,-0.068279244,0.832063437,0.110523835,0.124342017,0.208467439,0.0605126061,-0.0370193273,-0.219996393,0.519507945,-0.543142557,0.245954767,-0.000289860793,-0.00458391476,0.000301491295,-1.26286697,-0.27468133,0.624719501,-0.00192134222,7.46045989e-05,0.00151606975,0.00102555973
0.216375053,-0.523364723,0.879276872,-0.00110303166,-0.020432712,0.886985162,-0.461344351,-0.0927480608,0.0219116881,0.0789666027,0.338446379,-0.324331313,0.168689564,-0.567905068,-0.106111914,-0.0692507774,0.898186207,0.123169199,0.119955339,0.171906725,0.0852193311,-0.0370629728,-0.200900465,0.542541504,-0.500552714,0.274831504,-0.000203197691,-0.00454298919,0.000282682682,-1.16400385,-0.310351014,0.551299572,-0.0282700472,0.000117064992,0.000633068848,0.000895370555
0.21755299,-0.526330531,0.883251607,0.00358100565,-0.0285374749,0.881833387,-0.470683192,-0.0819088519,0.0325539447,0.0529413484,0.314479738,-0.310556322,0.175577447,-0.5845173,-0.0687258691,-0.0707599521,0.958832622,0.133217081,0.11572659,0.136554539,0.107353345,-0.037340641,-0.181699365,0.569853187,-0.463502079,0.295223862,-0.000126673825,-0.00453491835,0.000264309812,-1.05654478,-0.345315367,0.479906499,-0.0475394093,0.00014536547,-0.000264956616,0.000771223451
0.218408301,-0.528659046,0.886915207,0.00771865999,-0.0347486997,0.87645412,-0.480167809,-0.0718556419,0.0406835228,0.0285991095,0.292870075,-0.294971824,0.178802907,-0.592508256,-0.0328585505,-0.0733447075,1.00854647,0.138073877,0.11181239,0.103608221,0.124349445,-0.0380863547,-0.162282079,0.60572803,-0.437516838,0.298656285,-7.04020422e-05,-0.00459254347,0.000246802723,-0.931863189,-0.378879815,0.412544787,-0.0526581332,0.000145359125,-0.0011933007,0.00065912056
0.218964577,-0.530507743,0.889879346,0.0108388957,-0.0384568448,0.871376069,-0.488986029,-0.0629530028,0.04482878,0.0088134259,0.27620703,-0.280036569,0.177689686,-0.588411808,-0.00315564312,-0.0756546482,1.03558373,0.139646292,0.108650476,0.0763291419,0.135011479,-0.0388118364,-0.140689686,0.654522061,-0.425756991,0.280124724,-3.52804782e-05,-0.00477483124,0.000222817296,-0.797893703,-0.410204649,0.358156145,-0.0333795063,0.000126313593,-0.00199086498,0.00057494163
0.219371483,-0.532117069,0.892494738,0.0134508365,-0.0409131972,0.866418878,-0.497457046,-0.0546228513,0.0469834432,-0.00870036706,0.262011796,-0.265421361,0.174407139,-0.57827127,0.0234745909,-0.0778279081,1.05129254,0.13957724,0.105863683,0.0518749394,0.14251022,-0.0395274237,-0.118003309,0.709789634,-0.421105146,0.250607163,-1.07217002e-05,-0.00501949713,0.000195585904,-0.659240067,-0.440419406,0.310236394,-0.00189819222,9.77441014e-05,-0.00272329245,0.0005046968
0.219342619,-0.533438265,0.893806338,0.0138371485,-0.039957664,0.862722338,-0.503906822,-0.0490456149,0.0417669713,-0.0184775162,0.256869078,-0.255589843,0.166014954,-0.545850992,0.0371102318,-0.0775215626,1.02387118,0.134487167,0.103316918,0.0382066704,0.140865013,-0.040228501,-0.0922473371,0.784009218,-0.437398851,0.186578065,-1.42008921e-05,-0.00547030568,0.000149371073,-0.522611439,-0.465764135,0.287125945,0.0779093951,7.45580255e-05,-0.00304975919,0.000418084324
0.219085872,-0.534762263,0.894741118,0.0132359992,-0.0381882933,0.859486632,-0.509557839,-0.0449267887,0.0339404643,-0.0263498724,0.254746825,-0.247625142,0.157168537,-0.50758934,0.0471375845,-0.0758991688,0.984648049,0.127208605,0.100344434,0.0279794913,0.136173949,-0.0412576459,-0.0663110837,0.860776782,-0.458298951,0.115961827,-2.7123202e-05,-0.00595355034,9.75865623e-05,-0.391798019,-0.489095837,0.270265311,0.172886595,7.35738577e-05,-0.00320105301,0.000269627315
0.218373626,-0.536091864,0.894922078,0.0106620467,-0.0347951067,0.857230635,-0.513645072,-0.0437235832,0.0208976083,-0.0304139704,0.258662283,-0.243392721,0.147415072,-0.457655251,0.0499513894,-0.0716463253,0.921838522,0.115556248,0.0965212584,0.0246316753,0.12539506,-0.0429424569,-0.0400171056,0.942629695,-0.488404572,0.0321858972,-5.8919868e-05,-0.00650158152,3.46741399e-05,-0.272621721,-0.508401334,0.265899092,0.298176408,0.000116968775,-0.00300218142,-2.43456452e-06
0.216984957,-0.537565053,0.894577861,0.00617475109,-0.0308938469,0.855564827,-0.51673617,-0.045867838,0.00476156175,-0.0326941498,0.26768586,-0.241726816,0.139425814,-0.408911228,0.0489955321,-0.0650763139,0.855407119,0.0998642594,0.0915652737,0.0265349746,0.109960377,-0.0459873453,-0.0157046337,1.01997638,-0.517570913,-0.0483268574,-0.000107077882,-0.00701441802,-2.70193523e-05,-0.171669573,-0.524408698,0.266567826,0.434912443,0.000234764302,-0.00243782997,-0.000523630355
0.215257749,-0.539110422,0.893970966,0.000729583902,-0.0267366338,0.854165435,-0.519313037,-0.0496862829,-0.0129251042,-0.0340829976,0.279265642,-0.241343707,0.132316604,-0.360749781,0.0461546928,-0.0573461056,0.78714788,0.0821485594,0.0860416517,0.0310641825,0.0921940058,-0.0497130156,0.00762331719,1.09508955,-0.546275079,-0.127228588,-0.000163428398,-0.00750978943,-8.81191008e-05,-0.0798033401,-0.538771212,0.269754082,0.577406049,0.000389788212,-0.00169060414,-0.00116951927
0.212862656,-0.540810823,0.893131256,-0.0052640208,-0.0238262912,0.852562055,-0.52205607,-0.0565522909,-0.0279594213,-0.0354862809,0.294205844,-0.242361069,0.129303306,-0.333949745,0.0428961292,-0.0494505689,0.74707371,0.0643234104,0.0807550848,0.0385662429,0.0751282275,-0.054796502,0.0241546109,1.15760517,-0.560789168,-0.1865284,-0.000222872302,-0.00787941739,-0.00012714164,-0.0167455487,-0.553729534,0.270251065,0.690433204,0.000604536966,-0.000667368644,-0.00210302346
0.210593924,-0.542430758,0.892497659,-0.0102874459,-0.021874301,0.850514287,-0.525396165,-0.0632477552,-0.0397866368,-0.0377779752,0.308166534,-0.243140712,0.127411425,-0.31687513,0.0412936658,-0.0427134968,0.722343981,0.0494326688,0.0764504075,0.044814948,0.0611802042,-0.0596424118,0.0374805927,1.21717393,-0.569569468,-0.239848316,-0.000275204045,-0.00820938032,-0.000157347095,0.0390081517,-0.572068214,0.267014444,0.780343473,0.000797613291,0.000271216297,-0.003000536
0.208577186,-0.543890119,0.892275989,-0.0133724821,-0.0218397571,0.847632727,-0.529965056,-0.069604218,-0.0452042408,-0.0418469273,0.320172846,-0.243445158,0.127761483,-0.319243133,0.0430023894,-0.0382909402,0.728291035,0.040405333,0.0741079152,0.0485592298,0.053462483,-0.064014703,0.0444009937,1.27086794,-0.566886842,-0.281226516,-0.000313329627,-0.00846012868,-0.000169930281,0.0801729038,-0.597172379,0.256310731,0.824054539,0.00094741059,0.00104081223,-0.00382634881
0.207250789,-0.545014143,0.892917514,-0.0134177942,-0.0245088282,0.84367334,-0.536129253,-0.0742821917,-0.0421251282,-0.0492464676,0.327466607,-0.242531896,0.129757985,-0.34416467,0.0513140671,-0.0371481813,0.773463726,0.0392840914,0.0742037445,0.0470173284,0.0543553121,-0.0673881397,0.0434934124,1.32056284,-0.553066194,-0.315371573,-0.000335002202,-0.00865695812,-0.000171450156,0.113496497,-0.634008825,0.23246713,0.810959339,0.00100633875,0.0014067085,-0.00439723767
0.206269369,-0.545970619,0.893990338,-0.01194307,-0.0285277716,0.839124786,-0.543059042,-0.0781214982,-0.0347992294,-0.058310993,0.332405388,-0.241009966,0.132577479,-0.38035965,0.0629263073,-0.0376445986,0.838243484,0.0421142392,0.075518243,0.0428333394,0.0595517121,-0.0702625215,0.0386733972,1.36826122,-0.533678174,-0.345903218,-0.000348452711,-0.00882684812,-0.000167440696,0.142902792,-0.676710963,0.202055052,0.769471943,0.00101985398,0.00157085538,-0.00484074559
0.206335723,-0.546524823,0.896412373,-0.00675437627,-0.0369408418,0.833680547,-0.550968691,-0.0792947188,-0.0154940682,-0.0716214404,0.32942152,-0.237750828,0.137128055,-0.453658044,0.0854005739,-0.043625474,0.969282508,0.050264515,0.0785110146,0.0316638052,0.0764591247,-0.0726654604,0.0183543097,1.40480947,-0.49593091,-0.367345005,-0.000348735717,-0.00895605888,-0.000157410541,0.164659783,-0.733395338,0.146291688,0.650864124,0.000916249235,0.00102891261,-0.00490793493
0.206711695,-0.546990931,0.899149537,-0.000965522738,-0.0464015314,0.828308956,-0.558345985,-0.0796526,0.0064872331,-0.0847243816,0.323818505,-0.233841449,0.141779155,-0.536043286,0.109413445,-0.0517544821,1.11533689,0.0563516803,0.0810231417,0.019607164,0.096092999,-0.0752909854,-0.00786011759,1.4354558,-0.451615393,-0.38446936,-0.000347354304,-0.00907786097,-0.000146287086,0.182744563,-0.789896429,0.0839705765,0.517227471,0.000801087299,0.000255244609,-0.00484379567
0.207706928,-0.547280967,0.902517617,0.00602281731,-0.0579632589,0.823207422,-0.564741999,-0.0783801526,0.0338267051,-0.097416386,0.312976211,-0.228630692,0.146632716,-0.636624575,0.136510357,-0.0641815737,1.29146242,0.0583151057,0.0825748593,0.00577290636,0.121184945,-0.0783623978,-0.0458714254,1.45430946,-0.394151688,-0.392965436,-0.000342644111,-0.00918488763,-0.000132973961,0.193491563,-0.846048355,0.00851695705,0.353496969,0.000662779377,-0.000982039142,-0.00451702066
0.209057808,-0.547402143,0.90637064,0.0130845767,-0.0700350369,0.819064278,-0.569260569,-0.0759207606,0.0629016384,-0.106787764,0.297243774,-0.220199794,0.150378898,-0.741126716,0.160061777,-0.080934301,1.46836424,0.0503334254,0.0820434391,-0.0073129693,0.148747176,-0.0818887353,-0.0922562927,1.46044421,-0.32640928,-0.38878724,-0.000333819131,-0.00927132554,-0.000112318608,0.193933487,-0.892597556,-0.0675079674,0.189716935,0.000575568934,-0.00250909943,-0.0038715424
0.210586637,-0.54743892,0.910466671,0.0201817141,-0.0823544583,0.815312227,-0.572779551,-0.0728676766,0.0928481817,-0.114500269,0.279064089,-0.210157081,0.153571784,-0.847603023,0.1818434,-0.0998521671,1.64567745,0.0373779796,0.0804704279,-0.0200265199,0.177548245,-0.0856430307,-0.142833889,1.46022034,-0.253518254,-0.378270566,-0.000322934997,-0.00934748258,-8.79873405e-05,0.189222828,-0.934351981,-0.143828213,0.0258907955,0.000513900653,-0.00418122765,-0.00306663802
0.211876616,-0.547306061,0.915530086,0.0260301277,-0.0930659433,0.81324842,-0.573836361,-0.0696669221,0.119950965,-0.117403835,0.256347179,-0.190377027,0.15348047,-0.938913822,0.192182094,-0.122962944,1.78766,0.0095758494,0.0764775872,-0.0303227343,0.205049753,-0.0897201449,-0.194982797,1.44027138,-0.176009223,-0.341935098,-0.000301044376,-0.00938161276,-3.62934225e-05,0.168336332,-0.95694828,-0.202176854,-0.102251351,0.000595213787,-0.00576081593,-0.00201572478
0.212923676,-0.547185719,0.921004534,0.0311539331,-0.102791381,0.81155548,-0.574317915,-0.0670659766,0.14469631,-0.119555548,0.23400785,-0.166547105,0.151800454,-1.02031946,0.198852867,-0.146009713,1.9124043,-0.0196787063,0.0721341372,-0.0397414118,0.230806768,-0.094076857,-0.243797362,1.41325104,-0.100433946,-0.297117949,-0.000276996871,-0.00939801335,2.77592662e-05,0.145061851,-0.97360611,-0.253161818,-0.213918835,0.000715477625,-0.00716682244,-0.00104756921
0.213484362,-0.54709053,0.927298188,0.0348306975,-0.110557889,0.810774016,-0.573767611,-0.0656661019,0.164713681,-0.120202281,0.212435067,-0.134628758,0.146943599,-1.08187079,0.198183715,-0.168916702,2.00260496,-0.0518235303,0.0670915693,-0.0474000573,0.253061265,-0.0989906639,-0.28591767,1.37210011,-0.0287649632,-0.235358581,-0.000248647237,-0.00937893987,0.000116499439,0.117022797,-0.9783777,-0.289392054,-0.292576849,0.000913589611,-0.00822491478,-0.00024543787
0.213580504,-0.547155917,0.934090912,0.0371405612,-0.116241658,0.810698288,-0.572605223,-0.0662856102,0.179070592,-0.120479099,0.195622474,-0.0982086286,0.138338208,-1.1199435,0.19305867,-0.188436359,2.05800223,-0.0779942572,0.0616774,-0.0531224534,0.271052957,-0.104521655,-0.316220671,1.31829417,0.0367263816,-0.166310638,-0.000228054196,-0.00929356925,0.000221266091,0.0951517671,-0.971436977,-0.31725499,-0.342756212,0.00112743699,-0.00890764222,0.000274057209
0.213444352,-0.547301471,0.94113183,0.0387666478,-0.120883321,0.8109778,-0.571138668,-0.0679147169,0.190595105,-0.12057092,0.181192517,-0.0595431514,0.127859846,-1.14627099,0.185706481,-0.20625934,2.09598923,-0.10117393,0.0560782626,-0.057875853,0.286910504,-0.110360414,-0.340610385,1.25816882,0.0991189182,-0.0936289355,-0.000211342602,-0.00917506404,0.000334029988,0.0763681009,-0.958641171,-0.340930015,-0.378688544,0.00134911947,-0.00940258242,0.000652155024
0.212778032,-0.547859669,0.947401762,0.0391406629,-0.122563277,0.812036013,-0.569248421,-0.0725403801,0.194564313,-0.120628536,0.177817449,-0.0268958379,0.113928124,-1.13845921,0.177085191,-0.215553746,2.08679152,-0.108902857,0.0509542376,-0.060238786,0.296318501,-0.115305983,-0.345979035,1.18395603,0.154666156,-0.0295071602,-0.000230317266,-0.00885886047,0.000444369158,0.077106975,-0.925946891,-0.362391204,-0.388193727,0.00151033746,-0.00952338614,0.000798211957
0.211959854,-0.54856503,0.952846646,0.0392657039,-0.123164812,0.813186715,-0.567464537,-0.0776710734,0.196068257,-0.120660521,0.179053396,-0.000106210355,0.100598067,-1.11918437,0.169166744,-0.221257716,2.06112528,-0.111793242,0.0467733704,-0.0622002706,0.303008169,-0.11918503,-0.345803499,1.10683739,0.208834469,0.0279359482,-0.000268377102,-0.00845381245,0.000548392418,0.0845277682,-0.88661468,-0.384004503,-0.392531097,0.00164446328,-0.00956887286,0.000926270615
0.210837811,-0.549564719,0.956642807,0.0388932506,-0.121611228,0.814529097,-0.565897847,-0.083812587,0.192643255,-0.120641261,0.189509258,0.0149764661,0.0884683207,-1.07698524,0.162651956,-0.219783798,2.00252581,-0.105009601,0.0444774851,-0.0633594617,0.30426389,-0.120932385,-0.334542394,1.023893,0.260256618,0.0720367953,-0.000344605302,-0.00787103735,0.00063980819,0.105310522,-0.834002256,-0.405926287,-0.3865363,0.00172444573,-0.00946377404,0.00101836794
0.209435284,-0.550657988,0.95808816,0.0380580791,-0.117268992,0.815754758,-0.565105071,-0.0896851942,0.18273899,-0.120162234,0.21034658,0.0153900459,0.0803933963,-1.01235938,0.157088339,-0.209234387,1.90806198,-0.0924453065,0.0448140576,-0.0642753392,0.297872335,-0.119762987,-0.31546855,0.94050318,0.308746547,0.102790996,-0.000458165683,-0.00718681887,0.000718344119,0.134605199,-0.772581637,-0.425829738,-0.371522367,0.00176820008,-0.00926931109,0.00111394201
0.207892329,-0.551798105,0.95835793,0.0369903678,-0.111528481,0.816899856,-0.564683749,-0.095423907,0.169593289,-0.119453192,0.236378059,0.0084672533,0.0743455738,-0.936510563,0.151999831,-0.194144979,1.79565132,-0.0769886747,0.046467226,-0.0650696233,0.287655473,-0.117134735,-0.292485416,0.856882095,0.355774879,0.126873314,-0.000590408396,-0.00645179767,0.000790446473,0.168159902,-0.706749439,-0.444725752,-0.351996154,0.00179384032,-0.00903013349,0.00121126464
0.205881223,-0.552593708,0.954474151,0.0349374994,-0.101114887,0.817654156,-0.565682625,-0.0999371633,0.145495623,-0.116306216,0.274609983,-0.0202257223,0.0750855953,-0.836256742,0.145068139,-0.165196419,1.6376698,-0.0622337386,0.0501805022,-0.0656915903,0.263656646,-0.110467732,-0.265851617,0.782683313,0.395602405,0.13735716,-0.000745347876,-0.00583929475,0.000842733891,0.201568544,-0.640186906,-0.456530511,-0.322422981,0.00179474638,-0.0087849237,0.00132026733
0.203561276,-0.553142846,0.949372828,0.0323363779,-0.0896268076,0.818237099,-0.56692984,-0.104041085,0.119373813,-0.1113078,0.313364893,-0.0537663437,0.0774440169,-0.733265102,0.136187345,-0.134344116,1.47202873,-0.050185781,0.053524591,-0.0661582425,0.235966995,-0.103236891,-0.240123615,0.713700712,0.432160646,0.145037368,-0.000894910889,-0.00532741565,0.00088546332,0.2317788,-0.577480078,-0.465789676,-0.293446779,0.00179153599,-0.00858235918,0.00142189371
0.2006246,-0.553199172,0.941839457,0.0286424448,-0.0760011896,0.818522432,-0.568704191,-0.107326016,0.0892117172,-0.102609977,0.353157222,-0.0969890356,0.0830366462,-0.624822497,0.123412699,-0.0996931717,1.29111171,-0.0435506478,0.0561301261,-0.0663144067,0.200906187,-0.0948805735,-0.216211185,0.655157626,0.462177157,0.147112429,-0.00103369751,-0.00501675624,0.000909080612,0.25559032,-0.522492409,-0.46995908,-0.265669525,0.00178009877,-0.008465074,0.00150875619
0.196567178,-0.552605093,0.933799148,0.0236380945,-0.0621677965,0.818693846,-0.570365491,-0.109609753,0.0611911155,-0.0887040272,0.385200083,-0.137917548,0.0891994834,-0.522678614,0.105384573,-0.0697986856,1.11461735,-0.0425971337,0.0571854711,-0.0655887425,0.164083123,-0.0876594037,-0.19490847,0.607474625,0.484973073,0.143774062,-0.0011462348,-0.00490956567,0.000906062778,0.272035152,-0.479716718,-0.470139384,-0.246955425,0.00175603316,-0.00849485584,0.0015461155
0.191948935,-0.551685691,0.925504744,0.0179756455,-0.0482235373,0.81870748,-0.571899841,-0.111392841,0.0342402309,-0.0721923634,0.413368493,-0.177700639,0.0956478268,-0.423680067,0.084727861,-0.0422817618,0.940325797,-0.0444853939,0.0574654937,-0.0644219741,0.126376718,-0.0810056478,-0.174909994,0.565221131,0.504158556,0.137727827,-0.0012456486,-0.00490414025,0.000889722607,0.284796149,-0.443046957,-0.468324363,-0.232773572,0.00172565004,-0.00859820098,0.00155871629
0.185743451,-0.549917996,0.920124531,0.0110729346,-0.0365247756,0.818896836,-0.572670327,-0.110741265,0.0169499125,-0.0495105051,0.420423537,-0.194179758,0.09760575,-0.346142709,0.0596633442,-0.0293190293,0.794356048,-0.0478293076,0.0572541878,-0.0605459288,0.0954318717,-0.0781086087,-0.157395184,0.537229419,0.513438582,0.121130019,-0.00130316312,-0.00520018535,0.000820027664,0.288808137,-0.424478889,-0.461568177,-0.235445559,0.00165148964,-0.0090254033,0.00145368022
0.179508924,-0.548085809,0.916451454,0.0041209985,-0.0259329796,0.819065832,-0.5730983,-0.109061711,0.00273144222,-0.0261782538,0.419397771,-0.199033648,0.0964295268,-0.276059687,0.0352331772,-0.0207119323,0.658234596,-0.0470322184,0.0582920238,-0.0554701202,0.0683324113,-0.0766169727,-0.140549332,0.513175905,0.520284057,0.101375729,-0.00135250599,-0.0056005572,0.000732344924,0.290511042,-0.410435259,-0.453511775,-0.242575154,0.0015524968,-0.00959387049,0.00130737771
0.173215032,-0.546124279,0.916191459,-0.00292732609,-0.0175621283,0.819381285,-0.572972349,-0.105326369,-0.00534778973,-0.00154081034,0.402214348,-0.180644006,0.088986367,-0.220867366,0.0120664295,-0.0208121426,0.541776955,-0.0379550681,0.0618277229,-0.0479943901,0.0489162579,-0.0779351518,-0.12503764,0.496992022,0.52226311,0.0753060654,-0.0013855201,-0.00620961143,0.000608677859,0.287597269,-0.405435234,-0.442853898,-0.25861913,0.00140383106,-0.0104449121,0.00107853324
0.167809114,-0.544424653,0.920112371,-0.00966292822,-0.011152044,0.819797271,-0.572463705,-0.10052076,-0.010163852,0.0220787041,0.373361766,-0.137362897,0.0730458051,-0.177367091,-0.00766697712,-0.0254481751,0.439595252,-0.0103332549,0.0708575845,-0.0385873243,0.0363995172,-0.082087636,-0.112127587,0.487122238,0.521160126,0.0483426079,-0.00141526572,-0.00694128033,0.000474252534,0.28037113,-0.407009959,-0.43104887,-0.278331667,0.00120479392,-0.0115280841,0.000807869714
0.162847996,-0.542856336,0.926123142,-0.0162405611,-0.00572344511,0.820246026,-0.571751644,-0.0951807424,-0.0133475959,0.0451856479,0.338678986,-0.081642665,0.0528589636,-0.139719456,-0.0256807003,-0.0323514082,0.34456706,0.0265566763,0.0826331675,-0.0282160211,0.0273343958,-0.0876566395,-0.100520328,0.480410993,0.518516243,0.0209363662,-0.00144337269,-0.0077341455,0.000334468612,0.270989984,-0.411871821,-0.418672144,-0.299875468,0.00098060118,-0.0127271563,0.000516337925
0.159306854,-0.541611671,0.938306808,-0.0219890982,-0.00213488614,0.820881203,-0.57067151,-0.0912486017,-0.0154289361,0.0637488589,0.303615749,-0.000862766057,0.0217265878,-0.116692603,-0.0385650769,-0.039927531,0.270912111,0.0927554145,0.102110311,-0.0168384518,0.0245686732,-0.0960735306,-0.0951905325,0.480950534,0.513815165,0.00155703444,-0.00147108897,-0.00844816305,0.000233726416,0.256458253,-0.425387204,-0.407270491,-0.317335546,0.000737660273,-0.0139398929,0.000262486894
0.156054348,-0.540360689,0.951602101,-0.0272992713,0.001191434,0.821603928,-0.569403474,-0.0882418454,-0.0178711992,0.0800288171,0.273144841,0.0786460713,-0.00972661283,-0.0977153257,-0.0500526242,-0.0469450504,0.205880359,0.161297336,0.121519879,-0.00588619243,0.0227693189,-0.104279779,-0.0920568556,0.483249277,0.509370387,-0.0141443238,-0.00149699254,-0.00907253101,0.000153847184,0.241369665,-0.441042274,-0.39694041,-0.331802547,0.000516096479,-0.0150365876,4.16426483e-05
0.153378278,-0.539097071,0.967122614,-0.0317351257,0.00399384645,0.822549791,-0.567792895,-0.0870848,-0.0210356247,0.0917467624,0.251849979,0.15562962,-0.0418276899,-0.0868312865,-0.0587495528,-0.0528470688,0.158077314,0.234538391,0.140798286,0.00421789614,0.0229018368,-0.112066522,-0.0933136567,0.489065886,0.505437136,-0.0224947967,-0.00151927723,-0.00951777212,0.000115667019,0.225164622,-0.460978836,-0.388750762,-0.340287924,0.000337230915,-0.0159014836,-0.000113249742
0.151040375,-0.537777603,0.98191607,-0.0350604867,0.00669394135,0.823858238,-0.565670891,-0.0872202292,-0.025453791,0.0991910249,0.240035087,0.21366477,-0.0671555102,-0.081109941,-0.065538086,-0.0584070347,0.126181841,0.294212282,0.1549187,0.012130131,0.0237373859,-0.117690369,-0.0978995487,0.49665308,0.503031373,-0.0251550525,-0.00153707736,-0.00978265889,0.000112682428,0.209977448,-0.481483161,-0.383162796,-0.343396276,0.000230050035,-0.0164730512,-0.0002073551
0.14887172,-0.536430359,0.996344686,-0.0378298702,0.00934261684,0.825340844,-0.563288654,-0.0880020186,-0.0304987635,0.104497433,0.232962057,0.262218803,-0.0890938267,-0.0779708847,-0.0713717863,-0.0637957007,0.102244161,0.347096026,0.166458353,0.0189455114,0.0249244627,-0.122232094,-0.104150154,0.505125165,0.501389802,-0.0249692537,-0.00155263394,-0.00995732751,0.000127301013,0.195300281,-0.502269864,-0.378876358,-0.343815148,0.000158730705,-0.0168978814,-0.000271053432
0.147007257,-0.53517592,1.00640488,-0.0391001605,0.0117982491,0.827359112,-0.560186467,-0.0892490596,-0.0364749618,0.105576426,0.233511209,0.281154037,-0.0988137126,-0.0786596313,-0.0752719939,-0.0695131794,0.0940070003,0.371836573,0.170120299,0.0216948241,0.0263200663,-0.123762041,-0.112660483,0.512745023,0.501890063,-0.0196343884,-0.0015656054,-0.00995935127,0.000175687062,0.183355808,-0.517872572,-0.377538025,-0.33838594,0.000186395046,-0.0170358997,-0.000279316009
0.145168543,-0.534005523,1.01475048,-0.0400701969,0.0140234169,0.829460683,-0.556949458,-0.090202257,-0.0420583263,0.10572765,0.234720126,0.294528902,-0.106186181,-0.0799865946,-0.0785411,-0.0749694183,0.0883806348,0.390464842,0.172543168,0.0232363809,0.0277634859,-0.124778591,-0.120874062,0.519419789,0.502919555,-0.0135918055,-0.00157854613,-0.00993398204,0.000227992918,0.172465906,-0.53111887,-0.376754731,-0.331773698,0.000235478845,-0.0171357673,-0.00027654905
0.143381283,-0.533003092,1.01966679,-0.0404406781,0.0157879361,0.831747002,-0.553454801,-0.0905678496,-0.0468561389,0.104023635,0.237248391,0.296784669,-0.108864561,-0.0825898349,-0.0805481747,-0.079903245,0.0879750252,0.396870583,0.172488183,0.0223627985,0.0293025244,-0.124768503,-0.128494203,0.52420485,0.505007327,-0.00613400433,-0.00159142574,-0.00985383708,0.000288137177,0.1636848,-0.539652705,-0.377081454,-0.322795659,0.000327395042,-0.0171593465,-0.000251726451
0.141499951,-0.532180548,1.02176881,-0.0406001346,0.0168885043,0.834053251,-0.549928707,-0.0897023678,-0.049857758,0.100843742,0.238247246,0.295140147,-0.109840199,-0.0858682245,-0.0811951831,-0.0835409164,0.0895784795,0.398487419,0.172075748,0.0195269976,0.0310627557,-0.124489024,-0.1342199,0.527541518,0.507731378,0.00105390721,-0.00160184596,-0.0097612422,0.000342767366,0.1573928,-0.545088232,-0.37796849,-0.313436329,0.000430175627,-0.0171629582,-0.000210954342
0.139571875,-0.531448066,1.02246332,-0.0406537042,0.0176567709,0.836362035,-0.546382706,-0.0882214755,-0.0519608222,0.096926406,0.238481224,0.291545749,-0.109964326,-0.0894837007,-0.0811620504,-0.0865299404,0.0921862125,0.397709608,0.171484634,0.0157105215,0.0329333171,-0.124074891,-0.13899751,0.530153632,0.510773122,0.00810577627,-0.00161103462,-0.00966243632,0.000394632196,0.152346313,-0.54897368,-0.379135579,-0.303887784,0.000538372726,-0.0171565842,-0.000162213706
0.137357011,-0.530849218,1.01958036,-0.0407415278,0.0175138777,0.838545188,-0.543024271,-0.0845150799,-0.0511502177,0.0918566659,0.233798802,0.28642875,-0.108777478,-0.0936170295,-0.0788803548,-0.0877886415,0.0953744724,0.394970387,0.171252206,0.00951402076,0.0347431973,-0.124029085,-0.141179383,0.532213867,0.513859987,0.0135633284,-0.00160859001,-0.00958292559,0.000428062747,0.151222661,-0.551156402,-0.380602837,-0.295844257,0.00062064582,-0.0171446651,-0.000102347389
0.135022074,-0.5302248,1.01536846,-0.0408885355,0.0171380802,0.840618348,-0.539810344,-0.0801134184,-0.0494951382,0.0870848596,0.227820247,0.28001669,-0.106797308,-0.0978626683,-0.075832963,-0.0888307318,0.0987728834,0.391284943,0.170776784,0.0026759305,0.0362543315,-0.124219432,-0.142996877,0.534644842,0.516723812,0.0184550099,-0.00160015398,-0.00951285474,0.000454816094,0.151403666,-0.553342819,-0.382125765,-0.288536072,0.000689643086,-0.0171295423,-4.48276514e-05
0.132447615,-0.52954936,1.00850105,-0.0411545447,0.0162971839,0.84248644,-0.53689599,-0.0743230432,-0.0461525619,0.0829095244,0.219252422,0.271017611,-0.103231996,-0.102331929,-0.0712557808,-0.0894396752,0.10259065,0.385709018,0.169815823,-0.00544309989,0.0371680669,-0.124881759,-0.144085705,0.537816167,0.519141257,0.0222147051,-0.00157974439,-0.00946166459,0.000468218466,0.154192179,-0.555536389,-0.383759648,-0.282699108,0.00073209242,-0.0171080269,7.99032387e-06
0.129620701,-0.528712869,0.998769462,-0.0414957224,0.0151621064,0.844112214,-0.534343322,-0.0676961392,-0.0414398648,0.0808264315,0.211350948,0.252813995,-0.0955503583,-0.107150301,-0.0658251122,-0.0905041695,0.10900113,0.372526228,0.166071683,-0.0144226756,0.0369963348,-0.125721246,-0.145499349,0.543124676,0.521054506,0.0248320103,-0.00154934451,-0.00942125265,0.000468047685,0.159409404,-0.558848023,-0.385794699,-0.278764576,0.00075429026,-0.0170606151,4.65040685e-05
0.126667395,-0.527795732,0.987604678,-0.0418743541,0.0138797764,0.845613624,-0.531969444,-0.060650479,-0.0360416211,0.0797897354,0.203782335,0.230005562,-0.0858094543,-0.112143546,-0.0599672683,-0.0917965919,0.116708733,0.355538011,0.160935283,-0.0238331351,0.0362816714,-0.12664941,-0.147075504,0.549502313,0.522715628,0.0268780515,-0.0015139461,-0.0093862284,0.000461087911,0.165841684,-0.562719107,-0.388030469,-0.275781393,0.00076635991,-0.0170002505,7.7865101e-05
0.123398855,-0.526552081,0.973282039,-0.0422062885,0.0124973528,0.847100637,-0.529606416,-0.0545501076,-0.0290551558,0.082731925,0.203428656,0.181814849,-0.0653080121,-0.118062258,-0.0546650738,-0.095207274,0.132747352,0.31334123,0.147082523,-0.0328862928,0.0331240334,-0.126727611,-0.150012881,0.560495079,0.523792326,0.0270527024,-0.00147438468,-0.00934003945,0.000429865002,0.174827337,-0.570328176,-0.391211867,-0.276665002,0.000758255599,-0.0168299004,8.08457844e-05
0.120064653,-0.525201678,0.958904803,-0.0425374714,0.0112461639,0.848779048,-0.52691386,-0.0499003045,-0.0218882561,0.0863764063,0.207618177,0.126833603,-0.0420672297,-0.12406256,-0.0500037223,-0.0993823186,0.151316479,0.262316465,0.130508184,-0.0409846418,0.0288017094,-0.126148641,-0.153077021,0.572389066,0.524689317,0.0267732106,-0.00143465772,-0.00927971955,0.000391403679,0.184348032,-0.57955873,-0.394498408,-0.278965145,0.000743542565,-0.0166020505,7.44438512e-05
0.116599873,-0.52363801,0.944421291,-0.0428673228,0.0102576198,0.850844156,-0.523566038,-0.048150681,-0.0143621881,0.0914237797,0.220887303,0.0582915172,-0.0133561157,-0.130224705,-0.0466241799,-0.105084203,0.174939543,0.193657801,0.108497664,-0.0471729785,0.0221524388,-0.124256343,-0.15639393,0.586081922,0.525226891,0.0255860928,-0.00139460841,-0.00919117033,0.00033848302,0.194936112,-0.592028379,-0.397994399,-0.284096032,0.000715623843,-0.0162593257,4.92903928e-05
0.113008812,-0.522018433,0.932306528,-0.0434256104,0.0100723724,0.853526975,-0.519138196,-0.0516564548,-0.00814551022,0.0955709517,0.247696713,-0.00578214042,0.0132463286,-0.135082781,-0.0448461138,-0.1104936,0.197873279,0.122871473,0.0869318247,-0.0500247553,0.0123197492,-0.12076851,-0.15807642,0.598435521,0.525341272,0.0243846513,-0.00134843844,-0.00906906649,0.00028501937,0.206199139,-0.607084155,-0.400870591,-0.290913522,0.000668416615,-0.0158588625,1.36172939e-05
0.109355323,-0.520371139,0.921378732,-0.0440970162,0.0102886228,0.856498573,-0.514159306,-0.0577894822,-0.0025848588,0.09926714,0.281271487,-0.0676083192,0.0387889184,-0.139287785,-0.0438692272,-0.11575564,0.220457643,0.0510356165,0.065592736,-0.0512075014,0.000897188787,-0.116483539,-0.158941239,0.610116899,0.525243998,0.023176292,-0.00129921734,-0.00893020816,0.000231295096,0.217797399,-0.623430192,-0.403436303,-0.298573017,0.000611573807,-0.0154296095,-2.73089008e-05
0.105378941,-0.519155204,0.916058183,-0.0454897855,0.0127415857,0.860280964,-0.507626826,-0.0753013417,-0.0026688152,0.099333711,0.340174586,-0.100027651,0.0528308675,-0.139543325,-0.045778662,-0.115813076,0.233796924,0.00262839347,0.0536554232,-0.0458849445,-0.0166969448,-0.110407002,-0.155008793,0.61726898,0.524469614,0.0233529247,-0.0012344101,-0.00875008851,0.000202075171,0.228474185,-0.641306579,-0.404512286,-0.305043191,0.000518706918,-0.015112007,-6.29158531e-05
0.101334594,-0.51827836,0.912415564,-0.0471087461,0.016124969,0.864207011,-0.500666548,-0.0976397842,-0.00579673331,0.0980863124,0.408213258,-0.122908078,0.0634089112,-0.138084263,-0.0490228273,-0.112937793,0.243767172,-0.0360518657,0.0451758727,-0.0381752849,-0.0363960937,-0.104082838,-0.149633259,0.623621643,0.523606896,0.0244968794,-0.00116722169,-0.00855170004,0.000183899538,0.237980664,-0.659146369,-0.405210376,-0.309955031,0.000420253054,-0.0148566272,-9.27615765e-05
0.0971535444,-0.5180794,0.912127316,-0.0491817152,0.0213694875,0.868450168,-0.492867944,-0.129633486,-0.0150116626,0.0942113772,0.494532287,-0.12672019,0.0670630783,-0.133196607,-0.0549364164,-0.104197919,0.247003093,-0.0552910157,0.0436083563,-0.025691051,-0.0603082106,-0.0972622186,-0.141371205,0.628377378,0.522567451,0.0275752191,-0.00109525875,-0.00831674412,0.000187803162,0.245149091,-0.67691648,-0.405153006,-0.311751962,0.000310607982,-0.014725606,-0.000111093825
0.0931985229,-0.518808246,0.914012313,-0.0513050189,0.0280239175,0.872905561,-0.48437417,-0.172092333,-0.0310488045,0.088862963,0.59800446,-0.120951012,0.0665341243,-0.124709621,-0.063847065,-0.0901644453,0.245251209,-0.0617907867,0.0463998318,-0.00923230406,-0.086927399,-0.0904669762,-0.132430971,0.634385109,0.521966457,0.0337537676,-0.00102993695,-0.00803542696,0.000210072336,0.249088019,-0.694516301,-0.404725283,-0.309057444,0.000217134308,-0.0146698989,-0.00011885562
0.089356795,-0.520001173,0.916984081,-0.0534483427,0.0353800425,0.877384079,-0.47548786,-0.2197835,-0.0504973456,0.0827780887,0.710050702,-0.110390902,0.0639130399,-0.114422835,-0.0742562115,-0.0734843686,0.241004705,-0.0619191676,0.051371187,0.00921341218,-0.114898957,-0.0836848095,-0.123152286,0.641019344,0.521584928,0.0414828025,-0.000967941771,-0.0077309371,0.000241526053,0.251411289,-0.712029994,-0.404112309,-0.304116309,0.000131756577,-0.0146518564,-0.000121329838
0.0862374604,-0.522521675,0.921208858,-0.054952683,0.0433055074,0.882123084,-0.465793624,-0.280851632,-0.077412203,0.0775582641,0.83928746,-0.099003002,0.0575705618,-0.100280315,-0.0874637514,-0.0544806644,0.231423438,-0.0548816361,0.0593527555,0.03103921,-0.143443331,-0.0774551332,-0.115991533,0.653003812,0.52281332,0.0544851534,-0.000929228263,-0.00739057828,0.000292129436,0.248693347,-0.728359699,-0.403338432,-0.291691035,9.24015985e-05,-0.0146682989,-0.000109912566
0.0833112746,-0.525344789,0.925188184,-0.0561189551,0.0509292121,0.88684656,-0.455807039,-0.344334811,-0.105218723,0.0731310397,0.969082773,-0.0895627886,0.050767336,-0.0855888724,-0.100518256,-0.0367192179,0.220972717,-0.0483931303,0.0678498372,0.0533866063,-0.171176821,-0.0713929534,-0.109599628,0.667105377,0.524810672,0.0687745586,-0.000900254061,-0.00705402112,0.000346570945,0.244376481,-0.743353903,-0.402544469,-0.277173162,6.47005509e-05,-0.0146849258,-9.15820638e-05
0.0807728916,-0.528771698,0.928674459,-0.0566181387,0.0579518894,0.891695077,-0.445326683,-0.412616342,-0.134794593,0.0702914596,1.09992933,-0.0840231329,0.0430459753,-0.0698069632,-0.113259979,-0.0214515757,0.208788097,-0.0430060849,0.0773737133,0.0767659396,-0.197274357,-0.0656689107,-0.10474883,0.685434103,0.528345406,0.0856310576,-0.000890775118,-0.00672524143,0.000408661756,0.236863628,-0.755668998,-0.401710629,-0.258477092,6.03238514e-05,-0.0147019066,-5.9433034e-05
0.0784408301,-0.532503009,0.930893421,-0.0563006128,0.0636804537,0.896791021,-0.434212973,-0.479290247,-0.163120806,0.0683158785,1.21944642,-0.0822177455,0.0361184776,-0.0537795424,-0.123583421,-0.0103461286,0.197290137,-0.0416300371,0.087580055,0.101195842,-0.220041871,-0.0596996397,-0.0999830663,0.706803679,0.533481836,0.103338122,-0.000901386549,-0.00640794588,0.000472462241,0.226894885,-0.76405108,-0.400684416,-0.23758927,6.27568807e-05,-0.0147152403,-6.2059662e-06
0.0762120485,-0.536386132,0.932478309,-0.0555693292,0.0687549348,0.901927067,-0.422743863,-0.545155525,-0.190820113,0.0667723268,1.33328855,-0.0822799951,0.029588569,-0.037630219,-0.132696465,-0.00132304803,0.186136529,-0.0422605053,0.0981270373,0.126150027,-0.241142333,-0.0536079407,-0.0952598527,0.729692936,0.539419174,0.121469483,-0.000922045903,-0.00609640963,0.000537113636,0.215698391,-0.770465493,-0.399561971,-0.215606585,6.85931445e-05,-0.0147267487,5.75619997e-05
0.0741725489,-0.540122867,0.932115674,-0.0530754524,0.0714482405,0.90758158,-0.410333791,-0.597263515,-0.213003635,0.0639755055,1.41440845,-0.0844110101,0.0257038362,-0.0219811928,-0.136037245,0.00286154868,0.179057568,-0.0502086766,0.107741147,0.152978629,-0.255064726,-0.0465423875,-0.0883413255,0.75386095,0.547074378,0.138319433,-0.000966401305,-0.00578197092,0.000594216166,0.203123569,-0.771893501,-0.39738673,-0.193918645,5.61863053e-05,-0.0147389984,0.000155880552
0.0722202137,-0.543542206,0.931251645,-0.0497593158,0.0733790974,0.913170373,-0.397818286,-0.642121434,-0.232549146,0.0595632531,1.48263431,-0.0859021395,0.0226805303,-0.00685131084,-0.137042716,0.00639046263,0.173850775,-0.0602850132,0.116149597,0.179879338,-0.266316593,-0.039435938,-0.0804023147,0.777278304,0.555036306,0.154210418,-0.00101326825,-0.00546322903,0.000646773144,0.190923497,-0.772282124,-0.39444685,-0.173560068,2.85481765e-05,-0.0147515703,0.000261571724
0.0704421699,-0.546326518,0.929384887,-0.0448096033,0.0737982572,0.918797438,-0.385171629,-0.672481418,-0.246819451,0.0519206263,1.52507615,-0.0861136764,0.0213798098,0.0072404393,-0.133378267,0.00860821176,0.172387719,-0.0746170357,0.122147098,0.206924245,-0.272228211,-0.0322477035,-0.0704226419,0.799194336,0.563611746,0.168183714,-0.00106515712,-0.00513588032,0.000690240529,0.179472804,-0.770592093,-0.389977902,-0.155859798,-2.95478785e-05,-0.0147647876,0.000382005877
0.0689665973,-0.548142195,0.926907063,-0.038099344,0.0727775528,0.924097816,-0.373222581,-0.687188089,-0.255365938,0.038785018,1.54400659,-0.0837055445,0.0217543859,0.0197292157,-0.124349415,0.0111722816,0.175197035,-0.0904169083,0.125116199,0.23197639,-0.273003221,-0.026164636,-0.0590479076,0.817707479,0.572519064,0.1803523,-0.00111053535,-0.00479601789,0.000725885155,0.169444993,-0.767959058,-0.383595556,-0.142533988,-0.000124946557,-0.0147732906,0.000503258605
0.0676424876,-0.549473345,0.924124122,-0.0305062818,0.0710289822,0.929129503,-0.361583486,-0.694065809,-0.261049271,0.0229049176,1.55117869,-0.0799879432,0.0229665525,0.0314145982,-0.11263971,0.0139091192,0.18014209,-0.106948301,0.126570672,0.256028354,-0.271209836,-0.0206350796,-0.0469773859,0.834516227,0.581590891,0.191616699,-0.00115265104,-0.004449951,0.000757613103,0.160130158,-0.764854789,-0.376257479,-0.131397441,-0.000238982,-0.0147794355,0.000624902081
0.0668083727,-0.549206018,0.921088219,-0.0210116333,0.0672226816,0.933341803,-0.352012359,-0.677750289,-0.258268684,-0.00163315609,1.52535653,-0.0745326281,0.0275314376,0.0400787704,-0.0925422013,0.0191378817,0.19169876,-0.120412946,0.123988613,0.274341851,-0.261499643,-0.0180232264,-0.03520656,0.845032692,0.590901494,0.201869696,-0.0011774369,-0.00407544337,0.000783470343,0.152518719,-0.762099624,-0.367030084,-0.126341805,-0.000391639915,-0.0147727914,0.000733774097
0.0660895407,-0.548414111,0.918173671,-0.0114824911,0.0629706999,0.937042037,-0.343300254,-0.654043436,-0.252627641,-0.0275781527,1.48844898,-0.0702541545,0.0331870951,0.0476124249,-0.0704509839,0.0254162829,0.20462662,-0.131995678,0.120464712,0.290250093,-0.249301344,-0.0165296346,-0.0244794935,0.853723049,0.600139737,0.2121225,-0.00119737757,-0.00369974202,0.000808451266,0.145384982,-0.759792447,-0.357757449,-0.122478187,-0.000546803349,-0.0147631187,0.000835395418
0.0656012595,-0.546573699,0.915502191,-0.00189312703,0.0578457986,0.939941426,-0.336393214,-0.61556834,-0.241270646,-0.0563298576,1.42939246,-0.0683286637,0.0410217084,0.0528850183,-0.0443795137,0.0337912962,0.220292389,-0.139814705,0.11505907,0.301347703,-0.232132509,-0.0172713995,-0.0158407427,0.858762026,0.609231234,0.2223728,-0.00120763062,-0.00332173193,0.000831675832,0.139207438,-0.758381367,-0.348396271,-0.120997839,-0.000706942985,-0.0147473952,0.000922504347
0.0652568787,-0.544203818,0.913385987,0.00618282185,0.0526824361,0.941920793,-0.331619591,-0.566931486,-0.225382358,-0.0825584531,1.35338783,-0.0713790059,0.0494129248,0.0561375394,-0.0185041912,0.0429103896,0.234904274,-0.144316003,0.109377906,0.307340145,-0.212533444,-0.0204794873,-0.0103313634,0.861426294,0.617278516,0.231604159,-0.00121182855,-0.00299716275,0.000853628502,0.134402558,-0.757729173,-0.340032637,-0.120754436,-0.000851523189,-0.0147327948,0.000987696927
0.0649844706,-0.541568935,0.911547482,0.013501405,0.0474988196,0.943418927,-0.327905935,-0.513209462,-0.207226783,-0.107526392,1.2689023,-0.0769183189,0.0580829754,0.0583798252,0.00727433478,0.0524021164,0.248989761,-0.147158071,0.103558652,0.310779423,-0.191717818,-0.0249213427,-0.00638694456,0.862902999,0.624803841,0.240326345,-0.00121299794,-0.00269930693,0.000874946301,0.130283996,-0.757456601,-0.332167566,-0.121129707,-0.000988328247,-0.0147187551,0.00104193075
0.0649030656,-0.53960228,0.910767674,0.0170536299,0.0431533151,0.943564043,-0.327923561,-0.456308246,-0.187240839,-0.122493878,1.17480099,-0.0890615135,0.0651785657,0.0582619272,0.0257511102,0.0596981496,0.256500781,-0.146039113,0.0998877361,0.306511343,-0.172834799,-0.0326870345,-0.00754686538,0.862169743,0.62898612,0.245326817,-0.00120852049,-0.00256534712,0.000895303674,0.129162371,-0.757692993,-0.326955795,-0.123648331,-0.00107669388,-0.0147166867,0.00105507276
0.0649351925,-0.538156152,0.910386622,0.0193661401,0.039117017,0.943143246,-0.329508164,-0.401662409,-0.168127745,-0.133891538,1.08156085,-0.101514533,0.0715988874,0.0572220981,0.0409483016,0.0657483414,0.261774719,-0.143003315,0.0974078923,0.299682885,-0.155535787,-0.0409132652,-0.0108793918,0.86082983,0.63177067,0.248908192,-0.00120287994,-0.00249403273,0.000915697892,0.129155338,-0.757913053,-0.32266891,-0.127281964,-0.00114506669,-0.0147190439,0.00105334911
0.0651942119,-0.537750602,0.910802782,0.0192008004,0.0357008923,0.941618194,-0.334233379,-0.351535529,-0.150763065,-0.138151914,0.990060806,-0.114584282,0.0766682327,0.0543398261,0.0495875701,0.06930729,0.262576401,-0.136136979,0.0973091274,0.287738472,-0.141406149,-0.0500582904,-0.0185535811,0.858277917,0.631761014,0.249652475,-0.00119491597,-0.00254794047,0.000936161494,0.131375983,-0.758100629,-0.320231616,-0.13314344,-0.00117346644,-0.014730243,0.00102191407
0.0659105405,-0.53845489,0.912299812,0.0171028303,0.0323773777,0.938711729,-0.34275281,-0.308387458,-0.135697603,-0.137250692,0.90256542,-0.124206491,0.0803590938,0.0480956882,0.0535348356,0.070709914,0.262069821,-0.122112051,0.100316077,0.271004647,-0.129199758,-0.0585690662,-0.0321113616,0.855015397,0.628856778,0.247526139,-0.00118609343,-0.00271491474,0.000958333723,0.135221675,-0.757940173,-0.319164097,-0.141157448,-0.00115932315,-0.0147369597,0.000961933809
0.0668554008,-0.539713919,0.914336801,0.0140371376,0.0290975175,0.935015844,-0.35313123,-0.268737882,-0.121784896,-0.133768559,0.817090154,-0.132102802,0.0833598822,0.0401717238,0.0551350452,0.0710339695,0.260909081,-0.104510322,0.10487543,0.251879275,-0.117957547,-0.0667609572,-0.0486084744,0.85139817,0.624505639,0.243964776,-0.00117684342,-0.0029383942,0.000981355901,0.139879182,-0.757605672,-0.318781763,-0.150246218,-0.00112390937,-0.014741431,0.0008876918
0.0688788593,-0.542344391,0.918479562,0.00955760983,0.0240240046,0.929138071,-0.368827799,-0.238203034,-0.109058157,-0.127369091,0.736226976,-0.131646216,0.0835227966,0.0229782518,0.0548668206,0.0682395846,0.266639709,-0.0710278377,0.114180118,0.226364419,-0.104101539,-0.0723500699,-0.0745135471,0.848260403,0.616219223,0.235892206,-0.00116610713,-0.00328804692,0.00100832153,0.145049065,-0.756545901,-0.319813609,-0.160494447,-0.00101329188,-0.0146799628,0.0007890907
0.0713105798,-0.545142353,0.923268676,0.0053538761,0.0175195402,0.922436307,-0.385714481,-0.209737197,-0.0953430161,-0.121883646,0.656631351,-0.128022388,0.0823781863,0.000657913275,0.0560733303,0.0639061853,0.279326409,-0.033042796,0.123888955,0.199012741,-0.0871384069,-0.0767274275,-0.102782555,0.845717072,0.606955588,0.226919204,-0.0011524529,-0.00365168881,0.00103492115,0.149848625,-0.755360842,-0.321200252,-0.170314878,-0.000873491692,-0.0145639898,0.00069477089
0.0745604336,-0.548276961,0.929353535,0.00170307559,0.00815657651,0.914256086,-0.405051081,-0.185392708,-0.0796423852,-0.118223205,0.579522729,-0.118060872,0.078617461,-0.0319313519,0.0602305084,0.0564916134,0.305935144,0.0139719313,0.134412155,0.167970181,-0.0639497265,-0.0786836073,-0.135797426,0.844361246,0.595731556,0.216139629,-0.00113295356,-0.0040435358,0.00106080482,0.153910354,-0.753924131,-0.323297352,-0.179285556,-0.000675231684,-0.0143389199,0.000608957198
0.0784459263,-0.550952494,0.936036587,-0.000140693676,-0.00461730353,0.904921634,-0.425553165,-0.164477006,-0.0591529422,-0.118626073,0.506742835,-0.103315383,0.0722804666,-0.0791878775,0.0716825351,0.0451244228,0.357530087,0.0598361269,0.14221397,0.13439782,-0.0322821736,-0.0778422803,-0.170711651,0.845105886,0.582646489,0.206012607,-0.00109888625,-0.00439211074,0.00108088553,0.1569902,-0.752644181,-0.325836927,-0.186433643,-0.000429710461,-0.0139544243,0.000555852137
0.0826492831,-0.553398311,0.943018615,-0.00108000544,-0.0190911573,0.894608383,-0.446441712,-0.145276368,-0.0362683944,-0.121061131,0.436128438,-0.0861779526,0.0646552518,-0.133780479,0.0867833048,0.0317805074,0.421622694,0.105123103,0.148654506,0.099560529,0.00362563995,-0.0756018087,-0.206575409,0.846901476,0.568630636,0.196212173,-0.00105753203,-0.00471903663,0.00109806331,0.159579024,-0.75144273,-0.328597784,-0.192670166,-0.0001605578,-0.0134901954,0.000519108144
0.0872763172,-0.554364741,0.949320674,0.0012659472,-0.036198898,0.883710476,-0.466630295,-0.132351562,-0.00636063889,-0.128767163,0.376792699,-0.0694076419,0.0560799614,-0.212466046,0.114872545,0.0143610947,0.530512929,0.13118051,0.149136201,0.0644401461,0.0476067699,-0.0692633018,-0.240826622,0.853631496,0.551029563,0.189474344,-0.000986388535,-0.00492112432,0.00110314763,0.16140905,-0.750673413,-0.331698805,-0.196451068,0.000117536823,-0.0128277112,0.000548481941
0.0918793529,-0.554782748,0.95494765,0.0043413464,-0.0527075384,0.872644011,-0.485484807,-0.12170697,0.0236283652,-0.136741206,0.322194666,-0.0549935997,0.0484757721,-0.29612571,0.145266354,-0.00270750234,0.649450541,0.149627864,0.148360625,0.0306833759,0.0907185301,-0.0620644204,-0.273571849,0.861835301,0.532395899,0.183575928,-0.00090880855,-0.00508868136,0.00110415113,0.163243726,-0.749939144,-0.334994972,-0.199999809,0.000375418924,-0.0121561512,0.000598450599
0.0964362323,-0.554103732,0.959226727,0.00887634859,-0.068047425,0.86207879,-0.50210648,-0.11561963,0.0537921153,-0.145254686,0.277052164,-0.0452874005,0.0428111963,-0.38977015,0.180282816,-0.0190812349,0.788536191,0.152858689,0.145069614,-0.000359208323,0.132108673,-0.0531414114,-0.303317636,0.872990787,0.511688828,0.17935431,-0.000818320492,-0.00518722925,0.00109699136,0.165088445,-0.749274552,-0.338682711,-0.203085601,0.000592970639,-0.0114661604,0.000689639419
0.100732163,-0.552524924,0.961909831,0.0132869631,-0.0800957587,0.852815449,-0.515862322,-0.113156393,0.0785149038,-0.150797158,0.241361558,-0.0407598987,0.0399094298,-0.479382396,0.213525832,-0.031499479,0.924383163,0.14691785,0.141472772,-0.0269959494,0.166025579,-0.0442193672,-0.329314947,0.883941054,0.491232753,0.176041529,-0.000732681423,-0.00525464956,0.00108270685,0.16741994,-0.748315454,-0.34320575,-0.207071647,0.000754213077,-0.0108851716,0.000804162642
0.104897559,-0.550496221,0.963794827,0.0176328214,-0.0904877199,0.844138287,-0.528139762,-0.11250557,0.100516036,-0.154853389,0.210398212,-0.0388223156,0.0383893847,-0.566975594,0.245881185,-0.0419391207,1.05860662,0.13639091,0.137723163,-0.0514291376,0.196204543,-0.0352979824,-0.353437364,0.894788206,0.470902771,0.173183188,-0.00064946973,-0.00530650606,0.00106485921,0.169995025,-0.747209132,-0.348146588,-0.21150808,0.000887294998,-0.0103587052,0.00093035266
0.108479187,-0.547852576,0.963758349,0.0200549406,-0.095504599,0.837709684,-0.537325931,-0.115380935,0.110982254,-0.151788473,0.192223519,-0.0425370224,0.0399706364,-0.626585841,0.269058496,-0.0439353548,1.15183794,0.123281755,0.135531187,-0.0696982741,0.213400871,-0.0281680152,-0.371072948,0.900024414,0.455827266,0.170575619,-0.00059426541,-0.00535197835,0.00104156754,0.174648613,-0.745358467,-0.354779959,-0.21850951,0.00096190779,-0.0100699198,0.00105278322
0.111797601,-0.545319617,0.963259757,0.0217493025,-0.0990243307,0.831703521,-0.545884972,-0.11893481,0.117936715,-0.146477744,0.177725211,-0.0476521142,0.0420408025,-0.673109293,0.288494229,-0.0422544777,1.22544003,0.111478887,0.13388975,-0.0864132121,0.227203116,-0.0217554178,-0.386265337,0.902591109,0.443322241,0.167594552,-0.000548653072,-0.00540119363,0.00101873942,0.180156693,-0.743354142,-0.361958832,-0.226145223,0.00103141495,-0.00983982999,0.00116637023
0.114588514,-0.543009043,0.961837351,0.0219922951,-0.0995695105,0.826718775,-0.553297677,-0.123843506,0.117868736,-0.136680081,0.170581475,-0.0555643253,0.0450874008,-0.693454623,0.300443143,-0.0332241729,1.25977564,0.102291942,0.133349419,-0.100014716,0.234215349,-0.0167793632,-0.396567881,0.899820685,0.435960412,0.16386804,-0.000522232673,-0.00545787252,0.000996847288,0.187370479,-0.741043448,-0.370225161,-0.235045701,0.00109068793,-0.00972716045,0.00126223394
0.116688877,-0.541322172,0.959628224,0.0207331606,-0.0972442006,0.822657799,-0.559774818,-0.12925525,0.110619187,-0.123691782,0.16988343,-0.0658900887,0.0480387658,-0.686907649,0.30479309,-0.0141212922,1.25474143,0.095893383,0.13336499,-0.110939637,0.236184627,-0.0131851472,-0.402195632,0.891539395,0.433333486,0.159078032,-0.000507333491,-0.00552841788,0.000979190459,0.194685042,-0.738737702,-0.379023492,-0.243408591,0.00116488955,-0.00966651086,0.0013463425
0.118443504,-0.539947629,0.957026124,0.0187225826,-0.0934812127,0.819035767,-0.565765976,-0.134917453,0.0997799784,-0.109110653,0.172408715,-0.0774206445,0.050941918,-0.666914582,0.305342317,0.0100145042,1.23002136,0.0908904672,0.133658528,-0.120523922,0.235631794,-0.0102826506,-0.405484617,0.880504012,0.433074862,0.153757185,-0.000498198497,-0.0056058825,0.0009636553,0.20204854,-0.736434937,-0.388086051,-0.251500934,0.00124654104,-0.00963188615,0.00142455555
0.119034655,-0.539512515,0.953219771,0.0139697527,-0.0849367516,0.817209887,-0.569875947,-0.140689567,0.0765746236,-0.0918127969,0.18454361,-0.0929334015,0.0532290451,-0.612746,0.293137401,0.0500049479,1.15658379,0.0865711421,0.134099752,-0.125858635,0.227548003,-0.00958865881,-0.403210282,0.863047838,0.439191103,0.148037389,-0.000495009939,-0.00571297389,0.000958932447,0.206036121,-0.734077752,-0.396301508,-0.256149858,0.00137140998,-0.00961188972,0.00151512958
0.119297646,-0.539282382,0.949035585,0.00847019048,-0.0750988555,0.815936903,-0.573180066,-0.146596313,0.0501579605,-0.0743023157,0.199610889,-0.109957829,0.0557366014,-0.553425252,0.276523262,0.0924354643,1.07581997,0.0810196698,0.134486794,-0.129507333,0.216988474,-0.00971238595,-0.399779201,0.844923019,0.447198361,0.142590225,-0.000491006824,-0.00582998944,0.000959655037,0.208032221,-0.731362939,-0.403645992,-0.259618968,0.00150572415,-0.00958113186,0.00161563023
0.11890465,-0.53946209,0.944096804,0.00148039839,-0.0626831395,0.81581499,-0.574903936,-0.152771562,0.0173249766,-0.0563686043,0.22053811,-0.130002186,0.0586845092,-0.483811796,0.251097292,0.139739081,0.980419934,0.0730058402,0.134765506,-0.129785538,0.201481357,-0.0114706261,-0.394036144,0.825463414,0.458984643,0.137688547,-0.000485375815,-0.00596683007,0.000971262576,0.206047416,-0.727933228,-0.409248829,-0.260729373,0.00165890506,-0.00952886511,0.00173596304
0.118254103,-0.539749682,0.938781381,-0.00537249242,-0.0498000404,0.816528174,-0.575128536,-0.159252912,-0.01588987,-0.0399067923,0.244373515,-0.152446568,0.0634732991,-0.422785342,0.221164927,0.181649446,0.897331834,0.0610798001,0.134938344,-0.125983179,0.183852896,-0.0148564531,-0.387716174,0.807607591,0.472322643,0.132707,-0.000472138345,-0.00611169264,0.00099614705,0.19790113,-0.722375751,-0.411866426,-0.260955632,0.00179697713,-0.0094075352,0.00185920205
0.11747463,-0.540091336,0.933276415,-0.0121573502,-0.0366756145,0.817565645,-0.574537653,-0.165888935,-0.0493040867,-0.0241767056,0.269669026,-0.176096603,0.0691837072,-0.366036624,0.188971847,0.220874026,0.820378125,0.0471947119,0.135058299,-0.120139688,0.165159345,-0.0190568939,-0.381106108,0.790549099,0.486439764,0.127684236,-0.000455094414,-0.00626060273,0.00102767604,0.186672181,-0.715753138,-0.412992179,-0.260739952,0.00192753016,-0.0092516439,0.0019839257
0.117146425,-0.54002279,0.928316116,-0.0161342378,-0.0266704837,0.819198305,-0.572662648,-0.171792328,-0.0733320862,-0.0133560738,0.292808056,-0.200388938,0.0788610727,-0.344163477,0.161718994,0.240728438,0.795432329,0.0311037265,0.135153502,-0.108348921,0.149704754,-0.0253756009,-0.37604481,0.77803576,0.49739939,0.118878409,-0.000415916205,-0.00640901597,0.0010713744,0.162322789,-0.703801155,-0.406411469,-0.26257515,0.00198866986,-0.00891773961,0.0020636383
0.117140949,-0.539665639,0.923886418,-0.0189668954,-0.01835524,0.820665971,-0.570798306,-0.177032381,-0.0928566605,-0.00441171089,0.313744992,-0.2235585,0.0896482319,-0.336254686,0.13842161,0.253992409,0.792502761,0.0163280442,0.135272801,-0.095285289,0.136238039,-0.0323857218,-0.372119725,0.767226398,0.505699456,0.107327133,-0.000366240711,-0.00656754524,0.00111170509,0.133292809,-0.690031767,-0.395459056,-0.266652197,0.00202164333,-0.00852787122,0.00211717677
0.117780492,-0.538731813,0.92051816,-0.0195148515,-0.0134245634,0.821954142,-0.569060929,-0.180945471,-0.103376366,0.000780775095,0.3302764,-0.244479328,0.102651305,-0.356257558,0.123034641,0.254081517,0.833577335,0.00418423302,0.135440201,-0.0796802416,0.126747221,-0.0407763235,-0.370466352,0.759824693,0.508682013,0.0902909636,-0.000295594597,-0.00674626231,0.00114529696,0.0949136838,-0.672632575,-0.375771135,-0.275209188,0.00199831417,-0.00802622736,0.00211839029
0.118912831,-0.537318707,0.918418646,-0.0182998271,-0.0115285468,0.822577107,-0.568242124,-0.183602855,-0.106326833,0.00285642571,0.342105687,-0.261005104,0.116416261,-0.399831593,0.114218377,0.245333239,0.912890792,-0.00438603899,0.135640427,-0.062824674,0.119567171,-0.0506634787,-0.372020841,0.756087899,0.50337255,0.0667477995,-0.000202915398,-0.00697867572,0.00115380925,0.0492039993,-0.653253853,-0.344115436,-0.291140199,0.00192033243,-0.00748536643,0.00205614092
0.120291345,-0.535666287,0.916953981,-0.0162035951,-0.0111505006,0.82287197,-0.567886284,-0.185631767,-0.105491683,0.00337307784,0.351581275,-0.275329769,0.13055937,-0.455183506,0.108689584,0.232167602,1.01130939,-0.0111676147,0.135857031,-0.0453472175,0.113544062,-0.0612969734,-0.375179052,0.754184484,0.493917584,0.0399555899,-9.92373971e-05,-0.00723789353,0.00114977895,-0.000162042998,-0.63288933,-0.306481749,-0.310755372,0.00181503734,-0.006925005,0.00196216931
0.121525407,-0.534195304,0.91708231,-0.0125935586,-0.0140813716,0.821611797,-0.5697343,-0.186647475,-0.097552374,-0.00104906852,0.355800807,-0.282442421,0.142621681,-0.52625531,0.10825251,0.214665174,1.13273668,-0.0147536518,0.136107534,-0.0264855698,0.106731042,-0.0734995604,-0.384164274,0.75864923,0.465733826,0.0069346549,1.99502792e-05,-0.00756752817,0.00108504237,-0.0560612753,-0.613673687,-0.249799758,-0.340128005,0.00163681433,-0.00640120916,0.00177475484
0.122367039,-0.533150554,0.917625308,-0.0089279842,-0.0179016554,0.819582287,-0.572612169,-0.18748349,-0.0884338096,-0.0083332723,0.358752131,-0.287887126,0.153115183,-0.594283938,0.108720869,0.198599637,1.24759912,-0.0176558346,0.13652873,-0.00735296682,0.0987431705,-0.0855539441,-0.395222038,0.765576661,0.429032564,-0.0257173646,0.000132353249,-0.00789091457,0.000999338226,-0.112618133,-0.596260965,-0.187113777,-0.369800806,0.00143932353,-0.00589615665,0.00157197739
0.12242417,-0.532958031,0.918998122,-0.0051492202,-0.0235029332,0.81600417,-0.577545056,-0.187960535,-0.0769508108,-0.0213469099,0.35916838,-0.2899988,0.160476997,-0.656266987,0.11100062,0.185398534,1.34940004,-0.0191918705,0.137291625,0.0123333074,0.0884003639,-0.0973192155,-0.41043222,0.777434409,0.375271469,-0.0576513745,0.000231253405,-0.00820199959,0.000871640688,-0.170524985,-0.582444012,-0.112379715,-0.400092155,0.00120317121,-0.00542828953,0.00133834535
0.121223867,-0.533880353,0.921001434,-0.00177648915,-0.0306770143,0.810412797,-0.585052872,-0.187969163,-0.0642923042,-0.0436643735,0.357226342,-0.290744424,0.164340079,-0.701723099,0.114930823,0.178353041,1.42253375,-0.0191559214,0.139574289,0.031271901,0.0756359696,-0.107129142,-0.429692626,0.793275237,0.301411211,-0.0834945887,0.000298396859,-0.00843901001,0.000724281184,-0.225355208,-0.5738675,-0.0261537079,-0.423970997,0.000941760722,-0.00500323204,0.0011355608
0.119394653,-0.535360336,0.923319995,0.00139326437,-0.0386331367,0.803706102,-0.59376935,-0.187743455,-0.0510459244,-0.070635356,0.354104817,-0.290807098,0.166453302,-0.738912821,0.119686514,0.174386382,1.48132908,-0.0183336437,0.142617375,0.0498363078,0.0616605356,-0.115960941,-0.450978547,0.811107457,0.217498317,-0.106290899,0.000349657348,-0.00863896776,0.000567092618,-0.278645784,-0.567912042,0.0658198148,-0.444641858,0.000667720509,-0.00459959079,0.000948215718
0.11556533,-0.537503004,0.926000834,0.00430854625,-0.0478915083,0.793820316,-0.60624842,-0.186588183,-0.0366062261,-0.113455214,0.347508013,-0.290887654,0.163584441,-0.747696638,0.126872301,0.180695027,1.49585545,-0.0142342746,0.150696427,0.0649639815,0.0453368835,-0.120460302,-0.47609967,0.828944802,0.103810944,-0.114241898,0.000355915981,-0.00869073346,0.000427935622,-0.318531036,-0.570396662,0.172779202,-0.44829759,0.000387925393,-0.00430694083,0.00091610488
0.111179188,-0.53918767,0.928511381,0.00725287723,-0.0569133394,0.782912734,-0.619480361,-0.18532303,-0.0220888145,-0.160066977,0.340032995,-0.291515887,0.159058541,-0.747113705,0.134110466,0.189643219,1.49649215,-0.00898389705,0.160522208,0.0787081867,0.0285084359,-0.123550832,-0.500234485,0.844488859,-0.0169051718,-0.116644032,0.00035453905,-0.00869444199,0.000302549859,-0.352427661,-0.57589823,0.282629341,-0.444952548,0.000116495525,-0.00406382093,0.000969830202
0.105677314,-0.539956689,0.93068254,0.0102563666,-0.0654745148,0.770174438,-0.634380981,-0.183837622,-0.00741002522,-0.214283437,0.33079797,-0.293239951,0.151215866,-0.727792144,0.141456366,0.203875482,1.46934259,-0.00142878364,0.173846319,0.0896903202,0.0106632877,-0.123824224,-0.522406101,0.855451524,-0.151731461,-0.107946604,0.000337886537,-0.00860201009,0.000204662516,-0.37435776,-0.58743751,0.398307085,-0.427601129,-0.000138310017,-0.00391968712,0.00119529327
0.0992233753,-0.538958371,0.932046533,0.0128485688,-0.0727751166,0.756333455,-0.649998771,-0.183327764,0.00624119956,-0.27135092,0.321054637,-0.297249377,0.140719101,-0.691039324,0.145458072,0.21877265,1.41354847,0.00682125008,0.187345982,0.0987587422,-0.00824606232,-0.121309742,-0.537081122,0.859869838,-0.290406197,-0.0899110734,0.000319863902,-0.0084377965,0.00012697409,-0.386800885,-0.604859829,0.511600196,-0.397881955,-0.000385016785,-0.00386814494,0.00162857748
0.0922932774,-0.537076294,0.933006883,0.0152308428,-0.0794237996,0.74173903,-0.665795083,-0.183306172,0.0193783175,-0.32984373,0.311057419,-0.3024019,0.128895059,-0.645569086,0.147786647,0.234001547,1.34342837,0.0154184336,0.20093286,0.106870241,-0.0276878402,-0.117400832,-0.548006237,0.861014903,-0.431004018,-0.0672058165,0.000301156862,-0.00823768694,5.93859295e-05,-0.394499719,-0.625224113,0.62369889,-0.361978263,-0.000627678703,-0.00386291137,0.00216579717
0.0840101093,-0.533183098,0.932478428,0.0158316387,-0.0847160472,0.72666874,-0.681560777,-0.18791011,0.0293168854,-0.386785328,0.303600818,-0.311149359,0.114986449,-0.582075119,0.14011167,0.242351443,1.23426414,0.0209607184,0.209021181,0.114329949,-0.0503301993,-0.108944118,-0.543731332,0.851792336,-0.560650527,-0.0378909782,0.000288943877,-0.00800450239,-3.07563823e-07,-0.394266367,-0.650473177,0.715420663,-0.319803894,-0.000915486366,-0.00397663098,0.00294785528
0.0752868652,-0.529107451,0.931429327,0.0155691338,-0.089843907,0.711559836,-0.696683769,-0.195635274,0.0381469876,-0.441160083,0.298520327,-0.320018947,0.100676082,-0.516909361,0.128773794,0.246951014,1.1175077,0.024270501,0.214782074,0.122162059,-0.0750601441,-0.0991205201,-0.534513652,0.839238822,-0.681103349,-0.00923561305,0.000278064224,-0.00777952233,-5.92304496e-05,-0.392466277,-0.675052464,0.796168923,-0.280391902,-0.00122840051,-0.00412363885,0.00376046402
0.0656836107,-0.524667025,0.929338992,0.0135890177,-0.094686572,0.696773977,-0.710883828,-0.209601909,0.0447604991,-0.490402043,0.29819122,-0.329132617,0.0855623484,-0.448400468,0.110111229,0.244051114,0.985569417,0.0231159609,0.215888798,0.130738869,-0.103964619,-0.0865635723,-0.515412092,0.82002449,-0.783171594,0.0181009918,0.000269850774,-0.00757095125,-0.000116612355,-0.387533188,-0.698292315,0.854973435,-0.2465038,-0.00159152003,-0.00433721347,0.00463416474
0.0552452207,-0.519959688,0.926309764,0.00997191471,-0.0995248639,0.683444259,-0.723117769,-0.232340366,0.0500883348,-0.530014813,0.305598319,-0.335866153,0.0696197525,-0.385494679,0.0880227014,0.231940329,0.855877876,0.0145254368,0.21284318,0.140251234,-0.137206614,-0.0718631595,-0.488664925,0.796289384,-0.85923028,0.0406932831,0.000259683846,-0.00737674721,-0.000164126541,-0.380331039,-0.716470003,0.892361939,-0.222233087,-0.00198081741,-0.00458084932,0.00550593343
0.0443908572,-0.515119553,0.922811508,0.00553637421,-0.104346805,0.670762604,-0.734274214,-0.259461224,0.0547725186,-0.564806938,0.316872358,-0.341408521,0.0532651618,-0.325400054,0.0642245635,0.215225965,0.727329493,0.00221823109,0.207721889,0.150229946,-0.172612295,-0.0560932495,-0.458099067,0.770297527,-0.922272503,0.0609099641,0.000248541706,-0.00718975579,-0.000206699595,-0.371995449,-0.732113779,0.919036627,-0.202774748,-0.00238314387,-0.00483947899,0.00637660362
0.0326419622,-0.508887768,0.91853565,0.000188543459,-0.109268478,0.662330141,-0.741201152,-0.298274249,0.0594829172,-0.582917929,0.340884984,-0.342129558,0.0365256146,-0.284157068,0.0449223779,0.184717983,0.627637029,-0.0268208217,0.196828768,0.16020225,-0.207802162,-0.0376984365,-0.422365308,0.742272019,-0.948266864,0.0729998946,0.00022825801,-0.00700749457,-0.000225497904,-0.361024976,-0.738948166,0.923935175,-0.194961607,-0.00276916451,-0.00508170249,0.00724546984
0.0208579451,-0.502140164,0.91432339,-0.00481617876,-0.114104675,0.655479141,-0.746527979,-0.338622481,0.0649913028,-0.596705258,0.367227584,-0.341294199,0.0203935876,-0.250096649,0.0288161617,0.151980788,0.541229546,-0.0612510778,0.184695408,0.169428706,-0.239780411,-0.0188551173,-0.387069166,0.714741707,-0.965633869,0.0829961225,0.000204260636,-0.00683043431,-0.000237182248,-0.348953545,-0.743707716,0.924420834,-0.18934539,-0.00313899387,-0.00531702675,0.00811293162
0.00900008623,-0.494358927,0.910236955,-0.00913586682,-0.1187982,0.651953002,-0.74883964,-0.382052958,0.0720971003,-0.601850867,0.398237437,-0.337346196,0.00547148986,-0.230388775,0.0190959834,0.114775859,0.481361479,-0.106472597,0.170078278,0.177166447,-0.26534614,0.000890821218,-0.35263741,0.688193202,-0.96575439,0.0888086408,0.000172829677,-0.00666372012,-0.000234644394,-0.334676921,-0.744319558,0.916081727,-0.188120663,-0.00347655802,-0.00553862704,0.00897785276
-0.00231843628,-0.486224294,0.906832278,-0.0125238787,-0.122772913,0.651395038,-0.748635071,-0.422732234,0.0816248953,-0.601504087,0.427131385,-0.330078423,-0.0070659793,-0.221443355,0.0144117586,0.0804822147,0.443092883,-0.154741764,0.155858681,0.182594687,-0.281967252,0.0201825798,-0.32170701,0.664157033,-0.955095172,0.0925999805,0.000136033661,-0.00651268568,-0.000221617229,-0.317511618,-0.743557692,0.90164578,-0.189608261,-0.0037769773,-0.00576411746,0.00979681872
-0.0133679779,-0.477912635,0.903768361,-0.0154463092,-0.126388343,0.652319799,-0.747172188,-0.462038606,0.0923636854,-0.598412335,0.454969257,-0.321151167,-0.0184122566,-0.217876494,0.012244246,0.0476418585,0.415617645,-0.204536572,0.141837031,0.186868921,-0.294118732,0.0392483249,-0.292524964,0.641375363,-0.939047754,0.095381327,9.65543004e-05,-0.0063694804,-0.000203346906,-0.298901618,-0.742109179,0.88416177,-0.192451537,-0.00405884627,-0.00599156367,0.0105928564
-0.0229620151,-0.470000446,0.902066469,-0.0182728718,-0.128057308,0.656897979,-0.742800426,-0.490755796,0.104686305,-0.589997053,0.472464204,-0.306935579,-0.0262268949,-0.22384572,0.0130680799,0.0262531955,0.40557462,-0.244522423,0.132153273,0.188295513,-0.295466542,0.056407012,-0.271226197,0.6239447,-0.91358602,0.0977659822,5.54314538e-05,-0.00623430358,-0.000175843394,-0.277147204,-0.743155718,0.861429751,-0.199501783,-0.0042864969,-0.00622439478,0.0112217469
-0.031935811,-0.462315619,0.90078932,-0.0215280941,-0.128961394,0.662419769,-0.737635106,-0.515269697,0.116280481,-0.580319643,0.486222923,-0.290986985,-0.0332118645,-0.231820315,0.013653026,0.00904280599,0.397709966,-0.278801292,0.124461181,0.189146236,-0.29433617,0.0728697926,-0.25327,0.608499348,-0.88723278,0.100585788,1.64518733e-05,-0.00609856937,-0.000148507796,-0.255808324,-0.746359348,0.838460565,-0.20816876,-0.00449108658,-0.00645117834,0.0117696421
-0.0396712571,-0.455083638,0.900361001,-0.0256408316,-0.128337017,0.669832916,-0.730887148,-0.53138423,0.126420468,-0.568116784,0.492513776,-0.271570057,-0.0385393351,-0.243806288,0.0137604373,0.000183345284,0.394199491,-0.301676005,0.120749839,0.188845694,-0.288250506,0.0879444554,-0.241993681,0.597020388,-0.85909164,0.104276262,-1.82501735e-05,-0.00596169336,-0.000121502409,-0.235295981,-0.753876984,0.815012515,-0.220070198,-0.004649607,-0.00666591385,0.0121556977
-0.0458766297,-0.448058963,0.900702357,-0.0308964193,-0.126228994,0.678649756,-0.722873544,-0.540630519,0.133772746,-0.553225338,0.492789,-0.249440938,-0.0427002236,-0.258887798,0.0117638363,-0.00162372924,0.391967297,-0.313223898,0.121382698,0.187571257,-0.278396338,0.101365566,-0.238149494,0.5891819,-0.833024979,0.110160872,-4.46192826e-05,-0.00583379669,-0.00010030235,-0.219147801,-0.766528189,0.793007374,-0.235383064,-0.00474568363,-0.00684644561,0.0123422202
-0.0513163209,-0.441138297,0.901428521,-0.0367188752,-0.123362301,0.688076925,-0.714131369,-0.546441019,0.13973026,-0.536989808,0.490055412,-0.225956649,-0.0462773889,-0.275516868,0.0087147532,9.66990192e-05,0.390374482,-0.319105685,0.124188572,0.185809717,-0.266657859,0.113958783,-0.238023296,0.583164752,-0.807997644,0.117142767,-6.68189241e-05,-0.00571040157,-8.20072673e-05,-0.20518364,-0.781746149,0.771725059,-0.252401561,-0.00481051812,-0.0070098564,0.0124289123
-0.0542365313,-0.434190035,0.903290749,-0.0439061058,-0.118654654,0.698877724,-0.703962537,-0.545370221,0.142093077,-0.515315294,0.480425954,-0.201891705,-0.0482501537,-0.295815527,0.00103636575,0.0102533381,0.389410079,-0.309726954,0.133973539,0.182234988,-0.251091868,0.123249598,-0.251059026,0.581268251,-0.788480759,0.127904326,-7.69138715e-05,-0.00562786683,-7.28313607e-05,-0.199986428,-0.800947785,0.751680315,-0.274455577,-0.00476298109,-0.00708636828,0.0120723592
-0.0564610027,-0.427371353,0.905471683,-0.0513693536,-0.113522305,0.709841602,-0.693252318,-0.542613685,0.143800139,-0.491373301,0.469319463,-0.179137275,-0.049636513,-0.31685558,-0.00829598494,0.0224306136,0.388463289,-0.295668453,0.145787805,0.178009838,-0.2350308,0.131406054,-0.269248158,0.580447674,-0.770155728,0.138325244,-8.47485062e-05,-0.00556639209,-6.51578157e-05,-0.197282881,-0.819084764,0.730511487,-0.297806025,-0.00467015989,-0.00711727049,0.0114420233
-0.0572945662,-0.42080906,0.908291221,-0.0593959477,-0.10756922,0.721303716,-0.681631817,-0.536483765,0.144196004,-0.46288529,0.455253452,-0.158995301,-0.0498503223,-0.339387268,-0.020940898,0.038655147,0.387551248,-0.272242278,0.161666542,0.172481775,-0.217972666,0.137296528,-0.297754049,0.581779242,-0.754207492,0.148068905,-8.8064553e-05,-0.00554702152,-6.04866545e-05,-0.199566856,-0.835099638,0.707085371,-0.323759615,-0.00448671123,-0.00705694221,0.0102637252
-0.0572727583,-0.415160745,0.911474228,-0.0677651383,-0.101231242,0.733381225,-0.668813951,-0.527487516,0.144246802,-0.428802967,0.439686745,-0.142665014,-0.0487107784,-0.362333119,-0.035972286,0.0569063425,0.386001527,-0.241796613,0.179159045,0.165528491,-0.200765699,0.141446009,-0.334876537,0.585617065,-0.736219883,0.150658935,-9.01882449e-05,-0.00558032934,-5.63160029e-05,-0.205047458,-0.844961643,0.677182376,-0.351077676,-0.00421211543,-0.00688367384,0.00836876966
-0.0568232238,-0.409969658,0.91483897,-0.0762870212,-0.0946765195,0.745579443,-0.655231212,-0.517057717,0.144125164,-0.391922534,0.423369378,-0.128240898,-0.0468943864,-0.385485977,-0.0521969832,0.0761709362,0.384132624,-0.2078408,0.197458178,0.157862216,-0.183484167,0.144724831,-0.376307577,0.590708494,-0.717211306,0.149670005,-9.1715825e-05,-0.00563998614,-5.23954877e-05,-0.212126568,-0.851745963,0.644039452,-0.379077971,-0.00389194023,-0.0066539282,0.00611544494
-0.0559910759,-0.406873763,0.91831845,-0.0853672152,-0.0882690076,0.75922481,-0.639139037,-0.503130317,0.144735307,-0.345944762,0.40387702,-0.116942056,-0.0433364064,-0.408417702,-0.0691088066,0.0961090326,0.379540384,-0.169468075,0.213381737,0.146675885,-0.165036172,0.146323219,-0.421177894,0.600286245,-0.684597015,0.127732679,-9.38968587e-05,-0.00579456706,-4.73637338e-05,-0.220931098,-0.846113443,0.595887125,-0.406812787,-0.00351279671,-0.00635260576,0.00347253494
-0.0553732403,-0.404427528,0.921733618,-0.0947305073,-0.0820328782,0.773035374,-0.621862564,-0.488066256,0.145960599,-0.297799736,0.382142544,-0.105068289,-0.0397714749,-0.43097347,-0.0852942318,0.115868777,0.373202682,-0.131618157,0.227600411,0.133552521,-0.145600647,0.14768526,-0.463197291,0.611194491,-0.645206749,0.0979020223,-9.63378188e-05,-0.00598405534,-4.17832853e-05,-0.229722619,-0.836080432,0.543174148,-0.432875991,-0.00315279863,-0.00609996822,0.0011425477
-0.055183962,-0.403280377,0.925019979,-0.104693432,-0.0761851886,0.787523008,-0.602530177,-0.470729321,0.148415983,-0.245320961,0.355924517,-0.0920448005,-0.0361926369,-0.452777296,-0.100027069,0.135271862,0.36337468,-0.0948137492,0.238409877,0.116555728,-0.124190368,0.14857471,-0.499515653,0.62476337,-0.592266858,0.0522871241,-9.92985806e-05,-0.00624334812,-3.51056151e-05,-0.238488123,-0.817247331,0.4813416,-0.455596417,-0.00283108489,-0.00594468648,-0.000561689027
-0.0559665486,-0.403021485,0.928040445,-0.11524696,-0.0705678469,0.802199848,-0.581561451,-0.450281471,0.15233916,-0.191732094,0.324453652,-0.0757715926,-0.0343091525,-0.472116083,-0.112046152,0.153611273,0.34845534,-0.0617511719,0.246014327,0.0947475582,-0.101028465,0.149864882,-0.525758564,0.639863014,-0.530740619,-0.000561624765,-0.000101938218,-0.00655650767,-2.82654983e-05,-0.248024791,-0.792832732,0.418856859,-0.471054107,-0.002578757,-0.00596190896,-0.00130600971
-0.0572352409,-0.403206885,0.930927753,-0.126038199,-0.0650355171,0.816595348,-0.559514783,-0.428278476,0.156996265,-0.137590989,0.290357322,-0.0578738339,-0.0332739875,-0.490220636,-0.122707084,0.171417594,0.330990076,-0.030562073,0.252015412,0.0705339015,-0.0769918934,0.151355624,-0.546960592,0.655727327,-0.464924395,-0.0570240095,-0.000104416984,-0.00689658755,-2.13447147e-05,-0.257946968,-0.765628457,0.356050938,-0.482877821,-0.00236114417,-0.00606540684,-0.00157020416
-0.0601657517,-0.40425837,0.93328464,-0.136693855,-0.0595864973,0.830762238,-0.536281963,-0.400839955,0.163022459,-0.0847623944,0.252162874,-0.0365647562,-0.0367661007,-0.502166152,-0.128280148,0.186770022,0.305760205,-0.00601540878,0.255016923,0.0396756753,-0.0535782203,0.15506345,-0.555587232,0.670870662,-0.403741539,-0.104002908,-0.000105251609,-0.00723781995,-1.6571008e-05,-0.271934986,-0.739517689,0.309753746,-0.480484575,-0.00220090686,-0.00630995026,-0.00103283301
-0.063523978,-0.40543133,0.935459852,-0.146795953,-0.0543069222,0.844214347,-0.512643973,-0.372273207,0.169230774,-0.0325175002,0.214388654,-0.0153266424,-0.0421053693,-0.512222171,-0.131979778,0.201168433,0.27914831,0.0169436559,0.257534534,0.00739866868,-0.0313582532,0.15994899,-0.562314034,0.684593797,-0.348221004,-0.144815564,-0.00010512404,-0.00754664605,-1.27929234e-05,-0.288366407,-0.71556747,0.271887064,-0.472734332,-0.00203400012,-0.00652842782,-0.00050310418
-0.0677379444,-0.406847358,0.937271714,-0.155908084,-0.0494244396,0.856983472,-0.488701568,-0.341447145,0.175803989,0.0185653754,0.177451029,0.00577170961,-0.05113931,-0.518500268,-0.131933123,0.213660344,0.249769941,0.0367300138,0.259084761,-0.0277190339,-0.0115233259,0.167190343,-0.56524229,0.695477962,-0.304018855,-0.173300505,-0.000103072154,-0.00779069681,-1.10055953e-05,-0.309685916,-0.695935845,0.250876665,-0.454269767,-0.00185373821,-0.00669479696,1.13947899e-05
-0.0723872334,-0.408046663,0.938793898,-0.1635528,-0.0455303962,0.868691968,-0.465351189,-0.311235249,0.183138311,0.0676310956,0.143888414,0.0260196608,-0.063936457,-0.522525609,-0.12765643,0.223775581,0.221405119,0.05515939,0.260147631,-0.0634027272,0.00586475758,0.177139491,-0.568514705,0.702286601,-0.272424459,-0.192869037,-9.74981813e-05,-0.0079302527,-1.0308353e-05,-0.338682264,-0.680186272,0.244821548,-0.42542538,-0.00163509464,-0.00672994973,0.000304983201
-0.0772543401,-0.409137726,0.940171599,-0.170409726,-0.042117436,0.879592291,-0.442158397,-0.281328768,0.190853387,0.11569114,0.112010911,0.0458436161,-0.0786150843,-0.525425196,-0.121265329,0.232703492,0.193545416,0.072911486,0.260966986,-0.0993711129,0.0220307987,0.188442484,-0.571959257,0.707058728,-0.247129694,-0.207982183,-9.01636013e-05,-0.00801759027,-1.01558999e-05,-0.371516973,-0.666376114,0.24624069,-0.391391754,-0.00139725686,-0.00669952249,0.000488176214
-0.0820929259,-0.409418583,0.941249907,-0.17487069,-0.0405157557,0.888638346,-0.422019674,-0.255847305,0.200672239,0.158161685,0.0870809853,0.0646885931,-0.0975436345,-0.526840448,-0.108623385,0.237409845,0.171454906,0.0899006575,0.261329621,-0.13307932,0.0357248858,0.203675419,-0.581573665,0.705597699,-0.237012863,-0.217407331,-7.56862137e-05,-0.00793424249,-9.75597504e-06,-0.418023854,-0.656823337,0.263103127,-0.348034203,-0.0011360466,-0.00648828363,0.000449608022
-0.0867203325,-0.40941155,0.94225955,-0.178584925,-0.0393618284,0.896653504,-0.403200402,-0.232318595,0.210881412,0.198123544,0.0646007657,0.0828089863,-0.116745815,-0.528179169,-0.0948166475,0.240973711,0.151846945,0.106362775,0.261608779,-0.165369943,0.0486453883,0.219875619,-0.594858646,0.701923847,-0.230390489,-0.226131052,-5.93838522e-05,-0.00779905962,-8.91326545e-06,-0.467559636,-0.648430765,0.282849073,-0.304540157,-0.000887117349,-0.00624236278,0.000394535629
-0.0909268856,-0.408828884,0.943131864,-0.180919322,-0.0391296085,0.90318346,-0.387294088,-0.212687597,0.221874177,0.233080998,0.0470123589,0.0994859487,-0.136501044,-0.529365122,-0.0786764547,0.242254078,0.137197345,0.121775962,0.261720985,-0.194835663,0.060022898,0.238014981,-0.615487814,0.693824112,-0.230753869,-0.233454823,-3.94271156e-05,-0.00756018097,-7.1848599e-06,-0.523167431,-0.642355919,0.308367133,-0.26075995,-0.000662670238,-0.0059270123,0.000306443195
-0.0944994539,-0.407929897,0.943922043,-0.182560407,-0.0393677339,0.908295537,-0.374327526,-0.197135568,0.231940866,0.262308508,0.0337204449,0.113813959,-0.154226661,-0.531033039,-0.0630953088,0.24247539,0.127135545,0.135260731,0.261773497,-0.220792264,0.0694260895,0.256613731,-0.643949747,0.681186318,-0.235526741,-0.239807665,-1.86297566e-05,-0.00725316582,-4.28755811e-06,-0.578942776,-0.63768971,0.335295677,-0.221270382,-0.000479728478,-0.00559538137,0.000236004562
-0.0977553427,-0.406872809,0.944671273,-0.183849821,-0.0398398403,0.912673447,-0.362821181,-0.183621421,0.241545215,0.288673729,0.0225752238,0.126968712,-0.170938775,-0.532941878,-0.0477927737,0.242167413,0.119366206,0.147782385,0.261796176,-0.244996369,0.0778429955,0.275443077,-0.676327884,0.666279972,-0.242503658,-0.245675579,2.58880004e-06,-0.0069120815,-8.05900015e-07,-0.634804845,-0.633727491,0.362930596,-0.183923244,-0.000317521597,-0.00525559671,0.000174385699
-0.100059912,-0.405957103,0.945369363,-0.1850862,-0.0404752519,0.915446911,-0.355051835,-0.175711915,0.247781128,0.30600214,0.0162577201,0.136491179,-0.182523057,-0.535949886,-0.036487598,0.24166514,0.116499424,0.156935215,0.261798441,-0.263187289,0.082995832,0.29217729,-0.715930939,0.64642036,-0.25208348,-0.249706611,2.18844179e-05,-0.00654464401,4.36845585e-06,-0.683405638,-0.630211294,0.386534989,-0.156843275,-0.00020927962,-0.00494556921,0.000147078274
-0.10209886,-0.405193508,0.946059585,-0.186360004,-0.0410696684,0.917791737,-0.348197584,-0.169201836,0.252901644,0.320627868,0.0109990407,0.145019978,-0.192420721,-0.539132774,-0.026684219,0.241237551,0.114541285,0.165115297,0.261799991,-0.279286385,0.0872546136,0.307592809,-0.755802572,0.625843883,-0.261260331,-0.252927631,4.0081246e-05,-0.00618531415,9.86362465e-06,-0.728221714,-0.62646836,0.407440156,-0.133240387,-0.000114480055,-0.00465407548,0.000125755498
-0.103607081,-0.404733956,0.94673419,-0.187726711,-0.0415861281,0.919368706,-0.343206146,-0.165488586,0.255792916,0.329852551,0.00785639882,0.151563704,-0.198947966,-0.542665958,-0.0198816713,0.240959257,0.11439956,0.171352103,0.261799991,-0.291206121,0.089726612,0.320374787,-0.796219468,0.603829801,-0.269633412,-0.254529715,5.60847548e-05,-0.00584212318,1.60013751e-05,-0.765479326,-0.622271299,0.422952473,-0.116585061,-4.65392441e-05,-0.00439958088,0.000116394614
-0.104681008,-0.404519171,0.947382689,-0.188961162,-0.0420230405,0.920458895,-0.339533748,-0.163407937,0.257426381,0.335367501,0.00587873673,0.156590864,-0.202965453,-0.545895815,-0.0151310582,0.240662128,0.114941895,0.176367521,0.261799991,-0.299783438,0.0911953375,0.330620646,-0.834230363,0.581444502,-0.276727974,-0.254046023,6.94452465e-05,-0.00552027021,2.22229537e-05,-0.795100331,-0.617035627,0.433361173,-0.104683205,7.811459e-07,-0.00418937067,0.000110869616
-0.10553766,-0.404426813,0.948017955,-0.190129452,-0.0424201921,0.921305922,-0.336521495,-0.162143916,0.258430839,0.339026839,0.00448380178,0.160859257,-0.205727473,-0.548973858,-0.0114068966,0.240355521,0.115826264,0.180771872,0.261799991,-0.306688696,0.0921622664,0.339597523,-0.871035695,0.558874547,-0.28318283,-0.252518922,8.14830419e-05,-0.00520910509,2.84861089e-05,-0.820900321,-0.611280501,0.441216916,-0.0951592475,3.77854813e-05,-0.00400132127,0.000107263171
-0.105957061,-0.404585153,0.948573411,-0.190895517,-0.0429664639,0.921695477,-0.334948103,-0.162121177,0.259160578,0.339622915,0.00385265495,0.16345571,-0.206237733,-0.551232338,-0.00906000845,0.239231706,0.116585046,0.184508502,0.261799991,-0.310863733,0.0927673653,0.346210301,-0.902759492,0.535560906,-0.29005909,-0.246795565,8.98294893e-05,-0.00491210446,3.44814252e-05,-0.838723063,-0.602902174,0.445519269,-0.0887200236,5.13655068e-05,-0.00387389748,0.00010504837
-0.106337339,-0.404839635,0.949090719,-0.191578761,-0.0437626432,0.921955752,-0.333736424,-0.162473336,0.260304213,0.33948043,0.00334562454,0.165677816,-0.206356794,-0.553319871,-0.00666964566,0.23728174,0.117127642,0.188328117,0.261799991,-0.314638615,0.0936478972,0.352610111,-0.933271766,0.511654854,-0.298329234,-0.239172637,9.73695787e-05,-0.00461286819,4.03660597e-05,-0.855505466,-0.593294621,0.449908614,-0.0825259462,5.84153458e-05,-0.00375819951,0.000103560364
-0.106639586,-0.405286491,0.949532032,-0.19209735,-0.0450592863,0.921961577,-0.333249337,-0.16357556,0.262276322,0.337860525,0.00308668474,0.167152017,-0.20569329,-0.555066407,-0.00419133808,0.233678222,0.117237978,0.19231528,0.261799991,-0.317614406,0.0950798169,0.358586252,-0.961373091,0.486554116,-0.30939126,-0.227746561,0.000103299622,-0.00430903584,4.60316624e-05,-0.870213509,-0.581224024,0.454473823,-0.0768197328,5.24043608e-05,-0.00366591057,0.000103525745
-0.107107967,-0.406024277,0.94988668,-0.19270971,-0.0473989276,0.921668093,-0.333383017,-0.166104525,0.266181499,0.334226429,0.00305314362,0.168185651,-0.204772219,-0.556684613,-0.000606858521,0.226927042,0.116716132,0.196743533,0.261799991,-0.31982851,0.0982124358,0.365209103,-0.989666343,0.460722029,-0.326200187,-0.211114049,0.000108217078,-0.00400531897,5.1314084e-05,-0.88568151,-0.566300154,0.459900796,-0.0715467334,3.26265363e-05,-0.00358028011,0.000107232023
-0.107659489,-0.406907558,0.950198114,-0.193367698,-0.0502599498,0.921218602,-0.33382504,-0.169347197,0.271053582,0.329584807,0.00313234748,0.168998972,-0.203722417,-0.558238626,0.00353093678,0.218601465,0.115878046,0.201392353,0.261799991,-0.321661621,0.102195829,0.372155428,-1.0180558,0.434524596,-0.345883638,-0.191877574,0.000112628157,-0.00370166381,5.64047987e-05,-0.901530087,-0.549949288,0.465758681,-0.0664905161,5.96355449e-06,-0.00349797984,0.000112809816
-0.108759284,-0.408384025,0.95037353,-0.194592329,-0.0550610727,0.920164774,-0.335259441,-0.176004335,0.279451847,0.320524395,0.00366180157,0.169393957,-0.203004897,-0.559764862,0.00992653146,0.204849243,0.113597825,0.206179559,0.261799991,-0.321627885,0.110239446,0.380703092,-1.04969096,0.411277652,-0.375818431,-0.165564895,0.00011614144,-0.00344212446,6.0335442e-05,-0.921150446,-0.530742049,0.471850276,-0.0631713867,-3.77303186e-05,-0.00342182023,0.000128659492
-0.109989062,-0.410039723,0.950505853,-0.196030885,-0.0602820238,0.918874423,-0.33705751,-0.183847651,0.288414866,0.309903443,0.00440101139,0.16963169,-0.202512741,-0.561309934,0.0165532362,0.190121859,0.11076986,0.210576773,0.261799991,-0.320668757,0.11944779,0.389419973,-1.08169794,0.390515149,-0.407429039,-0.139805675,0.00011979774,-0.00321096042,6.37762132e-05,-0.9417395,-0.51200521,0.477525264,-0.0608026609,-8.26233809e-05,-0.00334842573,0.000148710358
-0.111478165,-0.412052929,0.950551569,-0.197899213,-0.0663405577,0.917123684,-0.339586485,-0.194059551,0.298502922,0.296166509,0.00555939972,0.169554681,-0.202471554,-0.56289202,0.023638837,0.173451468,0.106847733,0.214191645,0.261799991,-0.317859083,0.130981132,0.398471028,-1.11443257,0.374732584,-0.442375541,-0.115166642,0.000123738253,-0.00303666946,6.62353923e-05,-0.964255512,-0.494219065,0.482364118,-0.0603361726,-0.000129892229,-0.00328059867,0.000177154245
-0.112779573,-0.414169997,0.950510144,-0.19989358,-0.0723729828,0.915015157,-0.342858529,-0.205899701,0.307766974,0.280363321,0.007350876,0.168826565,-0.202792436,-0.564379156,0.0294942502,0.157252178,0.102259293,0.216044843,0.261799991,-0.31258902,0.143052161,0.4066751,-1.1449132,0.364791542,-0.475200593,-0.0996302068,0.000128657717,-0.00292167999,6.77036442e-05,-0.986249566,-0.47992444,0.485564083,-0.0631825253,-0.000171224223,-0.00320746424,0.000212004612
-0.113986962,-0.416338891,0.950425327,-0.20194427,-0.078389426,0.912698,-0.346490938,-0.218553558,0.316618264,0.263527572,0.00945898797,0.167772725,-0.203294367,-0.565818667,0.0347339362,0.141289487,0.0973378569,0.217016727,0.261799991,-0.306088448,0.155391246,0.414454967,-1.17426503,0.357772827,-0.506962359,-0.0886482,0.000134066504,-0.00283635687,6.8676105e-05,-1.0079813,-0.467377037,0.487944126,-0.067686215,-0.000209584075,-0.003131676,0.000250057317
-0.114403404,-0.418257952,0.950197339,-0.203718821,-0.0835325622,0.910112477,-0.351021698,-0.232308969,0.322872013,0.245719805,0.0130535997,0.165005088,-0.203858554,-0.566895485,0.0372463241,0.127445072,0.0921883136,0.21467942,0.261799991,-0.29526031,0.166058347,0.42003721,-1.19932353,0.35814333,-0.53125602,-0.0960374027,0.000139964497,-0.00281161303,6.77290227e-05,-1.02754927,-0.460023046,0.487789512,-0.080893971,-0.000234837658,-0.0030227087,0.000293287914
-0.114563726,-0.420100212,0.949931026,-0.205408925,-0.0883983584,0.907455295,-0.355693395,-0.246251523,0.328375906,0.228087917,0.0172610097,0.16172044,-0.204252943,-0.567915738,0.0390985906,0.114040613,0.0869856849,0.211563945,0.261799991,-0.28300181,0.175909117,0.424847364,-1.22378683,0.360772967,-0.552973747,-0.108002976,0.000145345562,-0.00279712304,6.58140416e-05,-1.04741383,-0.453607321,0.487318516,-0.0977434963,-0.000255390769,-0.00289596687,0.000339599501
-0.114211649,-0.421788216,0.949587762,-0.206941459,-0.0927121057,0.90470983,-0.360665804,-0.260562748,0.332377523,0.210815072,0.0226925481,0.157402888,-0.204307556,-0.568822443,0.039629586,0.101521738,0.0816789493,0.206893146,0.261799991,-0.267887026,0.184122875,0.428111047,-1.24704921,0.367920935,-0.569529653,-0.129118279,0.000149690371,-0.00280315173,6.1963663e-05,-1.06786323,-0.449071169,0.486214727,-0.121871158,-0.000266532676,-0.00273372,0.000392055372
-0.113616541,-0.423624247,0.949218929,-0.208605853,-0.0968646182,0.90182344,-0.365807774,-0.276021123,0.335380375,0.193911612,0.0293534324,0.153061152,-0.203847677,-0.569800138,0.0391593575,0.0894527808,0.0762084201,0.201988965,0.261799991,-0.250423133,0.191006243,0.429544359,-1.27008033,0.380695343,-0.581509471,-0.154157564,0.000152305671,-0.00282025174,5.58969041e-05,-1.09146619,-0.444796503,0.486341923,-0.151618749,-0.000265595794,-0.00251876703,0.000457975431
-0.112899944,-0.425534368,0.94883728,-0.210330257,-0.100933885,0.898840643,-0.371024301,-0.29205361,0.337884218,0.177191913,0.036629077,0.148707107,-0.203130633,-0.570813358,0.0381886996,0.0776080936,0.0706557408,0.19696787,0.261799991,-0.23178421,0.197225064,0.43006292,-1.29299688,0.396282434,-0.591202796,-0.181159332,0.000154056703,-0.00284288614,4.87221005e-05,-1.11664629,-0.440652341,0.487084329,-0.184176654,-0.000258621905,-0.00227746041,0.000530628196
-0.112273738,-0.427973032,0.948485315,-0.212795381,-0.105146477,0.895451799,-0.376601141,-0.311560452,0.339345664,0.159628615,0.0457468219,0.145524785,-0.201601416,-0.572024643,0.0355998687,0.0668578297,0.0653026775,0.192815155,0.261799991,-0.210792989,0.201755002,0.426908761,-1.31461012,0.42221576,-0.595816374,-0.208529592,0.000152837252,-0.00287512667,3.97240256e-05,-1.14725304,-0.435876608,0.492818594,-0.218144447,-0.000228024932,-0.00194021594,0.000622115796
-0.111708701,-0.430504858,0.948157489,-0.215521205,-0.109368207,0.891899719,-0.382235656,-0.331995487,0.340512693,0.141615897,0.0553043857,0.142615125,-0.199813098,-0.573316932,0.0326351896,0.0565925539,0.0601814538,0.189065292,0.261799991,-0.189695403,0.205588847,0.422464192,-1.33524406,0.451208085,-0.599277258,-0.234419227,0.000150577776,-0.00290843006,3.10320756e-05,-1.17851889,-0.431260169,0.500819802,-0.249563545,-0.000190228617,-0.00158845098,0.000715563889
-0.111266151,-0.433222532,0.947878122,-0.218780439,-0.113613283,0.888075513,-0.388006475,-0.354283124,0.34109062,0.122707933,0.0657397285,0.140251443,-0.197506875,-0.574771047,0.0289193317,0.0472994298,0.0555250123,0.186122,0.261799991,-0.168389395,0.208029553,0.415439397,-1.35391486,0.486313105,-0.600431979,-0.25734207,0.000146238483,-0.00294385338,2.29542038e-05,-1.21109688,-0.426963329,0.513353705,-0.27587831,-0.000138039773,-0.00120771327,0.000812914514
-0.110754326,-0.43581602,0.947664738,-0.221911237,-0.117784619,0.884202005,-0.393788014,-0.376550853,0.341136158,0.103496119,0.0763285309,0.137722164,-0.194948137,-0.576119542,0.0250777379,0.0385884643,0.0512053184,0.184127644,0.261799991,-0.148272961,0.208888382,0.407007933,-1.36989427,0.524607182,-0.59967643,-0.274497479,0.000140569362,-0.00298334612,1.65696547e-05,-1.24227858,-0.423991114,0.529002905,-0.293563366,-8.13217994e-05,-0.000870458607,0.000913130294
-0.110207751,-0.438347727,0.947484195,-0.224969815,-0.121915197,0.880270525,-0.399561097,-0.398811847,0.340915501,0.08412949,0.0869956464,0.135109633,-0.192262813,-0.577415287,0.0211726706,0.0301672127,0.0470532812,0.182607457,0.261799991,-0.128748268,0.208956406,0.397872001,-1.38453019,0.564501345,-0.597965717,-0.288771838,0.000134234666,-0.00302488054,1.10307728e-05,-1.27276707,-0.421680778,0.546211541,-0.306936353,-2.23323059e-05,-0.00055489951,0.00101479504
-0.108985484,-0.440458179,0.947404504,-0.226444014,-0.125851144,0.876527339,-0.405690058,-0.41916433,0.339833975,0.0646006763,0.0976041257,0.131444931,-0.189815566,-0.577375174,0.0168868322,0.0222214758,0.0428469963,0.182392865,0.261799991,-0.111113265,0.206559569,0.389123023,-1.39425039,0.605225444,-0.593931794,-0.294671088,0.000127885229,-0.00308719603,7.80929076e-06,-1.30112886,-0.421652466,0.562527239,-0.308343232,2.67580399e-05,-0.000360727776,0.00113048125
-0.107308932,-0.442384899,0.947350085,-0.227193192,-0.129655564,0.872770606,-0.412121532,-0.438939452,0.338407844,0.0446499176,0.108365841,0.127319798,-0.187621236,-0.576558888,0.0122724837,0.0143429656,0.0386023782,0.18245095,0.261799991,-0.0935109928,0.203282937,0.380805552,-1.40220594,0.64587146,-0.589498162,-0.298561633,0.000121830162,-0.00315860659,5.09428537e-06,-1.32952368,-0.422233403,0.577087283,-0.306356132,7.07229847e-05,-0.000195841814,0.00125371106
-0.104724541,-0.443943202,0.947346449,-0.226506344,-0.13320281,0.869045281,-0.419180375,-0.457549572,0.336293101,0.0238653012,0.119428545,0.122275807,-0.185933888,-0.574190497,0.00700339396,0.0066029313,0.0342832431,0.183054432,0.261799991,-0.0759831592,0.198248222,0.373355478,-1.40662813,0.68634069,-0.584267378,-0.29843241,0.000116366951,-0.00324817142,3.39371468e-06,-1.35797071,-0.424032569,0.58812815,-0.297581434,0.000104413717,-8.96172787e-05,0.00139196683
-0.101270169,-0.444966674,0.947372437,-0.224704789,-0.136348597,0.865189622,-0.427040672,-0.475745797,0.333649307,0.00120089389,0.130730361,0.116856948,-0.185161233,-0.570431113,0.00170109677,-0.0021339634,0.0302174613,0.183910891,0.261799991,-0.0568469539,0.191560388,0.366069019,-1.40794706,0.727182567,-0.579434335,-0.293671578,0.000110892157,-0.00333876186,2.250845e-06,-1.38679099,-0.426416695,0.595622599,-0.281349868,0.000130917644,-3.2745902e-06,0.00155117013
-0.0973809138,-0.44572264,0.947413206,-0.222333267,-0.13928567,0.861220722,-0.435277255,-0.493734032,0.330741078,-0.0224026833,0.142151207,0.111251041,-0.184846207,-0.565976262,-0.00361740123,-0.0113692433,0.0262786709,0.184893817,0.261799991,-0.036906939,0.184046075,0.358864695,-1.40771353,0.768208861,-0.57480067,-0.286593914,0.0001054116,-0.00342985615,1.38693315e-06,-1.41579628,-0.429093093,0.601343036,-0.261389107,0.000153826259,7.31232867e-05,0.0017208436
-0.093220301,-0.445424408,0.947493076,-0.21890652,-0.141345794,0.857061621,-0.444462236,-0.511331439,0.327466846,-0.0492717549,0.153764978,0.10692478,-0.186597198,-0.55987823,-0.00760250911,-0.0240274463,0.0232474469,0.185899079,0.261799991,-0.0118293529,0.174588412,0.350654811,-1.40305805,0.810196519,-0.573383451,-0.269302666,9.75422445e-05,-0.00348035758,7.29773035e-07,-1.44495368,-0.431492686,0.604778349,-0.229267925,0.000175003704,0.000164384357,0.00192325376
-0.0892071351,-0.444683641,0.947599113,-0.214985686,-0.142962179,0.852922806,-0.453724208,-0.528008997,0.323860943,-0.0766943768,0.165810585,0.103286877,-0.189082876,-0.552769721,-0.0113446992,-0.0375159606,0.0206201375,0.186803579,0.261799991,0.0152793378,0.164717123,0.342417806,-1.39617908,0.852000177,-0.573638678,-0.248614728,8.81825254e-05,-0.00350929541,2.87057844e-09,-1.47408557,-0.433776438,0.608491123,-0.193503469,0.000198215916,0.000269211771,0.0021288842
-0.0854851604,-0.44305709,0.947757781,-0.210097661,-0.14370779,0.848914941,-0.463195928,-0.542862177,0.319588304,-0.105249219,0.178730816,0.101022363,-0.193040237,-0.543633997,-0.01460448,-0.0526774414,0.0187982451,0.187507436,0.261799991,0.0464750603,0.154009551,0.334119081,-1.38484621,0.893474102,-0.577239037,-0.221114606,7.58335373e-05,-0.00349513162,-8.64182311e-07,-1.5031929,-0.435830712,0.612762332,-0.150419638,0.000225518917,0.00040126784,0.00234114332
-0.0818720907,-0.440447599,0.947996378,-0.203637141,-0.143479086,0.845383894,-0.47251639,-0.553977787,0.313849986,-0.133360893,0.193234131,0.0994745791,-0.197846159,-0.5311777,-0.0185610428,-0.0674001649,0.0178244505,0.187821835,0.261799991,0.0803053677,0.143247738,0.327283919,-1.36795032,0.932105184,-0.583802521,-0.190116554,6.09648632e-05,-0.00343098748,-2.01449257e-06,-1.53099179,-0.438579738,0.618714929,-0.101718947,0.000256162893,0.000553981634,0.00253923656
-0.0783133954,-0.437346578,0.94827497,-0.196374111,-0.142751514,0.842023098,-0.48172224,-0.563224077,0.30737862,-0.16125074,0.2085291,0.0982851088,-0.203076378,-0.517060697,-0.022866128,-0.0819032937,0.0172748305,0.187941417,0.261799991,0.115453005,0.13245897,0.32118088,-1.34827268,0.96931386,-0.591847777,-0.15736948,4.48363498e-05,-0.003341845,-3.3065221e-06,-1.55813563,-0.441676378,0.625508547,-0.0502093807,0.000288476906,0.000717023562,0.0027302457
-0.0741842687,-0.433309078,0.948654652,-0.1869691,-0.141099929,0.839311237,-0.490601685,-0.567125916,0.299025893,-0.186739326,0.22473225,0.0966438055,-0.208195746,-0.498815596,-0.0284783989,-0.0942795873,0.0179264843,0.187077373,0.261799991,0.151050746,0.123197936,0.317627251,-1.32601166,0.997004986,-0.602594018,-0.124455355,2.85978622e-05,-0.00317255035,-5.49117112e-06,-1.57959795,-0.447144568,0.635983229,0.00568412803,0.000316027552,0.000872100005,0.00291196071
-0.0696989894,-0.429344714,0.949047148,-0.177290431,-0.139390748,0.836540411,-0.499338025,-0.569998503,0.2905384,-0.211078405,0.240309089,0.0944830179,-0.212937266,-0.48021099,-0.0341650099,-0.106278993,0.0189356729,0.185814485,0.261799991,0.186006576,0.11479602,0.31435895,-1.30623472,1.02048457,-0.614075661,-0.0920497477,1.35762239e-05,-0.00298232981,-8.10975143e-06,-1.59840882,-0.453135252,0.648392439,0.0613169596,0.000339627877,0.00101619889,0.00311237108
-0.0645036697,-0.425528705,0.949464917,-0.167103146,-0.137591758,0.83379691,-0.507865888,-0.570810974,0.281785756,-0.233105764,0.254625231,0.0912842751,-0.216920525,-0.46089673,-0.0399974138,-0.117518447,0.0206594821,0.183754563,0.261799991,0.21966064,0.108116835,0.311663032,-1.29143584,1.03552842,-0.627022386,-0.0606777631,9.96175913e-07,-0.00275034877,-1.15949497e-05,-1.61190665,-0.460167885,0.664664865,0.116400078,0.000355314725,0.00113826746,0.0033500744
-0.0587814897,-0.422430158,0.949867964,-0.157127494,-0.135867082,0.830930222,-0.516145379,-0.570622504,0.273072779,-0.252893031,0.267355442,0.0867166519,-0.2197247,-0.441660702,-0.0457643829,-0.128287897,0.0229680184,0.180899754,0.261799991,0.251549363,0.103026628,0.308611363,-1.28360903,1.04286146,-0.641550422,-0.0295272563,-8.16590273e-06,-0.00249962485,-1.54373247e-05,-1.62082624,-0.466348052,0.686475754,0.168395236,0.000363710162,0.00124383229,0.00366063369
-0.0527961329,-0.419690609,0.950263798,-0.147245998,-0.13416847,0.82793289,-0.524256205,-0.569933355,0.264380097,-0.271558881,0.279291928,0.0814644694,-0.221938908,-0.422464609,-0.051498346,-0.138821602,0.0255689025,0.177647442,0.261799991,0.282553464,0.0987314433,0.305381924,-1.27926946,1.04633725,-0.656868517,0.00151120475,-1.56179085e-05,-0.00223954022,-1.9458028e-05,-1.62745547,-0.472101182,0.711056054,0.218842983,0.000368457928,0.00134113792,0.00400761608
-0.0466840677,-0.418051183,0.950586915,-0.137642971,-0.132412172,0.825023928,-0.531842972,-0.56817311,0.255732596,-0.287756443,0.290637791,0.0734511316,-0.22218062,-0.401793659,-0.0573123917,-0.147800401,0.0288679264,0.17273733,0.261799991,0.311089694,0.0961946547,0.301621705,-1.28037572,1.03997612,-0.672709644,0.0353673026,-1.86572561e-05,-0.00196879124,-2.26805296e-05,-1.62986636,-0.474218547,0.744743466,0.263205171,0.000361846352,0.00142728025,0.00441831164
-0.0405762307,-0.416630894,0.950878382,-0.127981341,-0.130600742,0.822103028,-0.53917607,-0.565934956,0.247135371,-0.303216279,0.302157581,0.0641277581,-0.221734032,-0.380221784,-0.0631787255,-0.156237006,0.032359805,0.167268395,0.261799991,0.338880211,0.0940875858,0.297861874,-1.28123033,1.03036833,-0.687332213,0.0711481124,-2.07769044e-05,-0.00169754471,-2.56265084e-05,-1.63147736,-0.475100249,0.780750573,0.304965883,0.000346079265,0.00150943734,0.00479313172
-0.0344793573,-0.415649593,0.951106727,-0.118230806,-0.128701955,0.819297102,-0.546085654,-0.562741876,0.238642111,-0.317194194,0.314020544,0.0521875732,-0.219910741,-0.356856465,-0.0691472664,-0.163585588,0.0362360477,0.1606839,0.261799991,0.365167707,0.0928410068,0.294104248,-1.28158164,1.01427042,-0.69951117,0.110764563,-2.10559228e-05,-0.00142541272,-2.80181357e-05,-1.63148785,-0.473509789,0.821383238,0.341505557,0.000312003889,0.00158358854,0.00509603275
-0.0281697884,-0.414932609,0.951288939,-0.108557963,-0.126696752,0.816320188,-0.552977805,-0.558608949,0.229432315,-0.329662263,0.325680852,0.0381881148,-0.216730565,-0.332657754,-0.075859949,-0.170950919,0.0406175219,0.15416804,0.261799991,0.389769644,0.0921576023,0.290163338,-1.27817702,0.992454767,-0.707183003,0.153519362,-2.06331497e-05,-0.00117819756,-3.03824381e-05,-1.63015139,-0.471010625,0.864269733,0.370295167,0.000227355908,0.00164906448,0.00514556933
-0.0217535924,-0.414347708,0.951448083,-0.0989158667,-0.124628647,0.813195341,-0.559818442,-0.55400604,0.219863966,-0.341376394,0.337240517,0.0231587272,-0.212872043,-0.308041245,-0.0829448774,-0.178325012,0.0452517271,0.147686154,0.261799991,0.41353038,0.0917556509,0.286130697,-1.27289546,0.967780411,-0.712602615,0.197844863,-1.98596008e-05,-0.000943423307,-3.27332018e-05,-1.62814164,-0.468057185,0.908284903,0.39521274,0.000117427597,0.00171020778,0.00506847864
-0.0149233388,-0.4143852,0.951579332,-0.0900206884,-0.122346737,0.809123944,-0.567667152,-0.549017668,0.20756337,-0.351486027,0.347088933,0.008311579,-0.207876831,-0.284997553,-0.0921598375,-0.187645137,0.0512543768,0.143455476,0.261799991,0.434169352,0.0919748843,0.280844212,-1.25731111,0.937565923,-0.71167165,0.241251349,-1.94059576e-05,-0.000794123858,-3.50648879e-05,-1.62340081,-0.467676818,0.952598453,0.404648542,-0.000135183902,0.00176564243,0.00432644645
-0.00814700499,-0.414749593,0.95170939,-0.0814231239,-0.120054893,0.804642728,-0.5757666,-0.54407382,0.194755852,-0.361179024,0.356503457,-0.00609206315,-0.202924028,-0.26287365,-0.101668298,-0.197553948,0.0578319542,0.140223876,0.261799991,0.453748107,0.0925122499,0.27493307,-1.23722255,0.906379998,-0.709639192,0.282084107,-1.93520154e-05,-0.000674879935,-3.71330098e-05,-1.61719751,-0.469387174,0.995493412,0.408675492,-0.000436897302,0.00181852002,0.0033409195
-0.00147990359,-0.415767878,0.951837063,-0.0734380811,-0.117763147,0.799470375,-0.584453427,-0.539219856,0.180936992,-0.370036811,0.36504817,-0.0196056738,-0.198056996,-0.242594063,-0.111761868,-0.208638251,0.0655581579,0.138991296,0.261799991,0.471202016,0.093685858,0.267773688,-1.20812893,0.87325722,-0.705404162,0.317760676,-2.0097561e-05,-0.000615777273,-3.86735446e-05,-1.60807014,-0.475278974,1.03554225,0.401882827,-0.000836763182,0.00186627207,0.00186855299
0.00447256351,-0.417732179,0.951980472,-0.0659862291,-0.115806889,0.794195272,-0.592864616,-0.533755779,0.168555573,-0.377566278,0.374156564,-0.0343181342,-0.193247437,-0.223703116,-0.120613992,-0.21939826,0.0744169801,0.139952451,0.261799991,0.486561298,0.0960364267,0.259160936,-1.17042315,0.839844584,-0.701384187,0.345177472,-2.20541042e-05,-0.000595272868,-3.89655252e-05,-1.59462917,-0.486833841,1.06830132,0.386230648,-0.00126758614,0.00189571152,0.000138828647
0.0100685684,-0.420169979,0.952131808,-0.0587959011,-0.114010248,0.788813498,-0.601097306,-0.527985513,0.156891212,-0.384432703,0.38354823,-0.0496325642,-0.1884657,-0.205503657,-0.128846601,-0.22999756,0.0838434771,0.142010704,0.261799991,0.500875473,0.0989758894,0.249820068,-1.12840569,0.806282282,-0.697471321,0.368468493,-2.461646e-05,-0.000594061508,-3.86331049e-05,-1.57902908,-0.501222134,1.0974201,0.366146863,-0.00171394134,0.00191599631,-0.00171978096
0.0141069107,-0.424970061,0.952391386,-0.0525432129,-0.1131361,0.784204263,-0.60783477,-0.519667387,0.149799705,-0.388765663,0.39438197,-0.0696397498,-0.182343617,-0.189761087,-0.133656561,-0.238057017,0.0951408893,0.148399606,0.261799991,0.510918856,0.104183808,0.237577707,-1.0759567,0.776573062,-0.696032643,0.378562599,-2.91314755e-05,-0.000621562533,-3.47309579e-05,-1.55547786,-0.524715781,1.11116958,0.338003278,-0.00208960567,0.00187845796,-0.00339734298
0.0176810641,-0.430738181,0.952741742,-0.0465685716,-0.112704588,0.779908523,-0.613898802,-0.510290444,0.144434452,-0.392450511,0.404757977,-0.0907710642,-0.175464377,-0.175495625,-0.137124017,-0.244947642,0.10694097,0.156681299,0.261799991,0.519153833,0.10992296,0.223834887,-1.02014172,0.749566019,-0.695438862,0.384985507,-3.39689905e-05,-0.000656220247,-2.90813532e-05,-1.529163,-0.551021636,1.11892354,0.309006363,-0.00242665573,0.00180292525,-0.00485262647
0.0203249156,-0.438439637,0.953273237,-0.0411606097,-0.113173806,0.77634764,-0.618693652,-0.498800337,0.142524824,-0.394837171,0.414213181,-0.114140123,-0.167074174,-0.164191917,-0.13790442,-0.249496892,0.119740441,0.168744817,0.261799991,0.523767531,0.116721742,0.207097799,-0.95762223,0.727977991,-0.696535468,0.384062111,-3.94491071e-05,-0.000705175335,-1.99393453e-05,-1.497334,-0.582938969,1.11468089,0.278317422,-0.00268629869,0.00165143411,-0.00586256525
0.0223257244,-0.447326183,0.954104364,-0.0356600896,-0.115086225,0.773397241,-0.622366634,-0.485452712,0.145269305,-0.396693587,0.420273751,-0.136799335,-0.15780583,-0.156627491,-0.134450778,-0.251079857,0.132838681,0.185652584,0.261799991,0.524778187,0.124267012,0.185690254,-0.887745976,0.712253213,-0.698458254,0.377499402,-4.45012774e-05,-0.000782537623,-6.9963362e-06,-1.46091473,-0.618882596,1.09331036,0.249188051,-0.00288064172,0.00133625302,-0.00617136667
0.0240048245,-0.456804872,0.955085337,-0.0301127746,-0.117717748,0.770734144,-0.625463533,-0.471176714,0.150341928,-0.398284733,0.424635828,-0.159101874,-0.148098886,-0.150933817,-0.12887913,-0.25117895,0.14608565,0.204982623,0.261799991,0.523986518,0.132185444,0.161947593,-0.814193726,0.699461758,-0.700794101,0.368116528,-4.93389562e-05,-0.000874107936,7.8471985e-06,-1.42220151,-0.656838059,1.06337285,0.220840707,-0.00304231397,0.000939193415,-0.00612942642
0.0251598824,-0.466097653,0.956597626,-0.0233414821,-0.122814454,0.768509912,-0.627506414,-0.454579115,0.164857656,-0.40000698,0.421981156,-0.176102325,-0.13879247,-0.150459081,-0.113959946,-0.24637498,0.15939483,0.231961772,0.261799991,0.518185794,0.142685428,0.130640879,-0.732926011,0.692682028,-0.702910066,0.353403002,-5.18529741e-05,-0.00103294721,2.74871581e-05,-1.38014436,-0.698132753,0.998589754,0.199093014,-0.0031261351,0.000138301853,-0.00490193348
0.0262641255,-0.47489357,0.95826596,-0.0162920942,-0.128156774,0.766322298,-0.629333412,-0.437272668,0.181451946,-0.401866645,0.416792661,-0.190712184,-0.129847497,-0.151481405,-0.096862182,-0.240684688,0.172915846,0.259769678,0.261799991,0.510889351,0.154257968,0.0987281203,-0.652553141,0.686984658,-0.7048347,0.338383585,-5.24575953e-05,-0.00120658486,4.7421916e-05,-1.33863938,-0.740790963,0.92438519,0.181177676,-0.00317855435,-0.000782830175,-0.0034775571
0.0272667632,-0.482695788,0.960246086,-0.00868889678,-0.133998258,0.764261176,-0.630772403,-0.418548912,0.202202797,-0.404001176,0.406537294,-0.200541571,-0.121625327,-0.155497417,-0.0754079148,-0.233222038,0.186860442,0.289234787,0.261799991,0.500602067,0.167975262,0.0656034425,-0.57397002,0.683451712,-0.706377029,0.322752446,-4.92440049e-05,-0.00140981469,6.79461882e-05,-1.29823875,-0.786175966,0.831340373,0.17092596,-0.00316817989,-0.00194440631,-0.00165947271
0.0283017009,-0.489441812,0.962413728,-0.00161790143,-0.138625378,0.762389032,-0.632094416,-0.398158133,0.221115842,-0.406028032,0.391412854,-0.206199184,-0.114144988,-0.161847621,-0.0553620756,-0.226741344,0.202073202,0.31420517,0.261799991,0.487740368,0.181630701,0.0370660126,-0.504623711,0.68130374,-0.707864404,0.308178902,-3.93284427e-05,-0.00161540566,8.45473405e-05,-1.2619735,-0.836365461,0.73816967,0.173703671,-0.00307491957,-0.00313430745,-0.000158469687
0.0293527432,-0.495659262,0.964675009,0.00518612048,-0.142641231,0.760593767,-0.633343276,-0.376934469,0.23910813,-0.408000827,0.373853773,-0.209769979,-0.107036166,-0.169364855,-0.0360222794,-0.220752329,0.217919603,0.336925477,0.261799991,0.473591655,0.195254043,0.0108249243,-0.43990165,0.679848731,-0.7093243,0.294134945,-2.60610304e-05,-0.00182217022,9.9184952e-05,-1.22777855,-0.888955414,0.644943893,0.183000043,-0.0029402026,-0.00433828263,0.00118380808
0.030469643,-0.501116931,0.966915727,0.0100989703,-0.143896606,0.758807896,-0.635139633,-0.35241136,0.248864368,-0.408763587,0.350608259,-0.209148198,-0.101575486,-0.178066567,-0.0239853654,-0.218161345,0.236552954,0.347495675,0.261799991,0.456235707,0.204140902,-0.00529497769,-0.393659234,0.680499673,-0.71107018,0.28022176,-2.77228719e-06,-0.00206201221,0.00010458388,-1.20181203,-0.947694778,0.581598282,0.22604087,-0.00266661448,-0.00526102539,0.00162272644
0.0315447077,-0.506637812,0.969025373,0.0142934207,-0.144247275,0.756776073,-0.637399715,-0.326933891,0.255814403,-0.408893645,0.326284111,-0.207583457,-0.0967618823,-0.186125875,-0.0142883472,-0.216453612,0.255577892,0.353696793,0.261791348,0.438356757,0.210407048,-0.0187823027,-0.353471369,0.682079673,-0.712936223,0.26584056,2.18106325e-05,-0.00233803783,0.000107385786,-1.17836761,-1.00612271,0.532218635,0.285301447,-0.00235770969,-0.00604225509,0.00188611029
0.0325356424,-0.512282789,0.970872164,0.0170493223,-0.142793122,0.754280742,-0.640609091,-0.299557626,0.257148117,-0.407757998,0.299812227,-0.204133108,-0.0932446495,-0.192896828,-0.00927602127,-0.216513395,0.275378406,0.351155639,0.261765391,0.419438779,0.211428091,-0.0269979201,-0.32541132,0.68551743,-0.715041935,0.250528991,4.89724334e-05,-0.00268633361,0.000104991457,-1.15997791,-1.06390381,0.510796666,0.37698397,-0.00197828328,-0.00654008379,0.00179824699
0.0331593603,-0.518182158,0.972262383,0.0181854007,-0.138988474,0.751055409,-0.645187778,-0.27175042,0.252159059,-0.405462563,0.273123264,-0.198786974,-0.0906077698,-0.197120696,-0.00888905115,-0.21760425,0.293655515,0.338105679,0.261588216,0.400321364,0.205389827,-0.0316902697,-0.308276266,0.691037416,-0.717029333,0.235808253,7.45334837e-05,-0.00312772114,9.89215623e-05,-1.14398158,-1.11430693,0.513989568,0.498895884,-0.00159590342,-0.00673093833,0.00166411721
0.0335995853,-0.524209023,0.973424554,0.0185111005,-0.134002512,0.747430653,-0.650421467,-0.243726432,0.244009674,-0.402587414,0.246324494,-0.192493066,-0.0884107426,-0.200071752,-0.0108138006,-0.219210505,0.311172158,0.319802791,0.261335522,0.381103337,0.195823073,-0.0346219428,-0.29660064,0.697598457,-0.718957663,0.221382067,9.92958012e-05,-0.0036156578,9.1014299e-05,-1.12918067,-1.16102529,0.529485047,0.635922551,-0.00121202797,-0.00676837889,0.00150685688
0.0329830721,-0.530010939,0.973830581,0.0158883104,-0.124514687,0.742814993,-0.657624163,-0.217553973,0.22376284,-0.398754835,0.2225914,-0.182479963,-0.0868237764,-0.198772639,-0.021502139,-0.221400797,0.32300669,0.283102125,0.26001507,0.360643864,0.173632607,-0.0341573432,-0.297697484,0.706594169,-0.719293118,0.211526409,0.000120894023,-0.00420356356,7.93431536e-05,-1.10925889,-1.1900326,0.566051841,0.784071207,-0.000919216895,-0.00632938836,0.00143866241
0.0318188295,-0.53553915,0.974006772,0.0122207086,-0.113883942,0.738028107,-0.664977906,-0.192865819,0.200182855,-0.394807637,0.200896621,-0.171357498,-0.0853317603,-0.196026325,-0.0348265693,-0.223444134,0.331852198,0.24182646,0.2576482,0.339646965,0.147913411,-0.0332705937,-0.301321715,0.715888143,-0.718645692,0.203360766,0.000142349512,-0.00479630614,6.6980836e-05,-1.08401144,-1.21375513,0.602669299,0.920442045,-0.000662229955,-0.00576431118,0.0013825302
0.0295592491,-0.540518522,0.973723173,0.0064665163,-0.100983761,0.73297047,-0.672692169,-0.171151549,0.169940621,-0.390631795,0.183283284,-0.15801841,-0.0840300098,-0.190385908,-0.0534210131,-0.225193024,0.334717333,0.191408306,0.25318867,0.317579508,0.115141243,-0.0315396413,-0.310000598,0.725776672,-0.716032147,0.198577151,0.000163515142,-0.00539860409,5.32385602e-05,-1.04811668,-1.22690225,0.639380932,1.03322697,-0.00047695078,-0.00494715013,0.00135053683
0.0258430243,-0.544915199,0.97304225,-0.000828899824,-0.0879927262,0.728549168,-0.679317822,-0.154229149,0.138957977,-0.386131644,0.170578122,-0.144263551,-0.0828549564,-0.182738274,-0.0729223639,-0.226361409,0.330463827,0.138788998,0.244767979,0.296336234,0.079413712,-0.0305182897,-0.319769412,0.734813213,-0.711250007,0.195590019,0.000184243036,-0.00595803326,3.98808443e-05,-0.998465478,-1.23416555,0.668404818,1.10651791,-0.000344472995,-0.00407508248,0.0012505448
0.0214001648,-0.549019516,0.972162962,-0.00889096273,-0.0749492903,0.724341579,-0.685297622,-0.139706045,0.107614852,-0.381470889,0.160329074,-0.130305156,-0.0817435682,-0.174090132,-0.0928708538,-0.227239415,0.322654963,0.0850859955,0.234370813,0.275511205,0.0422205068,-0.0298517775,-0.330079794,0.743421435,-0.705385864,0.193501338,0.000204745898,-0.00649587344,2.67193391e-05,-0.941956341,-1.23848701,0.693578839,1.16005433,-0.000238416193,-0.00317584886,0.00111661002
0.0146588814,-0.552336752,0.970875263,-0.0179084923,-0.0644323418,0.722241207,-0.688400609,-0.133612484,0.0835658088,-0.374755055,0.157299578,-0.118137218,-0.0810272917,-0.166253299,-0.10753265,-0.227201253,0.307559937,0.0357542075,0.216704875,0.258430094,0.00644352008,-0.031967286,-0.336851448,0.749774635,-0.696380496,0.191893384,0.000221760012,-0.00693910336,1.73853186e-05,-0.872750044,-1.23986697,0.709871054,1.15550995,-0.000185228055,-0.00248703547,0.000772931846
0.00733363675,-0.555309713,0.969558299,-0.0269441324,-0.0548099835,0.720782455,-0.690465446,-0.130168647,0.06245891,-0.366217703,0.156980217,-0.106534958,-0.080608286,-0.160001725,-0.120174766,-0.226586536,0.292845488,-0.0114341853,0.197305024,0.242159367,-0.0280366242,-0.0351982191,-0.341286451,0.756069183,-0.68588841,0.189821005,0.000237710628,-0.00735023711,9.65938852e-06,-0.804774106,-1.24138188,0.725986362,1.13049018,-0.000142929566,-0.00189887907,0.000382274156
-0.00115906715,-0.55759418,0.968182564,-0.0360188358,-0.046993697,0.720785529,-0.690624686,-0.132022604,0.0472348258,-0.354037702,0.162079647,-0.0960636809,-0.0807837322,-0.156920582,-0.128778607,-0.224818915,0.278893739,-0.054336682,0.174438834,0.227508649,-0.0599233806,-0.0406594202,-0.341048926,0.762246966,-0.672423363,0.186819717,0.000251535006,-0.00769719854,5.14885278e-06,-0.739261627,-1.24316704,0.741749525,1.06453133,-0.00012239955,-0.00151199452,-0.000102299746
-0.00992279593,-0.559001446,0.966968954,-0.044963447,-0.0401869392,0.722247088,-0.689001047,-0.139165387,0.0355702154,-0.336176097,0.175251991,-0.0851760134,-0.0817735046,-0.158464849,-0.135432735,-0.220254481,0.270499229,-0.0925960243,0.151071623,0.212666422,-0.0894557983,-0.0478742793,-0.334094375,0.771341324,-0.65475297,0.180341899,0.000265309791,-0.00797310658,3.05524395e-06,-0.68655622,-1.24633884,0.761310279,0.949320316,-0.000114020804,-0.00128887547,-0.000536896579
-0.0188231915,-0.559970319,0.965836346,-0.05384101,-0.0338818545,0.724394624,-0.686444167,-0.148953825,0.0256832298,-0.315470934,0.192463502,-0.0740780905,-0.083170563,-0.162322029,-0.141113341,-0.214290723,0.264882147,-0.128539458,0.127450749,0.197726145,-0.117815636,-0.055966869,-0.32378,0.781895816,-0.63497746,0.172124356,0.000279061991,-0.00821352936,2.16983722e-06,-0.640247166,-1.25020421,0.782772362,0.80946666,-0.000111715803,-0.00114759768,-0.00094655907
-0.0263304859,-0.559799671,0.965149164,-0.0622820338,-0.0280283711,0.728792197,-0.681320256,-0.168064088,0.0177960582,-0.285895795,0.22831431,-0.0584109873,-0.0854086429,-0.172952831,-0.147024333,-0.201609582,0.268756866,-0.155772626,0.106807843,0.182158142,-0.143401995,-0.0647976398,-0.300871968,0.801537037,-0.610507727,0.153939411,0.000293504447,-0.00833635125,5.48310527e-06,-0.621042073,-1.2550844,0.805967867,0.606329858,-0.000121573059,-0.00118027464,-0.00116186915
-0.0330719873,-0.559479535,0.964622855,-0.0703731207,-0.0220497241,0.733558565,-0.675613251,-0.190786257,0.0100765452,-0.254485488,0.272750676,-0.0402125791,-0.0878479257,-0.184342906,-0.153680235,-0.187166974,0.274362206,-0.179805264,0.0876082033,0.166834176,-0.167941928,-0.0730229169,-0.273753136,0.824377775,-0.586460531,0.132530957,0.000307514827,-0.00842085853,1.13348015e-05,-0.610148013,-1.25861681,0.824781716,0.398806065,-0.000133618465,-0.00125992927,-0.00131779048
-0.0382783115,-0.558860481,0.964418352,-0.0777673972,-0.0158286268,0.739159789,-0.668838167,-0.220721424,0.00269630505,-0.219420463,0.334337294,-0.0169603042,-0.0906884074,-0.197245941,-0.161822721,-0.169208407,0.283426374,-0.19742392,0.0713051185,0.152006149,-0.190376371,-0.0800328925,-0.238225639,0.853606582,-0.563270628,0.104685739,0.000320653868,-0.00842868723,2.22608978e-05,-0.615883172,-1.25945163,0.83482182,0.182612911,-0.000150034524,-0.00143350824,-0.00135484326
-0.042546954,-0.558555424,0.964472234,-0.0840466188,-0.00888384524,0.744688407,-0.662039591,-0.258211821,-0.00612901477,-0.185968623,0.416740894,0.010260541,-0.0952592045,-0.207172513,-0.171342313,-0.151079029,0.292033046,-0.210506961,0.0577006266,0.138269261,-0.209860966,-0.0844555348,-0.196426868,0.884369254,-0.544909298,0.0759854019,0.000331835006,-0.00835444406,3.93513183e-05,-0.631507754,-1.25053811,0.824312925,-0.00308123976,-0.000163580917,-0.00168223702,-0.00128974649
-0.046346508,-0.558407426,0.964655399,-0.0897605925,-0.00157730152,0.750121345,-0.655178232,-0.299479336,-0.015677277,-0.153326184,0.509553015,0.0394645818,-0.100695707,-0.215609491,-0.181549951,-0.132865325,0.300410241,-0.221321151,0.0454465821,0.125078991,-0.22786893,-0.0875837058,-0.15149416,0.915896356,-0.528964221,0.0468598939,0.000342036248,-0.00823914912,5.95242236e-05,-0.652077019,-1.23674738,0.803524435,-0.173507631,-0.000175690569,-0.00196853676,-0.00117356121
-0.0504321679,-0.559421062,0.965000868,-0.0934552137,0.00691540099,0.755528537,-0.648378694,-0.350723028,-0.0328745656,-0.130716607,0.633137167,0.0695857853,-0.112793922,-0.216903687,-0.190743625,-0.116550893,0.305814803,-0.23078008,0.0363234952,0.114853114,-0.239914194,-0.0862110853,-0.105327673,0.939006984,-0.522337556,0.0273237266,0.000349301088,-0.00798931345,8.8286688e-05,-0.675140142,-1.19242454,0.738435268,-0.272539794,-0.000177445792,-0.00229998468,-0.000938067795
-0.0548505783,-0.560846865,0.965306401,-0.0964296847,0.0154948193,0.76132382,-0.640973687,-0.403582215,-0.0536746979,-0.111451343,0.762839854,0.0983052105,-0.127631903,-0.21638599,-0.198372602,-0.100039512,0.31071192,-0.241024435,0.027913155,0.10627304,-0.249794975,-0.0834880173,-0.0626388416,0.956991196,-0.518332362,0.013747327,0.000356730859,-0.00771093089,0.000119885859,-0.696612358,-1.13524711,0.660927892,-0.351502806,-0.000177502166,-0.00261992915,-0.000695870316
-0.0599343702,-0.563096583,0.965532124,-0.0979764,0.024246968,0.767998207,-0.632448783,-0.459671766,-0.0816794187,-0.098873727,0.904777586,0.124221548,-0.147948548,-0.212245077,-0.202872679,-0.0831342712,0.314594209,-0.252839357,0.0209280923,0.100984044,-0.255347461,-0.078064464,-0.0269042775,0.964724243,-0.519569397,0.0120886406,0.000364490261,-0.00737546664,0.000157157541,-0.714903116,-1.05236435,0.558587849,-0.390333623,-0.000174161338,-0.00291687087,-0.000440266682
-0.0653035417,-0.565698385,0.96559608,-0.0981016625,0.0321995871,0.775997953,-0.62222699,-0.512615442,-0.113694057,-0.0896855816,1.04155385,0.144661188,-0.170378804,-0.205409974,-0.203648627,-0.0650182515,0.317890108,-0.265710652,0.0148236705,0.0989212841,-0.257457733,-0.0708978474,-0.00218418473,0.960348725,-0.524054885,0.0260527171,0.000375317148,-0.00705433078,0.000196120527,-0.728782177,-0.953860343,0.454987526,-0.404583573,-0.000172572501,-0.00316593982,-0.000234184787
-0.0708150938,-0.56847614,0.965579152,-0.0975014534,0.0397462519,0.784545157,-0.611066771,-0.563981652,-0.147711858,-0.082192935,1.17573833,0.162360221,-0.193864346,-0.197227433,-0.2025619,-0.0462978818,0.320892304,-0.279109299,0.00916004926,0.0984720737,-0.257846326,-0.0628599972,0.0170255676,0.949916422,-0.530164778,0.0478305183,0.000387677341,-0.00674038427,0.000235926273,-0.740453541,-0.847550511,0.350765675,-0.406539261,-0.000171861,-0.00339105027,-5.28825767e-05
-0.0759928524,-0.570685804,0.965413868,-0.0946946466,0.0454064172,0.793959399,-0.598831907,-0.600011826,-0.178125694,-0.0758280903,1.27320957,0.170852348,-0.212304592,-0.183724716,-0.19781898,-0.0293989088,0.320855916,-0.290306866,0.00475040358,0.0998614058,-0.255009323,-0.0550624616,0.0235924721,0.920544386,-0.537283778,0.0918164104,0.000400081422,-0.00650228513,0.000266120624,-0.744107246,-0.745492339,0.280367643,-0.390802145,-0.000182740565,-0.00354942726,7.12008696e-05
-0.0808846429,-0.572455883,0.96524477,-0.0911380513,0.0506367087,0.802920342,-0.586897525,-0.628828406,-0.204944402,-0.0693198591,1.35419774,0.177038386,-0.227540553,-0.167797342,-0.19247216,-0.0144297015,0.318721205,-0.299692422,0.000997992465,0.100435913,-0.251395285,-0.0482802801,0.0281353164,0.885631025,-0.543345034,0.138622224,0.00040708945,-0.00626086444,0.000291317177,-0.744138479,-0.650983214,0.225008279,-0.374249041,-0.000205298158,-0.00368930795,0.000225475349
-0.0852023885,-0.57334578,0.96506846,-0.0861128552,0.0550175522,0.811211213,-0.575755168,-0.643203199,-0.22456041,-0.0625274405,1.40218019,0.178608835,-0.236360431,-0.147026151,-0.185919464,-0.00332690706,0.312389702,-0.305449486,-0.0014381567,0.0993802175,-0.246228427,-0.0435319804,0.0286273696,0.839646995,-0.54728812,0.191049948,0.000403300277,-0.00601289608,0.00030650571,-0.736923158,-0.571613491,0.199754849,-0.356070459,-0.000251207326,-0.00379213109,0.000440081349
-0.0885909498,-0.573277116,0.964892387,-0.0797921485,0.0589970734,0.818303653,-0.566155182,-0.642838001,-0.234692171,-0.0556380302,1.42044854,0.176946372,-0.23816511,-0.122228533,-0.177959397,0.00444685156,0.301049948,-0.307225227,-0.00235545798,0.0947257951,-0.239156514,-0.0411619246,0.0265975278,0.786173344,-0.545969367,0.236208737,0.00037914695,-0.00567771215,0.000314264442,-0.720838547,-0.511114776,0.201828629,-0.343879938,-0.000343543536,-0.00386207877,0.000884222856
-0.0915149748,-0.572729528,0.964716315,-0.0728192048,0.0627710387,0.824736018,-0.557285977,-0.635106742,-0.24008368,-0.0487004966,1.42386651,0.17366837,-0.236463889,-0.0954199582,-0.169296443,0.0105565423,0.287207961,-0.307011187,-0.00251367502,0.0882731676,-0.231132925,-0.0399804935,0.0233074836,0.72895956,-0.542021096,0.277732581,0.000344817905,-0.00529895863,0.000318309758,-0.700322509,-0.460049748,0.21755895,-0.334682673,-0.000459076749,-0.00391559349,0.00144305115
-0.0928208157,-0.571189046,0.964402914,-0.0639253246,0.0655925112,0.83013676,-0.549985577,-0.607396364,-0.228854522,-0.0415020697,1.38571179,0.164901674,-0.22270453,-0.0679335818,-0.15690048,0.0157333761,0.269549757,-0.302430153,-0.00062683539,0.0774389729,-0.218882054,-0.0411900058,0.0142930187,0.66814965,-0.524833262,0.297172844,0.0002860729,-0.00484613515,0.000315116835,-0.668944418,-0.435119569,0.268247277,-0.338378966,-0.000646546541,-0.0039349189,0.00262192613
-0.093708463,-0.569636941,0.96397078,-0.0544485726,0.067761532,0.835472783,-0.542613082,-0.573932528,-0.211969078,-0.0335822217,1.33308578,0.153014109,-0.204664767,-0.0420976058,-0.142874077,0.0217573754,0.252668202,-0.297373384,0.00192983937,0.0664736032,-0.204982147,-0.0428445078,0.00237727677,0.609558165,-0.503044665,0.308515608,0.00022742548,-0.00443929154,0.000309547584,-0.636663914,-0.416643053,0.326926023,-0.345624149,-0.000838717213,-0.00394980097,0.0040286514
-0.0937600508,-0.56806165,0.963301122,-0.0438179166,0.0686353246,0.840803773,-0.535180528,-0.52896595,-0.183774486,-0.0242195949,1.25152564,0.134885848,-0.178066626,-0.0195625834,-0.125587508,0.0294758976,0.237340719,-0.2913661,0.00582576869,0.0552467741,-0.187785149,-0.04538849,-0.0153398514,0.555404365,-0.472057223,0.303667814,0.000168978266,-0.00412442256,0.000299227191,-0.602580845,-0.411068708,0.401578516,-0.359964401,-0.00104027498,-0.00395580335,0.00589095009
-0.0934209451,-0.567167222,0.962317467,-0.0331894316,0.0678677128,0.846106311,-0.527632964,-0.476804554,-0.149218053,-0.0129189957,1.15062666,0.108056344,-0.146481901,-0.0013099038,-0.106103167,0.0390168503,0.225500226,-0.286400259,0.0106621217,0.045227237,-0.16880326,-0.0485788323,-0.0391692556,0.511443734,-0.438267231,0.282406002,0.000122676109,-0.00396930566,0.000284788926,-0.571548879,-0.413935184,0.478098959,-0.37880969,-0.00120948977,-0.00396353379,0.00796705857
-0.0928866118,-0.566613257,0.961177111,-0.0225610451,0.0662728987,0.851307322,-0.519975716,-0.42105341,-0.111486405,-0.00065111462,1.04007447,0.0768806115,-0.112408772,0.0148004368,-0.0855227262,0.0494674481,0.2154039,-0.28195563,0.0159678888,0.0358121395,-0.148931608,-0.0520919412,-0.0660510808,0.472583145,-0.40308103,0.252942175,8.2449711e-05,-0.00389405224,0.000268294301,-0.542045534,-0.42102015,0.555543005,-0.399904639,-0.00136251969,-0.00397212803,0.0101497704
-0.0923835933,-0.567686021,0.959792852,-0.0144809768,0.0629429389,0.855402197,-0.513921753,-0.368159533,-0.0778118894,0.0114827463,0.935377479,0.0381282568,-0.0814180523,0.0258837827,-0.0668147951,0.0590216666,0.209698409,-0.279946446,0.020827176,0.0274897218,-0.131238088,-0.0564529859,-0.0970492885,0.450858235,-0.376248121,0.206308022,6.09223789e-05,-0.00398471672,0.000251680322,-0.519477844,-0.434820354,0.612590253,-0.42436111,-0.00146096293,-0.0039904532,0.0120312236
-0.092010662,-0.569283128,0.958494604,-0.00760626366,0.0596074568,0.858807079,-0.508762712,-0.320806086,-0.0484487973,0.022292098,0.842361331,0.00182113424,-0.0542155243,0.0358382799,-0.0503332391,0.0670164004,0.204849377,-0.278393954,0.0250669401,0.0193914715,-0.115293711,-0.0608931333,-0.126246348,0.433385015,-0.353698611,0.160781622,4.35374532e-05,-0.00408947747,0.000237461616,-0.499196529,-0.448373616,0.659489274,-0.448860645,-0.00155086443,-0.00400944147,0.0136733335
-0.0918981209,-0.57192868,0.957369149,-0.00314867617,0.0562742359,0.860988686,-0.50549162,-0.284555018,-0.0277222395,0.0304474924,0.772749841,-0.0295797586,-0.0346019976,0.0435305797,-0.0383120179,0.0718882605,0.201715618,-0.277755618,0.0280656777,0.0117449518,-0.102854796,-0.0654897168,-0.151828513,0.424424231,-0.339726806,0.117489725,3.44461223e-05,-0.0042223921,0.000228040211,-0.483497053,-0.461427331,0.686068475,-0.473436415,-0.0016236424,-0.00402974756,0.0148359891
-0.0921112597,-0.575157404,0.956700206,-0.000702022141,0.053800782,0.862138597,-0.503807526,-0.261428773,-0.015398642,0.0353506505,0.727939963,-0.0485974327,-0.0236421097,0.0498186536,-0.0314235054,0.0729472116,0.199209392,-0.277124375,0.030110538,0.00569638982,-0.0936533138,-0.0696402341,-0.169123858,0.420173079,-0.332385302,0.0883376747,2.99968724e-05,-0.00432617497,0.000224822448,-0.472567827,-0.470238328,0.694929123,-0.495961726,-0.00169115653,-0.00403566333,0.0154835619
-0.0924871713,-0.578677714,0.956259489,0.000739637389,0.0517574684,0.862780909,-0.502921187,-0.244861081,-0.00727418903,0.0386286043,0.69552362,-0.0614269786,-0.0170067232,0.0554052219,-0.0270999558,0.072100535,0.197016686,-0.276496619,0.0316787586,0.00044617441,-0.0860694274,-0.0735680237,-0.18227838,0.418275535,-0.328357309,0.0662512034,2.78674997e-05,-0.00441540265,0.000224705102,-0.464022219,-0.476929277,0.694934547,-0.517463446,-0.00175604341,-0.00403438788,0.0158737302
-0.0932403803,-0.582224369,0.956691265,-7.89959929e-05,0.0509793329,0.862499085,-0.50348429,-0.241283059,-0.00753631536,0.0383230522,0.683824658,-0.0543567687,-0.0209529325,0.0592898205,-0.0292584375,0.0657992661,0.194231033,-0.274269074,0.0332894698,0.000172999455,-0.0819523185,-0.0766330212,-0.18307668,0.42026186,-0.331623644,0.0694043934,2.87942567e-05,-0.00444509974,0.000230771955,-0.464016736,-0.475673676,0.673781991,-0.532884479,-0.00180924265,-0.00399036705,0.0155234234
-0.094032377,-0.585677385,0.957425833,-0.00162305694,0.0504066866,0.862039743,-0.504325305,-0.239444464,-0.00949698873,0.0373023972,0.673477471,-0.0420685969,-0.0272366479,0.0624715425,-0.0331898332,0.0577775128,0.190854728,-0.270792931,0.0353019238,0.00240608002,-0.0787123516,-0.0796570554,-0.18103452,0.4235259,-0.337644637,0.0798956379,2.99279509e-05,-0.00446618069,0.000237099666,-0.467862427,-0.471749187,0.647310674,-0.545630515,-0.0018513978,-0.00393103668,0.0149069214
-0.0949020982,-0.588943779,0.958765805,-0.00461790051,0.050244533,0.861221147,-0.505719585,-0.241083458,-0.0148542905,0.0348516777,0.665830731,-0.0193446446,-0.0381954648,0.0642485023,-0.0406669565,0.0463140421,0.186296731,-0.264819503,0.0381180607,0.00965085067,-0.0772255361,-0.0825998336,-0.173312515,0.429345369,-0.349174857,0.105061412,3.14756471e-05,-0.00447003869,0.000243950242,-0.479409277,-0.462487668,0.610199153,-0.55303061,-0.00187147886,-0.00384108326,0.0137580382
-0.0956997722,-0.592175007,0.960623026,-0.00905307715,0.0501220666,0.860256246,-0.507311553,-0.242832124,-0.021806078,0.0319601074,0.653071642,0.00821212865,-0.050350748,0.0644113868,-0.0506983399,0.031862881,0.180650383,-0.255422473,0.0420399383,0.0229972154,-0.0771957934,-0.0862187892,-0.163062721,0.438571811,-0.36696142,0.138416737,3.19834398e-05,-0.00448717922,0.00024777191,-0.500542998,-0.449702978,0.571623683,-0.554455698,-0.00184363278,-0.00372051308,0.0121652363
-0.0964613259,-0.595388114,0.962738633,-0.014207514,0.0500183811,0.859199759,-0.50899124,-0.244635373,-0.0295540467,0.0288485587,0.637758374,0.0381811112,-0.0631024167,0.0637672171,-0.062005315,0.0159200765,0.174460694,-0.244315028,0.0465140902,0.0393923409,-0.0778945759,-0.0901752934,-0.151550606,0.449500322,-0.387873471,0.175861731,3.19712017e-05,-0.00451095821,0.000250078505,-0.526466846,-0.4351587,0.532322109,-0.552893102,-0.0017918275,-0.00358465267,0.0103507182
-0.0969525576,-0.598542154,0.965307951,-0.0205742793,0.0493960497,0.858170279,-0.510568802,-0.243483901,-0.036355041,0.0264427382,0.607273757,0.064105764,-0.0723855048,0.0604359955,-0.0744138509,-0.00403316319,0.168221787,-0.228475854,0.0528176464,0.0639642179,-0.0804819465,-0.0960704908,-0.141709745,0.465973735,-0.415675581,0.208193123,2.65507097e-05,-0.00461295852,0.000244219555,-0.565750778,-0.422171533,0.508480489,-0.539456725,-0.00162399316,-0.00338604581,0.00838450715
-0.0972540453,-0.601478696,0.967894197,-0.0267326561,0.0483469602,0.857126858,-0.512134246,-0.240580872,-0.0418709815,0.0243895408,0.571226656,0.0860892981,-0.0797513276,0.0561397746,-0.0860261247,-0.0254967194,0.162551224,-0.211658895,0.0596301369,0.0902409703,-0.0834638178,-0.102778897,-0.133977607,0.484041482,-0.444208384,0.234098598,1.68657698e-05,-0.00476258527,0.000235322848,-0.608026326,-0.411630213,0.492965013,-0.520523608,-0.00142083399,-0.0031629873,0.00654504867
-0.0971761942,-0.603981256,0.970515251,-0.0324769249,0.0464465642,0.856095904,-0.513700076,-0.234174386,-0.0448188931,0.0230408516,0.524045229,0.1001985,-0.0832854435,0.0499125309,-0.0960496664,-0.0499869995,0.158015519,-0.192881554,0.0674624071,0.119934946,-0.0872354805,-0.1111155,-0.13045986,0.505302906,-0.474211097,0.247162119,-1.34972242e-06,-0.00500749378,0.000220348826,-0.656296909,-0.405976683,0.494094521,-0.49059251,-0.00114697358,-0.00289096497,0.0049584941
-0.0964414328,-0.605747938,0.97292459,-0.0368794504,0.0433081764,0.854932732,-0.515610639,-0.224116445,-0.0445853584,0.0220213495,0.469021827,0.106303811,-0.0830568522,0.0417799726,-0.103044704,-0.077230528,0.155520305,-0.174433991,0.0751784742,0.151027679,-0.091182217,-0.121420249,-0.133230984,0.529080153,-0.50217545,0.243575335,-3.4084449e-05,-0.00536202081,0.000201966657,-0.707787871,-0.406728327,0.514707923,-0.447441995,-0.000865984533,-0.0025802399,0.00374406227
-0.0953783095,-0.607146919,0.975228429,-0.0406109509,0.0395502936,0.853690752,-0.517685836,-0.212233037,-0.0427617319,0.0211663209,0.410076231,0.108409137,-0.0809476674,0.0326947309,-0.108526446,-0.105851501,0.154044822,-0.156150311,0.0828368515,0.18282111,-0.0952166691,-0.13270919,-0.139145404,0.554115951,-0.529122412,0.231666565,-7.40774994e-05,-0.00577135105,0.000181880197,-0.76089114,-0.410681248,0.545060337,-0.397682279,-0.00058141828,-0.00225015543,0.00271555455
-0.0928667709,-0.607733965,0.976961851,-0.0423000437,0.0337843508,0.851931834,-0.520846881,-0.198241979,-0.0374667086,0.0200337693,0.348949134,0.101946041,-0.0742145181,0.0202807598,-0.109842896,-0.135515496,0.157712609,-0.142856225,0.0877932012,0.214437664,-0.099990353,-0.147179753,-0.157799214,0.580324173,-0.546899319,0.191433802,-0.000134904287,-0.0062797023,0.000165710691,-0.815675259,-0.425908417,0.604866922,-0.324165165,-0.000383838837,-0.00187649997,0.00212282524
-0.0897018239,-0.608279645,0.978476286,-0.0435703323,0.0274054385,0.849915552,-0.524398819,-0.184942156,-0.0319992155,0.0185945947,0.29047218,0.0936257765,-0.0668935701,0.00672701374,-0.110290326,-0.164550141,0.163871884,-0.13217324,0.0911026672,0.2457605,-0.105494156,-0.162156865,-0.181511581,0.605079412,-0.560033441,0.141232058,-0.000196020032,-0.00677711936,0.000154008754,-0.870139003,-0.444764882,0.670960248,-0.240906775,-0.000222849267,-0.00147623639,0.00160336052
-0.0852305666,-0.608742356,0.979552567,-0.0440037025,0.0198031477,0.847407992,-0.528744933,-0.173027739,-0.0261878539,0.0165423993,0.23730804,0.0815924928,-0.0583983622,-0.00910375267,-0.108999468,-0.192320019,0.175013274,-0.126715153,0.0911173373,0.276489466,-0.112457216,-0.178144112,-0.215337247,0.626923501,-0.563878417,0.0711005479,-0.000257701322,-0.00725256745,0.000151245273,-0.923950672,-0.470876932,0.749614954,-0.138180807,-0.000135079696,-0.00102283258,0.00123054534
-0.0795773864,-0.609422207,0.980246902,-0.0440183979,0.0117141629,0.844687191,-0.533318581,-0.16367352,-0.0217841696,0.0135437716,0.193624958,0.0680191591,-0.0512525477,-0.025217928,-0.107127681,-0.218369007,0.190120518,-0.126697168,0.0866842568,0.307073295,-0.12031085,-0.19261907,-0.256503105,0.642817497,-0.557895064,-0.013779467,-0.000304347021,-0.0076307077,0.000160959957,-0.97571516,-0.49955827,0.829319596,-0.0192168057,-9.85126535e-05,-0.000476005109,0.000895307341
-0.0733354092,-0.610210299,0.980750203,-0.0438214873,0.00338418552,0.841814227,-0.537974936,-0.155601278,-0.0180851314,0.0100732027,0.154692113,0.053680528,-0.044783093,-0.0414687842,-0.104966223,-0.243550271,0.207204536,-0.129397199,0.0800303593,0.337575287,-0.128607035,-0.206334025,-0.301323742,0.655734003,-0.54700321,-0.106002197,-0.00034346644,-0.00796011556,0.000176905989,-1.02644098,-0.529514492,0.9095245,0.107823722,-8.75385231e-05,0.000117331721,0.000578945794
-0.0670539439,-0.611063182,0.980898499,-0.0432995351,-0.00334208891,0.839460107,-0.541683218,-0.151775748,-0.0171914268,0.00465397444,0.132113904,0.041300185,-0.0418351069,-0.0539271124,-0.103797205,-0.264768839,0.224748522,-0.139294967,0.0670083016,0.365937889,-0.13533555,-0.214406699,-0.344355404,0.660994232,-0.526889801,-0.198558763,-0.000354867196,-0.00812477991,0.000208421436,-1.0711385,-0.552553356,0.975805283,0.231342584,-0.000110680383,0.000785558543,0.000281097658
-0.0614529848,-0.611599684,0.98100841,-0.0428314613,-0.00884294761,0.837362112,-0.544896285,-0.149920955,-0.0173354931,-0.00130555138,0.116013616,0.0305768996,-0.0398689434,-0.064875111,-0.103514001,-0.283652365,0.241360515,-0.150772303,0.0531153902,0.391675115,-0.141330078,-0.220128179,-0.38234672,0.665293396,-0.507303774,-0.282694489,-0.000358366698,-0.0082491124,0.00024104098,-1.11245203,-0.571139455,1.0341897,0.341365755,-0.0001332791,0.00140870328,9.56812801e-06
-0.0572130531,-0.611503482,0.98104161,-0.0424754434,-0.0118934728,0.835857585,-0.547171344,-0.15200676,-0.0195545368,-0.00834527612,0.112865821,0.0231673159,-0.0398657061,-0.0728032291,-0.105002202,-0.297866523,0.256108463,-0.16540736,0.0374820977,0.412162006,-0.145856932,-0.221148431,-0.410257638,0.667672038,-0.48877421,-0.349988371,-0.00034606937,-0.00829281099,0.000275865546,-1.14699912,-0.580821395,1.0767839,0.424398303,-0.00015478459,0.00194166892,-0.000209327991
-0.0548669174,-0.610031784,0.981128633,-0.0429575481,-0.0119373203,0.834688307,-0.54891491,-0.161512822,-0.0253610983,-0.0146045387,0.12932241,0.0190145709,-0.0415258259,-0.0794509351,-0.109729014,-0.30613184,0.269334108,-0.181040376,0.0228656642,0.424587876,-0.150421947,-0.21712926,-0.423513234,0.670624137,-0.476444304,-0.393298209,-0.000316467369,-0.00827450026,0.000305496971,-1.17322874,-0.581115901,1.10383141,0.468794703,-0.00015461065,0.00229615206,-0.000341391715
-0.0534675419,-0.607873142,0.981242537,-0.0438583606,-0.0104788197,0.833687308,-0.550392689,-0.174724653,-0.0329590514,-0.0204725564,0.155571356,0.0164900161,-0.0440167449,-0.0854575261,-0.116073094,-0.311423004,0.281796485,-0.197168887,0.00876029395,0.432983398,-0.155005097,-0.210592851,-0.42944327,0.673862338,-0.467214644,-0.424615145,-0.00027822479,-0.00822520815,0.000332527503,-1.19529712,-0.576719761,1.12310517,0.493876815,-0.000143604193,0.00256138085,-0.000430041109
-0.0549321473,-0.603174925,0.981542349,-0.0473960094,-0.00421825264,0.832510729,-0.551961693,-0.20729956,-0.0489946939,-0.0201749764,0.229993343,0.0169155933,-0.0491684079,-0.0925198942,-0.129518181,-0.307913661,0.293191552,-0.213373184,-0.0029475817,0.426895857,-0.161859721,-0.197377995,-0.409469962,0.679014146,-0.468580425,-0.423084229,-0.000214766696,-0.0080694519,0.000350231159,-1.20450568,-0.558626413,1.12540913,0.460996926,-6.58327262e-05,0.00255910051,-0.000355184427
-0.0573198423,-0.597793043,0.981871724,-0.051855609,0.00328424551,0.831131997,-0.553642314,-0.247583836,-0.0674101785,-0.0160623305,0.325467288,0.0175654441,-0.0551910736,-0.10029418,-0.144708127,-0.302051395,0.304286629,-0.229569256,-0.0142727345,0.414487511,-0.169338837,-0.183354124,-0.380537748,0.684182584,-0.473068714,-0.411007911,-0.000148422536,-0.00786881149,0.000365869375,-1.20859742,-0.536423683,1.12312198,0.410955936,4.30548607e-05,0.00246640714,-0.000197540954
-0.0615533888,-0.591044843,0.982259989,-0.0581575433,0.0132683381,0.82934544,-0.555542791,-0.303280264,-0.0905820727,-0.00431962498,0.46303004,0.0186637565,-0.0629546717,-0.109490871,-0.163385063,-0.291483968,0.314779341,-0.245745614,-0.0248300619,0.389438987,-0.178065509,-0.167714894,-0.333691686,0.689383328,-0.483801842,-0.377841115,-7.63191347e-05,-0.00757843582,0.0003773731,-1.20245337,-0.506005585,1.11165249,0.326599479,0.000214158848,0.00219288818,0.000125660925
-0.0668248311,-0.583914936,0.982534528,-0.0647680931,0.0232597645,0.827395432,-0.557387546,-0.367341012,-0.113343105,0.0165462736,0.635052443,0.0185092092,-0.0715648979,-0.118942946,-0.180792943,-0.279078007,0.323749959,-0.260837138,-0.0347651243,0.350999087,-0.18583785,-0.154273778,-0.276779771,0.69228065,-0.497752488,-0.324342012,-1.38344149e-05,-0.00720406603,0.000385929598,-1.18170977,-0.47150743,1.09132791,0.223340645,0.00043491699,0.0017410554,0.000674889598
-0.0726152807,-0.576593876,0.982752085,-0.0715276521,0.0332527904,0.825298663,-0.55916023,-0.435585469,-0.135899961,0.0419729687,0.824306309,0.0177284814,-0.0805986971,-0.128523126,-0.197567448,-0.265752494,0.331960231,-0.275387198,-0.0443896949,0.305864304,-0.193133578,-0.14193058,-0.214834064,0.694026947,-0.513311982,-0.260678142,4.38460993e-05,-0.00678769639,0.000393013499,-1.1536684,-0.434968323,1.06657684,0.110629238,0.000680503319,0.00120007899,0.00133711367
-0.0777006,-0.570632637,0.982671738,-0.0760244654,0.0395108352,0.823673211,-0.560554739,-0.494131684,-0.150413916,0.0766808242,1.02471364,0.0133239534,-0.088540636,-0.135802507,-0.20614019,-0.254894078,0.336060166,-0.285507739,-0.0515989922,0.248784184,-0.195556283,-0.135735467,-0.159219146,0.688681722,-0.525849581,-0.179306984,7.57483067e-05,-0.00629779091,0.000397234893,-1.10011935,-0.402439445,1.03152049,0.00435073674,0.000927200483,0.000488507852,0.0023083433
-0.0821230561,-0.565395832,0.982545018,-0.0796000764,0.0443075722,0.82223232,-0.56181374,-0.543939531,-0.162134051,0.111381814,1.21383381,0.00810807105,-0.095617801,-0.142120227,-0.211599961,-0.245528534,0.338622987,-0.293653965,-0.057639204,0.191004723,-0.195836127,-0.131232768,-0.109969079,0.67987895,-0.535937369,-0.0986476988,0.000100899982,-0.00580103835,0.000401379453,-1.03990781,-0.373730242,0.993867695,-0.0933872908,0.00114638638,-0.000241155474,0.00331431883
-0.0852209777,-0.561606407,0.982325613,-0.0813420917,0.0461872954,0.821243386,-0.56285833,-0.576285243,-0.16827032,0.146076158,1.38042378,0.00126882771,-0.100967295,-0.146516412,-0.21083647,-0.239146084,0.338112831,-0.297854066,-0.0613430627,0.131815165,-0.191831484,-0.130113184,-0.0734355003,0.664161205,-0.541128755,-0.0193953849,0.000112559122,-0.00529049244,0.000405371364,-0.966362774,-0.352652699,0.95101589,-0.1740686,0.00131060835,-0.00100714248,0.00438997336
-0.0872341245,-0.558586121,0.982225776,-0.0819675434,0.0458801072,0.820697579,-0.563588344,-0.589147091,-0.17162165,0.175354093,1.5053525,-0.0049062022,-0.104447111,-0.150324479,-0.204744995,-0.234637305,0.335067183,-0.297657639,-0.0630158335,0.0738893673,-0.183730498,-0.130628988,-0.0485142171,0.641673625,-0.541838884,0.0485672615,0.00011850275,-0.00479435083,0.000411109417,-0.884696245,-0.339937806,0.900078177,-0.238656402,0.00137906196,-0.00177590922,0.00532843079
-0.0887045711,-0.555950761,0.982185662,-0.0820346917,0.044479545,0.820374127,-0.564161476,-0.592265129,-0.173580006,0.201919392,1.60943151,-0.0107481834,-0.106991552,-0.153837919,-0.195990443,-0.231066033,0.33075422,-0.295262933,-0.0636728033,0.0166042596,-0.173582584,-0.131962404,-0.02940288,0.615804493,-0.540308237,0.110874705,0.000121587698,-0.00430548657,0.000417719712,-0.798981488,-0.331406265,0.84510535,-0.295187593,0.00139962079,-0.00254594837,0.00619814685
-0.0893817917,-0.552880526,0.982572079,-0.0812679719,0.0404796062,0.821121614,-0.56348577,-0.564570427,-0.174533695,0.217192143,1.63833737,-0.0138874818,-0.10644424,-0.159628615,-0.179898635,-0.22824049,0.324451953,-0.284427851,-0.0616348088,-0.0386995934,-0.159467474,-0.133695573,-0.0214172006,0.586371243,-0.534067869,0.151479125,0.000125000646,-0.00387552753,0.000427343883,-0.704898357,-0.333192736,0.768794358,-0.331805468,0.00121830264,-0.00327330781,0.00664457213
-0.0899502635,-0.549279451,0.983077705,-0.0803507109,0.0357992607,0.822380652,-0.562096291,-0.52509582,-0.175279707,0.229235768,1.63976276,-0.0166840684,-0.104452334,-0.166988313,-0.161400869,-0.225659609,0.318187296,-0.270716786,-0.0583734177,-0.0936217457,-0.144924358,-0.135290831,-0.0159270484,0.558665156,-0.527491331,0.186421424,0.000131392095,-0.00347395404,0.00043635536,-0.609731913,-0.338271856,0.684911907,-0.36142239,0.000965408282,-0.00395172555,0.00694407569
-0.0903014243,-0.544615865,0.983821332,-0.0791318558,0.029756963,0.824658839,-0.55927674,-0.462052941,-0.175610572,0.23482579,1.58623564,-0.0187961869,-0.0995710492,-0.177487791,-0.138086259,-0.223567218,0.311996043,-0.251250297,-0.0526646264,-0.147797376,-0.129520893,-0.136610746,-0.015425507,0.534404337,-0.520240366,0.210051805,0.000143741563,-0.00312901987,0.00044414436,-0.512370229,-0.349936962,0.585863352,-0.377048522,0.000569305732,-0.00453248294,0.00694987178
-0.0905209258,-0.538773179,0.984427929,-0.0778453994,0.0227338574,0.827649227,-0.555355762,-0.378564328,-0.174161494,0.235803694,1.47703516,-0.0230421238,-0.0906523615,-0.191501647,-0.11069186,-0.223609239,0.306150943,-0.229619414,-0.0441087224,-0.201545939,-0.11309579,-0.137687683,-0.019817695,0.516206145,-0.516196012,0.229870915,0.000166969767,-0.00285660173,0.000444472302,-0.421756625,-0.370197654,0.483263969,-0.374244809,0.000127026113,-0.00495699514,0.00671090558
-0.0906746387,-0.532340884,0.984965801,-0.076520662,0.0152190948,0.830948027,-0.550852379,-0.284852803,-0.171822727,0.234476507,1.34000373,-0.0283547472,-0.0797153264,-0.207272723,-0.0812570229,-0.224718049,0.300478578,-0.206905648,-0.0341294073,-0.255083799,-0.0961592123,-0.138643235,-0.0266559776,0.501037121,-0.513754189,0.247786179,0.000195636298,-0.0026204132,0.000441071286,-0.334511131,-0.394755453,0.378884643,-0.362229764,-0.000338355196,-0.00530343875,0.00634959619
-0.090599969,-0.52582705,0.984299719,-0.0755203835,0.00626716067,0.833854616,-0.5467576,-0.179708168,-0.163764358,0.227516249,1.14426708,-0.042109333,-0.0621167049,-0.22756651,-0.0484871119,-0.233067632,0.293342948,-0.188063711,-0.0214524306,-0.306380153,-0.0737124085,-0.139651299,-0.0416196883,0.492847174,-0.52216506,0.27201736,0.000234262188,-0.00251148362,0.000417804957,-0.273569703,-0.435114861,0.29546839,-0.308587372,-0.000649157155,-0.00542533677,0.00576299429
-0.0903640687,-0.520080566,0.983007908,-0.0747596385,-0.00295988495,0.83623601,-0.543241725,-0.0787976831,-0.153664589,0.219366759,0.947320879,-0.0587893426,-0.043341402,-0.248516828,-0.0161718316,-0.244407013,0.285026819,-0.171041548,-0.00878875703,-0.35565424,-0.0486821532,-0.140979618,-0.0586637296,0.485563844,-0.535508215,0.300251752,0.000269885524,-0.00243847631,0.000388174871,-0.222951517,-0.479949832,0.223296851,-0.238590211,-0.000884527224,-0.0054921289,0.00518286135
-0.0898057222,-0.515870333,0.980464518,-0.0744863686,-0.0127336966,0.837657072,-0.540943864,0.0136230886,-0.139483631,0.208840162,0.747995496,-0.0813174099,-0.0222163163,-0.270776123,0.0152275246,-0.261724293,0.27435118,-0.157662719,0.00384573033,-0.400873303,-0.0184895732,-0.14294824,-0.0798653886,0.480095476,-0.558714271,0.33648771,0.000299495965,-0.00243733521,0.000345822016,-0.192992181,-0.533727884,0.173631862,-0.135894388,-0.000968970126,-0.00544868503,0.00461578649
-0.0886539817,-0.513708055,0.977265775,-0.0747658502,-0.0215099984,0.838287256,-0.53964976,0.086820811,-0.124387123,0.198822007,0.583110571,-0.10323818,-0.00343056815,-0.290690571,0.0416855104,-0.281043589,0.262222648,-0.145659298,0.0148085374,-0.439116955,0.0132654067,-0.146372706,-0.101629853,0.474611461,-0.588896394,0.377246618,0.000315636746,-0.00246473122,0.000300161482,-0.177130878,-0.590483248,0.14249827,-0.0155247636,-0.000962566934,-0.00533061754,0.00418145675
-0.0872059688,-0.512569547,0.97374022,-0.0753197166,-0.0297851495,0.838502367,-0.538844658,0.150398463,-0.108836219,0.189059958,0.435468107,-0.124851048,0.0141824624,-0.309429318,0.0656690598,-0.301359266,0.249370664,-0.134345576,0.024933828,-0.473867476,0.0457946062,-0.150523916,-0.123671092,0.469120711,-0.622558117,0.420257241,0.000325043889,-0.0025063809,0.000252857513,-0.168317154,-0.648714721,0.120630577,0.113651447,-0.000910771894,-0.00517528784,0.00381354429
-0.0848800763,-0.514180541,0.971263349,-0.0761514476,-0.0343297617,0.838500999,-0.538459375,0.183198571,-0.0980824083,0.183100089,0.361148149,-0.131896779,0.0227655619,-0.319482386,0.0785531253,-0.3142277,0.238908201,-0.124182239,0.0308586359,-0.494982094,0.0705687329,-0.157276392,-0.140007854,0.463785529,-0.652685702,0.456875324,0.000317016209,-0.00250662374,0.000217510969,-0.167424053,-0.698667109,0.112997785,0.223208532,-0.000832686725,-0.00499121612,0.00363651128
-0.0824458376,-0.516759217,0.969465852,-0.0766874486,-0.0374382329,0.838769684,-0.537757224,0.207970291,-0.0898124427,0.178342193,0.309003055,-0.131713271,0.0280567352,-0.326054752,0.0879943296,-0.322378308,0.230377272,-0.115677141,0.0352024809,-0.511232972,0.0905183181,-0.164430529,-0.152898207,0.459263951,-0.677453279,0.487789094,0.000306204834,-0.00247006328,0.000188869628,-0.166138604,-0.742388129,0.106167398,0.314782321,-0.000766055018,-0.00483349431,0.00349539379
-0.0797953606,-0.521272302,0.969027817,-0.0766344522,-0.0376746358,0.839607028,-0.536439951,0.21667856,-0.0865123495,0.175989479,0.301222801,-0.117069833,0.0267623141,-0.325663745,0.0905471593,-0.321090609,0.225711554,-0.110490561,0.0363832004,-0.51775223,0.100813769,-0.172386676,-0.158892393,0.456370801,-0.691494763,0.507286906,0.000289827614,-0.00235989667,0.000173645851,-0.164068595,-0.773636222,0.100943379,0.370367259,-0.000722346245,-0.00472850958,0.0034261432
-0.0770528018,-0.528110981,0.969554901,-0.0752677134,-0.035096539,0.841634671,-0.533623542,0.211544156,-0.0877725631,0.175231948,0.336896539,-0.0915742815,0.0196387377,-0.31775108,0.0873469114,-0.308532387,0.225212991,-0.111524552,0.0343097933,-0.514864922,0.100990981,-0.179309756,-0.157158509,0.456742048,-0.691622972,0.513432384,0.000273539685,-0.00216807332,0.000173033477,-0.158023953,-0.789972901,0.0925431252,0.385736167,-0.000714606722,-0.0047198399,0.00339469616
-0.0742647871,-0.536110222,0.970564127,-0.0732424344,-0.0311115388,0.844229591,-0.530041523,0.199494034,-0.0913111642,0.175271645,0.394275695,-0.0606614463,0.00960396137,-0.306081742,0.081272684,-0.290345192,0.226796746,-0.115666576,0.0306108184,-0.507278085,0.0961123928,-0.185715228,-0.15156348,0.458744258,-0.684799254,0.512904763,0.000257299689,-0.00193548785,0.000179722105,-0.149994522,-0.798855484,0.0825575143,0.381007224,-0.000724841608,-0.00475929771,0.00338214426
-0.0708261877,-0.547648787,0.971889377,-0.0691112574,-0.0236016462,0.848386673,-0.524315411,0.162022084,-0.0994292945,0.176849991,0.526832581,-0.0299850404,-0.00693790335,-0.28344062,0.0674281269,-0.257721663,0.233669281,-0.13186492,0.0220293291,-0.487005919,0.0790765062,-0.18824324,-0.136325359,0.467505097,-0.654112101,0.489789426,0.000242560578,-0.00166165549,0.0002112691,-0.136612833,-0.785879731,0.0676071197,0.321178734,-0.000803654199,-0.00494773872,0.00341811171
-0.0671376958,-0.559778929,0.973040104,-0.0646891157,-0.0155457037,0.852441205,-0.518572696,0.11480248,-0.107988164,0.178586856,0.681233764,-0.00446161535,-0.0243929438,-0.258839428,0.0516379736,-0.224178657,0.241525501,-0.15187031,0.0122970417,-0.463513494,0.0598057657,-0.189290449,-0.119518146,0.478394687,-0.614781618,0.457167298,0.000227634751,-0.0014171676,0.000250690355,-0.123639956,-0.76661098,0.0534118563,0.246930137,-0.000913987984,-0.00516218645,0.00348300184
-0.0629484281,-0.57309556,0.97384268,-0.0596914401,-0.00639898281,0.856377241,-0.512848912,0.048076123,-0.117431,0.180641264,0.879363894,0.010765207,-0.0436793827,-0.230311185,0.0319524333,-0.188786909,0.251351088,-0.179494768,0.000260540051,-0.433574408,0.0360601135,-0.187376827,-0.0995681286,0.493544489,-0.558155417,0.405524492,0.000212330982,-0.00123128493,0.000305869849,-0.111480609,-0.734752536,0.0407222882,0.143822894,-0.00108738779,-0.00542870676,0.0036057476
-0.0589470789,-0.585495949,0.974188209,-0.0553210027,0.0030833121,0.859266555,-0.508518503,-0.0339792669,-0.126602173,0.182271093,1.09228444,0.0129901171,-0.0630584359,-0.202309877,0.00946565904,-0.160254687,0.260656685,-0.211182773,-0.0120398123,-0.398959011,0.0111715458,-0.183328599,-0.080830276,0.510574102,-0.488526344,0.33398211,0.000198854788,-0.00117155735,0.000366290624,-0.105623804,-0.695790231,0.0362380818,0.0298063271,-0.00131725892,-0.00565488357,0.00383010996
-0.0550394468,-0.597438991,0.974305391,-0.0512611409,0.0127329209,0.861585541,-0.504856934,-0.123700231,-0.135638013,0.183688805,1.31260812,0.00871682912,-0.0824847594,-0.174570531,-0.0144223049,-0.135149419,0.269702882,-0.244903371,-0.0244726613,-0.362004668,-0.0142895132,-0.178213328,-0.0626973212,0.528543949,-0.412394971,0.252490312,0.000186291305,-0.00117487868,0.000429334003,-0.102916688,-0.65327549,0.0358546562,-0.0896684751,-0.0015753659,-0.00586090796,0.00410527131
-0.0525095463,-0.606308937,0.97410655,-0.049043615,0.0235432818,0.862455968,-0.503199902,-0.222721592,-0.144562528,0.184245214,1.50097108,-0.0108829914,-0.100600198,-0.14980115,-0.0430904627,-0.124117352,0.275067508,-0.277075052,-0.0337564349,-0.31798774,-0.0403681919,-0.17169486,-0.051705569,0.546073854,-0.332654297,0.150008276,0.000183638127,-0.00144475955,0.000476843619,-0.116231784,-0.610029042,0.0568194054,-0.193227082,-0.00182069861,-0.00587345287,0.00455637788
-0.0504441485,-0.614414155,0.973956525,-0.0473004979,0.034769686,0.863054026,-0.501688628,-0.320009381,-0.152840093,0.184753507,1.66694856,-0.0331597105,-0.117131203,-0.125404984,-0.0731422454,-0.116564222,0.278815895,-0.306246191,-0.040960256,-0.270814776,-0.0668769926,-0.164731756,-0.0440105014,0.563050926,-0.257290781,0.0457048938,0.000185275057,-0.00181490637,0.000514369342,-0.136483356,-0.56798631,0.0868371278,-0.284527689,-0.00201370474,-0.00579085993,0.00503927702
-0.0493075848,-0.620989203,0.973903954,-0.0465115404,0.0468263349,0.863202661,-0.500524861,-0.413812518,-0.159822926,0.185165584,1.78815138,-0.0607821569,-0.130492061,-0.101759732,-0.105953328,-0.115965888,0.279333264,-0.329414189,-0.0440054685,-0.21734345,-0.0942400619,-0.156881392,-0.0429060236,0.578919888,-0.190691292,-0.0622175485,0.000195486195,-0.00238537719,0.000531932805,-0.170594573,-0.528357744,0.13494271,-0.351309866,-0.00210208795,-0.00551813282,0.00558562065
-0.0486296602,-0.626968861,0.974106848,-0.0461437511,0.0584665317,0.863552751,-0.498727446,-0.495333731,-0.161335886,0.186337769,1.86034477,-0.0882555991,-0.137992859,-0.0775142759,-0.138496965,-0.119856983,0.275971889,-0.34324652,-0.0416324437,-0.155271783,-0.121438436,-0.147094637,-0.0493083,0.592493355,-0.139668792,-0.163708583,0.000209986509,-0.0030938352,0.000529563287,-0.219638854,-0.490405262,0.200756073,-0.389891326,-0.00202264404,-0.00504637277,0.00608242163
-0.0481810905,-0.632650971,0.974437594,-0.045983675,0.069894454,0.863948686,-0.496581247,-0.570715904,-0.160113022,0.187890187,1.90802813,-0.115655899,-0.142562956,-0.0529673994,-0.170908451,-0.125993788,0.270670295,-0.352410048,-0.0365492068,-0.0888952538,-0.148555815,-0.13633883,-0.059465602,0.604919434,-0.0964349732,-0.261987925,0.000226632896,-0.00387134752,0.000517223496,-0.276154786,-0.453289032,0.275429815,-0.414369375,-0.00185925257,-0.00447503617,0.00655446714
-0.0478397757,-0.638151646,0.975013018,-0.045933741,0.0783553116,0.865571707,-0.492479601,-0.617621958,-0.145276502,0.191507459,1.88769186,-0.135151833,-0.137664899,-0.0275752284,-0.197238714,-0.138234511,0.258961856,-0.347628593,-0.0237484202,-0.00887765735,-0.171732441,-0.122312762,-0.0803248063,0.61199367,-0.078952007,-0.339912772,0.000237668253,-0.00465261936,0.000487258338,-0.351485014,-0.417591423,0.369073033,-0.399999171,-0.00146658788,-0.00374594703,0.0067960443
-0.0474648997,-0.6436975,0.975548267,-0.0458034339,0.0854407302,0.86757425,-0.487767206,-0.653683603,-0.12708585,0.195309356,1.84356809,-0.150058702,-0.131018206,-0.00273814844,-0.220438018,-0.153038189,0.245997071,-0.339866012,-0.00974034239,0.0735978931,-0.192381367,-0.107933216,-0.103433892,0.617556095,-0.0695183426,-0.408847034,0.000243983028,-0.00537406327,0.000458025024,-0.429929435,-0.382955492,0.464417219,-0.375159562,-0.00105253339,-0.0030407086,0.00693602161
-0.0470227562,-0.649335742,0.97600323,-0.0455174434,0.089786013,0.870431936,-0.481886791,-0.668070793,-0.102182373,0.199481592,1.7518636,-0.155793399,-0.120872706,0.0209965035,-0.237383425,-0.172971472,0.230515867,-0.326139748,0.00668621343,0.161013752,-0.207981974,-0.0928423926,-0.131049126,0.62009728,-0.0761779398,-0.459823757,0.00024086007,-0.00597608928,0.000430246175,-0.514625251,-0.350432098,0.56319195,-0.329376847,-0.000595579972,-0.00238294853,0.00687287282
-0.0465703532,-0.65524286,0.976201832,-0.0448999196,0.0912360949,0.873492911,-0.476098841,-0.660656333,-0.0778946429,0.201023027,1.61042821,-0.149793401,-0.111682042,0.0412136391,-0.247796208,-0.198189259,0.216457486,-0.311069965,0.0215626825,0.245313972,-0.21725446,-0.0795755908,-0.160101816,0.62133503,-0.0986876339,-0.4916794,0.00022476622,-0.00642025936,0.000414223818,-0.597415686,-0.322044164,0.654719591,-0.271798581,-0.000224224874,-0.00186447171,0.00658524456
-0.0461126678,-0.661286175,0.976272345,-0.0441157742,0.0912377531,0.876642627,-0.47034793,-0.642340422,-0.0539073162,0.201249719,1.4440881,-0.137925103,-0.102965914,0.059678454,-0.254946381,-0.226056591,0.20310609,-0.295323968,0.0356687643,0.328082293,-0.223366231,-0.0672166049,-0.18988201,0.621921539,-0.129128039,-0.513985634,0.000202183001,-0.00678564934,0.000404073886,-0.679278851,-0.295715034,0.742652059,-0.208305851,0.000104450897,-0.00141546794,0.00618530577
-0.0458526649,-0.667706788,0.975866556,-0.0425360978,0.0862081932,0.87909721,-0.466847859,-0.595637083,-0.0365563817,0.192649901,1.22643805,-0.108269505,-0.0996024236,0.0706806406,-0.252454191,-0.257357031,0.196749836,-0.283211261,0.043723464,0.394105464,-0.219848186,-0.0606963784,-0.219686359,0.622673631,-0.181086913,-0.512322843,0.000155407222,-0.00699693523,0.000413785281,-0.750249743,-0.277328163,0.809898138,-0.146245033,0.000251775084,-0.00116478384,0.00552062364
-0.0456899926,-0.674054086,0.975313544,-0.0405802185,0.079443838,0.881164349,-0.464318116,-0.544728279,-0.0204181578,0.180538446,1.00914371,-0.0752630532,-0.0979237854,0.0793166161,-0.24669157,-0.287541568,0.1933541,-0.273614109,0.049360957,0.452238858,-0.213531151,-0.0560722798,-0.249181092,0.623953223,-0.236739606,-0.505617142,0.000101135411,-0.00720225647,0.000426620449,-0.817145228,-0.2615107,0.869965911,-0.0899125412,0.000361474667,-0.000957474113,0.00485286815
-0.0457220189,-0.680253625,0.974466205,-0.037872514,0.0692117475,0.88245647,-0.463730509,-0.4854182,-0.0067088902,0.161405414,0.7926054,-0.0355609432,-0.099615559,0.0832179189,-0.23438856,-0.315487951,0.195880786,-0.269050539,0.0501624011,0.494579136,-0.201616913,-0.0552417636,-0.278050572,0.62628746,-0.299769372,-0.488826126,3.18810453e-05,-0.00739560556,0.000445701124,-0.875875354,-0.250835836,0.9156636,-0.0450493172,0.00039589504,-0.00083696394,0.00417910051
-0.045880571,-0.685663223,0.973439574,-0.0346691946,0.0576210994,0.882804935,-0.46490139,-0.432042629,0.0061281235,0.137999386,0.610733867,0.00217986479,-0.103019245,0.0834353268,-0.218164712,-0.338830411,0.204762846,-0.270739913,0.0456737727,0.521777809,-0.186852843,-0.0561857633,-0.304300487,0.630491376,-0.360466003,-0.468766868,-4.43445315e-05,-0.00762477238,0.000461078773,-0.926909208,-0.244212985,0.949813008,-0.0147369578,0.000402428181,-0.000767591409,0.00365928374
-0.0461023115,-0.690677047,0.972323596,-0.0312155743,0.0453488796,0.882592796,-0.466903655,-0.381643146,0.0185266864,0.112463035,0.446221113,0.0389329866,-0.107277639,0.0818119496,-0.199985057,-0.359867662,0.21681869,-0.275553375,0.0385427624,0.541405141,-0.170667753,-0.0580162406,-0.32923615,0.635628581,-0.419984519,-0.447078735,-0.000124037906,-0.00787178893,0.000474603003,-0.97408694,-0.239616171,0.978185296,0.00829861313,0.000395025592,-0.000723784906,0.00321649644
-0.0463426411,-0.693633676,0.971138239,-0.028161588,0.0360902981,0.88088366,-0.471113992,-0.35126406,0.0275617801,0.0887052864,0.351851523,0.0643143505,-0.111013874,0.0762493163,-0.18416363,-0.373699188,0.236391604,-0.288295001,0.0243584514,0.545064986,-0.156486362,-0.0591304228,-0.345783114,0.644946158,-0.46671015,-0.427740782,-0.000196991678,-0.0081486702,0.00047522338,-1.0086689,-0.239346132,0.994385958,0.0147098489,0.000379803823,-0.000725594698,0.00302000437
-0.0465744287,-0.695640326,0.969984651,-0.0254591023,0.0285965323,0.878778602,-0.47569133,-0.327169061,0.034955088,0.0677700639,0.277384281,0.0856707692,-0.113842979,0.0699389726,-0.170583263,-0.385025829,0.256294906,-0.302027643,0.00919483602,0.545212746,-0.144291997,-0.0593245886,-0.358748734,0.655905664,-0.508624971,-0.408877999,-0.000262196496,-0.00841413625,0.000472525746,-1.03858554,-0.240255713,1.00786877,0.0176920276,0.000365456741,-0.000737263937,0.0028705711
-0.0467890687,-0.695746303,0.968894601,-0.0234648089,0.0246404061,0.876018895,-0.481074993,-0.315648258,0.0390629768,0.05248468,0.24274087,0.0989721119,-0.114857078,0.0621343367,-0.161488235,-0.391339839,0.276854992,-0.317739725,-0.00792449899,0.538335562,-0.136074573,-0.057678517,-0.364548445,0.670147181,-0.540908635,-0.390969485,-0.000311888522,-0.00865671597,0.000463192002,-1.05916405,-0.243524596,1.01591229,0.0138147864,0.000352862175,-0.000768651953,0.00281529501
-0.0471183062,-0.693210006,0.967995763,-0.0221205208,0.0237943699,0.873152253,-0.486363704,-0.31409955,0.0403518751,0.0445199572,0.239528924,0.106093325,-0.113495253,0.0537786186,-0.155895054,-0.392313182,0.293726683,-0.331629574,-0.0238183104,0.524329543,-0.132155493,-0.0538533702,-0.362330794,0.686155617,-0.565165758,-0.368851721,-0.000337661593,-0.0088276146,0.000453277491,-1.07025242,-0.248921767,1.02022982,0.00499506667,0.000341167615,-0.000815799111,0.00282062218
-0.0475047454,-0.689353943,0.96719265,-0.0211010499,0.0245022493,0.870221906,-0.491597619,-0.31753388,0.0402319469,0.0402147621,0.252023011,0.110125065,-0.110946514,0.0451492481,-0.15205279,-0.390617728,0.308752,-0.344606042,-0.0390965305,0.506764233,-0.130384967,-0.0489401892,-0.356107593,0.70304364,-0.585407436,-0.344635159,-0.000351477793,-0.00896266196,0.000443074794,-1.07659662,-0.255381256,1.02268457,-0.00629246514,0.000329925097,-0.000870811171,0.00285622966
-0.048522599,-0.680754542,0.96680671,-0.0210038366,0.0292771997,0.867399568,-0.496306029,-0.334472775,0.0360350311,0.0471352749,0.312375367,0.107511304,-0.104959562,0.0363333523,-0.15118444,-0.380799413,0.317053854,-0.352290571,-0.0503452867,0.474193871,-0.134783402,-0.0421304293,-0.334377259,0.717109561,-0.59643501,-0.307595015,-0.000318323058,-0.00888467021,0.000443718862,-1.06710601,-0.26435858,1.02049243,-0.0230157953,0.000314686942,-0.000953527982,0.00303079584
-0.0498682521,-0.671048224,0.966546476,-0.0212336353,0.0351719116,0.864457499,-0.501024253,-0.355475873,0.0301653799,0.0572017878,0.390269578,0.103019662,-0.0983806178,0.0275498237,-0.15092425,-0.368673772,0.324130058,-0.358600914,-0.0603310987,0.435598731,-0.140913084,-0.0357250646,-0.307376176,0.728486776,-0.604862213,-0.266715765,-0.00026886104,-0.00870247371,0.000450796331,-1.05088234,-0.27382791,1.01608443,-0.0410105512,0.000296763174,-0.00105366611,0.00327867898
-0.0518698134,-0.659125686,0.966537833,-0.0221178654,0.0433077088,0.861294177,-0.50577424,-0.38461265,0.0209489893,0.0735624135,0.503266037,0.0947714448,-0.0906158388,0.0188283306,-0.151880085,-0.351930499,0.328757524,-0.362165272,-0.0677944347,0.384944171,-0.150506586,-0.0301264189,-0.269826978,0.734490871,-0.608092189,-0.218147129,-0.000186774225,-0.00831184629,0.000470740721,-1.02118981,-0.284283966,1.00724363,-0.0615532734,0.000273463578,-0.00118867191,0.00367324939
-0.0542222857,-0.647470415,0.96666801,-0.0234671719,0.0517232304,0.857939479,-0.510601459,-0.41799289,0.00910309888,0.0921647623,0.645131469,0.0825126395,-0.083770059,0.0101143038,-0.153166324,-0.33300674,0.332487226,-0.364263058,-0.0736003667,0.32464087,-0.160955012,-0.027523797,-0.229190066,0.733515739,-0.605864644,-0.167085826,-9.21820974e-05,-0.00774710812,0.000502168608,-0.977122426,-0.294764906,0.989905775,-0.0858228952,0.000243662944,-0.00138306769,0.00418980652
-0.0567509048,-0.635945261,0.966867626,-0.025047919,0.0602776338,0.854437119,-0.515438084,-0.453504711,-0.00406095665,0.111893475,0.801472545,0.0682451054,-0.0773816183,0.00140135281,-0.154618114,-0.312987089,0.335769325,-0.365628272,-0.0785794929,0.259495556,-0.171834007,-0.0264181681,-0.18699716,0.729051352,-0.600908101,-0.114762805,8.69060023e-06,-0.00709515717,0.000539347006,-0.925855219,-0.305261523,0.968314707,-0.111963071,0.000210603204,-0.00160721329,0.00476750499
-0.058921665,-0.627974391,0.966990888,-0.0269240461,0.0653473847,0.85152967,-0.519520969,-0.483409256,-0.0186148901,0.127791435,0.970035315,0.0494775921,-0.0753771141,-0.0082822293,-0.154357299,-0.294145018,0.337531954,-0.365967393,-0.0825173408,0.187972993,-0.179158509,-0.031952817,-0.156146407,0.714093745,-0.586802602,-0.0662318319,8.19365305e-05,-0.00638645049,0.000583092391,-0.857694507,-0.314975053,0.924853384,-0.146474138,0.000153759029,-0.00192331779,0.00531119108
-0.060963124,-0.621274471,0.966955423,-0.0289628331,0.0687342299,0.84901814,-0.523072613,-0.506706178,-0.0334815234,0.141786322,1.12835717,0.031251274,-0.0750914887,-0.0187980272,-0.152563632,-0.276323855,0.338666469,-0.366212785,-0.0862499401,0.116302878,-0.184729531,-0.0396832265,-0.131101787,0.696582794,-0.570492148,-0.0197396167,0.000141742319,-0.00570460176,0.000625827583,-0.785750687,-0.32476142,0.871392906,-0.182326436,7.51448315e-05,-0.0022560542,0.00577028142
-0.0627459139,-0.617115796,0.966602862,-0.0313286663,0.0687620179,0.847367091,-0.525603761,-0.516792774,-0.0489717089,0.151975766,1.26619279,0.0141085815,-0.0782417431,-0.0309762526,-0.147706121,-0.260545254,0.338545382,-0.36627084,-0.0895719007,0.0443451554,-0.186794981,-0.051801905,-0.11766547,0.673969984,-0.549776077,0.0226726197,0.000174676781,-0.0050765085,0.000666539418,-0.706252396,-0.334692389,0.797950506,-0.220856056,-4.69770748e-05,-0.0026220018,0.00606022961
-0.064640373,-0.614337683,0.965726018,-0.0343711322,0.066029523,0.846612173,-0.526978705,-0.506990731,-0.0644510314,0.160564274,1.36402261,0.00179856922,-0.0831274241,-0.0452300459,-0.138262674,-0.24585633,0.337300867,-0.365887702,-0.0919204056,-0.0257681124,-0.185753286,-0.0661597252,-0.113195628,0.65033114,-0.529785454,0.06336198,0.00019448981,-0.00450970139,0.000699720753,-0.623765111,-0.346492469,0.705784559,-0.253821105,-0.000227642086,-0.00298854755,0.00613986095
-0.0665911585,-0.612249076,0.964586794,-0.0377519887,0.0619150158,0.846288766,-0.527765707,-0.487242192,-0.0799288601,0.168354571,1.44187534,-0.00809835736,-0.0888820365,-0.0605251938,-0.126523957,-0.231708482,0.335494339,-0.365283877,-0.0937827975,-0.0949770287,-0.183157817,-0.0816407204,-0.113207668,0.626173317,-0.510152519,0.103200294,0.000207747493,-0.00397339184,0.000729145424,-0.539762437,-0.359230012,0.604233921,-0.284012347,-0.000437623094,-0.00335548562,0.00611435995
-0.0686959475,-0.610487461,0.962699592,-0.042050871,0.0554338246,0.847055312,-0.526930844,-0.435256273,-0.0917097256,0.176668495,1.45328522,-0.0112091079,-0.0930474997,-0.0785321742,-0.108637974,-0.218496427,0.331668794,-0.362351537,-0.0925968513,-0.157923579,-0.175993755,-0.096316278,-0.122395016,0.606740117,-0.498853207,0.146179318,0.000219947033,-0.00353351701,0.000736009795,-0.464608431,-0.3774544,0.495985925,-0.292578608,-0.000668053108,-0.00366091635,0.00582249323
-0.0706574172,-0.608491063,0.960639715,-0.0464218972,0.0486678448,0.847990277,-0.525727058,-0.374785751,-0.101527616,0.184833765,1.44165373,-0.013498106,-0.0957396924,-0.0974394903,-0.0898082405,-0.206552953,0.327098876,-0.358056545,-0.0897197872,-0.217744336,-0.166906118,-0.110198155,-0.134306908,0.589627981,-0.491238743,0.191628441,0.000232696882,-0.00313342409,0.000731798646,-0.39731583,-0.397870302,0.395890921,-0.2905958,-0.000867791532,-0.00392464781,0.00547833601
-0.0723328888,-0.606024623,0.95823431,-0.0509402819,0.0413335674,0.849304482,-0.523811532,-0.297330171,-0.107423142,0.19270429,1.38394308,-0.0141445445,-0.0954865962,-0.118152998,-0.0690855458,-0.19714269,0.321038932,-0.351035386,-0.0834601074,-0.271332681,-0.153969169,-0.122497141,-0.151670694,0.577152073,-0.490990698,0.242030844,0.000246551121,-0.00281275949,0.000705438375,-0.345723182,-0.422674775,0.31206882,-0.267517537,-0.00100621709,-0.0041050734,0.00502950931
-0.0734160766,-0.60291934,0.955595255,-0.0554096897,0.03360539,0.850493389,-0.521978389,-0.211881101,-0.109856978,0.198490769,1.27935326,-0.0161833465,-0.0909340978,-0.14134407,-0.04774075,-0.192902803,0.313665897,-0.33966291,-0.0727358311,-0.318344116,-0.135741085,-0.133978128,-0.174606442,0.567440987,-0.498840898,0.298697531,0.000257342152,-0.00256929826,0.000655499054,-0.313406199,-0.450758398,0.254892498,-0.2193975,-0.00105684134,-0.00419894513,0.00456948113
-0.0742032975,-0.599494576,0.952839375,-0.0598521112,0.0256787122,0.851580481,-0.520162487,-0.122432567,-0.110560812,0.203235954,1.15132797,-0.0189181492,-0.0842325538,-0.165774629,-0.0260839406,-0.191246852,0.305636227,-0.326115102,-0.0597796142,-0.362070829,-0.114867598,-0.145050868,-0.200328216,0.559111178,-0.510738969,0.358498007,0.000266602699,-0.00236441125,0.000593772391,-0.290721476,-0.48048234,0.211030722,-0.158759207,-0.00106358551,-0.00424956204,0.00410383195
-0.0741286799,-0.595685005,0.950167656,-0.0643502603,0.0169376819,0.851800415,-0.519623144,-0.0366967544,-0.107285112,0.204165682,0.979097903,-0.0263204426,-0.0699113011,-0.193805009,-0.00384461042,-0.198766619,0.295668602,-0.303078771,-0.0404937565,-0.397381037,-0.0854684561,-0.156043887,-0.233507469,0.549621582,-0.534451783,0.426820934,0.000265938404,-0.00224704808,0.000510074198,-0.292734951,-0.511193871,0.201759487,-0.0650235787,-0.00098801963,-0.00421515992,0.00370803056
-0.0739109442,-0.592111528,0.947765052,-0.0686827189,0.00833993545,0.851617289,-0.519577832,0.0428387597,-0.103360213,0.204115301,0.810729384,-0.0344025455,-0.0543220602,-0.221531034,0.017727267,-0.20809418,0.285447627,-0.277528614,-0.0204482209,-0.43002063,-0.0549440421,-0.166728199,-0.267644882,0.538885713,-0.560153484,0.495323032,0.000261841575,-0.00214806548,0.000427594234,-0.300369352,-0.540604949,0.20004949,0.0323256217,-0.000910149654,-0.00417186087,0.00334464479
-0.0734069571,-0.589010894,0.945900917,-0.072689198,3.30594014e-05,0.850716325,-0.520574695,0.109956227,-0.0981375724,0.202104449,0.650119007,-0.0438427702,-0.0361997709,-0.248642743,0.0379597135,-0.221035823,0.27472198,-0.246955469,0.00111275166,-0.457311869,-0.0221750438,-0.17679283,-0.303691953,0.525659144,-0.589828312,0.564169407,0.000250879821,-0.00208586734,0.00034756778,-0.3192451,-0.567409098,0.213463888,0.136882916,-0.000827686861,-0.00411077542,0.00304617104
-0.0729872435,-0.586984038,0.944783092,-0.0756825634,-0.00641322583,0.849504029,-0.522086128,0.158769637,-0.0939235985,0.198608786,0.529629827,-0.0499767102,-0.0208852105,-0.270174742,0.0538256131,-0.232174397,0.265355527,-0.217590034,0.0196289271,-0.477983356,0.00595907914,-0.185067162,-0.3353194,0.512498915,-0.616869926,0.622047365,0.000237111788,-0.00204114523,0.000284860493,-0.341199368,-0.588603795,0.232379511,0.225957856,-0.000773232197,-0.00407440215,0.00282340171
-0.0726096258,-0.585493743,0.944038272,-0.0781691624,-0.0119296242,0.84813127,-0.523851711,0.198437214,-0.0902135372,0.194370791,0.42918691,-0.0544584878,-0.00697316322,-0.288919091,0.0675099343,-0.242412403,0.256667882,-0.188826695,0.036624264,-0.495347351,0.0317781381,-0.192447111,-0.364739567,0.499371141,-0.642596722,0.674446285,0.0002219405,-0.00200515543,0.000230806094,-0.364693344,-0.606996,0.254045606,0.307299316,-0.000732773216,-0.00405037776,0.00263845804
-0.0728343204,-0.586019397,0.944127202,-0.0788496459,-0.0132275259,0.847285019,-0.525086528,0.211565048,-0.0913123265,0.189213842,0.404249668,-0.0500540882,-0.0023683589,-0.294386923,0.0720454752,-0.242450088,0.25186646,-0.171103463,0.0449256562,-0.500651121,0.0421081223,-0.196597621,-0.378686249,0.493564308,-0.657244563,0.692596436,0.000213391468,-0.00197622972,0.000209535516,-0.378562868,-0.615014613,0.267028481,0.339828014,-0.000744772551,-0.00410444476,0.00256686471
-0.0733865723,-0.58730638,0.944319904,-0.079035407,-0.0130528864,0.846734466,-0.525950351,0.216891333,-0.0945644304,0.184488714,0.40470475,-0.0438975133,-0.000817207678,-0.295125693,0.0736411661,-0.237604395,0.248428211,-0.158125222,0.0506239161,-0.501549184,0.0465950221,-0.199795008,-0.386940956,0.491917819,-0.667577803,0.695844352,0.000209407342,-0.00195165572,0.000198085283,-0.387215018,-0.619770646,0.274047583,0.353860199,-0.000771444931,-0.00418260973,0.00252688979
-0.0745939836,-0.590116382,0.944720387,-0.0782319302,-0.00993356661,0.846775466,-0.526072618,0.206618473,-0.102123506,0.180625603,0.455936998,-0.0342352539,-0.00537195615,-0.286408097,0.06935855,-0.222992003,0.247714877,-0.154631555,0.051118426,-0.493637532,0.0393989012,-0.201087445,-0.383816153,0.49859038,-0.669286609,0.669293284,0.000214550382,-0.00193577702,0.000206269251,-0.385436773,-0.618003964,0.269143075,0.330909252,-0.000827466894,-0.00430898741,0.00255013071
-0.0764804035,-0.594336927,0.944978714,-0.0767370992,-0.00442922543,0.847090887,-0.525860085,0.179067746,-0.112912066,0.178471774,0.55871737,-0.0260092467,-0.013667807,-0.270089,0.0606607571,-0.199486524,0.249932915,-0.160943016,0.0478756689,-0.476839662,0.0231029242,-0.200566798,-0.372360826,0.514570236,-0.661484003,0.611633778,0.000227966346,-0.00195657043,0.000232246181,-0.376443624,-0.610131145,0.254930317,0.276134014,-0.000905349501,-0.00445427792,0.00262618857
-0.0787062794,-0.599262595,0.945165992,-0.0748938114,0.00226753606,0.847512084,-0.525460791,0.142880172,-0.125315249,0.177172109,0.687266588,-0.0185006578,-0.0238338672,-0.24996984,0.0497558191,-0.171535105,0.253616154,-0.172155365,0.0427648723,-0.455599636,0.00225803955,-0.199139938,-0.356741428,0.535202622,-0.648927271,0.538423359,0.000245517789,-0.00199569319,0.000267117313,-0.363844007,-0.59920615,0.236064598,0.205450356,-0.000994162052,-0.00460902834,0.00272864755
-0.0813385695,-0.605136871,0.944757402,-0.0728695186,0.0103847564,0.847434957,-0.525771988,0.0775797591,-0.139258027,0.1783548,0.877211809,-0.0182376429,-0.0350119211,-0.225850075,0.0349106751,-0.140593722,0.26227504,-0.197979867,0.033021573,-0.423340023,-0.0244072471,-0.195159301,-0.335447669,0.565809965,-0.620545506,0.428154707,0.000267464813,-0.00214945734,0.00032506141,-0.350451976,-0.580191016,0.2159587,0.106902733,-0.00110626267,-0.00473322533,0.00290338509
-0.0838226676,-0.610870659,0.944111109,-0.0711009371,0.0182914254,0.846882423,-0.526687992,0.00404924713,-0.15376845,0.180253118,1.0738616,-0.0211449359,-0.0459061638,-0.203016311,0.0188983604,-0.112798989,0.272325873,-0.227266029,0.0222315323,-0.38872236,-0.0505625308,-0.190677688,-0.314592302,0.596390009,-0.588869929,0.312849075,0.000287768344,-0.00234855409,0.000386490254,-0.339786589,-0.559716582,0.199908257,0.00858549774,-0.00122140837,-0.00482714642,0.00310720783
-0.0860102922,-0.616323173,0.942989707,-0.0698491341,0.0257766762,0.845442331,-0.528851517,-0.0859247819,-0.169412091,0.18358174,1.28389299,-0.0303890035,-0.0562319756,-0.182755366,0.000554640777,-0.0912968516,0.285157979,-0.263468593,0.009350284,-0.349394828,-0.0756957382,-0.185195088,-0.294615299,0.626912355,-0.550613403,0.187486783,0.000304784713,-0.00263824547,0.000454878493,-0.334572494,-0.536327243,0.191965818,-0.0892612487,-0.00134262885,-0.00486053899,0.00336914626
-0.0876443982,-0.621190071,0.941614389,-0.0692483648,0.0326342517,0.84292327,-0.532559885,-0.184774876,-0.187045678,0.188308418,1.47569442,-0.0460467935,-0.0662567317,-0.166230947,-0.0211597905,-0.079181999,0.298780352,-0.300208062,-0.00288898079,-0.307037592,-0.0980091989,-0.179480135,-0.279229224,0.650963008,-0.515424728,0.0689542815,0.000315819576,-0.00298213074,0.000516629487,-0.338884413,-0.513006091,0.198399693,-0.169661552,-0.00144471391,-0.004788436,0.00371456705
-0.0890021995,-0.625765562,0.940111876,-0.0689702809,0.0391782576,0.839831448,-0.537020766,-0.288087934,-0.205678672,0.193735301,1.6584301,-0.0649152622,-0.0761335269,-0.151570469,-0.0445650145,-0.0717574582,0.312801331,-0.337225288,-0.0148103843,-0.263154805,-0.118918553,-0.173647553,-0.26613456,0.671784103,-0.481760949,-0.0461936519,0.00032386661,-0.00335319852,0.00057507772,-0.347960234,-0.489713162,0.21202302,-0.241359562,-0.00153725792,-0.00466356892,0.0041018147
-0.0897194743,-0.629834533,0.938932061,-0.0691638996,0.0455084205,0.835767073,-0.542806355,-0.390801638,-0.222986042,0.201177001,1.78197455,-0.0896995664,-0.0841392577,-0.138076693,-0.0724940673,-0.0768509209,0.323695004,-0.364515752,-0.021081334,-0.214800537,-0.136787653,-0.167399108,-0.262536049,0.680424273,-0.463501692,-0.13434343,0.000324226276,-0.00371586182,0.000609117502,-0.376353264,-0.467830002,0.253968596,-0.277240396,-0.00153422612,-0.00431163236,0.00460765325
-0.0903681964,-0.633911073,0.938068867,-0.069305052,0.0518666335,0.831785764,-0.548305668,-0.488338023,-0.237489909,0.208831489,1.88369203,-0.114153005,-0.0906648487,-0.12318109,-0.10063234,-0.0851798952,0.332261205,-0.38674137,-0.0247807577,-0.164464697,-0.154144794,-0.160729483,-0.26218462,0.685766339,-0.450310022,-0.212103799,0.000322260894,-0.00405476708,0.000635182019,-0.411531985,-0.445794344,0.305531323,-0.302825481,-0.00147843978,-0.00389130856,0.00511534326
-0.0908798426,-0.638002396,0.937838852,-0.0693479995,0.058284178,0.8280518,-0.553284761,-0.575515628,-0.246388495,0.216910496,1.9417696,-0.137942612,-0.0942311734,-0.105484873,-0.12918596,-0.099975422,0.33617413,-0.398840725,-0.0233396254,-0.110173061,-0.170476869,-0.153218642,-0.268323809,0.684515476,-0.447249234,-0.269089133,0.000315648183,-0.00434614811,0.000645302411,-0.460270971,-0.423456192,0.376312464,-0.30782789,-0.0013172091,-0.00333433016,0.00562668312
-0.0915365368,-0.642336965,0.93848449,-0.0690264985,0.0644493755,0.825324249,-0.55670594,-0.643678904,-0.247897699,0.223518282,1.96197128,-0.156745732,-0.0944977924,-0.0836090744,-0.155347794,-0.118778892,0.334007859,-0.401025504,-0.0168195404,-0.0510156602,-0.185393766,-0.144230679,-0.279880226,0.67793715,-0.450588286,-0.309037983,0.000302932312,-0.004583281,0.000644361018,-0.517800093,-0.399812996,0.457823545,-0.295992941,-0.00105414598,-0.00276117981,0.00603550393
-0.0922659189,-0.6467942,0.939568043,-0.0685217691,0.070488864,0.823087707,-0.559341321,-0.702352941,-0.245712802,0.229392201,1.96324122,-0.173060492,-0.0931147113,-0.0596380197,-0.180320457,-0.139591008,0.328801543,-0.398253798,-0.00775845023,0.0105895335,-0.19960691,-0.134501934,-0.294148058,0.668693781,-0.457127929,-0.340479195,0.000287161791,-0.00479335198,0.000637888676,-0.579738617,-0.375511289,0.544720113,-0.275736749,-0.000740102318,-0.00217979867,0.00639317231
-0.093440704,-0.651793897,0.942007661,-0.0673934101,0.0752690764,0.822581088,-0.559600794,-0.727249026,-0.234366328,0.230473965,1.90620303,-0.178694189,-0.0887228325,-0.0313750878,-0.199256212,-0.163223714,0.314358145,-0.382935762,0.00728455,0.0783364698,-0.209481388,-0.122688845,-0.312235117,0.653457761,-0.467230558,-0.356416821,0.000262296759,-0.00495710503,0.000621547806,-0.643000245,-0.349929333,0.627116084,-0.233313471,-0.000380303623,-0.00177536043,0.00649506878
-0.0947278142,-0.657012224,0.94469738,-0.0661107608,0.0793265115,0.822503637,-0.559307106,-0.741358101,-0.221068889,0.229388177,1.82550478,-0.180366367,-0.084272787,-0.00314034382,-0.215667501,-0.187337518,0.297931552,-0.365115315,0.0229516365,0.146629959,-0.217376113,-0.111099072,-0.329816222,0.637649894,-0.476679981,-0.369883448,0.000236246909,-0.00512351934,0.000604540634,-0.703237951,-0.324614465,0.70307827,-0.186255395,-4.97517394e-05,-0.0014437011,0.00649787625
-0.0962399468,-0.662669241,0.947887957,-0.0645214029,0.0819422687,0.823311458,-0.55792535,-0.733900964,-0.203866079,0.223967612,1.69746983,-0.174117267,-0.0797050819,0.025046654,-0.227035686,-0.212420821,0.277534157,-0.342285395,0.0398714878,0.216037259,-0.221314251,-0.0999523327,-0.346390903,0.620693803,-0.484826297,-0.378412932,0.000207819889,-0.00529530644,0.000586195791,-0.757447064,-0.299825877,0.766198099,-0.129914805,0.000222416245,-0.00125747593,0.00630253647
-0.0977310389,-0.668743551,0.950823009,-0.0624818862,0.0823912726,0.824634583,-0.556134423,-0.706062913,-0.184238002,0.21362713,1.52415943,-0.159236759,-0.0761876106,0.0499066673,-0.231963813,-0.237283379,0.257759035,-0.320653707,0.0544186905,0.282245636,-0.220669374,-0.0913919434,-0.360418022,0.605988741,-0.489786446,-0.384263456,0.00017920541,-0.00550387008,0.000570805394,-0.802383542,-0.277177572,0.814018726,-0.0722495615,0.000398560602,-0.00116032106,0.00591510395
-0.0992117077,-0.675026715,0.953630567,-0.0602169072,0.0817568672,0.826210377,-0.5541355,-0.668037057,-0.163396761,0.200827166,1.32821143,-0.14004156,-0.0731948614,0.0731051266,-0.233673498,-0.26203692,0.238293946,-0.299619794,0.0677807927,0.346858621,-0.21773392,-0.0841237754,-0.373172641,0.592408001,-0.493154496,-0.388775289,0.000150495805,-0.00573082501,0.000556890911,-0.842687905,-0.25559786,0.854195297,-0.013919333,0.000526721706,-0.00110767805,0.00543164508
-0.100319013,-0.681494713,0.955245733,-0.0563694014,0.0765844084,0.82796717,-0.552655123,-0.607375741,-0.13932988,0.181323528,1.10099924,-0.111173347,-0.0718299523,0.0880426243,-0.223594651,-0.283211857,0.225938603,-0.288175285,0.0738529339,0.399715483,-0.206671685,-0.0810905993,-0.384899497,0.585305691,-0.491895616,-0.390496701,0.000117865653,-0.00603081519,0.000547135656,-0.87206775,-0.239333689,0.875808001,0.0369821265,0.000541211339,-0.00110960775,0.00479411427
-0.101280153,-0.687691987,0.956469715,-0.0519055721,0.0700332667,0.829603428,-0.551506396,-0.546332121,-0.114738181,0.160645425,0.883057296,-0.0825813934,-0.0707590431,0.100218415,-0.210140333,-0.302187353,0.216419876,-0.280294716,0.0773065612,0.446677685,-0.193443194,-0.0788566023,-0.397528112,0.580544949,-0.489581287,-0.391594023,8.36618783e-05,-0.00634617778,0.00053734926,-0.900192916,-0.225097716,0.893692017,0.0834591091,0.00053789129,-0.00111807045,0.00418427214
-0.101948693,-0.693346381,0.956911087,-0.0462102259,0.0607262779,0.830995982,-0.551019612,-0.484536469,-0.0891017914,0.137622416,0.683701873,-0.0545478687,-0.0702763945,0.10686776,-0.189937085,-0.316759706,0.212576926,-0.279544443,0.0755219236,0.481839657,-0.175884381,-0.0782215893,-0.411957979,0.580468655,-0.485156417,-0.391442835,4.63175202e-05,-0.00669222232,0.000527502736,-0.925802648,-0.214921504,0.904114485,0.121076792,0.000498949259,-0.00113959843,0.003629938
-0.102430806,-0.697658718,0.956862748,-0.0403642691,0.0511716864,0.831937133,-0.551028847,-0.436032712,-0.0662482008,0.116521657,0.532373786,-0.0333543681,-0.0698654726,0.109536767,-0.168479949,-0.326194644,0.213177115,-0.284036994,0.069528982,0.503746331,-0.158520937,-0.0779049918,-0.426370025,0.585315585,-0.480342746,-0.389934957,1.24184899e-05,-0.00702545792,0.000516741711,-0.950393915,-0.208040416,0.911285162,0.148734733,0.000456805195,-0.00116421119,0.00323254382
-0.102819748,-0.701300502,0.956569612,-0.0344403936,0.0414899987,0.832596638,-0.551248834,-0.394169807,-0.0447842702,0.096380569,0.405042022,-0.0155784078,-0.0694903657,0.110216558,-0.146395013,-0.33306244,0.215998024,-0.291150093,0.0614324436,0.51902914,-0.141254246,-0.0777475238,-0.440773875,0.592623293,-0.475334466,-0.387748897,-1.97603003e-05,-0.00735230744,0.000505523174,-0.97447747,-0.202805877,0.916830957,0.171416223,0.000413058704,-0.00119036715,0.00291356724
-0.103127614,-0.702013254,0.956040978,-0.0304558228,0.0356503003,0.832512585,-0.552018383,-0.375841558,-0.033169657,0.085804306,0.351183325,-0.00832790043,-0.0684979409,0.106966376,-0.131438404,-0.332906365,0.223202139,-0.302195787,0.0497536734,0.51653415,-0.130545139,-0.076337859,-0.445909083,0.607249856,-0.472828716,-0.381382138,-3.19702012e-05,-0.00757980952,0.000497663103,-0.99176842,-0.200344533,0.921706557,0.182752252,0.000385340856,-0.00121292192,0.002804555
-0.103454754,-0.701526701,0.955606937,-0.0273989702,0.031496499,0.832112676,-0.553033237,-0.362745523,-0.0252343509,0.0793299302,0.314868122,-0.00315300794,-0.0670269206,0.102635935,-0.119718939,-0.330701053,0.23125419,-0.312932998,0.0379893631,0.509099782,-0.122302011,-0.0741064548,-0.444934577,0.622954488,-0.47206074,-0.37229389,-3.18356906e-05,-0.00775026437,0.000493731932,-1.00463116,-0.198426589,0.926888227,0.192339987,0.000362303806,-0.00123361521,0.00274055544
-0.103820562,-0.698641539,0.955361903,-0.0261988447,0.0307156342,0.831148364,-0.554583237,-0.360108376,-0.0246541034,0.0810560733,0.313623518,-0.00212713215,-0.0645984188,0.0961439684,-0.11446923,-0.324397087,0.241004378,-0.323056608,0.0260504223,0.491785616,-0.11898762,-0.0702311322,-0.431742042,0.640819728,-0.474767506,-0.357760757,-7.01608042e-06,-0.007806696,0.000497656059,-1.00864244,-0.197594643,0.932683408,0.198434532,0.000348619971,-0.00125059206,0.00276654796
-0.104182154,-0.693320751,0.95554322,-0.0267990034,0.0327197658,0.829403185,-0.557047204,-0.365041077,-0.0304931756,0.0904537961,0.343499422,-0.00426845625,-0.0609524027,0.087147139,-0.114234306,-0.315048844,0.251459301,-0.33015734,0.0155966356,0.465674639,-0.119355485,-0.0653155744,-0.404101074,0.656118929,-0.482944965,-0.333790362,5.00545793e-05,-0.00771704875,0.000513025094,-1.00126219,-0.19819586,0.93777287,0.204407901,0.000337189122,-0.0012686773,0.00288103707
-0.104541667,-0.68678242,0.955937624,-0.0282984133,0.0361152365,0.827250598,-0.559956549,-0.373757452,-0.0395408943,0.103686221,0.388930857,-0.0079928441,-0.0566976964,0.0768979266,-0.116505757,-0.304178596,0.262267023,-0.33574751,0.00588459242,0.435165673,-0.121563762,-0.0598798618,-0.369237453,0.670136452,-0.493857026,-0.30510208,0.000123247097,-0.00755438767,0.00053411501,-0.988188088,-0.199513376,0.942509711,0.210320979,0.000326883688,-0.00128731737,0.00303976191
-0.104586102,-0.677989304,0.956983924,-0.0320954573,0.0417181389,0.823849055,-0.564360004,-0.393301398,-0.0547289774,0.123804614,0.488622248,-0.0175875891,-0.0518376306,0.06120231,-0.123121426,-0.291624695,0.272750735,-0.336331427,-0.001266893,0.391548336,-0.12738274,-0.0555535331,-0.320303857,0.675692558,-0.513765812,-0.25510332,0.00022107143,-0.00717311911,0.000565173861,-0.957094908,-0.204028219,0.940924048,0.218562022,0.000309580588,-0.00132172229,0.00333786895
-0.104450092,-0.669118583,0.958136976,-0.036221484,0.0470557352,0.820294428,-0.568850431,-0.41381982,-0.0700659007,0.143296629,0.601407468,-0.028612243,-0.0475362018,0.0433652103,-0.129763588,-0.278964102,0.282965928,-0.335529298,-0.00790914148,0.343563706,-0.133408397,-0.0521043465,-0.272218764,0.678247392,-0.534773529,-0.197721452,0.000309863477,-0.00674480107,0.000593625067,-0.920857906,-0.21004419,0.934217274,0.227213413,0.000287807721,-0.00136841577,0.00364348991
-0.103953391,-0.660093904,0.959502816,-0.0410066426,0.0518650822,0.816494643,-0.573554676,-0.436283946,-0.0856987685,0.161534637,0.74035418,-0.0424939953,-0.0443518423,0.021249339,-0.136458024,-0.266091645,0.292643458,-0.331956804,-0.0135328081,0.286854297,-0.139846578,-0.0504088216,-0.225834548,0.674802899,-0.557975829,-0.125587434,0.000380592013,-0.00622247811,0.000616861042,-0.874342799,-0.219060197,0.917274475,0.236684203,0.000257102627,-0.00143966777,0.00396409864
-0.103211403,-0.65158236,0.960812151,-0.0454196776,0.0547106529,0.813397644,-0.57734571,-0.449510753,-0.099771902,0.173994705,0.873041511,-0.0554178134,-0.0431280732,-0.00382040069,-0.140147209,-0.252206057,0.301606894,-0.325897843,-0.0182152502,0.222677991,-0.14446719,-0.0503084064,-0.190345198,0.66660291,-0.577996254,-0.0469539538,0.000418998097,-0.00568418251,0.000625723624,-0.820217848,-0.232486367,0.881162643,0.245361507,0.000217631867,-0.00154462864,0.00416318141
-0.102346592,-0.64332521,0.962093651,-0.0496473458,0.056574672,0.810646707,-0.580677505,-0.458122432,-0.113068789,0.183569118,1.00263298,-0.0678659827,-0.0428842455,-0.0303733796,-0.142334774,-0.237810418,0.310215592,-0.318594217,-0.0224282965,0.15475212,-0.148180246,-0.0510054789,-0.160293937,0.656023204,-0.596431017,0.0349490941,0.000441253505,-0.00513776392,0.000627401983,-0.762274444,-0.248120949,0.835457623,0.253644288,0.000173768407,-0.00166646985,0.00430155452
-0.101499058,-0.635742188,0.963068485,-0.0529643088,0.0552193351,0.809602402,-0.58197041,-0.437932789,-0.124943927,0.184113294,1.0786128,-0.0748376995,-0.0454105251,-0.0585910827,-0.137154892,-0.222013116,0.316355169,-0.308400035,-0.0238893218,0.0800560564,-0.147944391,-0.0537149087,-0.152110845,0.642236471,-0.608060181,0.108652398,0.000435340684,-0.00466644578,0.000602755463,-0.697220266,-0.272349119,0.752426326,0.261532485,0.000124709884,-0.00180022186,0.00413267687
-0.100707136,-0.628198028,0.963852763,-0.0560487675,0.0530328806,0.808992655,-0.582732299,-0.406134814,-0.136093184,0.182520688,1.13183165,-0.080309175,-0.0483913384,-0.0869360417,-0.129377037,-0.207239211,0.321269989,-0.297781616,-0.0240798239,0.00609842874,-0.146634579,-0.057030037,-0.151591659,0.628911138,-0.618650079,0.17568785,0.000428360625,-0.00424404955,0.000570547185,-0.632513344,-0.299428612,0.661192477,0.270462066,7.83137075e-05,-0.00190754619,0.00387619273
-0.100026429,-0.620732427,0.964255691,-0.0586687263,0.0491860667,0.809260742,-0.582439493,-0.351136535,-0.145790353,0.176657096,1.13954854,-0.0827813074,-0.0522803925,-0.115532488,-0.116406932,-0.194512457,0.32373631,-0.286316335,-0.0217306744,-0.0663756207,-0.143178225,-0.061555557,-0.166391671,0.616509378,-0.627161503,0.229388267,0.000419247954,-0.00391948596,0.000523226918,-0.568507254,-0.332204908,0.553572059,0.281472266,3.7243939e-05,-0.00196203333,0.00344461994
-0.0993491113,-0.613149047,0.963802814,-0.0607500401,0.0442271512,0.809912717,-0.581717099,-0.27759856,-0.152150512,0.166848972,1.10044432,-0.0840668827,-0.0556490198,-0.143887684,-0.0994271263,-0.188144743,0.323162675,-0.274447441,-0.0171183534,-0.130357102,-0.138005629,-0.066698961,-0.194721192,0.606265664,-0.636689901,0.267677754,0.000414876849,-0.00371548696,0.000469117076,-0.512444019,-0.368937612,0.450267255,0.296909094,7.5679045e-06,-0.00193081261,0.00296574319
-0.0986734927,-0.605506957,0.962922275,-0.062560732,0.0387114301,0.810738594,-0.580767176,-0.194793552,-0.156842664,0.155069187,1.03793681,-0.0847593769,-0.05875751,-0.1721223,-0.0804430917,-0.184955552,0.321069479,-0.262376815,-0.0113747902,-0.190093592,-0.131975159,-0.0721512139,-0.229813382,0.597100616,-0.646726608,0.298264176,0.000412875903,-0.00357175223,0.000411613495,-0.46035102,-0.407647967,0.349119663,0.314558595,-1.64129997e-05,-0.00185675093,0.00246322202
-0.0977445245,-0.598479748,0.960042834,-0.0635633754,0.032198041,0.811478122,-0.580022621,-0.104412884,-0.155953586,0.134829789,0.915891767,-0.085088402,-0.0601265989,-0.198657587,-0.0582724661,-0.195204258,0.312464893,-0.249348879,-0.00346654397,-0.234112248,-0.123603538,-0.0770017207,-0.275491834,0.589407206,-0.66092968,0.309001058,0.000418745214,-0.00359392352,0.000358881021,-0.424726009,-0.44807303,0.277501941,0.338575155,-2.60656088e-05,-0.0017171324,0.00209098961
-0.0967281908,-0.59212327,0.956716835,-0.0644020824,0.0257823741,0.812084478,-0.579401796,-0.0192177519,-0.154209614,0.111839615,0.7883026,-0.0851427317,-0.0612013265,-0.223847196,-0.0361541584,-0.208983883,0.301271111,-0.23593314,0.00491660181,-0.274338782,-0.115083888,-0.0813923478,-0.32009387,0.581467211,-0.675721228,0.314640433,0.000426155602,-0.00365698617,0.000311541662,-0.393027484,-0.487061262,0.216181532,0.361583143,-3.42728308e-05,-0.00160023104,0.00178414083
-0.0955368429,-0.587105989,0.952497005,-0.0649161961,0.0195619356,0.812463819,-0.579055922,0.0556338727,-0.150755525,0.0833417177,0.649588108,-0.0846477821,-0.0616877452,-0.246353537,-0.0141337123,-0.229828522,0.284896284,-0.221737832,0.0142519595,-0.306994438,-0.106265604,-0.0848646909,-0.362557054,0.573031664,-0.691693962,0.310088098,0.000436649862,-0.00380183896,0.000274972408,-0.369170934,-0.523188293,0.175433889,0.382581264,-3.95922143e-05,-0.00152872154,0.00160794624
-0.0944348425,-0.583967984,0.948710203,-0.0653249352,0.0146796004,0.812790933,-0.578695137,0.112032145,-0.148620203,0.0543301292,0.534989297,-0.081660822,-0.0625901222,-0.264078707,0.00533360289,-0.250653118,0.26516974,-0.206148371,0.0238817073,-0.334381044,-0.0993621498,-0.0878120959,-0.395945966,0.564195991,-0.704821587,0.296312749,0.000446975231,-0.00398338027,0.000252269674,-0.347702861,-0.552208781,0.147128195,0.390522838,-4.91635947e-05,-0.00158829428,0.00153015391
-0.0933774039,-0.581769168,0.945139527,-0.0656809537,0.0104656755,0.813090479,-0.578325475,0.15921253,-0.147144288,0.025058182,0.432433128,-0.0774268657,-0.0637008175,-0.279415816,0.0235271007,-0.271469712,0.243765011,-0.189859495,0.0336598828,-0.359137237,-0.0934152007,-0.0904975906,-0.424802542,0.555159092,-0.716528177,0.277923822,0.000457217393,-0.0041832854,0.000236496388,-0.327425122,-0.577680111,0.1250377,0.391935766,-6.0863993e-05,-0.00171342841,0.00150154531
-0.0928747207,-0.582411826,0.943390727,-0.066039991,0.00870553826,0.814049203,-0.576963455,0.180636227,-0.151309639,0.00398917636,0.388873726,-0.0643936396,-0.0674683154,-0.285754681,0.035697557,-0.280708551,0.223523244,-0.172041997,0.0415566787,-0.375665307,-0.0917896703,-0.0934693068,-0.437233448,0.546901345,-0.720350504,0.246387139,0.000464092533,-0.00435401592,0.000238348322,-0.304687798,-0.590301812,0.107162364,0.35823065,-9.42128172e-05,-0.00214727968,0.00156732579
-0.0925921425,-0.583965778,0.942138195,-0.0663725541,0.0075015201,0.815591254,-0.574760226,0.195513681,-0.157942519,-0.0132094193,0.363681406,-0.0478933677,-0.0727696419,-0.289227158,0.046026852,-0.283987224,0.205461532,-0.155341357,0.0482053906,-0.389123678,-0.0914662555,-0.0966465697,-0.444681704,0.539109826,-0.721444368,0.211711004,0.000470042258,-0.00449832249,0.000243880262,-0.28054589,-0.599533737,0.0874964893,0.310715795,-0.000144688325,-0.00270070834,0.00165366335
-0.0927500129,-0.587342024,0.941878676,-0.0666517007,0.00741043115,0.818295583,-0.570872118,0.197289914,-0.169508785,-0.0226586238,0.375241041,-0.0244643278,-0.081137076,-0.286964267,0.0526688881,-0.275341809,0.191768125,-0.140881673,0.0523547232,-0.396435738,-0.0937477425,-0.100233741,-0.442159593,0.532253861,-0.717079639,0.170768768,0.00047413836,-0.00458971038,0.000256771455,-0.253603995,-0.601981163,0.0642567798,0.235595003,-0.00022940358,-0.00349311484,0.00178108842
-0.0932383537,-0.5924263,0.942160249,-0.066679919,0.00802206459,0.822646726,-0.564572226,0.186191067,-0.184877634,-0.0251249466,0.420677841,0.000390762463,-0.0914841145,-0.279752851,0.0568314642,-0.253652483,0.183536693,-0.132174194,0.054090634,-0.397936583,-0.0983783007,-0.103572994,-0.429699391,0.526688457,-0.707066894,0.127191082,0.000478071801,-0.00463376194,0.000274169754,-0.226012826,-0.600144148,0.0362585448,0.139235765,-0.000376239535,-0.00445795804,0.00192775519
-0.0938918889,-0.598364532,0.942712307,-0.0665785754,0.00898443455,0.827769649,-0.557031401,0.168656752,-0.202147782,-0.0241013784,0.483048707,0.0259598549,-0.102821074,-0.270067811,0.0597550347,-0.225442708,0.178034723,-0.126341224,0.0546204075,-0.396533132,-0.10418316,-0.106788509,-0.4122715,0.521767914,-0.694230855,0.0822940096,0.0004819241,-0.00465415744,0.000293821591,-0.198095694,-0.596165717,0.00588058913,0.032256715,-0.000554130704,-0.00550903426,0.00208404637
-0.0946467742,-0.606566966,0.94357115,-0.0658397101,0.0108195162,0.834890359,-0.546357171,0.128322437,-0.219558775,-0.0151226409,0.593215048,0.0416465178,-0.111744918,-0.254793763,0.0603479147,-0.182004631,0.17970708,-0.13103956,0.0523760244,-0.387169659,-0.112569958,-0.107989192,-0.380198717,0.52059114,-0.672209382,0.0381142311,0.000487749552,-0.00463385368,0.000319278915,-0.175973177,-0.589721322,-0.0260509923,-0.0823088139,-0.000844042399,-0.00657634391,0.00224878406
-0.0952776894,-0.615455389,0.944390059,-0.0648888605,0.0128915441,0.842246775,-0.535017396,0.0810337216,-0.23541297,-0.00521671074,0.714082718,0.052491691,-0.1186084,-0.238617733,0.060221903,-0.137081206,0.183270872,-0.1389696,0.0495281816,-0.375082135,-0.1211043,-0.10805501,-0.345090985,0.521598518,-0.647537947,-0.00421534665,0.000494480075,-0.0046075522,0.000346114597,-0.157564312,-0.583907485,-0.0554636009,-0.189530686,-0.00115282391,-0.00755705684,0.00241315691
-0.0956608951,-0.625717223,0.945129156,-0.0635225633,0.0154386798,0.850180638,-0.522416897,0.0198301021,-0.248157561,0.00654515019,0.856372118,0.0536585636,-0.121353582,-0.220634848,0.0586584397,-0.0891786814,0.190617308,-0.153363079,0.0454731621,-0.357545376,-0.129935354,-0.105851695,-0.303907752,0.526973486,-0.617562771,-0.0428540781,0.000503021525,-0.00456925342,0.000375711708,-0.146577075,-0.579353094,-0.0798455328,-0.282090783,-0.00149939884,-0.00836481992,0.00257683429
-0.0956141427,-0.636875391,0.945649743,-0.061827458,0.0185638471,0.858496055,-0.508740869,-0.0482822247,-0.258679032,0.0153469481,1.00025034,0.0466942787,-0.120148093,-0.202500045,0.0550135747,-0.0442755409,0.20040378,-0.171596557,0.041586522,-0.33393532,-0.138080269,-0.100737073,-0.262228101,0.538643181,-0.58447814,-0.0745608807,0.000513546052,-0.00453306409,0.000405426341,-0.14365989,-0.577795267,-0.0953009427,-0.347208112,-0.0018036887,-0.00889465399,0.00272463448
-0.0953523591,-0.648483038,0.946061075,-0.0599577581,0.0219749871,0.86686076,-0.494443718,-0.119856708,-0.268089741,0.0226692334,1.14493775,0.0356626809,-0.116966642,-0.184287384,0.0503273755,-0.000867917319,0.211411595,-0.191752374,0.0377836972,-0.307285428,-0.145882845,-0.0941659138,-0.220295966,0.553462207,-0.549835026,-0.102804065,0.000525063486,-0.00449792622,0.00043520279,-0.14477846,-0.577735901,-0.106293529,-0.398607165,-0.00208686199,-0.00928554218,0.00286450936
-0.0942661464,-0.65971452,0.946134448,-0.0573794491,0.0270064764,0.876355505,-0.477471756,-0.187115222,-0.279406965,0.0213083588,1.26049161,0.0169472843,-0.110726051,-0.166755706,0.0415564328,0.0374831744,0.223273382,-0.211366475,0.0372860655,-0.270831585,-0.153390273,-0.0829485953,-0.183368117,0.578652859,-0.511742949,-0.118406981,0.000539449567,-0.00449299347,0.000460744865,-0.158006012,-0.582729936,-0.101730622,-0.405227631,-0.00220873533,-0.00925243087,0.00295090303
-0.092746526,-0.670238733,0.946065903,-0.0543232854,0.0327121315,0.886102073,-0.459131803,-0.248605579,-0.291805148,0.0169552863,1.36003113,-0.00277591613,-0.10456688,-0.149559304,0.0316256918,0.0755849928,0.234640658,-0.229209632,0.0387824625,-0.231321082,-0.161203265,-0.0703775659,-0.149036467,0.606323957,-0.471684605,-0.129780084,0.000553691527,-0.00450509973,0.000484038552,-0.175751984,-0.588899255,-0.0903243348,-0.396000922,-0.00226951251,-0.00908339396,0.00301395776
-0.0903609544,-0.679347157,0.945713758,-0.0503302088,0.03976812,0.896584368,-0.438202965,-0.298554718,-0.306361228,0.00662265718,1.42754269,-0.0245093815,-0.0985716805,-0.133036539,0.0193789098,0.113180868,0.245017201,-0.243509635,0.0442639738,-0.185709417,-0.169625431,-0.0551034696,-0.119900711,0.63894695,-0.427704692,-0.132696867,0.000567642681,-0.00455125794,0.000502833747,-0.202525228,-0.597416401,-0.0652426705,-0.355102539,-0.00220816559,-0.00864272006,0.00303035253
-0.0867494866,-0.686412275,0.944900751,-0.0450080755,0.047539436,0.907591273,-0.414719612,-0.332882017,-0.31961,-0.00845330395,1.46071315,-0.0463464893,-0.0934288502,-0.118113615,0.00665721297,0.151647627,0.253992915,-0.253591448,0.0547355637,-0.135262862,-0.178202748,-0.0381128974,-0.0970807821,0.672403097,-0.378108144,-0.126795411,0.000577898114,-0.0046276385,0.00051827071,-0.239019141,-0.60536015,-0.0218038894,-0.278566271,-0.00204896973,-0.00795611367,0.00299481209
-0.0825246722,-0.692455769,0.943857253,-0.0390002891,0.0556427803,0.918406611,-0.3897591,-0.359397322,-0.332205594,-0.0259025432,1.47670853,-0.0682365522,-0.0887120888,-0.103990138,-0.00630267337,0.190551952,0.262268424,-0.261563927,0.0677036047,-0.0823954418,-0.186858118,-0.0202629175,-0.0774187222,0.706277609,-0.325699747,-0.116482958,0.000586305512,-0.00471913861,0.000532028789,-0.280376971,-0.613017559,0.0308189336,-0.184200794,-0.00184082356,-0.00714646233,0.00293329358
-0.0768989027,-0.695550323,0.941976249,-0.0315655958,0.0627573587,0.929531943,-0.361988251,-0.36267972,-0.336705178,-0.0473369956,1.44137025,-0.0883328915,-0.0842306167,-0.0947010741,-0.0164007936,0.227081507,0.270125538,-0.264468104,0.0878104195,-0.025058534,-0.193448752,-0.00286544766,-0.0672382414,0.734160662,-0.265771002,-0.0936408043,0.000588039635,-0.00482351845,0.000545809453,-0.33418265,-0.614710569,0.11211767,-0.0445561484,-0.00156399491,-0.0061455043,0.00279633678
-0.0712804347,-0.697988212,0.93992281,-0.0242333242,0.0688958309,0.939891268,-0.333572354,-0.358268023,-0.337498575,-0.0688727349,1.38903522,-0.107050426,-0.0794882253,-0.08772102,-0.0250289831,0.260168612,0.279084295,-0.26582703,0.108935639,0.0323879048,-0.198644027,0.0130036045,-0.0594518147,0.758426189,-0.204863906,-0.0687264875,0.000588769675,-0.00492855348,0.000561979308,-0.38947016,-0.613418341,0.20086202,0.100592852,-0.0012951442,-0.00516725983,0.00264564669
-0.0656776726,-0.699113131,0.937525094,-0.0171458016,0.0731378056,0.949622841,-0.304258676,-0.338479042,-0.330884457,-0.0906065553,1.30274034,-0.123008318,-0.0742253065,-0.0853573829,-0.0307174996,0.286368698,0.290243059,-0.264097244,0.132092059,0.0900415778,-0.201049358,0.0258146152,-0.0564519092,0.775456309,-0.142013833,-0.0396756679,0.000587492948,-0.00503487792,0.000582920969,-0.44770804,-0.606159806,0.304469645,0.256713778,-0.0010422935,-0.00423461292,0.0024675387
-0.0606283769,-0.699589968,0.935206532,-0.0114680534,0.0749291233,0.958186239,-0.275922528,-0.304246962,-0.316469163,-0.109407723,1.19058013,-0.136233315,-0.0679476857,-0.0888201073,-0.0346659757,0.300734192,0.306407452,-0.258927822,0.152180165,0.143715814,-0.199816167,0.0335766934,-0.0562485643,0.785566509,-0.0814525262,-0.012871909,0.000587795104,-0.00517298747,0.000614808698,-0.50036186,-0.593262553,0.415502369,0.399488688,-0.000844076043,-0.0034591537,0.00230152276
-0.0558568612,-0.699742734,0.932928085,-0.00649494741,0.0754652788,0.965796794,-0.247990645,-0.262799591,-0.298155844,-0.126738593,1.06550896,-0.148089036,-0.0611639395,-0.0951956138,-0.0377435423,0.309178829,0.325071603,-0.252039492,0.170729876,0.195389226,-0.196763799,0.0388124771,-0.0574436821,0.792214394,-0.0220480356,0.0128027499,0.000588886789,-0.00532696256,0.000652163581,-0.550212562,-0.577548325,0.530225456,0.535560846,-0.000673218281,-0.00276245433,0.00214158744
-0.0514242984,-0.699322462,0.931117535,-0.0042225149,0.0720616635,0.971496896,-0.225794303,-0.210805237,-0.270104468,-0.134780675,0.928896666,-0.160345122,-0.0519048311,-0.111929044,-0.0421097726,0.294376254,0.354388595,-0.242202953,0.178975657,0.233570725,-0.187545031,0.0359578207,-0.0601436719,0.791765571,0.0272691995,0.0292141568,0.000598221435,-0.00557045406,0.000709653948,-0.582654357,-0.557051361,0.639972925,0.624356747,-0.000587085495,-0.00231828936,0.00204597949
-0.0468502603,-0.698726654,0.929382324,-0.00268274633,0.0675345868,0.976116159,-0.20646822,-0.161213502,-0.240645349,-0.138753593,0.798870564,-0.174386203,-0.0418311507,-0.131719112,-0.0482691675,0.271116912,0.387565941,-0.233134538,0.183631539,0.26597777,-0.176589668,0.0310604703,-0.0625801533,0.789732695,0.0715334862,0.0425161906,0.00061185396,-0.00582976267,0.000769990613,-0.60995841,-0.535737932,0.742821395,0.695145488,-0.000518567162,-0.00193933945,0.00197765348
-0.041992411,-0.697779775,0.927797496,-0.00261124396,0.060815344,0.979298627,-0.193051479,-0.116415642,-0.20836547,-0.134591073,0.681987286,-0.191999242,-0.0301266834,-0.15762496,-0.0580152273,0.230943501,0.428468943,-0.225600183,0.181110442,0.286845386,-0.16215983,0.0220777895,-0.0644902661,0.78453207,0.105703443,0.049603764,0.000634082768,-0.00612075068,0.000836030697,-0.626995146,-0.512787759,0.831896067,0.729943514,-0.000485254772,-0.00169070961,0.00196386361
-0.0367118791,-0.696654081,0.926112771,-0.0034219229,0.0536131931,0.981145438,-0.185654371,-0.0836844295,-0.178539053,-0.121756583,0.591749609,-0.213109359,-0.018310219,-0.186208546,-0.0721456259,0.180697665,0.474941373,-0.221999586,0.173309371,0.297966123,-0.146746114,0.012074057,-0.0652850866,0.777830601,0.128835812,0.0524491966,0.000663795276,-0.00638342928,0.000893781486,-0.639135242,-0.486124218,0.904288769,0.734135151,-0.000462808443,-0.00153836259,0.00201072381
-0.0312202126,-0.695438921,0.924378097,-0.00467370423,0.0461716439,0.982337417,-0.181271989,-0.0569905564,-0.149941981,-0.104585402,0.514844775,-0.235967144,-0.00643862598,-0.216129526,-0.0884680003,0.125418305,0.524196565,-0.22036697,0.162868142,0.304211438,-0.130841479,0.00156058103,-0.0655220523,0.770379066,0.146446049,0.0531728417,0.000697249139,-0.00663193082,0.000947381661,-0.648826122,-0.457604051,0.968334079,0.72301811,-0.000445796089,-0.00143417984,0.00208791881
-0.025368521,-0.694397807,0.922414601,-0.00623942094,0.0409456667,0.98200882,-0.184236803,-0.0473705158,-0.131095678,-0.0783385485,0.477619529,-0.258888662,0.0027263402,-0.244447649,-0.107677408,0.0766707584,0.574540734,-0.225298434,0.149283558,0.301210165,-0.117955551,-0.00575427571,-0.0646504089,0.764875054,0.148326814,0.050440982,0.000736141927,-0.00680479966,0.000975457253,-0.658743858,-0.417545021,1.01499653,0.676359177,-0.000421162229,-0.00143080344,0.0022501878
-0.0195577405,-0.693425894,0.920404792,-0.00761604155,0.0367635027,0.981280486,-0.188888985,-0.0413745083,-0.115658239,-0.0523845926,0.448584288,-0.279991001,0.0107331807,-0.27145499,-0.126129523,0.0347449407,0.622820556,-0.231936812,0.136330426,0.296785414,-0.106654629,-0.0116148423,-0.0635578781,0.761472464,0.145072311,0.0469203964,0.000777905283,-0.0069710887,0.000995567767,-0.671279073,-0.372847944,1.05820656,0.621409833,-0.000391525624,-0.00144396443,0.00242205802
-0.0138287786,-0.692592382,0.918302119,-0.00861453512,0.034669573,0.979768908,-0.196917997,-0.0426254719,-0.10703747,-0.0270163566,0.435926527,-0.29745546,0.0164241251,-0.295841038,-0.1430673,0.00646050647,0.66697216,-0.24198854,0.124640055,0.289514303,-0.0985232443,-0.0145672765,-0.062023636,0.76227212,0.131548882,0.0418226086,0.00082540873,-0.00712421909,0.000999749987,-0.689048171,-0.318876028,1.09451294,0.549882233,-0.000351884897,-0.00149019528,0.0026131284
-0.00860346016,-0.691702008,0.916228712,-0.0090647479,0.034068916,0.977804436,-0.206532381,-0.0474501587,-0.102717526,-0.00793819595,0.429751486,-0.309875667,0.020551879,-0.318082184,-0.156644389,-0.00927939359,0.704620481,-0.252728224,0.115910277,0.282008111,-0.0925681293,-0.0156042352,-0.05927407,0.769212782,0.109705262,0.0344986655,0.000885898713,-0.00731993606,0.00099277636,-0.714560509,-0.26042375,1.12327743,0.469588906,-0.000305823225,-0.00154013047,0.00277168071
-0.00363075989,-0.690783501,0.914170265,-0.00924009677,0.0342126243,0.975545224,-0.216923104,-0.0540609658,-0.100548655,0.00799201615,0.426818669,-0.319771916,0.0238974094,-0.339247435,-0.168539077,-0.0187446252,0.739011467,-0.263810307,0.108662121,0.274385571,-0.0877020583,-0.0156833008,-0.055917263,0.779222906,0.0837048814,0.0260627661,0.000952872797,-0.00753691606,0.000980225857,-0.743940651,-0.199740157,1.14826655,0.384924978,-0.000256558094,-0.00159191026,0.00291394955
-0.000118034892,-0.689685225,0.912543356,-0.00886859576,0.0352299407,0.972983516,-0.227998416,-0.0615445003,-0.100889966,0.0129453856,0.426063657,-0.323582262,0.0258862935,-0.357963294,-0.174505919,-0.0154798394,0.764257312,-0.271287322,0.105815224,0.266959399,-0.0838564783,-0.0141302757,-0.0480425134,0.797005773,0.0538791679,0.0141602168,0.00103646948,-0.00783084612,0.000956853619,-0.777508736,-0.148790121,1.1583569,0.298339069,-0.000211060746,-0.00164065673,0.00298150675
0.0027904578,-0.688507259,0.911176562,-0.00842702836,0.0361442782,0.970183232,-0.239514241,-0.0683131516,-0.101342522,0.0145202493,0.425047755,-0.326105803,0.0275700875,-0.375407606,-0.178019196,-0.00859954394,0.787440479,-0.276812404,0.104191534,0.258605063,-0.0797372162,-0.0122371521,-0.0380338952,0.814908981,0.0251597576,0.00240334379,0.00111816719,-0.00811901316,0.000931922346,-0.808007836,-0.105629608,1.16269231,0.214321256,-0.000173070992,-0.0016996226,0.00303285802
0.00449069543,-0.687170506,0.9103297,-0.0078465284,0.0368562328,0.96701136,-0.251930705,-0.0736515895,-0.102017321,0.00934224948,0.42351079,-0.326056957,0.0286437683,-0.39030689,-0.176627845,0.00550559163,0.806495905,-0.278435111,0.105012976,0.248397335,-0.0750718117,-0.00966466777,-0.0237624012,0.83304882,-0.00134267146,-0.00905997679,0.00119605276,-0.00839560572,0.000903879991,-0.832366765,-0.0780466273,1.15552437,0.135453254,-0.000150094274,-0.00177900167,0.00305180857
0.00516336365,-0.685544252,0.910018265,-0.00721775921,0.0369292146,0.963012035,-0.266818211,-0.0772904903,-0.102488227,-0.00382641237,0.420327604,-0.323880762,0.029362306,-0.400772154,-0.167862579,0.0276778787,0.822922945,-0.275815427,0.108274862,0.234089047,-0.0682772398,-0.00681951363,-0.00683682412,0.846431077,-0.0267814454,-0.0163703449,0.00125571992,-0.00858619995,0.000877130195,-0.845021129,-0.0677600354,1.13424337,0.0655463561,-0.000156002119,-0.00191082933,0.00305657461
0.00532209873,-0.6837731,0.909974337,-0.00656358579,0.0366760098,0.958427372,-0.282893552,-0.0800794885,-0.10285718,-0.0209924988,0.41632092,-0.320640415,0.0299032461,-0.409020096,-0.155408576,0.0538863055,0.83803606,-0.27107361,0.112757571,0.217729032,-0.0604173653,-0.00383783178,0.0114171272,0.857434392,-0.0516894944,-0.0216038693,0.00130627735,-0.00873378944,0.000851025514,-0.85182178,-0.0661242008,1.10590219,0.000118038799,-0.000176357702,-0.00206889724,0.00305424584
0.00451683812,-0.681567073,0.910545349,-0.00579662489,0.0351674459,0.951688166,-0.304990629,-0.0819924027,-0.10306111,-0.052456107,0.409631371,-0.313260853,0.0298196375,-0.407363236,-0.12776114,0.0932755545,0.848316789,-0.260409713,0.121476859,0.193769246,-0.047637552,-0.000971637666,0.0266860109,0.858777821,-0.0826313272,-0.0165586695,0.00132214744,-0.00870599877,0.000829317956,-0.836506486,-0.0910761803,1.05136096,-0.0485631935,-0.000264702772,-0.00233207084,0.0030429496
0.00359474984,-0.679282963,0.911206961,-0.00501434102,0.0331205557,0.943560781,-0.329501043,-0.0844842121,-0.103350744,-0.0881506503,0.40277037,-0.303736687,0.0292040873,-0.400847524,-0.0952128917,0.136269405,0.855791092,-0.24853313,0.131445318,0.167436302,-0.0335959718,0.00179931032,0.0385189243,0.856643319,-0.118120007,-0.00706597883,0.00132670056,-0.00861706212,0.000806879485,-0.811515212,-0.126218736,0.986861348,-0.0901039913,-0.000376124517,-0.00262645585,0.00303427433
0.00243923021,-0.676842809,0.912049353,-0.00420358178,0.0300080371,0.932890847,-0.358882314,-0.0881328806,-0.103811622,-0.132298678,0.395567298,-0.289926738,0.0275253132,-0.38462019,-0.0528717786,0.186464086,0.857654929,-0.234233767,0.143909708,0.136362419,-0.0170336999,0.00437959097,0.0434825346,0.847557068,-0.162693679,0.0113157453,0.00130863162,-0.00840590894,0.000782982272,-0.767185688,-0.181727439,0.902462721,-0.11736767,-0.000533662387,-0.00298319827,0.00303083938
0.00132265012,-0.674235106,0.912748218,-0.00357049667,0.0257273847,0.919088152,-0.393195019,-0.094854027,-0.104771286,-0.179631546,0.389974594,-0.269829273,0.0238299333,-0.356140673,-0.00626785867,0.237766057,0.851061165,-0.220118776,0.156905919,0.101849161,-0.000169853214,0.00690183416,0.0384822413,0.830619812,-0.218897194,0.0406336337,0.00127094053,-0.00808569416,0.000749418221,-0.70075351,-0.255856425,0.799543023,-0.124335766,-0.000696426607,-0.00335615547,0.00305259414
0.000225533266,-0.671543539,0.913375378,-0.00302294994,0.0208391232,0.902795084,-0.429555152,-0.103110939,-0.105980255,-0.228556335,0.385186911,-0.24658902,0.0191265587,-0.321537018,0.042466823,0.289621502,0.840239763,-0.206095919,0.170167968,0.0656167418,0.0168447383,0.00939506665,0.0285015181,0.809758365,-0.28091386,0.0754179358,0.00122344145,-0.00771096582,0.000711022294,-0.623273373,-0.339292675,0.68736577,-0.121159166,-0.000861803186,-0.00373721751,0.00308693922
-0.000946708897,-0.668158293,0.913453341,-0.00302073942,0.0149565926,0.882085682,-0.470841826,-0.118521333,-0.10826008,-0.26825425,0.384766549,-0.213915229,0.010968389,-0.271494627,0.0840439945,0.329629838,0.813444495,-0.196761429,0.179840326,0.0285369009,0.03039952,0.0121819777,0.00196887832,0.777546525,-0.357900858,0.12825191,0.00116026006,-0.00724059111,0.000650812581,-0.522697568,-0.434188247,0.565205574,-0.0718926936,-0.000947405875,-0.0040004747,0.00319212629
-0.00228591915,-0.664339602,0.913310528,-0.00317772476,0.00923681788,0.859205484,-0.511537408,-0.136808544,-0.110821448,-0.300306827,0.386387408,-0.180372044,0.00241503888,-0.219525263,0.120173067,0.362958014,0.781082392,-0.190442875,0.187092841,-0.00681170821,0.0418615006,0.0151566835,-0.0290234983,0.742310524,-0.437026203,0.186717972,0.00109789346,-0.0067631565,0.000585186062,-0.422465652,-0.525390506,0.449576497,-0.00318625756,-0.00099314109,-0.00416038744,0.00333584612
-0.00395857124,-0.659655809,0.912726521,-0.00365872609,0.00388752342,0.833874631,-0.551928075,-0.160841897,-0.113944978,-0.317072332,0.392087728,-0.14509806,-0.00692640617,-0.163715005,0.145405769,0.382928044,0.737600744,-0.19015345,0.18950741,-0.0386929475,0.0491383225,0.0185061265,-0.068923153,0.701037288,-0.520409226,0.256428897,0.00103716785,-0.00627170783,0.000508746365,-0.322941393,-0.609192371,0.347024709,0.104360461,-0.000959184719,-0.00411371421,0.00355655095
-0.00596632808,-0.653847456,0.911618888,-0.00414361534,-0.000433903545,0.808022098,-0.589137447,-0.190046057,-0.116855152,-0.315010846,0.402882606,-0.11449571,-0.0149276443,-0.111095309,0.161210343,0.390949488,0.685333729,-0.197652116,0.185842723,-0.0651875436,0.052363988,0.0221733563,-0.111576021,0.655647039,-0.600095749,0.333919644,0.000983803999,-0.00579476357,0.000432393455,-0.238646269,-0.676538229,0.2687383,0.241268799,-0.000858715852,-0.00376535999,0.00388519699
-0.00814124569,-0.647478163,0.910249352,-0.00462621605,-0.00423516859,0.781242694,-0.624195894,-0.221829951,-0.119658053,-0.303535312,0.4162229,-0.0862356648,-0.022257084,-0.0600817837,0.172297165,0.392994344,0.628684163,-0.209043711,0.179138809,-0.0889831632,0.0535632111,0.0259987433,-0.155596957,0.608207226,-0.67791748,0.415284932,0.0009341322,-0.00532516884,0.000356099394,-0.161983609,-0.735641599,0.202601716,0.392831594,-0.000725007791,-0.00326622068,0.00426775217
-0.0101669887,-0.639386356,0.908132136,-0.0043047858,-0.00665918233,0.757478604,-0.652811833,-0.256890178,-0.120088935,-0.269288599,0.435180008,-0.0680700541,-0.0273029543,-0.021480903,0.176596701,0.383282304,0.56861341,-0.22919327,0.164022043,-0.107951701,0.0511583909,0.0298868753,-0.191547155,0.559827924,-0.737802267,0.497399092,0.00089389435,-0.00490488112,0.000297467341,-0.113630846,-0.770579219,0.164163738,0.543449342,-0.000551338366,-0.00242949137,0.00478129927
-0.011912779,-0.630849779,0.905956149,-0.00342902089,-0.00886566633,0.73467956,-0.678347688,-0.290698171,-0.119129509,-0.232645839,0.453882873,-0.0522505306,-0.0320868902,0.0119811315,0.180180788,0.371043772,0.511718869,-0.249408558,0.147567809,-0.126997352,0.0485237725,0.0336666256,-0.222253293,0.513791978,-0.789314926,0.575114846,0.000856128579,-0.00450793188,0.000247530028,-0.071914196,-0.800041378,0.127306178,0.678124189,-0.000389159017,-0.00162086776,0.00529561751
-0.0130991638,-0.621421933,0.903662443,-0.00145312918,-0.0106474576,0.71517179,-0.698866104,-0.322009236,-0.115390018,-0.191204652,0.472081095,-0.0411187783,-0.0363480672,0.0351748839,0.182335049,0.353751093,0.461163372,-0.269759327,0.128435969,-0.146201059,0.0454291478,0.0372304395,-0.242480174,0.472432047,-0.824097872,0.64405185,0.00082329812,-0.00415756693,0.000214967557,-0.0434579179,-0.818561316,0.0936011523,0.780948818,-0.000249921082,-0.000868277508,0.00581158185
-0.0136186741,-0.611812115,0.901759267,0.00180668055,-0.0124043757,0.699951831,-0.714080038,-0.347109377,-0.108769365,-0.156215906,0.486644447,-0.0332982466,-0.0401004329,0.049635835,0.184239894,0.333649606,0.421892405,-0.285511494,0.111039609,-0.16638051,0.0434338972,0.0402154773,-0.252675235,0.43989408,-0.843644381,0.698381066,0.000796016539,-0.00385116437,0.00019809253,-0.0217155777,-0.83092165,0.0509936735,0.837374449,-0.000167951002,-0.000455817004,0.00624897797
-0.0138045968,-0.602111816,0.900051594,0.00570731413,-0.0141478905,0.686869667,-0.726620481,-0.369101405,-0.10070806,-0.124457061,0.499389112,-0.0271344073,-0.0435980111,0.0597283952,0.186019868,0.312144727,0.388267845,-0.298962444,0.0945126712,-0.187046766,0.041988764,0.0429107621,-0.257852256,0.411770642,-0.855569422,0.745400727,0.000771511579,-0.00356676383,0.000189064624,-0.00333233085,-0.840200722,0.00393512286,0.870588243,-0.000114631126,-0.000213536667,0.00664704712
-0.0131220315,-0.593460381,0.899243712,0.0108101404,-0.0158684699,0.680804605,-0.732213372,-0.381347179,-0.0900967419,-0.108065963,0.509225786,-0.0259919446,-0.0454049148,0.0618926845,0.18778041,0.291419387,0.370077312,-0.303847849,0.0850880295,-0.206826776,0.0432896204,0.0438522249,-0.251970291,0.397218257,-0.851733088,0.771272421,0.000752820692,-0.00331161777,0.000197205081,0.00837461557,-0.84391892,-0.0584654734,0.832875192,-0.000151290893,-0.000728324521,0.00688078767
-0.0122215189,-0.585297227,0.898680627,0.0158685129,-0.017406825,0.676581501,-0.735990941,-0.391760349,-0.0795355588,-0.0951589048,0.520775437,-0.0266314559,-0.04652071,0.062813893,0.189274013,0.272379965,0.355129004,-0.306444705,0.0778865665,-0.225291654,0.0453779101,0.0439526513,-0.243560672,0.38582468,-0.844774127,0.792253017,0.000733711175,-0.00305249123,0.00020883586,0.0170994438,-0.845915914,-0.122068092,0.774397194,-0.000204436743,-0.00152840314,0.00705572963
-0.0108851846,-0.578110695,0.898607731,0.0208393635,-0.0185830053,0.676140316,-0.736243619,-0.398508877,-0.0690746605,-0.0892188773,0.535750389,-0.0308343675,-0.0462545007,0.0612493195,0.190233782,0.256711811,0.34666419,-0.304465145,0.0751308054,-0.241126642,0.0490408167,0.0423712656,-0.230096415,0.380747736,-0.831571102,0.80345279,0.000713764457,-0.00278540398,0.000227446129,0.0198609475,-0.844471097,-0.18807441,0.674395561,-0.00029054968,-0.00289897621,0.00711309165
-0.00942152645,-0.571599305,0.898854494,0.0248791236,-0.019018029,0.678694108,-0.733753127,-0.404770851,-0.0608098172,-0.0866198316,0.559910059,-0.0384274162,-0.0447437763,0.0586294234,0.189758241,0.245296121,0.341193259,-0.30011332,0.0747913122,-0.252686411,0.0530800372,0.0389522761,-0.214270949,0.379251599,-0.815444946,0.809187412,0.000689887442,-0.0025044065,0.000247454183,0.0134305339,-0.838674486,-0.246658102,0.548502445,-0.000374697032,-0.00471659936,0.00703866826
-0.00789443217,-0.565426588,0.899261236,0.0284519735,-0.0190818775,0.682726083,-0.729870853,-0.410788596,-0.0536442585,-0.0856916755,0.588658273,-0.047714375,-0.0426110215,0.0554822721,0.18856512,0.236008421,0.337220162,-0.294575959,0.0756600052,-0.262106806,0.0573067926,0.0346149951,-0.197267294,0.379546016,-0.797859669,0.812188506,0.000664049003,-0.0022164972,0.000268158095,0.00240514567,-0.830702901,-0.301521569,0.409682781,-0.000457848713,-0.00675747078,0.00689836359
-0.00672991574,-0.560116351,0.899910688,0.029885755,-0.0175203892,0.690910601,-0.7221097,-0.417846859,-0.053758245,-0.0892360955,0.636274993,-0.0597102456,-0.0400159806,0.0518348329,0.183531687,0.232918486,0.334732175,-0.289653718,0.0775787532,-0.263022453,0.0598194227,0.0282086171,-0.18097347,0.383401126,-0.778625727,0.809627891,0.000633785152,-0.00194201176,0.000283973932,-0.027776951,-0.816374063,-0.336031675,0.269943416,-0.000523514813,-0.00889367051,0.00654590689
-0.00579067599,-0.555247009,0.900533915,0.0305360964,-0.0152671392,0.700282331,-0.713049169,-0.424800992,-0.0579908453,-0.0954878479,0.689587951,-0.0711943507,-0.0382474586,0.0481872372,0.176853552,0.231902063,0.332557678,-0.286026627,0.0793976486,-0.260204554,0.0611477345,0.0216700081,-0.166004747,0.388572216,-0.758925557,0.804253101,0.000603924564,-0.0016925158,0.000297475257,-0.0649197251,-0.801235616,-0.362827331,0.142377511,-0.000589187257,-0.0108341491,0.0061391918
-0.00530187925,-0.551259935,0.901104748,0.0296211514,-0.0116328471,0.712041702,-0.701415624,-0.431545496,-0.0704543665,-0.107149437,0.754274905,-0.0816532522,-0.038131237,0.0445400774,0.166889608,0.235030144,0.331010103,-0.28498885,0.081016615,-0.249925166,0.0601086952,0.0148684308,-0.153687522,0.396372527,-0.73829776,0.793254495,0.000574875623,-0.00149301637,0.000306347851,-0.115967117,-0.784482419,-0.374198914,0.0391685255,-0.000654859061,-0.0123830456,0.00562411128
-0.00538366754,-0.548275113,0.90139544,0.0271952315,-0.00661763443,0.72569202,-0.687450157,-0.436362684,-0.093505308,-0.126223192,0.82282871,-0.0891097486,-0.0416120216,0.0408473983,0.154248953,0.242456347,0.33088249,-0.288317919,0.0823189467,-0.230442852,0.0554422066,0.00899406988,-0.145010799,0.408429444,-0.716094255,0.771923423,0.000550671422,-0.00138119096,0.000311780052,-0.178590819,-0.769244313,-0.369114757,-0.0270954054,-0.000719066244,-0.0132760182,0.00507531501
-0.00575085264,-0.545791447,0.901546061,0.0240054556,-0.00091023911,0.740063242,-0.672108107,-0.440216124,-0.121853024,-0.149005324,0.893320143,-0.0950648785,-0.0468921289,0.0371317714,0.140268862,0.252032727,0.331465095,-0.293831348,0.0834629685,-0.206356451,0.0489611179,0.00358318374,-0.138154551,0.422616005,-0.693101346,0.745423317,0.000528889184,-0.00131321244,0.000315491692,-0.247007951,-0.754763186,-0.355799496,-0.0748835951,-0.000782544084,-0.0138409575,0.00450962689
-0.0072721825,-0.544325531,0.901138186,0.019122358,0.00625726723,0.756597578,-0.65357118,-0.437865734,-0.161192983,-0.17943491,0.951426685,-0.0970281661,-0.0576941557,0.0327478275,0.124743693,0.266415954,0.335728437,-0.307196021,0.0847696066,-0.168631986,0.0357238501,0.000353326439,-0.135945573,0.446784556,-0.665123224,0.696423113,0.000516909524,-0.00142089603,0.000317187572,-0.329504669,-0.743787706,-0.312822938,-0.064420186,-0.000810699537,-0.0133763757,0.00398678938
-0.00915176701,-0.543011069,0.90061444,0.0141011476,0.0135042109,0.773357399,-0.633669572,-0.431804031,-0.199372679,-0.209264755,1.00066054,-0.0986034498,-0.0688684136,0.0276706461,0.10952089,0.28055346,0.341499329,-0.321466655,0.0865495503,-0.127554893,0.0207054056,-0.00230767345,-0.134708405,0.474825919,-0.633467138,0.639283001,0.000507483492,-0.00160309323,0.000319525687,-0.416656911,-0.733078837,-0.258017868,-0.0324141979,-0.000819035864,-0.0126395803,0.00348594319
-0.011747269,-0.5419994,0.899859428,0.00881938853,0.0209065348,0.790976254,-0.611425957,-0.418324411,-0.235229194,-0.237892762,1.03215373,-0.0994030237,-0.0807855725,0.0212082826,0.0949040353,0.294198364,0.350282997,-0.337546885,0.0892753974,-0.0797804818,0.00212813285,-0.0038313244,-0.13541387,0.510605693,-0.594462395,0.565877914,0.000503162853,-0.00193421578,0.000323147338,-0.513106167,-0.722903788,-0.179574609,0.0426496118,-0.000787755183,-0.0113587379,0.00302910525
-0.0143269543,-0.541023672,0.899123847,0.00421198981,0.0273060049,0.80936723,-0.586652646,-0.39445895,-0.2603302,-0.25992161,1.04203141,-0.102059782,-0.0896064267,0.0116410619,0.0819678009,0.302501261,0.362738132,-0.348248124,0.0937227756,-0.0286268368,-0.0170633625,-0.00510112708,-0.137234375,0.551851273,-0.541945815,0.479794919,0.000502147421,-0.00243459269,0.000332120399,-0.617456973,-0.71004498,-0.0759938136,0.162733257,-0.000724828336,-0.00984740723,0.00260685617
-0.0168987326,-0.540065885,0.898397982,-5.87468159e-05,0.0331846604,0.827644806,-0.560270337,-0.365402102,-0.280055046,-0.278651923,1.04110467,-0.105644867,-0.0968796015,0.000521888374,0.0698716119,0.30813399,0.377028376,-0.356260657,0.0990306363,0.0242159106,-0.0365618765,-0.00624404475,-0.139612228,0.59582895,-0.482675463,0.387374848,0.000502784096,-0.00301957107,0.000343768392,-0.72575736,-0.69584465,0.040151909,0.305319935,-0.000646083208,-0.00822086725,0.0022018957
-0.0179342162,-0.538733244,0.897775412,-0.00283507221,0.036243995,0.847167997,-0.530079919,-0.321696758,-0.281236947,-0.285687685,1.00267804,-0.116926178,-0.0965175927,-0.0187486298,0.0602711141,0.300072372,0.399363995,-0.350319535,0.10557273,0.077789478,-0.0521101281,-0.00890907552,-0.142784014,0.639556527,-0.39624083,0.286798209,0.000510994811,-0.00384523487,0.000370712427,-0.835536122,-0.672896147,0.189921364,0.484155655,-0.000557981664,-0.00676448736,0.00184277399
-0.0181681179,-0.537210345,0.897058308,-0.00531503673,0.0384072423,0.865978423,-0.498575978,-0.275752485,-0.27728036,-0.289091468,0.95173347,-0.131933317,-0.0932395682,-0.0414965749,0.0506171621,0.286445022,0.425037146,-0.341262817,0.111265823,0.130286917,-0.0659158453,-0.0127333328,-0.146070987,0.680267096,-0.302699834,0.188024297,0.000525212032,-0.00473944424,0.000404288759,-0.939762354,-0.646587431,0.345197856,0.65459913,-0.000474734639,-0.00542935776,0.00150000071
-0.0167998746,-0.535307467,0.896152496,-0.0072020977,0.0388199017,0.884356918,-0.465138675,-0.22534278,-0.26305443,-0.285235494,0.875780225,-0.154384121,-0.0841340125,-0.0711901486,0.0408583209,0.261696398,0.457375824,-0.325980902,0.115260877,0.180622846,-0.0762359798,-0.0188737344,-0.149587512,0.714939237,-0.194974467,0.092873551,0.000551431556,-0.00577047281,0.000451114087,-1.03286946,-0.613567948,0.511449635,0.808234692,-0.000401207129,-0.0043368414,0.00118997216
-0.0138553018,-0.533250213,0.894727409,-0.00903342668,0.0384582692,0.900935057,-0.432152035,-0.178282201,-0.242423743,-0.27341485,0.787408471,-0.183309853,-0.0697580278,-0.106822252,0.0286549926,0.228210092,0.495247185,-0.310848176,0.116107963,0.225325972,-0.0854735821,-0.0272916611,-0.153234541,0.742481232,-0.0868387371,0.0102437008,0.000598365092,-0.00689706253,0.000513307867,-1.10642755,-0.574720025,0.667720079,0.915013731,-0.000330522278,-0.00339172478,0.000915315235
-0.0101225432,-0.531115949,0.893042803,-0.0108298425,0.0376860902,0.91604553,-0.399152927,-0.132902816,-0.218592152,-0.257611126,0.692836165,-0.215471089,-0.0527474694,-0.145421013,0.0152299553,0.190357327,0.535881877,-0.295792192,0.115380295,0.267206162,-0.0941691399,-0.0368477218,-0.156946376,0.766454041,0.0214890521,-0.0661131889,0.000655656622,-0.00807132479,0.000583183835,-1.17019904,-0.532960057,0.818978548,0.998341382,-0.000261265493,-0.00252042687,0.000658382371
-0.00480138324,-0.529307485,0.890530705,-0.0126781027,0.0373654305,0.927623512,-0.371426589,-0.102040336,-0.194689438,-0.230532616,0.609579861,-0.250734836,-0.0328523889,-0.18816939,-0.00269865757,0.151358306,0.579519629,-0.286376685,0.111041732,0.295163244,-0.105536588,-0.0463783853,-0.159692258,0.785942078,0.108453296,-0.114730395,0.000747079961,-0.00921736471,0.000679134508,-1.20992923,-0.480643094,0.926593184,1.00740814,-0.000185546669,-0.00172483828,0.000467264676
0.000723883975,-0.52768302,0.887951136,-0.0143661141,0.0374431017,0.937332307,-0.346121041,-0.0766135007,-0.173323274,-0.201774642,0.536340535,-0.284171522,-0.0140786767,-0.230704367,-0.0213744715,0.11593809,0.621881664,-0.278581709,0.106340855,0.317862242,-0.117913976,-0.0545822158,-0.161083281,0.806052387,0.18503502,-0.153774828,0.000844394788,-0.0102657918,0.000780872186,-1.24660182,-0.423757106,1.01741755,0.994717479,-0.000112789043,-0.000963236962,0.000301800173
0.00665972102,-0.526426077,0.885235071,-0.0157486464,0.0383628091,0.944421604,-0.326110577,-0.0620503537,-0.157022849,-0.169645324,0.483110607,-0.313966721,0.00245937286,-0.272829741,-0.0415526628,0.0876629353,0.66170913,-0.27402553,0.100913227,0.330051541,-0.132316828,-0.0601350591,-0.159764498,0.827415824,0.240877539,-0.173684761,0.000953535317,-0.0111193703,0.000894228113,-1.27717257,-0.357707709,1.07468987,0.938495696,-4.59257608e-05,-0.000269317621,0.000187587721
0.0126100862,-0.525352836,0.88295114,-0.0165180029,0.0399142219,0.949198754,-0.311698149,-0.0553961657,-0.1461927,-0.139517784,0.450067937,-0.336234152,0.0150492648,-0.312517285,-0.060969837,0.0686957985,0.695665359,-0.270816684,0.095849961,0.333098054,-0.146282136,-0.0621954575,-0.153313696,0.851186275,0.277806669,-0.177254766,0.0010544383,-0.0116693694,0.00100103091,-1.30651712,-0.28697148,1.10722864,0.841291785,3.52589723e-06,0.000294333993,0.000118656259
0.0185677018,-0.524371326,0.880883396,-0.0169809135,0.0417821719,0.952842183,-0.300096108,-0.0526972227,-0.13809818,-0.110392034,0.427121013,-0.354736537,0.0256645996,-0.350985438,-0.0800060257,0.0543837398,0.726685226,-0.268281609,0.0909689665,0.331572026,-0.160028175,-0.0625091791,-0.14429599,0.876160264,0.30527699,-0.172652692,0.00115121889,-0.012067535,0.00110455335,-1.33524811,-0.213892996,1.12739873,0.723592639,4.4269389e-05,0.000792828563,7.23695775e-05
0.0243668593,-0.523114443,0.879884839,-0.0163985405,0.0435060755,0.954189833,-0.295567374,-0.0575313345,-0.134504735,-0.090031147,0.424775541,-0.361231625,0.0315772891,-0.384428412,-0.0943139344,0.0504418984,0.750866055,-0.266313672,0.0869827643,0.318974197,-0.168813556,-0.0583609156,-0.126323581,0.902249098,0.312008649,-0.14708367,0.001211909,-0.0120341778,0.0011714201,-1.35833645,-0.152487025,1.12716734,0.564363122,6.18822742e-05,0.00106290483,6.81842648e-05
0.0300370306,-0.521625996,0.879228532,-0.0155256904,0.0448507557,0.955010658,-0.292749049,-0.0640868992,-0.131302699,-0.0733492896,0.425988525,-0.364397198,0.0366322063,-0.415946037,-0.106240146,0.0490069911,0.775576055,-0.264554471,0.0834125429,0.303692341,-0.175171211,-0.0534446128,-0.106120005,0.92691797,0.313021719,-0.115740441,0.00125881808,-0.0118860565,0.00122367172,-1.37748134,-0.100290239,1.12344956,0.40520376,7.55905639e-05,0.00126949954,6.99159937e-05
0.0354470685,-0.519674957,0.879256785,-0.0140732338,0.0454386277,0.954816978,-0.293362939,-0.0740807652,-0.128884375,-0.0640281662,0.434314072,-0.360906184,0.0399704836,-0.443602443,-0.113400757,0.0525837466,0.801333845,-0.263213217,0.0806752816,0.283051789,-0.176673561,-0.0469950885,-0.0814647675,0.948738694,0.302603602,-0.0728679821,0.0012781613,-0.0115085971,0.00124668807,-1.38873672,-0.0665227473,1.11276424,0.246249497,8.14884406e-05,0.00134911819,8.3474486e-05
0.0401903167,-0.51733613,0.879971981,-0.0124648738,0.0448738241,0.953796998,-0.296820239,-0.0859596878,-0.12608321,-0.061850138,0.444717765,-0.352233469,0.0426138826,-0.466243744,-0.115541264,0.0619267449,0.831946373,-0.262269795,0.0794697553,0.259907931,-0.172566146,-0.0411933251,-0.0555135533,0.964820385,0.277928889,-0.0233966112,0.00127482868,-0.0109686498,0.00124094333,-1.3907268,-0.0539706089,1.09704292,0.110280506,8.33451923e-05,0.00133142003,0.000101515005
0.0445991643,-0.514803767,0.881030679,-0.0107785879,0.0437316694,0.952341109,-0.301691523,-0.0987788066,-0.123091169,-0.0632444769,0.456158549,-0.34097144,0.0449092649,-0.486372679,-0.115171023,0.0741512477,0.86498028,-0.261525422,0.0790304318,0.235517055,-0.165654406,-0.0357166566,-0.028919559,0.978029072,0.246130154,0.0293644946,0.00126015744,-0.0103475628,0.00122081744,-1.38808346,-0.0520297773,1.07880664,-0.0141670359,8.31807993e-05,0.00126506225,0.000121793099
0.0475215688,-0.512217224,0.883300602,-0.00958870451,0.0403941947,0.949482566,-0.311061444,-0.112438753,-0.118752569,-0.0757213682,0.465203762,-0.324634314,0.0471076965,-0.496226102,-0.106615342,0.0963257626,0.90137887,-0.260107458,0.0824471861,0.211099684,-0.14996165,-0.0332250819,-0.00631746463,0.982178569,0.185720503,0.0810609832,0.00122627849,-0.00963622332,0.00114902528,-1.37122166,-0.0853321403,1.04974282,-0.0950380415,7.54648063e-05,0.00105925626,0.000147808882
0.0500390641,-0.509668887,0.885972321,-0.00860600997,0.0362878063,0.945983453,-0.322062785,-0.126134798,-0.114074707,-0.092505537,0.472610772,-0.307705522,0.0493123978,-0.501283109,-0.0946559832,0.12118338,0.935454011,-0.257344604,0.0878305137,0.187493235,-0.131922454,-0.0316151641,0.0137901576,0.983635485,0.115465745,0.128638595,0.00119293423,-0.00894579291,0.00105852331,-1.34898782,-0.1328215,1.0146997,-0.162882715,6.28124253e-05,0.000799416448,0.000175325869
0.0517469458,-0.507197201,0.889446437,-0.008037852,0.0306462287,0.941213296,-0.336323852,-0.139901608,-0.1087192,-0.117897779,0.476742476,-0.289595753,0.051529415,-0.496752262,-0.0758942738,0.151401669,0.964881539,-0.25189364,0.0971442387,0.165510148,-0.109194756,-0.0317677334,0.0289095789,0.979710102,0.0255389512,0.167978212,0.00116066227,-0.00829723105,0.00093063229,-1.3160181,-0.208664179,0.967708349,-0.20468241,4.02940859e-05,0.00043159604,0.000205840828
0.0530386008,-0.504432201,0.893437386,-0.00768732449,0.0239798972,0.935002062,-0.353747105,-0.153698772,-0.103743784,-0.151481241,0.477905154,-0.27200222,0.0531822369,-0.477569938,-0.05034931,0.184197709,0.98424983,-0.240578845,0.111350968,0.146247789,-0.084219493,-0.0327594206,0.0396842137,0.970801115,-0.0765146613,0.19582507,0.00113959797,-0.00772973429,0.000779623166,-1.27114391,-0.311720014,0.906832337,-0.220983863,4.76218611e-06,-4.3250795e-05,0.000242287875
0.0541224778,-0.50151968,0.897687554,-0.00744327489,0.0167933526,0.927791127,-0.372647563,-0.167514622,-0.0989571512,-0.189168677,0.477583647,-0.254662305,0.0545533933,-0.451057374,-0.0214063935,0.218290895,0.998593569,-0.226329431,0.128007695,0.128340811,-0.0581141338,-0.0341708921,0.048289299,0.95939815,-0.18465732,0.217932925,0.00112413184,-0.00720262341,0.000617017213,-1.22030616,-0.428407878,0.838998854,-0.224540994,-3.7285201e-05,-0.000571728917,0.00028171009
0.0550664142,-0.497434467,0.901865482,-0.00734386723,0.00977850195,0.918659017,-0.394862075,-0.181626081,-0.0961543694,-0.231421366,0.474676847,-0.237904787,0.0535973981,-0.395540148,0.0116210841,0.250110358,0.993661523,-0.20266217,0.150315806,0.115009174,-0.0336789601,-0.0356431492,0.0525688902,0.942765474,-0.291808397,0.227800399,0.00112651079,-0.0067712497,0.000455640373,-1.15360427,-0.567972422,0.759837866,-0.178737879,-8.74676989e-05,-0.00114875508,0.000361936807
0.0561500341,-0.492805541,0.905684173,-0.00729223674,0.00346880457,0.908869039,-0.41700343,-0.19605273,-0.0939763188,-0.270682961,0.47161454,-0.220549658,0.0512262546,-0.331232518,0.0426098853,0.279064983,0.980030417,-0.178416356,0.172556877,0.10327293,-0.0116691878,-0.036976438,0.056036599,0.925266385,-0.393308312,0.236300334,0.00113194436,-0.00636129361,0.000301920983,-1.08397102,-0.706156135,0.682842731,-0.111503646,-0.000133289766,-0.00167258829,0.000477305119
0.0575127527,-0.487090349,0.908783793,-0.00734072748,-0.00142071654,0.898344231,-0.439228571,-0.211107925,-0.0930472538,-0.303961754,0.468241721,-0.20200175,0.0460266173,-0.249360457,0.0695204735,0.302290171,0.949012458,-0.153016567,0.194661736,0.0947268903,0.00549024949,-0.038031809,0.057881102,0.906037033,-0.483501911,0.242065862,0.00114348286,-0.00599419046,0.000163523655,-1.00848544,-0.841565728,0.61018461,-0.00143798999,-0.000170391184,-0.00209004199,0.00066290563
0.0594298653,-0.47999239,0.910781145,-0.00760399248,-0.00414787961,0.888399287,-0.458989848,-0.227466166,-0.0927172229,-0.324313402,0.465538263,-0.181808293,0.0375064015,-0.159636855,0.0881254673,0.318572581,0.896475315,-0.133254781,0.212128654,0.0900428742,0.0156237148,-0.0387216099,0.0596948713,0.884370208,-0.557635725,0.249437645,0.00115420739,-0.00566539261,4.42703822e-05,-0.934489787,-0.958461165,0.549856484,0.147148818,-0.000193082378,-0.00228657317,0.000951029768
0.0616240874,-0.472203165,0.912227631,-0.00797335231,-0.00579268056,0.878608033,-0.477441929,-0.244475737,-0.0926866159,-0.33820349,0.463169426,-0.160792306,0.0273263957,-0.0659886897,0.102578938,0.331384659,0.833181858,-0.116311148,0.227277309,0.0872892812,0.0222452655,-0.0392286815,0.0614932775,0.861485064,-0.623742044,0.257612318,0.00116452493,-0.00535574323,-6.54137984e-05,-0.861239016,-1.06610227,0.495691329,0.314990312,-0.000208570695,-0.00237267697,0.00129040005
0.0643253326,-0.461818278,0.91216886,-0.00892051437,-0.0039625887,0.871863129,-0.489652333,-0.26459825,-0.0928849578,-0.330317438,0.462826908,-0.139499217,0.0151993763,0.0181366391,0.104812607,0.336118281,0.745139122,-0.113820508,0.23157379,0.09087421,0.0186973941,-0.0387654379,0.0650872812,0.832804918,-0.664730608,0.275186718,0.00116728642,-0.00508703757,-0.000139521202,-0.801153779,-1.13580871,0.459868133,0.501100659,-0.000209838268,-0.00208411249,0.00174520165
0.0669224411,-0.450597227,0.911797822,-0.0100452362,-0.00101060132,0.866125726,-0.499724223,-0.286039174,-0.0931271613,-0.316298455,0.464147717,-0.11915727,0.00410791952,0.0932524502,0.103690118,0.338804424,0.656081498,-0.116731167,0.232132494,0.0959145352,0.012725072,-0.0377022475,0.0695744902,0.802909732,-0.698393166,0.29756844,0.00116638152,-0.00481337402,-0.000199459289,-0.746864319,-1.19445133,0.427688777,0.676934421,-0.000209576421,-0.00171626604,0.0022042261
0.0693118274,-0.43770209,0.910802543,-0.011527606,0.0041838193,0.86264675,-0.50565818,-0.310120523,-0.0934570879,-0.290013939,0.468794554,-0.100712985,-0.00491519645,0.150369108,0.0958567634,0.337397188,0.564976454,-0.130442262,0.225217655,0.103865929,0.00190386665,-0.0354392603,0.0758485645,0.770578802,-0.71741432,0.329566896,0.00115814561,-0.00452974252,-0.0002310782,-0.704152405,-1.2309835,0.402788699,0.832255781,-0.00020625646,-0.0011898214,0.00267178705
0.0712349787,-0.42391935,0.909640789,-0.0131267372,0.0111404162,0.860578281,-0.509027113,-0.337231755,-0.0941585302,-0.25675109,0.481938601,-0.0860976577,-0.0103454348,0.187486321,0.0831004828,0.331834793,0.486366183,-0.152580619,0.213143796,0.111793742,-0.0108127855,-0.0314660817,0.0846661404,0.739317775,-0.725921273,0.369629085,0.00113891182,-0.00419410784,-0.000236767519,-0.670231164,-1.25338316,0.380053937,0.950400472,-0.000202699361,-0.000679602614,0.00310513936
0.07292483,-0.40969348,0.908396125,-0.0147836956,0.0189773313,0.859186961,-0.511095949,-0.365857422,-0.0950459316,-0.220000356,0.49933356,-0.0733984783,-0.0139783546,0.21459879,0.0678828135,0.324194342,0.414010793,-0.17893222,0.198490664,0.119709,-0.0244765393,-0.0266377088,0.09475559,0.708593786,-0.729168952,0.413722008,0.00111417752,-0.00383247691,-0.000229487749,-0.640708208,-1.26871347,0.358403265,1.0499438,-0.000199023707,-0.000177542883,0.0035213579
0.074114956,-0.395774961,0.907451928,-0.0166099432,0.0280297466,0.858334219,-0.512055478,-0.400831521,-0.097989738,-0.182063982,0.542357981,-0.0677369684,-0.0134710688,0.220887765,0.0495346338,0.311048806,0.370103627,-0.208343774,0.182630897,0.124120101,-0.0374347977,-0.0197030157,0.109275587,0.682790101,-0.721443295,0.462785751,0.00106729555,-0.00338098314,-0.000195693356,-0.618164182,-1.2725215,0.337322354,1.10067892,-0.00019413924,0.000132300644,0.00388558116
0.075302355,-0.382351637,0.906665325,-0.0187021805,0.0370171728,0.857214986,-0.51328591,-0.439127624,-0.102633722,-0.145532236,0.59805727,-0.0640906543,-0.0125249466,0.223345473,0.031083012,0.297119528,0.334143102,-0.236094669,0.167849973,0.1273119,-0.0499521904,-0.0127160456,0.124571145,0.65846163,-0.71093446,0.511538804,0.00101409398,-0.00291535188,-0.000158041075,-0.596490502,-1.27368605,0.316961199,1.14186954,-0.000187498255,0.000381744932,0.00423661713
0.0764848217,-0.369913399,0.906193912,-0.0213285777,0.0458797959,0.855634506,-0.515101668,-0.484084964,-0.110680848,-0.111795574,0.679135203,-0.0644742548,-0.0107005397,0.218139693,0.0124169346,0.281616807,0.314065367,-0.260534704,0.155221194,0.128065795,-0.0615927167,-0.00562165212,0.141424432,0.637074292,-0.694853902,0.559689939,0.000948228175,-0.00242124801,-0.00011265574,-0.576549232,-1.26956308,0.298031628,1.16398335,-0.000177340582,0.000510461512,0.00456141541
0.0781862438,-0.358842611,0.905981362,-0.0248989783,0.0539410043,0.853101319,-0.518351761,-0.537130117,-0.124396637,-0.0817421898,0.786237359,-0.0676913112,-0.010279214,0.20859009,-0.00654460769,0.266182363,0.302218914,-0.28081429,0.144551113,0.127656624,-0.0727603585,0.000548859593,0.15723893,0.617707014,-0.675539732,0.604240894,0.000880321837,-0.00194951869,-6.8388239e-05,-0.556345105,-1.25965774,0.28162834,1.17772341,-0.000159866686,0.000573113095,0.00485053705
0.0801472738,-0.348455727,0.905898273,-0.0289400169,0.0615980971,0.850046947,-0.52229143,-0.594220102,-0.14094764,-0.053530883,0.906353652,-0.0723253563,-0.0105599593,0.19686833,-0.0256539732,0.250782043,0.29448846,-0.299013138,0.134860516,0.126665995,-0.0836914256,0.00625735335,0.172533602,0.599350154,-0.654608667,0.646990716,0.000811396807,-0.00148898724,-2.46807649e-05,-0.536009669,-1.24686038,0.266488731,1.18727648,-0.000138732968,0.000602729444,0.0051218085
0.0834602267,-0.340194494,0.906217754,-0.0341147677,0.0673913078,0.845640799,-0.528380765,-0.660110116,-0.166319758,-0.0295732561,1.04807281,-0.079641819,-0.0160509236,0.182560831,-0.0456313379,0.235305548,0.289908797,-0.312050283,0.126790255,0.126276821,-0.0933777988,0.011200578,0.1836586,0.58481586,-0.632335901,0.679374337,0.000757681788,-0.00113350153,8.10658094e-06,-0.515303731,-1.22406089,0.256474406,1.19367337,-0.00010111228,0.000604934641,0.00527264038
0.0870041475,-0.33247605,0.906756639,-0.0392945608,0.0725464179,0.841104812,-0.534542467,-0.72590661,-0.192587778,-0.00612035999,1.18664074,-0.0874517709,-0.0234060101,0.168646097,-0.0654532015,0.219567508,0.284977704,-0.322991431,0.119521625,0.127099857,-0.102289334,0.0168282166,0.193312675,0.571965933,-0.609740674,0.707505047,0.000711025496,-0.00081982644,3.60614904e-05,-0.495668322,-1.19816422,0.248877451,1.20084083,-5.717573e-05,0.000617456913,0.00533468788
0.0910099298,-0.325843066,0.907734156,-0.0444881342,0.076433424,0.836415034,-0.540914622,-0.791515946,-0.220647335,0.0163232312,1.31890678,-0.0962485671,-0.0344887748,0.155516803,-0.0849640965,0.203306496,0.279343992,-0.32974115,0.113856003,0.130346909,-0.109651402,0.0238244701,0.20002535,0.562484324,-0.586500466,0.727131367,0.000678484503,-0.000589760311,5.43530041e-05,-0.478173524,-1.16607416,0.246114448,1.20954907,-6.09371455e-07,0.000650610251,0.00521919364
0.0944261551,-0.320006907,0.909364998,-0.049216934,0.0793104983,0.832586835,-0.545973168,-0.849161327,-0.243678421,0.0388596691,1.42505527,-0.10548266,-0.0462473296,0.144553572,-0.102416933,0.186969817,0.271686077,-0.330072105,0.111021474,0.138595775,-0.11519067,0.0336729139,0.204500198,0.555462837,-0.560240686,0.740201116,0.000654558826,-0.000409934175,6.36149489e-05,-0.464984149,-1.12884712,0.249372721,1.22113967,6.62854145e-05,0.000731925596,0.00480084028
0.0975470766,-0.314570069,0.911322355,-0.0537117872,0.0816810359,0.829179887,-0.55036712,-0.902815878,-0.264191806,0.0614390895,1.51812899,-0.114933997,-0.05834198,0.134675086,-0.118838079,0.170597792,0.263017237,-0.327193677,0.109602928,0.149344265,-0.119817682,0.0449459553,0.207855433,0.549672544,-0.532475173,0.749990702,0.000634944474,-0.000255255494,6.83606995e-05,-0.453949422,-1.08905733,0.255641162,1.23416936,0.000138334202,0.000837309519,0.00423112139
0.0988177359,-0.310783178,0.914292574,-0.0579486506,0.0826383385,0.827733713,-0.551968984,-0.93558377,-0.269827247,0.0839568898,1.55896664,-0.123703741,-0.0648352802,0.128427878,-0.130113646,0.154730797,0.249153018,-0.310076505,0.113687471,0.169577956,-0.121631019,0.0581611246,0.208615944,0.544020772,-0.49532795,0.75567162,0.000615817262,-0.000103095386,6.19640123e-05,-0.449487537,-1.03992891,0.270630658,1.2493304,0.000214832864,0.00100164337,0.0031706919
0.0994902551,-0.307796419,0.917422771,-0.06233232,0.0830271157,0.82685076,-0.552755824,-0.96010673,-0.269726366,0.106275797,1.58222878,-0.13134405,-0.0684726536,0.12333408,-0.139578834,0.138553739,0.233133227,-0.287842274,0.119530119,0.192213595,-0.122514054,0.0701901838,0.208660364,0.537267268,-0.454814196,0.761626661,0.000593211327,6.04900524e-05,5.33151106e-05,-0.446488768,-0.986347854,0.287670106,1.26370406,0.000286511582,0.0011565499,0.0020483674
0.0989669189,-0.306408674,0.92087388,-0.0670121643,0.0822810852,0.827113279,-0.551926459,-0.9681499,-0.258154541,0.128203794,1.5703522,-0.136728153,-0.0664001331,0.120545194,-0.145426705,0.121751703,0.212798148,-0.25536865,0.128890187,0.219659209,-0.121537022,0.0798510462,0.207272798,0.528308749,-0.407555878,0.768131852,0.000563642243,0.000246972602,4.01598481e-05,-0.446414858,-0.923846543,0.308814019,1.27650762,0.000348573725,0.00129265164,0.000801929273
0.0975335464,-0.306887239,0.924028277,-0.0718363842,0.0799948075,0.828345144,-0.549804226,-0.957438946,-0.236946166,0.149510399,1.51741838,-0.137359604,-0.05984056,0.120154381,-0.148258865,0.103574708,0.189522207,-0.217203826,0.140563175,0.249154359,-0.118626259,0.0851679593,0.204987183,0.515611768,-0.35798496,0.777702272,0.000521207461,0.000447689148,2.79163396e-05,-0.447465628,-0.85249579,0.33255893,1.2858448,0.00038529723,0.00132647052,-0.000232733553
0.0956452787,-0.308298588,0.927034795,-0.0767308437,0.0769363084,0.830037614,-0.547019873,-0.937354147,-0.210920423,0.17050752,1.44396174,-0.135615721,-0.0510380492,0.120962083,-0.149583966,0.0847095996,0.164775237,-0.176192597,0.153392747,0.279675335,-0.114748888,0.0883140638,0.202252582,0.501045763,-0.307255656,0.788805068,0.000472340296,0.000655530021,1.61279004e-05,-0.44907853,-0.776718557,0.35760498,1.29344988,0.000409358414,0.00130917039,-0.00116160442
0.0928563327,-0.312871426,0.928818822,-0.0805467197,0.0711992579,0.832850035,-0.542958296,-0.884626389,-0.180128574,0.191786662,1.29563355,-0.124354713,-0.0400204808,0.126486599,-0.146930203,0.0664664507,0.14114669,-0.13678214,0.167270124,0.310394734,-0.107327372,0.0848107636,0.197939858,0.479074478,-0.262993336,0.808067799,0.000399863755,0.00084875396,1.42991685e-05,-0.451283693,-0.691586018,0.386615098,1.29521191,0.000361868559,0.000955887546,-0.00136588106
0.0898884833,-0.318579078,0.930103302,-0.0835835205,0.0647803243,0.835727067,-0.538866936,-0.822801113,-0.151475385,0.214160502,1.12901533,-0.111143649,-0.029540956,0.133872524,-0.142874748,0.0496522672,0.119842261,-0.100360118,0.180445373,0.340360194,-0.0987383425,0.078907229,0.191728577,0.454355031,-0.223397538,0.831017435,0.000321202213,0.00102776696,1.69985597e-05,-0.454345733,-0.604660213,0.417460442,1.29457116,0.000281328103,0.000437718933,-0.00130155217
0.0865619481,-0.326557696,0.930389047,-0.085067989,0.05700074,0.838784188,-0.534748015,-0.742764652,-0.127090126,0.238730252,0.925771713,-0.0940290391,-0.0201341603,0.144982904,-0.136015058,0.0356904492,0.103178829,-0.0699029416,0.192220658,0.368827224,-0.0878120065,0.0682021827,0.181718916,0.424132407,-0.193121269,0.861346722,0.000230148638,0.00117841701,2.87536368e-05,-0.459122062,-0.51412189,0.451985031,1.2891252,0.000134671893,-0.000410329027,-0.000700074481
0.0830243304,-0.33656776,0.929848552,-0.0847609963,0.0483598277,0.841285672,-0.531709807,-0.658912838,-0.109336093,0.264926016,0.728226602,-0.0790188611,-0.0115200598,0.15817067,-0.126501858,0.0240537636,0.0934974253,-0.0471160971,0.200267136,0.392825097,-0.0756589025,0.0520335138,0.162230581,0.389940083,-0.174473122,0.900010705,0.000139238007,0.00128809467,4.67321006e-05,-0.468982488,-0.424603462,0.490561962,1.27641249,-5.10714744e-05,-0.0014596309,0.000161147444
0.0793806463,-0.347595006,0.928894877,-0.0835540651,0.0392849363,0.843467935,-0.529185464,-0.573142886,-0.0948945954,0.291938007,0.533506274,-0.0650592148,-0.00330054411,0.172398537,-0.115660556,0.0135774845,0.0873059779,-0.0281605907,0.206450313,0.414591551,-0.0628907755,0.0331306607,0.137999117,0.353758126,-0.161636174,0.942847788,4.83875265e-05,0.00137730071,6.7824134e-05,-0.481387079,-0.335582405,0.531170547,1.26006389,-0.000256376399,-0.00260966574,0.00115230423
0.0756662786,-0.360807836,0.927267611,-0.0798989521,0.0289634722,0.843583093,-0.530230931,-0.504464984,-0.0870233178,0.313417852,0.403902531,-0.060411755,0.00813342538,0.183767989,-0.102158852,0.00278023886,0.0957129151,-0.0172690079,0.205967933,0.424567699,-0.0501813591,0.00693053845,0.0914200172,0.316282719,-0.166226327,0.996014118,-1.72128457e-05,0.0013831727,8.97892387e-05,-0.507166088,-0.258643478,0.574270129,1.22935987,-0.000418613519,-0.0035310518,0.00185827108
0.07204476,-0.374471605,0.925643027,-0.0754202686,0.0183904005,0.842431076,-0.533182387,-0.443437785,-0.0802005827,0.330560058,0.297969908,-0.0591387413,0.0219485648,0.191978753,-0.0880357325,-0.00846730545,0.113165423,-0.00692007178,0.203845948,0.429806501,-0.0375625528,-0.0202973317,0.0373158753,0.279510438,-0.176210716,1.04923093,-7.05339044e-05,0.00134951028,0.000110243018,-0.537573218,-0.188466698,0.616078615,1.19406414,-0.000547711272,-0.00426290743,0.00236787973
0.0686089471,-0.389037162,0.924023688,-0.0693000225,0.0073179323,0.838792196,-0.539973709,-0.397709429,-0.0754746199,0.339028209,0.239372224,-0.0646135956,0.0405253097,0.193873107,-0.072669968,-0.0206153076,0.148706317,0.00234373356,0.198445246,0.425572127,-0.0251249187,-0.0495803766,-0.0318360478,0.244144157,-0.196981922,1.10254908,-9.9300094e-05,0.00123679102,0.000127674575,-0.57723546,-0.131812036,0.655305386,1.14958644,-0.000610540272,-0.00461575901,0.00248483173
0.0656113923,-0.404119492,0.92283082,-0.060850321,-0.00361701095,0.831904283,-0.551560893,-0.361498594,-0.0720677227,0.336579263,0.20982039,-0.07610026,0.0638735294,0.183923706,-0.0551700816,-0.0322335958,0.217330813,0.0128852958,0.191017881,0.412021995,-0.0107727554,-0.0767913312,-0.11006473,0.210943401,-0.227347314,1.14573205,-0.000108257402,0.00100891083,0.000141758006,-0.620696425,-0.0902273729,0.689206362,1.09884501,-0.000614538672,-0.00460708328,0.00233016722
0.0628332421,-0.419459462,0.921851337,-0.0512170855,-0.0144798985,0.823121589,-0.565365362,-0.330049366,-0.0693207234,0.32866931,0.194796458,-0.0905933231,0.0896069184,0.16804935,-0.0366034769,-0.0435861982,0.302502096,0.0240651667,0.182577163,0.393813074,0.00453670556,-0.102963969,-0.192828462,0.178827584,-0.262509763,1.18384206,-0.000107307307,0.000723437581,0.00015416625,-0.666054189,-0.0561825037,0.72044158,1.04497325,-0.000589112227,-0.00441759033,0.00203967816
0.0609582588,-0.435039669,0.921681643,-0.0372178765,-0.0244474502,0.809769803,-0.585055569,-0.303702831,-0.0676283538,0.301787794,0.200154841,-0.11267262,0.119156137,0.122752145,-0.0138026988,-0.0527746901,0.454303801,0.0342876501,0.17120418,0.364737332,0.0264173131,-0.121392757,-0.277728707,0.150743455,-0.308019638,1.19520986,-9.15946875e-05,0.0002593401,0.000164524681,-0.705029249,-0.0410501659,0.742714763,0.986474872,-0.000502109411,-0.00387894921,0.00164641649
0.0593500622,-0.450470686,0.92167908,-0.0223725885,-0.0339743746,0.79500169,-0.605241705,-0.278419435,-0.0656512231,0.269046724,0.209174722,-0.136795461,0.148376599,0.06558723,0.00951557606,-0.0609979704,0.624192297,0.0417407304,0.158974349,0.33409211,0.0501587167,-0.137066245,-0.360450089,0.124421671,-0.354876041,1.19633341,-7.56061127e-05,-0.000223995725,0.000174881192,-0.739150405,-0.0301759467,0.761909485,0.927615166,-0.000405838073,-0.0033120655,0.00127551402
0.0582739413,-0.465617478,0.922010779,-0.00586344134,-0.0426358631,0.777969623,-0.626826187,-0.255239099,-0.0631027222,0.224556595,0.225525886,-0.165027499,0.176966339,-0.015365446,0.0338901915,-0.0672983676,0.830409884,0.0436618365,0.145019695,0.300279796,0.077643469,-0.14724353,-0.438889533,0.101600453,-0.404468477,1.17696941,-5.90509808e-05,-0.000746250851,0.000185243349,-0.763594985,-0.0278079994,0.774965048,0.867978513,-0.000290941622,-0.0026881774,0.000948990346
0.0574404076,-0.480107963,0.922417998,0.00977399816,-0.0504904941,0.759879991,-0.648025908,-0.235734448,-0.0589192994,0.173796386,0.245965496,-0.195335925,0.201595962,-0.113534167,0.0564075336,-0.0705092922,1.04317021,0.0365072824,0.131685272,0.266891032,0.106127098,-0.153724074,-0.509756207,0.0829600319,-0.45297578,1.13957012,-4.65388948e-05,-0.00120110565,0.000194327906,-0.778071761,-0.0324664339,0.78263557,0.808705926,-0.000184740056,-0.0021592339,0.000653262716
0.056728173,-0.494270235,0.922863007,0.0249614955,-0.0579106392,0.740871064,-0.668680303,-0.218068168,-0.0539182238,0.119900949,0.268449306,-0.226682201,0.22424458,-0.220311433,0.0779957101,-0.0721748471,1.25919783,0.0248138215,0.11866153,0.233714283,0.135110065,-0.158355966,-0.576835155,0.06641078,-0.500939906,1.09315121,-3.60488375e-05,-0.0016222446,0.000202773168,-0.787563503,-0.0406395197,0.787612796,0.749615192,-8.28900229e-05,-0.00167778553,0.000372926443
0.0560176037,-0.507452071,0.923140526,0.0368796342,-0.0641844301,0.721179994,-0.688781292,-0.205301821,-0.047016006,0.064157702,0.290916055,-0.254654557,0.23761639,-0.332039505,0.0943945423,-0.0675150305,1.43475246,0.0025546737,0.111134708,0.202643827,0.162850931,-0.160110682,-0.629532039,0.0572254285,-0.542391658,1.0302844,-3.05277426e-05,-0.00188948936,0.000206214201,-0.785377622,-0.0631763414,0.785825372,0.689031661,-2.11138286e-05,-0.00142112514,2.72713223e-05
0.0553109199,-0.520487964,0.923268318,0.0479074403,-0.0697792001,0.700553991,-0.708561815,-0.192126334,-0.040086817,0.00864534173,0.311342329,-0.279328674,0.247603446,-0.438609749,0.108698905,-0.0604438372,1.58723617,-0.0195117146,0.10621202,0.17188397,0.189486504,-0.16132167,-0.676485896,0.0515031815,-0.579591751,0.965499282,-2.55040977e-05,-0.00212440197,0.000206864715,-0.779483378,-0.0926214755,0.780715108,0.626872897,2.34748677e-05,-0.00124019396,-0.000341091771
0.0546119735,-0.533231914,0.923096657,0.0571801954,-0.0740733809,0.678781621,-0.728353671,-0.178132713,-0.0331036933,-0.0464053378,0.327688366,-0.297407359,0.250822008,-0.534865916,0.118814945,-0.0485506319,1.69358492,-0.0411926471,0.106496811,0.141745225,0.213911727,-0.161445349,-0.711955309,0.0527060889,-0.608289659,0.896878123,-2.14752017e-05,-0.00229465985,0.000201935094,-0.766173124,-0.135881126,0.768960297,0.561564267,3.36938319e-05,-0.00121069874,-0.000754863955
0.0540454574,-0.546114862,0.922470331,0.0654340906,-0.0765068902,0.655576525,-0.748387931,-0.159059331,-0.0262731761,-0.0991062075,0.338636279,-0.307676494,0.246530294,-0.610294402,0.123648182,-0.0315447263,1.7494837,-0.0556301773,0.112567089,0.111134879,0.23434025,-0.160621047,-0.735224009,0.0651976466,-0.624030709,0.829281449,-1.73799708e-05,-0.00245330227,0.000188909165,-0.743133426,-0.196030468,0.744257808,0.496411145,8.60436194e-06,-0.00135406503,-0.00111415226
0.0535452254,-0.559065342,0.921616673,0.0731377203,-0.0779669113,0.631313962,-0.768124154,-0.137448981,-0.0195200033,-0.150624141,0.346883476,-0.31403926,0.23848407,-0.675297618,0.125839263,-0.0119850701,1.78014922,-0.0664438009,0.121529192,0.080293417,0.252767265,-0.159322858,-0.752388775,0.0833316222,-0.633290946,0.762207091,-1.32522e-05,-0.00260611251,0.000171837106,-0.715232491,-0.264615476,0.713085294,0.431345731,-3.41355008e-05,-0.00158384047,-0.00144614384
0.0532653704,-0.572703481,0.920217514,0.0795704134,-0.0762412704,0.605518168,-0.788164682,-0.108777508,-0.0117579103,-0.191989765,0.349865377,-0.311270237,0.217118829,-0.69997859,0.117285058,0.0139442803,1.73164535,-0.0609539375,0.138229758,0.0473020151,0.263636023,-0.155760333,-0.752551913,0.126435727,-0.617261469,0.704890132,-9.44202748e-06,-0.0027728295,0.00014532778,-0.666882396,-0.358065844,0.649226844,0.38208276,-0.000110486253,-0.00212423643,-0.00154150825
0.0529988408,-0.58670032,0.918788254,0.0854149426,-0.073223541,0.57893725,-0.807573069,-0.0802428722,-0.00347134983,-0.227904886,0.352665991,-0.307139367,0.192084789,-0.710214853,0.104044333,0.040473517,1.65358734,-0.048194699,0.156183288,0.013438819,0.272222966,-0.150882214,-0.747071505,0.179098383,-0.591559172,0.654156208,-6.08218988e-06,-0.00292669563,0.000119666169,-0.609720707,-0.456710845,0.570768714,0.343233079,-0.000186296602,-0.00274126162,-0.00150493579
0.0527589023,-0.601419032,0.917298555,0.0901637898,-0.0677065831,0.55145906,-0.826546559,-0.0519731268,0.00586651592,-0.252931654,0.355105102,-0.30028379,0.159706652,-0.69156903,0.0814279616,0.0682104379,1.51640594,-0.020895021,0.176647887,-0.0221780259,0.276249707,-0.14337188,-0.730304003,0.250891298,-0.546506226,0.61657095,-3.62185983e-06,-0.00305491081,9.56918957e-05,-0.534921229,-0.565773666,0.463091731,0.325195014,-0.000261049398,-0.00351171056,-0.00120451883
0.0523572378,-0.617098212,0.915852845,0.0934519048,-0.0595615326,0.523849281,-0.844571546,-0.0286441799,0.016298946,-0.2661075,0.361473858,-0.294790268,0.12570563,-0.644749582,0.0504251793,0.0932379663,1.32567847,0.0206188038,0.196512178,-0.0582781248,0.276580542,-0.132458463,-0.702813625,0.339186072,-0.486552298,0.596807182,-2.15520049e-06,-0.00307841226,8.0407015e-05,-0.443142056,-0.672559857,0.328875303,0.334876448,-0.000322718697,-0.00422196742,-0.000490533188
0.0518747233,-0.633258224,0.914429009,0.0959534591,-0.0500723729,0.495882036,-0.861618649,-0.0077834418,0.0272789653,-0.273361027,0.369807035,-0.289977223,0.090891771,-0.583846807,0.015229322,0.116912618,1.10817909,0.0692389235,0.216077432,-0.0946215913,0.27506426,-0.119843654,-0.669962704,0.435732871,-0.419147789,0.58594954,-1.18510002e-06,-0.00304957875,6.94643022e-05,-0.342871755,-0.77821368,0.181387648,0.358412564,-0.000377852004,-0.00490217702,0.000430188898
0.0509644151,-0.650741518,0.912700832,0.0956144828,-0.0383997184,0.470036219,-0.876612392,0.00282411673,0.0408689752,-0.264092654,0.39272052,-0.292654276,0.0622795895,-0.49493435,-0.0220896527,0.13255851,0.86394465,0.121145889,0.231070936,-0.126494944,0.267798424,-0.103911214,-0.627977908,0.546131432,-0.349280059,0.602444053,-1.07979361e-06,-0.0027624201,7.23866615e-05,-0.231715947,-0.860301852,0.0210268982,0.42945981,-0.000417228992,-0.00505256001,0.00199378212
0.0500069335,-0.668128908,0.910665989,0.0940752019,-0.027229089,0.444849456,-0.89023446,0.00929522794,0.0553422831,-0.249736041,0.422048718,-0.299094081,0.0372397117,-0.406852394,-0.0566052869,0.145299852,0.636248052,0.166490048,0.243880481,-0.154912889,0.258428842,-0.0886947289,-0.585714579,0.655529022,-0.284585983,0.625039101,-1.08792483e-06,-0.00239943294,7.77834939e-05,-0.124160349,-0.931702375,-0.132356942,0.5117383,-0.000453828688,-0.00493460381,0.0036311266
0.0489547811,-0.685329854,0.908017516,0.0902493882,-0.0171136668,0.421548838,-0.902141202,0.00749668106,0.0715863407,-0.225200087,0.464213341,-0.313060164,0.0193356965,-0.320404381,-0.0855256096,0.152236909,0.441552669,0.198724434,0.252326727,-0.176429674,0.244849548,-0.0749053061,-0.542881191,0.762958348,-0.230217904,0.659840107,-1.32289927e-06,-0.00188470166,8.81301603e-05,-0.0237712413,-0.981752813,-0.271835893,0.616501033,-0.000484885823,-0.00428001629,0.00541645056
0.0482838787,-0.700353503,0.90446806,0.0841122555,-0.0100350993,0.398682207,-0.913168617,-0.00519905845,0.0885652676,-0.191683322,0.515633345,-0.333923995,0.00960003585,-0.252428889,-0.109875888,0.153506637,0.30551672,0.21322231,0.257144541,-0.190154761,0.228830904,-0.0661393851,-0.500381649,0.855686665,-0.186738551,0.695603013,-1.46324373e-06,-0.00132640393,9.79970646e-05,0.0591327064,-1.01424611,-0.384672761,0.717644691,-0.000515448628,-0.00318272132,0.00698756427
0.0478035323,-0.714290738,0.900467575,0.0767937775,-0.00447349362,0.375908619,-0.923458398,-0.0233453941,0.105914287,-0.15367122,0.571687818,-0.358239114,0.00394708104,-0.193679512,-0.131945714,0.15194267,0.198788255,0.218854651,0.260149091,-0.199986354,0.211590722,-0.0598839782,-0.458042175,0.941077411,-0.148695767,0.73185122,-1.55620216e-06,-0.000746249629,0.000107625143,0.13330622,-1.03796685,-0.484205484,0.816990912,-0.000545768999,-0.00186395843,0.00845179241
0.0484669581,-0.722950697,0.895381451,0.0674636873,-0.00353979499,0.350466871,-0.934135479,-0.0584401265,0.125084758,-0.103714786,0.630779028,-0.385810405,0.0106964335,-0.164743006,-0.155463606,0.13955763,0.164788961,0.202813506,0.260007828,-0.201141834,0.196555898,-0.0621199235,-0.413201094,0.992137909,-0.115471289,0.759774208,-5.94981316e-07,-0.000218830537,0.000112030582,0.176186472,-1.04562569,-0.540442824,0.878755152,-0.0005757084,-0.000404892722,0.00939964876
0.0495802872,-0.730051994,0.890278757,0.0584875094,-0.00367664994,0.323267206,-0.944491401,-0.0961356461,0.145915389,-0.0500621498,0.68739593,-0.412291378,0.0210113954,-0.141683429,-0.180299848,0.122204408,0.145073771,0.181715563,0.258913279,-0.200149149,0.18347618,-0.0659576729,-0.367756158,1.03153682,-0.0811999068,0.786919594,9.68716336e-07,0.000294800266,0.000114627437,0.209067479,-1.04954529,-0.582924128,0.927837372,-0.000601378677,0.000945027685,0.0102392826
0.0515932739,-0.734036088,0.885142863,0.0502741332,-0.00595635546,0.292818701,-0.954826812,-0.139031917,0.170065835,0.0109817693,0.739064991,-0.436592013,0.0384564884,-0.130375862,-0.207772285,0.0949163437,0.153922454,0.150505587,0.255912572,-0.194860741,0.174306139,-0.0729985461,-0.321103692,1.04761612,-0.0448350348,0.812509537,3.73718376e-06,0.000780858798,0.000113607661,0.221953094,-1.04598701,-0.597897708,0.951559424,-0.000618511927,0.00207669078,0.0108625041
0.0545099378,-0.736103058,0.880792499,0.0445817256,-0.00939649252,0.258971696,-0.964809741,-0.177435696,0.197097644,0.0760904104,0.779912591,-0.457579374,0.0598868653,-0.123793021,-0.234625012,0.0582291745,0.179029286,0.115991995,0.250224471,-0.185352087,0.168098271,-0.0799673647,-0.276315033,1.04301989,-0.00776283909,0.84409976,7.10420863e-06,0.00126776425,0.000109810528,0.216920167,-1.03386021,-0.584718108,0.960553467,-0.000618347956,0.00290789688,0.0114251226
0.0578784607,-0.737211049,0.876835287,0.0401186046,-0.0134073178,0.223240746,-0.973845116,-0.21358943,0.225568488,0.143227533,0.815344751,-0.476908177,0.0833090618,-0.119573362,-0.261165738,0.0168435071,0.212266281,0.0798289403,0.243192434,-0.173732981,0.163372099,-0.0868996009,-0.232461259,1.02808249,0.0296604875,0.878690064,1.07702017e-05,0.0017550675,0.00010462464,0.20292531,-1.01744759,-0.557456613,0.962181151,-0.000609531184,0.00358877983,0.0119573986
0.0624845847,-0.736352742,0.874725163,0.0395236428,-0.0175191242,0.182424678,-0.982268903,-0.234293401,0.249987856,0.202883124,0.829730511,-0.490521878,0.107310154,-0.117722727,-0.280833006,-0.027873354,0.260714561,0.0513565578,0.232185453,-0.15635851,0.15997678,-0.091937907,-0.194666743,0.984903455,0.0603832453,0.924955964,1.27571639e-05,0.00223189685,9.81633348e-05,0.168714389,-0.985220313,-0.486174792,0.953795314,-0.000568477786,0.00390956411,0.0124141276
0.067361474,-0.734699488,0.873214185,0.0396612212,-0.0211596637,0.139477046,-0.989204433,-0.250137091,0.269326061,0.254917771,0.837059259,-0.501508117,0.130641654,-0.116199844,-0.297324806,-0.0688773021,0.313893855,0.0273360386,0.220021933,-0.137846053,0.156267598,-0.0968294367,-0.158742681,0.934239984,0.0865195841,0.971725702,1.32494688e-05,0.00268788985,9.31409959e-05,0.132899612,-0.94801712,-0.40398699,0.94404465,-0.000519626599,0.00414859597,0.0127930716
0.0727821589,-0.73145622,0.872900367,0.0413193526,-0.0238773173,0.0926001009,-0.994559101,-0.256272256,0.278515875,0.291743159,0.830283284,-0.50724709,0.152646378,-0.115331404,-0.307476521,-0.102479294,0.376558363,0.0122034186,0.205540091,-0.117049105,0.15192911,-0.101429991,-0.126539707,0.868587732,0.103500105,1.0195266,1.07539308e-05,0.00310245808,9.09929076e-05,0.0938601717,-0.900847197,-0.299954295,0.931560338,-0.000455161149,0.00422431016,0.013016697
0.0782658756,-0.726231217,0.87371701,0.0433761712,-0.0250670957,0.0413176501,-0.997889273,-0.254688174,0.273086131,0.307625473,0.809975982,-0.505962193,0.172688246,-0.115700066,-0.310716897,-0.124164365,0.450749218,0.00345136062,0.187947184,-0.0962410793,0.145594284,-0.106417783,-0.0938631445,0.794632673,0.109733656,1.05895245,3.71990109e-06,0.00344408909,9.73442657e-05,0.0629652366,-0.846979737,-0.190269753,0.918377817,-0.00039504125,0.00416497188,0.0129130948
0.0837807804,-0.720015287,0.875099182,0.0455585245,-0.0254498463,-0.01217361,-0.998563233,-0.249242991,0.260343969,0.313030571,0.782901287,-0.501163661,0.19174704,-0.116687946,-0.310499609,-0.139887586,0.53070128,-0.0021093192,0.168799132,-0.0754288062,0.138261184,-0.111598909,-0.0609503388,0.716529012,0.110591225,1.09418678,-5.58383772e-06,0.0037492204,0.000107947439,0.0361464769,-0.789765477,-0.0777655989,0.904846728,-0.000337101403,0.0040380829,0.0126457978
0.0887600482,-0.711360574,0.878253996,0.0472867068,-0.0227844988,-0.0728180747,-0.995963032,-0.231995285,0.226003796,0.280948699,0.737419248,-0.482295901,0.205564231,-0.123847738,-0.296112478,-0.139111102,0.621263385,-0.00446059974,0.14604637,-0.0567341372,0.127507538,-0.116341375,-0.0172926448,0.634652734,0.095502004,1.11202347,-2.06993591e-05,0.00395169435,0.000137885916,0.0284527428,-0.72802031,0.0244633574,0.890745282,-0.000318571285,0.00370566593,0.01170687
0.0934668183,-0.702354074,0.881903172,0.0487590039,-0.0188536483,-0.13574404,-0.989363763,-0.210958928,0.187038749,0.234576032,0.687754571,-0.457971454,0.21667105,-0.135287359,-0.274998754,-0.133715898,0.708551407,-0.00689794263,0.124263294,-0.0382839516,0.116651565,-0.120419905,0.031522207,0.553208828,0.076193884,1.12610638,-3.54441072e-05,0.00414480455,0.000171577674,0.0269648097,-0.667007446,0.12077532,0.875678778,-0.000317040132,0.00334243174,0.0106475512
0.097629495,-0.692643166,0.886540234,0.0498555249,-0.0124805565,-0.203167551,-0.977794257,-0.182349369,0.138827518,0.159640372,0.62972635,-0.422739953,0.222362638,-0.155280858,-0.240440667,-0.119090229,0.78930527,-0.00950751733,0.104415819,-0.020320436,0.105589971,-0.12317206,0.0906479582,0.472620785,0.0484528951,1.132689,-4.94494125e-05,0.00431922218,0.000212773331,0.0378782228,-0.607452154,0.205272704,0.858682036,-0.000349479174,0.00291757635,0.00934753753
0.101368248,-0.682854891,0.891684353,0.051196604,-0.00421078293,-0.274289921,-0.960274032,-0.149241641,0.0892849192,0.0608968213,0.568944454,-0.378663123,0.221651167,-0.184832096,-0.19312425,-0.0978235751,0.850105762,-0.0120165097,0.0906822979,-0.00190892117,0.0969586894,-0.123679325,0.154895663,0.39632535,0.0183029491,1.13790369,-5.68524483e-05,0.00452248333,0.000247608055,0.0596067607,-0.555501163,0.274949372,0.839405179,-0.000402654667,0.00257333438,0.00825116318
0.104894266,-0.67302984,0.897081017,0.0524891003,0.00499929984,-0.346176405,-0.936686606,-0.113891363,0.0390866585,-0.0497318134,0.50679785,-0.330172062,0.217737958,-0.219156697,-0.139437646,-0.0732404068,0.900916278,-0.0144746965,0.0800088421,0.0167228729,0.0895444453,-0.123063944,0.221691534,0.322192013,-0.0130454637,1.14243317,-6.09525014e-05,0.0047401255,0.000279254891,0.0867389962,-0.50736326,0.337200791,0.818991959,-0.000466188591,0.00226947316,0.00725684129
0.108470604,-0.663093448,0.902385652,0.0550940044,0.0144751633,-0.421120499,-0.905214144,-0.0787154287,-0.00394942053,-0.171546966,0.448886454,-0.276605785,0.203854471,-0.257968605,-0.0791494548,-0.0426222496,0.911608458,-0.0133377435,0.0803047121,0.0322344825,0.0867824256,-0.117670506,0.278413713,0.262362778,-0.0399276614,1.15258408,-5.1468749e-05,0.0049921358,0.000289555464,0.12241146,-0.476797849,0.374842703,0.80099839,-0.000518584624,0.00217320258,0.00683287252
0.112257823,-0.652980685,0.907348454,0.057729266,0.0232094561,-0.494391079,-0.86700987,-0.0458172113,-0.0440790579,-0.288232744,0.395153612,-0.224470347,0.187026635,-0.29355818,-0.021447232,-0.00779094361,0.908092022,-0.00968727563,0.0847477764,0.0444807447,0.0851224735,-0.110587791,0.326765656,0.209376544,-0.0651462153,1.16607475,-3.89972665e-05,0.00523126218,0.000293891295,0.157017857,-0.451454252,0.405665576,0.786478162,-0.000553913938,0.00212312141,0.00652712211
0.11646612,-0.64251709,0.911626279,0.0607515172,0.0304871727,-0.566415437,-0.821311962,-0.0174815468,-0.0783870667,-0.394635022,0.349789649,-0.175207451,0.164313018,-0.322695225,0.031070793,0.0354604237,0.876156271,-0.00101000653,0.0974851921,0.0501931459,0.0856672004,-0.100127593,0.358365685,0.17008844,-0.0870320201,1.18624246,-2.05522592e-05,0.00544457044,0.000286295544,0.18948482,-0.436560631,0.422842562,0.778908312,-0.000555099396,0.00216543861,0.00645789457
0.120949276,-0.631605089,0.914808035,0.0629992684,0.0360463247,-0.636780475,-0.767621248,0.00404314045,-0.10897772,-0.482423007,0.315974802,-0.133854836,0.138590366,-0.340731204,0.0737388432,0.095570147,0.820553422,0.0129641453,0.118959904,0.0466901399,0.0872739255,-0.0875593796,0.372379005,0.143541932,-0.107841805,1.21152961,-2.18511059e-06,0.00558790937,0.00027358433,0.215457082,-0.426966429,0.431613445,0.780878067,-0.000501777395,0.00224288227,0.00644427305
0.125569299,-0.620470047,0.917441726,0.0645775977,0.0405684134,-0.703281975,-0.706808603,0.0221611187,-0.137707129,-0.560897231,0.28793627,-0.096460931,0.111366913,-0.353216261,0.111478716,0.164100125,0.753127635,0.0295840893,0.144799188,0.0385810137,0.0894111469,-0.0739389509,0.37760061,0.123366565,-0.128111839,1.23937225,1.61407606e-05,0.00569625339,0.000258318265,0.238180339,-0.420021415,0.436182141,0.787616074,-0.000421212899,0.00233787391,0.00645841565
0.129727691,-0.609005213,0.918606162,0.0639900599,0.0432613217,-0.76879869,-0.634808872,0.0310696084,-0.161465645,-0.610498428,0.275047839,-0.0745393261,0.0865238756,-0.349395216,0.133478612,0.251409322,0.669549346,0.0486673117,0.175966322,0.0172204897,0.091195032,-0.0596775636,0.363947988,0.115353592,-0.149346873,1.26670086,2.95189366e-05,0.00566499541,0.000245189527,0.252872735,-0.412969261,0.434396803,0.807949364,-0.000247238291,0.00245684246,0.00623174524
0.133464739,-0.597655475,0.919472694,0.0624117787,0.0451729417,-0.828257634,-0.555025646,0.0376608372,-0.182776928,-0.651240587,0.265640914,-0.057300128,0.0643702894,-0.341182023,0.150841594,0.335228473,0.587787032,0.0660648644,0.204603612,-0.00651538,0.0922228992,-0.0457913168,0.346210748,0.10945943,-0.170840442,1.29201078,4.21388213e-05,0.00558567978,0.000233382205,0.266198993,-0.40451169,0.431927919,0.831873357,-5.02660878e-05,0.00259158178,0.00581261888
0.136356235,-0.586542726,0.919742405,0.0594217436,0.0458739275,-0.881572294,-0.466041769,0.0396099836,-0.199176997,-0.674226284,0.263208061,-0.0494434051,0.0476132669,-0.324182898,0.158913001,0.412010968,0.509709001,0.0800778866,0.228159904,-0.0349910781,0.0917369425,-0.0326644108,0.320308834,0.107809752,-0.192838401,1.31326461,5.3233256e-05,0.0054102228,0.000224227028,0.276782691,-0.393246293,0.428092539,0.862969697,0.000192616077,0.00275780377,0.00500854244
0.138292372,-0.576134503,0.919643402,0.0561505757,0.0451872249,-0.925491416,-0.371847907,0.0365036689,-0.210295945,-0.680385351,0.267357081,-0.0489791632,0.0373526663,-0.303892314,0.159586102,0.466766655,0.446032792,0.0879480243,0.24312368,-0.0611922741,0.089016214,-0.0213441681,0.287434638,0.109253913,-0.212800562,1.33193684,6.61289232e-05,0.00519039016,0.000213959473,0.285451114,-0.380242497,0.425445437,0.899492264,0.000466196099,0.00296744052,0.00390452147
0.139750779,-0.566078722,0.919359922,0.0524513948,0.0435641938,-0.959442314,-0.273535114,0.0308685191,-0.218773708,-0.678128421,0.274798304,-0.0522121638,0.0303411614,-0.281956673,0.156559125,0.510505438,0.389560342,0.0927457288,0.25379017,-0.0862549841,0.0851777345,-0.0109276455,0.251073241,0.112245597,-0.231744111,1.34931827,7.99254121e-05,0.00494837807,0.000203135074,0.293161571,-0.366369724,0.423393011,0.938728452,0.000755130837,0.00319878873,0.00265052705
0.14016135,-0.557262659,0.918595314,0.0502122683,0.0399589111,-0.981860145,-0.178417122,0.0143014491,-0.220764756,-0.64870131,0.294573992,-0.0653449297,0.0319935307,-0.265887439,0.144280434,0.5200665,0.361422092,0.0876286775,0.254315436,-0.0992534384,0.0777713954,-0.00429280754,0.203986019,0.121429861,-0.243562192,1.36639667,9.58086312e-05,0.004781859,0.000186037214,0.297255486,-0.354389548,0.426084757,0.982540846,0.00110152923,0.00347275496,0.00138918252
0.140309662,-0.548738003,0.917730451,0.0481841803,0.0356296061,-0.994601741,-0.0847124121,-0.00578626338,-0.221249074,-0.610589623,0.317379445,-0.081064187,0.0361946225,-0.252741456,0.129172221,0.51979208,0.340881169,0.0795296133,0.252102733,-0.107676513,0.0694009587,0.00120559928,0.155442268,0.133181706,-0.253083825,1.38263488,0.000110462206,0.00466232328,0.000167194477,0.299961895,-0.343887329,0.431087613,1.02579141,0.00145898771,0.00374585297,0.000127962005
0.139933705,-0.540790796,0.91666472,0.0471310012,0.0303137454,-0.998422329,0.0035493817,-0.0329253711,-0.218721166,-0.555090547,0.346256405,-0.101964422,0.0454941839,-0.245432138,0.108397491,0.499852479,0.335517764,0.065463461,0.24441427,-0.106956773,0.0590978116,0.00443519605,0.103956759,0.150074318,-0.258019716,1.39720285,0.000122666228,0.00463665323,0.000144851554,0.299895704,-0.336333573,0.4407143,1.06794524,0.00183877791,0.00401738286,-0.00113378046
0.13889347,-0.533259392,0.915724099,0.0466365801,0.0248417363,-0.994984063,0.0849389932,-0.0614229962,-0.214101881,-0.489796162,0.373295486,-0.123932064,0.0584647283,-0.240411073,0.083273679,0.461850762,0.337146282,0.0482284836,0.231488883,-0.099086687,0.0482294559,0.00609634956,0.0575409383,0.170937121,-0.26050061,1.40683389,0.000130861881,0.00467188889,0.000121530567,0.297172695,-0.331519514,0.455745935,1.10496855,0.00217846432,0.00424481602,-0.00254081795
0.13752155,-0.52593714,0.914846122,0.0463075049,0.019251563,-0.985456483,0.16235921,-0.090593636,-0.208438575,-0.419620514,0.399410665,-0.146428585,0.0732669085,-0.236534372,0.0559818782,0.414831638,0.342268109,0.0294136573,0.215949357,-0.0876453742,0.0370808877,0.00697346171,0.0136677315,0.193779469,-0.261754334,1.41399598,0.000137052994,0.00473754993,9.77255986e-05,0.293122709,-0.328075379,0.473475218,1.13942099,0.002498043,0.00445016939,-0.00402016891
0.134980306,-0.519554436,0.914695263,0.0466126849,0.01429398,-0.972424872,0.228063169,-0.11182414,-0.198317289,-0.348196208,0.413420618,-0.163246453,0.088234663,-0.229953021,0.0267701559,0.348764926,0.347512305,0.0131238513,0.1962571,-0.0698205382,0.0279331002,0.00643041404,-0.015546985,0.218362391,-0.262095511,1.41210246,0.000139873417,0.00481407251,7.33103734e-05,0.285928249,-0.32739833,0.49786818,1.16260874,0.00268424721,0.00453873025,-0.00554356817
0.132203892,-0.51368165,0.914897501,0.0468787936,0.00953018225,-0.956005539,0.289421775,-0.129355818,-0.186125383,-0.278338313,0.423394382,-0.176798463,0.101482347,-0.221375883,-0.00147291739,0.280719995,0.350921869,-0.000502979383,0.177276015,-0.0516580604,0.0200318005,0.00553285051,-0.0400866903,0.241939366,-0.262729019,1.40779877,0.000142549354,0.00487882551,4.78041984e-05,0.277874887,-0.327308774,0.523025095,1.18182588,0.0028264313,0.0045854887,-0.00697524939
0.128957987,-0.508830309,0.915806055,0.047316208,0.00524865831,-0.938097289,0.34308469,-0.139484525,-0.169795975,-0.211634636,0.425292641,-0.18381457,0.111285843,-0.208809823,-0.0277700759,0.208739415,0.350661159,-0.008799701,0.159723043,-0.0328258239,0.0146258902,0.00392652955,-0.0552688912,0.263497263,-0.26394707,1.39867592,0.000144935446,0.00492001744,2.01239036e-05,0.268106043,-0.328394353,0.549702168,1.19309592,0.00288053206,0.00454862742,-0.00822305959
0.125824988,-0.505220711,0.917406499,0.0476655289,0.00165126577,-0.919312119,0.390628338,-0.144101396,-0.150638416,-0.148450106,0.421427578,-0.184110492,0.116861939,-0.192363679,-0.0503612086,0.139260411,0.344995201,-0.0112519246,0.146213949,-0.0166243147,0.0113593722,0.0010129835,-0.0633794591,0.280318648,-0.266537905,1.38686204,0.000147869345,0.00493138749,-1.07892438e-05,0.256041944,-0.330552936,0.574361086,1.19805968,0.0028654933,0.00443565752,-0.00923859607
0.122748703,-0.502232373,0.919353068,0.0479279408,-0.00159957068,-0.899302925,0.434689089,-0.145961374,-0.130067572,-0.0870291963,0.414680183,-0.181045175,0.120323375,-0.173977822,-0.0710973144,0.071036756,0.336625874,-0.0107807498,0.134728327,-0.00173970184,0.00916298199,-0.00255443319,-0.0679526255,0.294769764,-0.269815266,1.37370265,0.000151077096,0.00492783915,-4.33178247e-05,0.242830232,-0.333248168,0.598008871,1.19986904,0.00281587359,0.00428462494,-0.0101379063
0.120522819,-0.500895977,0.921831965,0.0478801993,-0.003404269,-0.880112709,0.472331999,-0.143158302,-0.109515779,-0.0319888704,0.401984841,-0.169992879,0.119025156,-0.152442023,-0.0852123126,0.0117465798,0.320208699,-0.003190591,0.129265323,0.0074732448,0.0085102981,-0.00946392957,-0.0645327568,0.30073154,-0.275643975,1.35902655,0.000154965717,0.00487772748,-7.99310947e-05,0.225234449,-0.337177724,0.615055382,1.19539928,0.00268264115,0.00403505424,-0.0107790809
0.118650012,-0.499913514,0.924240768,0.0475947512,-0.00471596875,-0.86022101,0.507673432,-0.139666468,-0.0899557918,0.0201690774,0.388339549,-0.157510087,0.116605118,-0.130935505,-0.097127378,-0.043200247,0.302359223,0.00590131991,0.125141189,0.0151906861,0.00794738438,-0.0175029449,-0.0590290166,0.304348916,-0.282258809,1.34401166,0.000158800351,0.00480999425,-0.000117621959,0.206401616,-0.341039211,0.629757524,1.18961012,0.00252935849,0.00376005075,-0.0113634467
0.117483713,-0.499638796,0.926508307,0.0469332773,-0.00504682574,-0.840775768,0.539321708,-0.134799287,-0.0723862946,0.0665442571,0.372801125,-0.142173052,0.111943692,-0.109496281,-0.104640216,-0.089442879,0.281654,0.0179913528,0.123694979,0.0199156534,0.00756414142,-0.027796464,-0.0493620783,0.303278685,-0.290442288,1.32832539,0.000162525525,0.00470706355,-0.00015745149,0.185103729,-0.344762921,0.639767826,1.18118572,0.00233606203,0.00343432184,-0.0118340235
0.116913438,-0.499689579,0.928281426,0.0457229155,-0.00443965371,-0.821912326,0.567758604,-0.129928395,-0.0575124919,0.106146581,0.357337713,-0.126306877,0.105508558,-0.0898036212,-0.108492829,-0.125106394,0.261426657,0.0307493079,0.123851493,0.0228865519,0.00699872244,-0.0393734798,-0.037390504,0.299107015,-0.299760014,1.31162119,0.000165514488,0.00456883386,-0.000199479575,0.162786081,-0.34766227,0.646376848,1.17162788,0.00212085573,0.00307230954,-0.0122202616
0.116641313,-0.499903083,0.929807186,0.044219502,-0.00336199212,-0.80300374,0.594321736,-0.125056639,-0.0439897031,0.142354071,0.341914982,-0.110179365,0.0981877968,-0.0709883422,-0.11051435,-0.155472562,0.241442353,0.0438386574,0.124809414,0.0249797273,0.0063423207,-0.0515899472,-0.0242689271,0.293385297,-0.30964303,1.29441142,0.000168134706,0.00441298075,-0.0002425985,0.139963031,-0.350148767,0.651283741,1.16150522,0.00189473724,0.00269222748,-0.0125642447
0.117034651,-0.500200629,0.930455565,0.0419373662,-0.00088208978,-0.785619499,0.617286386,-0.121417828,-0.0344405994,0.168677211,0.327987462,-0.0952212065,0.0887391567,-0.0559736714,-0.108216003,-0.171569049,0.225074232,0.0549543276,0.127386659,0.0256860722,0.00550294761,-0.0640849471,-0.0116748316,0.285692096,-0.320502669,1.27553916,0.000168716317,0.00420995243,-0.000289251708,0.118042558,-0.352033794,0.653557181,1.15170729,0.0016536219,0.00227336399,-0.0127991755
0.117573798,-0.500427961,0.930825531,0.0395145511,0.0019749153,-0.768186178,0.639002892,-0.118318558,-0.0258990321,0.192459181,0.314773649,-0.0813795105,0.0790449455,-0.042180039,-0.104748659,-0.184919953,0.210112557,0.0647538006,0.13011758,0.0260613542,0.00475109648,-0.0763020068,-0.000290907454,0.278283238,-0.331521392,1.25613785,0.000168379658,0.00399263017,-0.00033683973,0.0967898071,-0.354338646,0.655477166,1.14228725,0.00141006173,0.00184501999,-0.0130020101
0.118404493,-0.500514627,0.930638552,0.0368520302,0.00558271615,-0.751409213,0.658782935,-0.116299123,-0.0193744656,0.211153448,0.302990019,-0.0697737783,0.0688614994,-0.0308315381,-0.0989437699,-0.192776471,0.197967142,0.0719186142,0.133155346,0.0257743709,0.00417445973,-0.0879606381,0.00867011212,0.271444559,-0.34285605,1.23568273,0.00016620633,0.00374676287,-0.000386287924,0.0768769383,-0.357482672,0.656689525,1.13362491,0.00116166065,0.0013978004,-0.0131406067
0.119258329,-0.500295579,0.929825962,0.0343392007,0.00961224733,-0.735132932,0.676984488,-0.115570247,-0.013998623,0.226514906,0.293386251,-0.0622278266,0.0599293113,-0.021414509,-0.0914619416,-0.198732987,0.188250482,0.07504455,0.135447323,0.0246129818,0.00389721896,-0.0984156877,0.0146510415,0.266475409,-0.354545236,1.21473384,0.000162196986,0.00347446254,-0.000436070608,0.0579449683,-0.363006949,0.657439113,1.12531579,0.000911822077,0.000938037294,-0.0132284695
0.12012361,-0.499923676,0.928700745,0.031893567,0.0138483328,-0.718926352,0.694216051,-0.115486674,-0.00919746701,0.240208909,0.284873307,-0.0567121394,0.0516236946,-0.0129638705,-0.08314275,-0.203739271,0.179748744,0.076150991,0.137366191,0.0230145603,0.00376963965,-0.108267918,0.0191417839,0.262441367,-0.366410434,1.19354081,0.00015727045,0.00318897795,-0.000486015109,0.0395050868,-0.369720668,0.657957256,1.11718392,0.000661290949,0.000472051994,-0.0132909659
0.120604247,-0.498863637,0.926492691,0.0301003654,0.0182506792,-0.703891739,0.709434494,-0.118564203,-0.00538483495,0.249683201,0.281524599,-0.0585000664,0.0471022688,-0.0068038716,-0.0735229254,-0.207235903,0.173884302,0.0687671974,0.137392133,0.0195239224,0.00382663053,-0.11520727,0.0200094394,0.261826247,-0.378567696,1.17433393,0.000150891807,0.00287303235,-0.000533071987,0.0210492238,-0.381614894,0.657241464,1.1090405,0.000415573479,2.98285158e-07,-0.0133051584
0.120888539,-0.497558922,0.923976898,0.0285457391,0.0224791765,-0.689134598,0.723721862,-0.123593286,-0.00191411679,0.257679582,0.281404555,-0.0623347685,0.0437719077,-0.0013015453,-0.0639998317,-0.209824741,0.168622613,0.0580938756,0.136701956,0.0153891239,0.0037889001,-0.120976508,0.0200635958,0.262352228,-0.390080363,1.157004,0.000144736667,0.00255445461,-0.000577157422,0.00186626567,-0.394901395,0.655468225,1.10143018,0.000174931833,-0.000468035869,-0.013297026
0.120779924,-0.495764703,0.920845747,0.0274859239,0.0263678171,-0.675329495,0.736531965,-0.132526934,0.000872070726,0.262717783,0.287745088,-0.0702647269,0.0428252295,0.0028842052,-0.0546712428,-0.21059683,0.16456759,0.0408392325,0.134578884,0.0099657774,0.0035616341,-0.124403745,0.018489914,0.265161633,-0.400301844,1.14343143,0.00013902942,0.00223064329,-0.000615292636,-0.0187696628,-0.410972536,0.651579618,1.09488726,-5.55284969e-05,-0.000929479662,-0.0132442228
0.120258719,-0.493695647,0.917403221,0.0268248805,0.029296592,-0.662659649,0.747866516,-0.147385895,0.0029022356,0.265320897,0.305594623,-0.0795377195,0.0434994921,0.00629833061,-0.046779532,-0.209020898,0.161500782,0.0179383624,0.130588949,0.00371587113,0.00293852622,-0.125729159,0.0161387157,0.269756198,-0.407300115,1.13509786,0.000134460439,0.0019260078,-0.000638903701,-0.0427657664,-0.427307725,0.643158793,1.09182894,-0.000265444978,-0.00137526449,-0.0130231362
0.119531184,-0.491489202,0.913805246,0.0263607698,0.0317418252,-0.650495554,0.758388489,-0.165208414,0.00455433503,0.266706228,0.329200536,-0.08948192,0.0449843444,0.00932674482,-0.0396065526,-0.206270725,0.15892823,-0.00778607232,0.125665247,-0.00294735492,0.00211746152,-0.126003399,0.0133987321,0.275243402,-0.412686169,1.12938464,0.000130460641,0.0016309676,-0.000655247946,-0.0684427321,-0.4437747,0.632470846,1.09051394,-0.000465084537,-0.001813218,-0.0127178244
0.118443869,-0.489298701,0.910252571,0.0262738122,0.0318840604,-0.640251659,0.767053392,-0.191875771,0.00567417312,0.265417337,0.371475488,-0.0963481888,0.0476307906,0.0133498171,-0.0352375582,-0.20128724,0.157880157,-0.0379533432,0.117597878,-0.0100142062,0.000939248304,-0.123576626,0.0104040951,0.281506151,-0.412131965,1.13142216,0.000126849322,0.00140396866,-0.000624066975,-0.101740278,-0.457623601,0.612406373,1.09811425,-0.000614888791,-0.00223536347,-0.0115820644
0.117413841,-0.487154901,0.906828642,0.0261337708,0.0311201652,-0.630716639,0.774948439,-0.219965994,0.00709929131,0.263350129,0.415157318,-0.101606503,0.0500922538,0.0185361505,-0.0313896909,-0.196339503,0.157449573,-0.068024762,0.108757511,-0.0167827308,-0.00011344628,-0.120197237,0.00696829893,0.287666142,-0.409434915,1.13533103,0.00012235911,0.00120622909,-0.000569992932,-0.13817814,-0.470800281,0.589788973,1.10923433,-0.000744251185,-0.00265878346,-0.00997585617
0.116498262,-0.485104412,0.903661489,0.0258934793,0.0285512802,-0.622743601,0.781476014,-0.250904679,0.00913508236,0.259726107,0.461657166,-0.103649616,0.0521840192,0.0260494128,-0.0285836197,-0.19146277,0.158253804,-0.0979075432,0.0983703285,-0.0229553282,-0.000915223209,-0.114912324,0.00264988234,0.293621302,-0.402451962,1.14298272,0.00011611075,0.00106698507,-0.000470129715,-0.180899993,-0.482633978,0.562063932,1.1273942,-0.000832745223,-0.00308479462,-0.00742863631
0.115904972,-0.483007789,0.900728703,0.0247141411,0.0246615121,-0.616918361,0.786252349,-0.280784249,0.0129155861,0.255249798,0.497511864,-0.103126109,0.0525861904,0.0361318067,-0.0257276129,-0.187016666,0.16050683,-0.125474617,0.0873795301,-0.0274173263,-0.000817066932,-0.107376449,-0.0052196742,0.30063957,-0.390609592,1.15134501,0.000105968837,0.000975479838,-0.000344065076,-0.231472358,-0.494990349,0.532508969,1.15015101,-0.000884472334,-0.00350229186,-0.0043624416
0.115472846,-0.480888546,0.897913516,0.0230655499,0.02011238,-0.61215954,0.790141867,-0.310128599,0.0175671,0.250348508,0.52804023,-0.101320252,0.0521440469,0.0474958643,-0.0228472371,-0.182786644,0.163483307,-0.151879013,0.0760893524,-0.031023683,-0.000269261509,-0.0987173766,-0.0148620261,0.308187634,-0.376341522,1.16006064,9.38835001e-05,0.000907846785,-0.000204934098,-0.285957098,-0.507605374,0.502045691,1.17520034,-0.000917817582,-0.00391545007,-0.00103755458
0.115460098,-0.478436291,0.895147204,0.0182147033,0.0152263815,-0.611082756,0.791210622,-0.332830876,0.0264935512,0.245338157,0.532235742,-0.095843032,0.0471576825,0.0612432957,-0.0180559009,-0.177328795,0.167885095,-0.173514098,0.0657486841,-0.0308026709,0.00378845679,-0.0866865218,-0.0364990272,0.321094662,-0.356288135,1.16423893,7.60252879e-05,0.000871391036,-9.50380709e-05,-0.353964984,-0.523789406,0.474630177,1.1978246,-0.000914905104,-0.00427963585,0.00143835275
0.115549579,-0.475908518,0.892346621,0.0119841151,0.0105719906,-0.611234215,0.791288411,-0.351823419,0.0376007445,0.23965694,0.526523113,-0.088870734,0.0401875265,0.0756084695,-0.0117074018,-0.170500785,0.172229275,-0.193314254,0.056415908,-0.028869072,0.0102339108,-0.0740193501,-0.0642107651,0.336620629,-0.335936546,1.16527414,5.81332533e-05,0.000831642421,-4.43630324e-06,-0.425512612,-0.541580021,0.450134337,1.21669436,-0.000907122856,-0.004634629,0.00340535655
0.115843497,-0.473230153,0.889478266,0.0029958586,0.00638241774,-0.613848541,0.789392335,-0.363391817,0.0530676022,0.232635021,0.500993252,-0.0789094046,0.0292508081,0.0912063494,-0.00224555563,-0.160933584,0.176457345,-0.209440112,0.0491010025,-0.0235103481,0.0214540083,-0.0600820109,-0.104067586,0.35738188,-0.314992398,1.16002214,4.01772195e-05,0.000785315759,4.75545894e-05,-0.504125953,-0.562580466,0.431483507,1.22805071,-0.000889601302,-0.00497116521,0.00435404992
0.116329595,-0.470692933,0.886641622,-0.00772806116,0.00254160763,-0.61888311,0.785440968,-0.367265046,0.0736494958,0.221180707,0.457293719,-0.0663579479,0.0150170038,0.107512683,0.0104832752,-0.147165731,0.180278569,-0.222282618,0.0441878363,-0.0142112626,0.0380745679,-0.0464057885,-0.156811506,0.383245111,-0.296553522,1.14491463,2.63115398e-05,0.000708801497,7.56702939e-05,-0.585181952,-0.58574146,0.420666754,1.22881579,-0.00087380578,-0.00531486422,0.00464347657
0.116911858,-0.468225867,0.883820415,-0.0193193133,-0.00112558998,-0.625041567,0.780351547,-0.367291778,0.0967916697,0.207508191,0.404504538,-0.0525097549,-0.00086713169,0.124175392,0.0248469841,-0.131295517,0.183897093,-0.233485729,0.040474657,-0.00294076721,0.0573972873,-0.0328582376,-0.216006577,0.411663115,-0.279364645,1.12487638,1.44890328e-05,0.000617179379,9.18551304e-05,-0.667471111,-0.609985888,0.413765192,1.22428489,-0.000858871266,-0.00566219352,0.00460337475
0.117706522,-0.466170132,0.881384969,-0.0299473769,-0.00499184167,-0.633869252,0.772844103,-0.360862702,0.123809762,0.18449524,0.342683852,-0.0371375307,-0.0178821348,0.138511807,0.0386576131,-0.10969317,0.188247293,-0.242736578,0.0390979573,0.0123226661,0.078824155,-0.0216534417,-0.290382028,0.445938557,-0.268158734,1.0861969,9.88649845e-06,0.000457400572,9.61145997e-05,-0.746638417,-0.633743227,0.417070717,1.2002039,-0.000851621386,-0.00597777963,0.00417051418
0.118499868,-0.464293391,0.879197001,-0.0392208648,-0.00905314724,-0.642931503,0.764865247,-0.354392946,0.149734676,0.159014627,0.2864061,-0.0216797069,-0.0339801498,0.150858998,0.050052464,-0.0871790797,0.193490982,-0.252452403,0.0380560458,0.0275976285,0.0981076062,-0.0117296763,-0.367600828,0.481418014,-0.259306639,1.04234266,6.87788179e-06,0.00027662309,9.91615525e-05,-0.823056579,-0.655678034,0.422009826,1.16879654,-0.000845026283,-0.00624893885,0.00369698647
0.119290262,-0.46277526,0.877504468,-0.0457892376,-0.0135031313,-0.652635389,0.756166688,-0.347844571,0.173463911,0.128611773,0.24123098,-0.0060570552,-0.0482386649,0.159224913,0.0566138215,-0.0628517196,0.200518534,-0.26309377,0.0376837328,0.0428894237,0.113098785,-0.00437057531,-0.450471759,0.519289732,-0.255163074,0.988162637,7.05653611e-06,5.39451721e-05,9.97836032e-05,-0.893948495,-0.673960805,0.430212289,1.1227572,-0.000839742599,-0.00643118657,0.00314236246
0.119983315,-0.462005615,0.876395524,-0.0489352069,-0.0181832731,-0.662413388,0.747317347,-0.343124777,0.191509575,0.095765464,0.215262711,0.0096803261,-0.0597427785,0.162890702,0.0564246513,-0.0380192772,0.20987238,-0.275335848,0.0377750173,0.056138061,0.121066079,-0.000115696574,-0.534064591,0.558458924,-0.256419957,0.929908693,8.7749213e-06,-0.000194676817,9.89700929e-05,-0.955624938,-0.685710311,0.437259853,1.06317258,-0.000828946184,-0.00648995023,0.00260015507
0.1206275,-0.461610436,0.875578642,-0.0503642387,-0.0229749051,-0.672164866,0.738329188,-0.339320689,0.206707954,0.061707437,0.198905721,0.0254702698,-0.0698661804,0.164205283,0.0528602712,-0.0129418699,0.220386505,-0.288374513,0.0380980633,0.0683610886,0.125519007,0.00258577196,-0.617992878,0.598264933,-0.260376662,0.869635403,1.12626476e-05,-0.000456195005,9.74390568e-05,-1.01267481,-0.694189548,0.443727851,0.996833265,-0.000815396721,-0.00648695556,0.00206432189
0.12138474,-0.462987542,0.875557542,-0.0467675747,-0.0276139794,-0.682337536,0.729016974,-0.337365329,0.211754233,0.0261223316,0.209183037,0.0387913734,-0.0761225075,0.158564299,0.0395230204,0.0133176148,0.233405665,-0.301607072,0.0398661271,0.0766163394,0.119589955,0.000627034577,-0.696706593,0.63908875,-0.273972273,0.812808931,1.42342196e-05,-0.000736709859,9.33018309e-05,-1.05040181,-0.69141078,0.443933547,0.91489023,-0.000783783384,-0.00631413329,0.00162898423
0.122424982,-0.464982927,0.875796676,-0.041820644,-0.0320065859,-0.692668835,0.71933059,-0.335165501,0.213768274,-0.00943104737,0.225770473,0.0497917533,-0.0812512189,0.150804803,0.0237938408,0.0402077846,0.2467134,-0.313575,0.0426399074,0.0838298574,0.110934466,-0.00264175097,-0.772161305,0.679526865,-0.290645003,0.758615971,1.705465e-05,-0.00102332176,8.83071989e-05,-1.08143544,-0.685054064,0.441522956,0.830284536,-0.00074654707,-0.00610477058,0.00123997091
0.124031201,-0.468214422,0.876556396,-0.0341839404,-0.0359099455,-0.70343563,0.709027678,-0.332476437,0.209719926,-0.0449206643,0.254972756,0.0561511889,-0.0841254815,0.138809711,0.00328279729,0.0683590844,0.260597795,-0.323013693,0.047424823,0.0889607295,0.0968281776,-0.00852968451,-0.841098964,0.719193578,-0.313470006,0.709689617,1.95727062e-05,-0.00132212369,8.15983076e-05,-1.09908581,-0.671543837,0.433881223,0.740356565,-0.000698068412,-0.00582236145,0.000943585881
0.126842588,-0.472284019,0.87783289,-0.0256161129,-0.0389654755,-0.714569333,0.698008721,-0.327061951,0.202175289,-0.0783025771,0.288108408,0.0563762486,-0.0849869847,0.124115765,-0.018878486,0.0973730236,0.274336189,-0.327857792,0.0549747497,0.0926901624,0.0803391337,-0.015686281,-0.900042176,0.756539702,-0.338335216,0.662755907,2.2044067e-05,-0.00165577768,7.43609125e-05,-1.10631514,-0.652200103,0.422311693,0.6500144,-0.000649822352,-0.00553010684,0.000732850982
0.130256772,-0.476772547,0.879367709,-0.0165797336,-0.0415891105,-0.72574925,0.686500899,-0.32028392,0.192883402,-0.110629834,0.323208064,0.0535337441,-0.0848420039,0.108072683,-0.041864004,0.126817971,0.288001508,-0.330404133,0.0639072657,0.0957188383,0.0626596361,-0.0234768223,-0.953986347,0.792725623,-0.36421901,0.616816521,2.44922394e-05,-0.0020068693,6.68597131e-05,-1.10833383,-0.629939973,0.408779174,0.559465468,-0.000601696025,-0.00523294369,0.000564939459
0.136071324,-0.481533349,0.881387949,-0.00929977839,-0.0427413254,-0.737354055,0.674088785,-0.306212932,0.184201092,-0.136542603,0.349637508,0.0419545025,-0.0818474591,0.0905596912,-0.0623556115,0.15572165,0.301262408,-0.325041413,0.076370731,0.0969422311,0.0469228327,-0.0307905208,-0.987960339,0.826842189,-0.385246187,0.563505411,2.76418323e-05,-0.00245502428,6.10276984e-05,-1.0990051,-0.603393316,0.395217061,0.471042961,-0.0005707604,-0.00499694934,0.00048455142
0.14254424,-0.486124665,0.883401632,-0.00308321686,-0.0434389026,-0.748878336,0.661275127,-0.289482445,0.177058041,-0.159980118,0.370764583,0.0282720048,-0.0782044679,0.0729423091,-0.0810634494,0.183665901,0.314248204,-0.317510813,0.0894120634,0.0975444242,0.0329547189,-0.0377722792,-1.01555121,0.861838341,-0.404199988,0.506548107,3.08777635e-05,-0.0029321434,5.57887288e-05,-1.08697069,-0.577496111,0.383292347,0.383986026,-0.000545863411,-0.00478741247,0.000419515709
0.150332749,-0.49037531,0.885401607,0.000998053588,-0.0432412738,-0.760493878,0.647902969,-0.267434776,0.17299749,-0.178456903,0.381274045,0.0103845866,-0.0732648596,0.0551214032,-0.0961958691,0.20968163,0.326679379,-0.305644214,0.103605822,0.0969032422,0.0225304235,-0.0440876149,-1.03035939,0.898584247,-0.418998778,0.442311257,3.4285491e-05,-0.00346707972,5.17381814e-05,-1.06952548,-0.552906454,0.374648035,0.299688518,-0.00053305889,-0.00463088602,0.000385223306
0.158612013,-0.494223475,0.887103081,0.00339504387,-0.0422654238,-0.771822355,0.634422856,-0.242150635,0.172021329,-0.192245394,0.381750524,-0.00888867583,-0.0684051067,0.0377232134,-0.107924059,0.232334703,0.337202042,-0.29203552,0.117634833,0.0950442404,0.0156427026,-0.0504467338,-1.03690684,0.938801885,-0.43238315,0.374653757,3.69768532e-05,-0.0040124692,4.77118374e-05,-1.04972148,-0.533384085,0.369285643,0.221250296,-0.000526576361,-0.00451910309,0.000363903644
0.167136639,-0.497870266,0.888655245,0.00494885511,-0.0408941748,-0.782889398,0.620795752,-0.215248212,0.172587559,-0.203689098,0.377209455,-0.0288547184,-0.0635854304,0.0205365922,-0.117949888,0.253305823,0.346769959,-0.277555972,0.131581277,0.0925762057,0.0105235837,-0.0568278283,-1.03932321,0.980755866,-0.445060432,0.305286139,3.93098853e-05,-0.00456308015,4.36975351e-05,-1.02873838,-0.516396403,0.365564436,0.145742893,-0.00052325509,-0.00442969706,0.000349070877
0.175584495,-0.501201272,0.889587402,0.00533460943,-0.0385785717,-0.792663253,0.608414499,-0.188809991,0.175218284,-0.208706081,0.362639725,-0.0474185236,-0.0601449795,0.00544512318,-0.125514328,0.268025219,0.351620972,-0.264355898,0.143682584,0.0890384316,0.0084804967,-0.0639835522,-1.03677011,1.02557898,-0.459394753,0.237346411,4.01614307e-05,-0.00506011676,3.90996211e-05,-1.00890923,-0.509724319,0.364197344,0.0814752802,-0.000522349728,-0.00438799756,0.000339132035
0.184034646,-0.504504085,0.890341401,0.00561241913,-0.0361029969,-0.801631285,0.59670123,-0.163983703,0.177577272,-0.212027162,0.347181261,-0.0654982626,-0.0569457635,-0.00849235803,-0.133289516,0.28078118,0.354877055,-0.251978636,0.154975429,0.0856860653,0.00666919397,-0.0712817386,-1.03413761,1.06943262,-0.47457999,0.171224609,4.07501429e-05,-0.00552381668,3.46248344e-05,-0.990443587,-0.506480575,0.36292696,0.0204625688,-0.0005206801,-0.00435460685,0.000327987451
0.192490205,-0.50775075,0.890739202,0.00567598947,-0.0333197095,-0.809233644,0.586513845,-0.142378613,0.179392964,-0.211956918,0.329943925,-0.0826117322,-0.0542286783,-0.0201233979,-0.141487017,0.289611727,0.354943633,-0.241245598,0.164652586,0.0827041566,0.00532124983,-0.0788655728,-1.03134561,1.11135197,-0.491468459,0.108731747,4.08132655e-05,-0.00592089444,3.03958368e-05,-0.974702835,-0.510093093,0.361849964,-0.0340468697,-0.000517482054,-0.00433783047,0.000314430334
0.20105654,-0.510940313,0.890920162,0.00572988356,-0.030715622,-0.815454433,0.577977324,-0.124948405,0.179572344,-0.20980978,0.315201998,-0.0999074429,-0.0511979461,-0.0291396901,-0.15118207,0.2955724,0.352169663,-0.231405824,0.172934175,0.0810520574,0.00352099538,-0.0861833766,-1.02941298,1.1475687,-0.508565962,0.0518627502,4.08816704e-05,-0.00623579603,2.6857826e-05,-0.962069035,-0.520109832,0.360020339,-0.0831892192,-0.00050800445,-0.00432394492,0.000293909427
0.20967558,-0.514100492,0.890992641,0.00577878625,-0.0282013192,-0.820963142,0.57025504,-0.109609358,0.178934112,-0.206625625,0.301711321,-0.117288917,-0.0480114296,-0.0368468538,-0.16162239,0.300097376,0.34797731,-0.222015366,0.180516005,0.080064863,0.00149530813,-0.0933660343,-1.02791059,1.18092537,-0.525762677,-0.00217911717,4.09526911e-05,-0.00650954572,2.36661253e-05,-0.950991452,-0.533323169,0.357815325,-0.129635066,-0.000495392422,-0.00431150757,0.00026991553
0.218037099,-0.516920388,0.890914261,0.00594288584,-0.0265475813,-0.824925672,0.56458617,-0.0994479507,0.175458446,-0.20164755,0.293967783,-0.135455012,-0.0439805239,-0.0415398143,-0.17391479,0.302086681,0.340459526,-0.212874994,0.186523825,0.0817636997,-0.00167266128,-0.0993539244,-1.02697635,1.20339513,-0.539113283,-0.0460626855,4.16952898e-05,-0.00667960104,2.13147359e-05,-0.943341613,-0.555313945,0.35354951,-0.168312639,-0.000463424105,-0.00429052301,0.000232960709
0.226105362,-0.519623637,0.89081955,0.00617774002,-0.0252118627,-0.828560814,0.559297036,-0.0903996527,0.171167895,-0.195884883,0.287690103,-0.153601155,-0.0397712253,-0.0457880162,-0.186514452,0.303658277,0.332419932,-0.203800425,0.192133829,0.0844361931,-0.00530228205,-0.104759865,-1.02577567,1.2228173,-0.550153196,-0.0869964808,4.28051608e-05,-0.00683537405,1.92085681e-05,-0.936351895,-0.579624474,0.348626822,-0.204806864,-0.000423164456,-0.00426605949,0.000194483218
0.233587191,-0.522093713,0.890692055,0.00655445421,-0.0245137515,-0.831594301,0.554803599,-0.0835765153,0.1652482,-0.188553378,0.284342825,-0.171707287,-0.035205327,-0.0491473228,-0.199728236,0.30439496,0.323337495,-0.194857419,0.196948543,0.0890554711,-0.00985497516,-0.109002136,-1.02404153,1.23614681,-0.556572556,-0.122032821,4.46494305e-05,-0.00696260482,1.75926689e-05,-0.930681884,-0.6085729,0.342390865,-0.236935884,-0.000366325956,-0.00423463946,0.000152962966
0.240333855,-0.524496436,0.890575051,0.00711386001,-0.0243027232,-0.83449424,0.550434495,-0.0779500008,0.158353776,-0.178866014,0.282634288,-0.188742772,-0.0304537322,-0.0526231751,-0.213226706,0.304691613,0.314200819,-0.185920238,0.201228291,0.0951940045,-0.0154772177,-0.111952908,-1.02093387,1.24634004,-0.558134317,-0.153794929,4.68910584e-05,-0.00709998049,1.66798964e-05,-0.925490141,-0.640044808,0.335540533,-0.266902804,-0.000294847559,-0.00419933582,0.000118508964
0.246714011,-0.52686584,0.890463114,0.00776459959,-0.0243348917,-0.83731738,0.546120069,-0.0729208887,0.150971025,-0.167999357,0.281744689,-0.205245331,-0.0256085768,-0.056157928,-0.226869494,0.304768354,0.30503574,-0.176984504,0.205241263,0.102092899,-0.0216350462,-0.114258379,-1.01713872,1.25496709,-0.557267547,-0.183925092,4.93315893e-05,-0.00724245189,1.61186053e-05,-0.920536578,-0.672782898,0.328382075,-0.295793504,-0.000216038912,-0.00416208478,8.75839978e-05
0.252127618,-0.529034555,0.890407979,0.00869433907,-0.0248841965,-0.840332462,0.541430086,-0.0690351129,0.143141657,-0.154582843,0.281865835,-0.218281269,-0.0206066165,-0.0608464777,-0.240128756,0.304520786,0.296612918,-0.16710192,0.208970234,0.109211601,-0.0289510489,-0.114540048,-1.00954533,1.26416707,-0.549434662,-0.212095171,5.11920516e-05,-0.00741708465,1.71550018e-05,-0.915648103,-0.706113279,0.321576893,-0.324218243,-0.00012167744,-0.00412188657,7.87710233e-05
0.257288307,-0.531060219,0.89037782,0.0097324952,-0.0255083961,-0.843396119,0.536598162,-0.065591976,0.135453686,-0.141008258,0.282045275,-0.229918197,-0.0157159828,-0.0660633296,-0.252914965,0.30432114,0.288382471,-0.156661376,0.212859049,0.11566858,-0.0362909958,-0.114068344,-0.999933541,1.27518487,-0.53894043,-0.239776447,5.27265292e-05,-0.00759719033,1.91673826e-05,-0.910823584,-0.739423394,0.315032721,-0.352891505,-2.39227011e-05,-0.00408276683,8.03158546e-05
0.261941344,-0.532799184,0.890397668,0.0109871491,-0.0262827323,-0.846579282,0.531499783,-0.0630350187,0.128051504,-0.127123207,0.282341182,-0.238753885,-0.0110498704,-0.072334066,-0.264750332,0.304217428,0.2805399,-0.145109832,0.217065871,0.120800234,-0.0436758213,-0.112090938,-0.98629117,1.2898314,-0.523130894,-0.26646933,5.36087609e-05,-0.00778816268,2.31298181e-05,-0.90612936,-0.772679508,0.309013128,-0.382049978,8.05750315e-05,-0.00404581893,0.000102564103
0.266183168,-0.534270644,0.890478611,0.0124683673,-0.0269226626,-0.849860039,0.526172618,-0.0613448694,0.121599883,-0.113222525,0.282683045,-0.24535051,-0.00718925241,-0.0795869976,-0.275171816,0.304158568,0.272308707,-0.132531568,0.222136706,0.124380447,-0.0504116379,-0.108604118,-0.968311191,1.31045222,-0.501829803,-0.292235762,5.4293243e-05,-0.00797384139,3.06638394e-05,-0.901306152,-0.80731523,0.302499384,-0.412264377,0.000190785184,-0.00401811302,0.000154185633
0.270218849,-0.535608113,0.890590191,0.0140624132,-0.0274946228,-0.853169214,0.520719297,-0.0600884743,0.115624525,-0.0993154347,0.283047944,-0.250826478,-0.00373203913,-0.0873304456,-0.28488481,0.30412209,0.263883948,-0.119441018,0.227639318,0.127184302,-0.0568220206,-0.104362622,-0.948163569,1.33405972,-0.477783948,-0.317535996,5.48788412e-05,-0.00815685,3.99839773e-05,-0.896418989,-0.842637777,0.295738816,-0.443003833,0.000303841662,-0.00399503391,0.00022049711
0.273622751,-0.536552429,0.890813231,0.0156103273,-0.0275542688,-0.85659435,0.515017668,-0.0597184747,0.111979157,-0.0853974819,0.284152657,-0.254041106,-0.00206361013,-0.0957425386,-0.291578114,0.303218007,0.254710376,-0.105438001,0.234424829,0.12874788,-0.0614210479,-0.0983925611,-0.92452085,1.36669207,-0.448819816,-0.340429723,5.62719651e-05,-0.00830610283,5.64858274e-05,-0.889820099,-0.881764412,0.28567633,-0.474378288,0.00042424741,-0.0039896369,0.000341495674
0.276769608,-0.537353396,0.89107281,0.0169323812,-0.0273659332,-0.859973399,0.509323231,-0.0596061125,0.109370306,-0.07188043,0.285905689,-0.256858677,-0.000989032444,-0.103857882,-0.296933264,0.301682234,0.245741472,-0.0914508551,0.241128415,0.130177811,-0.0652276725,-0.0920619741,-0.90125823,1.40084076,-0.419831872,-0.361385286,5.84368972e-05,-0.00843762606,7.51901534e-05,-0.882231951,-0.921993971,0.274230778,-0.504642725,0.000543985865,-0.00398945715,0.000479915325
0.279400826,-0.537867367,0.891405106,0.0178027744,-0.0266829423,-0.863300059,0.503670617,-0.0600091778,0.108836003,-0.0591708459,0.288954914,-0.258880824,-0.00110283587,-0.111376278,-0.299609363,0.298883438,0.237185642,-0.0775011331,0.247665361,0.131339759,-0.0674476326,-0.0850127637,-0.878765643,1.43800831,-0.390808195,-0.378455132,6.21448853e-05,-0.00853362866,9.82927013e-05,-0.87266767,-0.964413583,0.260023206,-0.532674313,0.000662340841,-0.00399971474,0.000653127907
0.281545311,-0.538172781,0.891780496,0.0180665814,-0.0253410798,-0.866359028,0.498451064,-0.0610521249,0.11077074,-0.0484524518,0.293789744,-0.260973603,-0.00235824194,-0.117441855,-0.29950124,0.294460267,0.229762703,-0.0641551688,0.252800494,0.132431686,-0.0680597648,-0.0776521564,-0.859345198,1.47457409,-0.363897324,-0.389985323,6.84577462e-05,-0.00858887751,0.000124689162,-0.861746967,-1.00826943,0.244080633,-0.555613279,0.000769083621,-0.00401874259,0.00085412187
0.283446461,-0.538374007,0.892177463,0.0180268313,-0.0236693792,-0.869270448,0.493440656,-0.062415123,0.113940015,-0.0387299657,0.299517304,-0.263101935,-0.00418451056,-0.122780979,-0.298001051,0.289224833,0.222906366,-0.0511112697,0.257234514,0.13348861,-0.0678679794,-0.070135951,-0.84146136,1.51083827,-0.338043213,-0.398745328,7.60732e-05,-0.00862374529,0.000152732682,-0.850148499,-1.05284333,0.227270827,-0.576005161,0.000870017102,-0.00404215464,0.00106900756
0.284992218,-0.538455009,0.892553329,0.0174325517,-0.021103598,-0.871470504,0.489683475,-0.0650408119,0.119966567,-0.032802511,0.307173878,-0.266340286,-0.00759564154,-0.126328185,-0.293581575,0.281734586,0.217983514,-0.0397039577,0.259250939,0.134463474,-0.0658120364,-0.0627857521,-0.829461932,1.54375815,-0.316693604,-0.399917841,8.73483441e-05,-0.00859901309,0.000185022916,-0.83944726,-1.0992012,0.209846348,-0.587233543,0.000942567829,-0.00407053437,0.00132032321
0.286521614,-0.53854847,0.892894626,0.0169180888,-0.0184503752,-0.873380223,0.486395258,-0.0683098659,0.125903994,-0.0279236361,0.314962476,-0.269964814,-0.0112446425,-0.129968569,-0.289120972,0.273843348,0.213862076,-0.0292693339,0.260795623,0.135262206,-0.0636375993,-0.0556165352,-0.819270432,1.57552099,-0.296634257,-0.398703277,9.89148466e-05,-0.00855736621,0.000218865258,-0.829923987,-1.14608145,0.192516834,-0.595816612,0.00100443512,-0.00409630919,0.00158486643
0.288017184,-0.538666546,0.89316678,0.0165642344,-0.0156248745,-0.874736451,0.484063664,-0.0728635713,0.131658927,-0.025145825,0.32300964,-0.274359256,-0.0153668821,-0.133792713,-0.284581363,0.265155524,0.211346686,-0.0207879245,0.261395633,0.135708034,-0.0612276718,-0.0488144793,-0.812702417,1.60494637,-0.279170156,-0.392714411,0.000111055953,-0.00848191045,0.000255788356,-0.82276392,-1.1939733,0.175389528,-0.599101722,0.00104488735,-0.00411685603,0.00187568227
0.289413989,-0.538893342,0.893357873,0.0171952393,-0.013067844,-0.875635604,0.482489217,-0.0796787217,0.134837553,-0.0237675384,0.33077684,-0.278903306,-0.019128371,-0.140004963,-0.282063097,0.256534696,0.211558193,-0.0147151984,0.261670619,0.135095745,-0.0602043197,-0.0425802916,-0.809037089,1.63220513,-0.262842357,-0.380343854,0.000122208075,-0.00838658959,0.000296647282,-0.81834203,-1.24250913,0.158115596,-0.597947836,0.00106391008,-0.00412676251,0.00219726656
0.290761173,-0.539174438,0.893508255,0.0183185259,-0.0106454209,-0.876303946,0.481292532,-0.0876235589,0.136727542,-0.0230892226,0.338402897,-0.283521503,-0.0227089077,-0.147410274,-0.280555904,0.247948706,0.213133112,-0.00984774157,0.261783093,0.13395448,-0.0598744079,-0.0366309881,-0.806823492,1.65837646,-0.247085154,-0.36478436,0.000132864006,-0.00828135293,0.000339467893,-0.815290034,-1.29135931,0.140771002,-0.594574511,0.00107221515,-0.00413134648,0.00253418623
0.291712582,-0.539683878,0.89357686,0.0220316756,-0.00877662805,-0.87655383,0.48071921,-0.100242555,0.133486271,-0.0237972923,0.345478177,-0.287233919,-0.0254042968,-0.161205918,-0.283349276,0.240049571,0.220214933,-0.00751153938,0.261793226,0.130242884,-0.0631097034,-0.0320791341,-0.807914615,1.68185973,-0.231332809,-0.33709076,0.000141778932,-0.00817515049,0.000390248868,-0.815260649,-1.34054494,0.122228786,-0.5842067,0.00104414532,-0.00411304785,0.00292059779
0.292524576,-0.54025805,0.893629074,0.0264405705,-0.00701513613,-0.876713941,0.480233642,-0.113801681,0.129261807,-0.0247083567,0.352122456,-0.290547758,-0.02802708,-0.176554292,-0.286998093,0.232316434,0.22836417,-0.00558592891,0.261799991,0.125907019,-0.0670935735,-0.0281281397,-0.809714019,1.70482326,-0.215693831,-0.305608779,0.000149920292,-0.00807286706,0.000444130274,-0.815788031,-1.38955069,0.103358358,-0.571187675,0.000999922515,-0.00408213446,0.0033211452
0.293057799,-0.540961564,0.893648267,0.0322396948,-0.00546841241,-0.876699226,0.479926208,-0.12923862,0.123072527,-0.0260250997,0.357904434,-0.293064505,-0.0305044577,-0.195004866,-0.292356491,0.224915847,0.238646299,-0.00448123924,0.261799991,0.12032374,-0.0725733712,-0.025378596,-0.812928855,1.72674608,-0.20028311,-0.266557544,0.000156514623,-0.00797842816,0.000504203432,-0.817428052,-1.43819153,0.0838338286,-0.552870452,0.000923415995,-0.00402600877,0.00374990702
0.293400049,-0.541692257,0.893637419,0.038039981,-0.00400532116,-0.876564591,0.479761852,-0.14351733,0.117474303,-0.02715276,0.362015486,-0.295157135,-0.0333053172,-0.212702066,-0.297339857,0.217506245,0.247737944,-0.00394656323,0.261799991,0.115059346,-0.0776545256,-0.0236363951,-0.816666842,1.74852753,-0.186077207,-0.222064257,0.000160134427,-0.00787731633,0.000569750322,-0.819557309,-1.48613477,0.0643579736,-0.528654933,0.00080765743,-0.00393257989,0.00419685943
0.293646872,-0.542436182,0.89361161,0.0438379948,-0.00258449445,-0.876354525,0.479660606,-0.157212213,0.112173401,-0.0281855389,0.365290195,-0.297037095,-0.0362668112,-0.230016515,-0.302133977,0.210094765,0.256231546,-0.0036968959,0.261799991,0.109956168,-0.0825346708,-0.0223981515,-0.820665002,1.77023077,-0.172478363,-0.174867615,0.000162266675,-0.00777290622,0.000638008991,-0.82193017,-1.53371263,0.0449133627,-0.501500845,0.000672327122,-0.00382054527,0.00465274183
0.293712914,-0.542980969,0.893535256,0.0482669918,-0.00131224388,-0.876083124,0.479736319,-0.166914791,0.10969691,-0.0285287537,0.366032541,-0.298810422,-0.0397801511,-0.243010089,-0.304945588,0.202296808,0.261174709,-0.00388025492,0.261799991,0.106854022,-0.0857200623,-0.021924369,-0.824651003,1.79225135,-0.16169937,-0.122110166,0.000157833187,-0.00762439054,0.000710131775,-0.824623942,-1.58021116,0.0262615643,-0.464387596,0.00047881002,-0.00364264543,0.00511446968
0.293763041,-0.543399751,0.893437564,0.0522355351,-0.000126632519,-0.875814838,0.479812258,-0.175635263,0.107959963,-0.0286656208,0.366372168,-0.300614238,-0.0433422774,-0.254907966,-0.307286322,0.194391429,0.265701354,-0.00393934362,0.261799991,0.104353644,-0.0885896757,-0.0214830041,-0.828644514,1.81418657,-0.151949659,-0.0683677718,0.000150923646,-0.00745671615,0.00078119,-0.82740587,-1.62603772,0.00817398261,-0.423933417,0.000269048702,-0.00344304903,0.00556582212
0.293781251,-0.543566406,0.893297374,0.0552847982,0.000885678747,-0.875577927,0.479902178,-0.182392403,0.107701518,-0.0283899289,0.365906715,-0.302479088,-0.0470018536,-0.264615297,-0.30868569,0.18627131,0.269395709,-0.00374980248,0.261799991,0.103056401,-0.0908280611,-0.0211063251,-0.832653165,1.83595145,-0.144257948,-0.0126565918,0.000139063341,-0.00725073228,0.000850118231,-0.830363929,-1.67052007,-0.00878532976,-0.376799613,2.68107469e-05,-0.00320007303,0.00599642284
0.293910682,-0.543456793,0.893111587,0.0575605881,0.00173719155,-0.875404046,0.479949494,-0.188195601,0.108153716,-0.0277245268,0.365632951,-0.304643989,-0.0506480113,-0.273397893,-0.309686869,0.17817232,0.274022818,-0.00305797928,0.261799991,0.10253796,-0.0928074643,-0.0204667691,-0.836923063,1.85716224,-0.138206244,0.0419850834,0.00012283164,-0.00701335538,0.000911709154,-0.833533823,-1.71258974,-0.0239213668,-0.324623168,-0.000239993096,-0.00292076776,0.00637224503
0.294095606,-0.543209136,0.892903149,0.059449436,0.00250818106,-0.875261635,0.479975565,-0.193520978,0.108960912,-0.0268645342,0.365454942,-0.306958407,-0.0542867258,-0.281716704,-0.310488909,0.170085505,0.279115081,-0.00211532158,0.261799991,0.102408789,-0.0946570411,-0.0196959954,-0.841322541,1.87809157,-0.132975236,0.0960812494,0.000104418999,-0.00676034158,0.000969621295,-0.83680898,-1.75344527,-0.0381432883,-0.269937605,-0.000519017514,-0.00262336712,0.00672062021
0.294613183,-0.542624354,0.89263761,0.0603734544,0.00313197941,-0.875215409,0.479940855,-0.198219061,0.110197708,-0.0251411423,0.366596967,-0.310262114,-0.057988748,-0.289944351,-0.311181068,0.162632003,0.286737978,-0.000658046396,0.261799991,0.103155524,-0.0961725414,-0.0179936495,-0.845882952,1.89820576,-0.12819308,0.143821076,8.22652801e-05,-0.00648095831,0.00101069408,-0.84008801,-1.79020858,-0.0500813499,-0.2113823,-0.000821350026,-0.00229332643,0.0069499258
0.295230985,-0.541970551,0.892350256,0.0611101786,0.00368617818,-0.875194723,0.479881397,-0.202804625,0.111400291,-0.0230178367,0.368350923,-0.313853085,-0.0616896711,-0.298369944,-0.311945379,0.155632824,0.295176089,0.000775108463,0.261799991,0.104126602,-0.097638309,-0.0157615542,-0.849982321,1.91805267,-0.122497961,0.189106867,6.04334891e-05,-0.00619961461,0.00104570983,-0.842783272,-1.82593012,-0.0622114465,-0.15201579,-0.00112474826,-0.0019627274,0.00714020664
0.296049058,-0.541179001,0.892019272,0.0614724844,0.00410116212,-0.875226835,0.479773177,-0.207164347,0.112534247,-0.0200956594,0.371327519,-0.318017513,-0.0653876513,-0.307189524,-0.312853724,0.149543121,0.305241883,0.00215976313,0.261799991,0.105545878,-0.0990043581,-0.0124711143,-0.853159487,1.93736124,-0.11497926,0.229478672,3.92495494e-05,-0.00591440964,0.00106861268,-0.844311357,-1.85956204,-0.074722901,-0.0910400748,-0.00143021473,-0.00163108076,0.00725245243
0.296952814,-0.540341794,0.89161551,0.0615932765,0.00423951801,-0.875237485,0.479737052,-0.211237609,0.113055065,-0.0165063161,0.375384748,-0.322214842,-0.0688968375,-0.31641975,-0.314243376,0.144518673,0.316506565,0.00296029705,0.261799991,0.107124761,-0.100405723,-0.00790660083,-0.853379786,1.95596504,-0.1030166,0.267436266,2.20004586e-05,-0.00563263195,0.00108126039,-0.841346979,-1.89237463,-0.0914846212,-0.0267914366,-0.00171581213,-0.00131943554,0.00730489753
0.297899306,-0.539481878,0.891175091,0.0619290809,0.00420007505,-0.875380228,0.479433629,-0.215166807,0.11326918,-0.0125840884,0.379981548,-0.326427758,-0.0723109171,-0.325853467,-0.315873504,0.140027925,0.328368515,0.00346857822,0.261799991,0.108783148,-0.101824455,-0.00270591537,-0.852121532,1.97421241,-0.0888341814,0.304178953,6.72250007e-06,-0.00535262516,0.00108877756,-0.836136758,-1.92477071,-0.110368282,0.0390807502,-0.00199141609,-0.0010178556,0.00732742762
0.298862338,-0.538760841,0.890589178,0.0622139963,0.00359240512,-0.875461729,0.47925283,-0.218593091,0.111944504,-0.00835790765,0.385446727,-0.330302715,-0.0750521347,-0.335524708,-0.319298863,0.136439338,0.341148108,0.00266682496,0.261799991,0.11003764,-0.103295654,0.0035633354,-0.841020465,1.9913038,-0.0634397566,0.342872322,-5.75063041e-07,-0.00507375319,0.00108328857,-0.813535929,-1.95858037,-0.145485714,0.113896839,-0.00219574291,-0.000771029503,0.00727532618
0.299824655,-0.538170874,0.889965892,0.0625705859,0.00285576477,-0.875516327,0.479111602,-0.221933782,0.110181257,-0.00412483886,0.390979648,-0.334096044,-0.0775623247,-0.345057964,-0.32366699,0.132653311,0.353750408,0.00157280709,0.261799991,0.110891819,-0.10478314,0.00952106901,-0.824324906,2.0082159,-0.0331004709,0.383863091,-5.60237959e-06,-0.0047891438,0.00107296149,-0.780695558,-1.99374437,-0.189617679,0.192802846,-0.00236853864,-0.00054731901,0.00719685713
0.300784975,-0.537843287,0.889267921,0.0630702403,0.00186171355,-0.875517107,0.479049554,-0.225101352,0.107542202,0.0001194207,0.396644592,-0.337723851,-0.0796090662,-0.354309469,-0.329917282,0.128474846,0.36599052,-0.000104895124,0.261799991,0.110945091,-0.106302284,0.0148523226,-0.796454132,2.02475929,0.00710701104,0.429422379,-6.08751952e-06,-0.00449323654,0.00105296704,-0.727402329,-2.03159499,-0.251746327,0.279838085,-0.00247818488,-0.00036996213,0.00706571806
0.301701933,-0.537905216,0.88858211,0.0638007941,0.000815462577,-0.875430844,0.479113379,-0.228091657,0.104368314,0.00478232885,0.40188849,-0.340922743,-0.0815883577,-0.36257571,-0.338394821,0.122883923,0.376380682,-0.00176979171,0.261755884,0.109514043,-0.10802266,0.0183432102,-0.756247401,2.04208612,0.0557589456,0.481660962,-3.44262867e-06,-0.00417681364,0.00102095678,-0.65309155,-2.07181382,-0.331118286,0.375385284,-0.00252847699,-0.000242939612,0.00689342711
0.302597344,-0.538162112,0.887902141,0.0646469484,-0.000257127934,-0.875300003,0.479239617,-0.230993673,0.100926153,0.00965570658,0.406922489,-0.343907475,-0.0835344195,-0.37035051,-0.347988367,0.116585158,0.385847062,-0.00342848408,0.261689633,0.107339978,-0.109844245,0.0209140778,-0.709863067,2.05980849,0.108643278,0.537251472,7.68011091e-07,-0.00385006797,0.000982928788,-0.568256199,-2.11322451,-0.419128031,0.475208849,-0.00254908786,-0.000141071694,0.00670052925
0.303248793,-0.539144993,0.887427807,0.0660485269,-0.00147502966,-0.875036559,0.479527306,-0.232645512,0.0963336602,0.0155952992,0.409588099,-0.345241427,-0.0859449655,-0.375227392,-0.361163378,0.107532606,0.390289962,-0.00439505884,0.261150301,0.102000341,-0.112812474,0.0203286242,-0.653191328,2.0809834,0.164994329,0.602491736,6.71957787e-06,-0.00351361837,0.000925454078,-0.474444777,-2.15155792,-0.511403382,0.581488669,-0.00248612836,-0.000116923198,0.00651644263
0.303749204,-0.540374517,0.887086272,0.0676365524,-0.00277860219,-0.874736466,0.479847571,-0.233254865,0.0912608057,0.0215609092,0.410472751,-0.345543742,-0.0885656327,-0.378661335,-0.37505424,0.097632803,0.39232263,-0.00493966462,0.259977669,0.0957356542,-0.116548486,0.0189136378,-0.596431553,2.10356307,0.220131978,0.669703245,1.20344912e-05,-0.00319311582,0.000860431697,-0.38750416,-2.1860044,-0.596363068,0.685767114,-0.00238683121,-0.000121185512,0.00636282051
0.303947151,-0.542097032,0.887010753,0.0695971584,-0.00425306776,-0.874364718,0.480233783,-0.231777862,0.0852288306,0.0275761466,0.407793343,-0.34378162,-0.0916057155,-0.379206657,-0.390371919,0.0860416293,0.389531493,-0.00463968143,0.257538289,0.0876224712,-0.121819302,0.0158393234,-0.539518595,2.1289444,0.272819102,0.740831614,1.6073287e-05,-0.00290465355,0.000780332775,-0.314347535,-2.21265912,-0.666649282,0.785998106,-0.00221486297,-0.000182296557,0.00627022143
0.303727627,-0.544068992,0.887306571,0.0716146554,-0.00565184567,-0.873938679,0.480698016,-0.227435321,0.0792068243,0.0326351821,0.399926245,-0.338814557,-0.0953134745,-0.376704633,-0.404408693,0.0731213242,0.381064236,-0.00330785499,0.252148002,0.0791035369,-0.128339529,0.0116420984,-0.484456897,2.15510535,0.324144602,0.8127985,1.70668391e-05,-0.00268470566,0.000682750368,-0.262893379,-2.23014712,-0.716624737,0.875054538,-0.00194502831,-0.000302095519,0.00624962151
0.303299278,-0.546165109,0.887787938,0.0736597791,-0.00701231896,-0.873482722,0.481199542,-0.221660867,0.0731916428,0.0372144319,0.389466822,-0.332246035,-0.0993540585,-0.372679263,-0.417800575,0.0595401898,0.369760573,-0.00146035559,0.245283425,0.0703842714,-0.135482669,0.00688452972,-0.430337876,2.18164825,0.374773413,0.88516283,1.65370002e-05,-0.00249909237,0.0005764534,-0.222309455,-2.24304509,-0.756426513,0.958494723,-0.0016263274,-0.000451210799,0.00626503816
0.302160382,-0.547913313,0.888852477,0.0754115757,-0.00783284781,-0.872972281,0.481841403,-0.213920683,0.0690053254,0.0400758348,0.373601079,-0.320902556,-0.104903638,-0.366975188,-0.426088393,0.0458045006,0.353695273,0.000826548145,0.232675105,0.062899746,-0.142337978,0.00117419532,-0.38043645,2.20343852,0.425741553,0.953418553,8.451344e-06,-0.00243561203,0.000462428841,-0.207855523,-2.24718666,-0.774707437,1.02105641,-0.00118131971,-0.000659443554,0.00630506501
0.300850838,-0.549334049,0.890039146,0.0772374826,-0.00848357881,-0.872444905,0.482495894,-0.207250133,0.0653569102,0.0425406843,0.358076155,-0.309056133,-0.110796295,-0.362543404,-0.432975113,0.0331076533,0.338565767,0.00239357864,0.218950748,0.0557524711,-0.148982972,-0.00464126095,-0.334075749,2.22229862,0.475185752,1.01775837,-4.72663169e-06,-0.00241016783,0.000358873338,-0.198641896,-2.25022745,-0.789689481,1.07672191,-0.0007269489,-0.000881456886,0.00629178528
0.29919982,-0.550100803,0.891470253,0.0792125752,-0.00879529108,-0.871887077,0.483177954,-0.202714413,0.0627819523,0.0442140698,0.343226016,-0.296199709,-0.117376924,-0.360652268,-0.437064648,0.0224816259,0.325300246,0.00252267113,0.202990621,0.0492762402,-0.155210391,-0.0106691541,-0.29477188,2.23531103,0.521604538,1.0742991,-2.80863223e-05,-0.00246072398,0.000276196748,-0.199896649,-2.25106931,-0.798085272,1.11862934,-0.000253682403,-0.0011310993,0.00617197435
0.297519088,-0.55014801,0.892925978,0.0819367353,-0.00894494019,-0.871259487,0.483852526,-0.202011704,0.0603336915,0.045247063,0.331151247,-0.284741104,-0.12376634,-0.363410413,-0.440133005,0.0150305219,0.316069186,3.10464529e-05,0.187788278,0.0428500995,-0.162353188,-0.0169122852,-0.265949279,2.24322462,0.560935676,1.11827672,-6.96340794e-05,-0.00257498538,0.000225719865,-0.206435531,-2.25141001,-0.804769516,1.14828372,0.000182702322,-0.00144670391,0.00577069819
0.295823514,-0.549835324,0.894394159,0.0850347131,-0.00901351776,-0.870590806,0.484519869,-0.203224912,0.057948757,0.0459599532,0.320463777,-0.273981154,-0.130060181,-0.368492544,-0.442690939,0.0091663925,0.308854699,-0.00377053721,0.172964722,0.0364489816,-0.169953495,-0.0232630037,-0.242365703,2.24858952,0.596724093,1.15597475,-0.0001202731,-0.00272108987,0.000191337895,-0.21561566,-2.25149989,-0.810598075,1.17181349,0.00060065178,-0.00179527956,0.00522873132
0.294440687,-0.548887968,0.895739913,0.089019193,-0.0090373539,-0.869711268,0.48538255,-0.207731575,0.0553248227,0.0457787029,0.312541276,-0.266001076,-0.135351151,-0.377694756,-0.444795579,0.00689708535,0.305888355,-0.0101406984,0.162313819,0.0302948598,-0.178850025,-0.0300715305,-0.232104421,2.25006056,0.622610152,1.17310739,-0.000201124058,-0.00293872599,0.000192527048,-0.226976469,-2.25149989,-0.819088101,1.18097281,0.000944115454,-0.00228815968,0.00408706535
0.293187559,-0.547902822,0.897058785,0.0927903595,-0.00907143409,-0.868734734,0.486423293,-0.211955279,0.0528538264,0.0453574657,0.304934621,-0.258443087,-0.140348539,-0.386312842,-0.446565598,0.00518167717,0.303598166,-0.0162714161,0.153179854,0.0245684981,-0.187110886,-0.0367355719,-0.22412686,2.25112629,0.647283792,1.1845485,-0.000285275339,-0.00317410822,0.000200141803,-0.237789005,-2.25149989,-0.830014229,1.18635285,0.00126246596,-0.00279622851,0.00282455166
0.292193651,-0.5468418,0.898324192,0.0961371449,-0.0091261895,-0.867580834,0.487829743,-0.215613604,0.050688345,0.044455912,0.297958404,-0.251728117,-0.144759417,-0.393763781,-0.447666407,0.00457428256,0.302660584,-0.021924248,0.147079468,0.0196969304,-0.194101512,-0.0431118608,-0.220717445,2.2513814,0.669536352,1.18460345,-0.000376047741,-0.00344504835,0.000220615897,-0.247506604,-2.25149989,-0.845817089,1.18417096,0.00153062912,-0.0033347935,0.00131996046
0.291425943,-0.545694351,0.899549305,0.0982927073,-0.00915713877,-0.866262724,0.48973828,-0.217344642,0.0491735414,0.0430446006,0.290670455,-0.244910359,-0.148697376,-0.398238331,-0.447618693,0.00417476613,0.302181005,-0.0261130519,0.143012196,0.0160241891,-0.198461592,-0.0483505875,-0.218124449,2.25147867,0.694249868,1.17518806,-0.000450570602,-0.0037470893,0.000246638665,-0.254628301,-2.25149989,-0.868437171,1.1729846,0.0017205826,-0.00377303315,4.73487016e-05
0.290771157,-0.54450351,0.900754571,0.0998528809,-0.00917616753,-0.864860105,0.491896533,-0.218112737,0.0479837507,0.04137839,0.283226013,-0.238040596,-0.152399406,-0.401225865,-0.446996987,0.00387909496,0.301930219,-0.029570641,0.139960572,0.012950182,-0.201507479,-0.0530213527,-0.215939194,2.25149703,0.720195591,1.16103899,-0.000516980421,-0.00406470289,0.000275436993,-0.260453433,-2.25149989,-0.894466341,1.15729702,0.00187147036,-0.00416118,-0.00110946165
0.290363729,-0.542711377,0.901853204,0.0993328538,-0.00910096147,-0.863304791,0.494727193,-0.21557124,0.0479227975,0.0384883285,0.273341477,-0.230047941,-0.155349493,-0.400246143,-0.443895936,0.00351121929,0.30176717,-0.0317505039,0.137812376,0.0112329312,-0.200710177,-0.0555949584,-0.209867448,2.25148463,0.756527424,1.13280535,-0.000530861667,-0.00442606816,0.000306077447,-0.260218173,-2.25149989,-0.932071924,1.12117875,0.00179783977,-0.00422631949,-0.00109100132
0.290001452,-0.540639281,0.90290302,0.0981063436,-0.00904948326,-0.861733705,0.497702998,-0.211904272,0.0482931733,0.0349959023,0.262340963,-0.221627235,-0.157952547,-0.398075581,-0.439720571,0.00348790223,0.301856279,-0.0339328945,0.135524184,0.00973075256,-0.198660418,-0.0575548932,-0.200475201,2.25146008,0.798313797,1.09959996,-0.000525308133,-0.00479548611,0.000337394304,-0.256888241,-2.25149989,-0.973878741,1.07635927,0.00161314907,-0.0041663046,-0.000564140966
0.289729148,-0.5380072,0.903854728,0.0954685372,-0.00904544548,-0.860134613,0.500971443,-0.205987886,0.0495254025,0.0302992798,0.249108449,-0.212349609,-0.159862861,-0.393525332,-0.4333978,0.00415299786,0.302449107,-0.0361207724,0.132955804,0.00865797605,-0.194107816,-0.0582891479,-0.184446752,2.2514112,0.851006687,1.05645454,-0.000480923511,-0.00518106949,0.000370068999,-0.247374475,-2.25149989,-1.02408803,1.01414609,0.00120652688,-0.00385622191,0.00097859255
0.289481223,-0.535020173,0.904676676,0.0919458661,-0.00921364688,-0.858476726,0.504458896,-0.1988305,0.0515722558,0.0242944192,0.23519437,-0.203374267,-0.160757631,-0.386954427,-0.425588787,0.00714069325,0.304710984,-0.0389389247,0.130335674,0.0077052624,-0.187462926,-0.0576526076,-0.158524007,2.25132203,0.917885184,1.0017035,-0.000417716277,-0.00555117801,0.000408106192,-0.229428887,-2.25149989,-1.08336043,0.935465693,0.000608409347,-0.0034044974,0.00304939528
0.289245605,-0.531856716,0.905433357,0.0879801965,-0.0094677611,-0.856773323,0.508044604,-0.191055223,0.0540257916,0.0176375527,0.220944986,-0.194553837,-0.161144018,-0.379375339,-0.417039394,0.0112890629,0.307806879,-0.0420712233,0.127690732,0.00681299809,-0.179774061,-0.0563305728,-0.127662122,2.2512126,0.991832852,0.941169202,-0.000345118606,-0.0059133945,0.000448810606,-0.207272574,-2.25149989,-1.14714265,0.848579407,-8.52610974e-05,-0.00288209971,0.00538352411
0.288967401,-0.528847098,0.905955791,0.0843634849,-0.00987365219,-0.854767208,0.512013998,-0.184302777,0.0571179576,0.00941599347,0.209777489,-0.188692167,-0.159641191,-0.370749712,-0.409140527,0.0210105199,0.314532191,-0.0466671214,0.126236975,0.0058656754,-0.171255946,-0.0519509129,-0.0808435977,2.25107861,1.08921266,0.861064792,-0.000293113553,-0.00620466471,0.000505926379,-0.170589954,-2.25149989,-1.22439981,0.74358815,-0.000853535661,-0.00243127719,0.00715526659
0.288657725,-0.526150823,0.906413794,0.0811340347,-0.0102203337,-0.852606698,0.516114941,-0.178359061,0.060152892,0.000776305562,0.200191408,-0.183980525,-0.157613218,-0.362529993,-0.401913643,0.0321585387,0.321825206,-0.0514965802,0.125535905,0.00472026272,-0.163291529,-0.0464149676,-0.0294226576,2.25096869,1.19348741,0.775795937,-0.000254659768,-0.00646799849,0.000569380238,-0.129019514,-2.25149989,-1.30539858,0.633648872,-0.00158897415,-0.00204208377,0.00855974667
0.288284779,-0.524077713,0.906743348,0.0786781047,-0.0104493419,-0.850164489,0.520500633,-0.174025536,0.0630770549,-0.00871018786,0.193756402,-0.181563169,-0.154532447,-0.355112016,-0.396021932,0.0461733043,0.330262601,-0.0567990765,0.126339346,0.00317727146,-0.15642482,-0.0385596901,0.0312659256,2.25090623,1.31167901,0.680094004,-0.000243261558,-0.00667577982,0.000645587686,-0.0776227415,-2.25149989,-1.39397955,0.513679206,-0.00225963886,-0.00177567347,0.00923141465
0.287787139,-0.523003638,0.907013297,0.0766455529,-0.010323409,-0.847526012,0.525089084,-0.170797795,0.0657090247,-0.018907072,0.18943584,-0.180443764,-0.151242197,-0.348851621,-0.390462637,0.059699066,0.337288499,-0.0614286587,0.129097939,0.000338014332,-0.151212662,-0.0289924145,0.0960955918,2.25092697,1.43649232,0.579373479,-0.000246801093,-0.00683482829,0.000728798157,-0.0184435789,-2.25149989,-1.48646307,0.383904666,-0.00282798242,-0.00156340271,0.00945573114
0.287226915,-0.522428989,0.907253265,0.0748227154,-0.010019645,-0.844774319,0.529771195,-0.1681218,0.0681958646,-0.0294623096,0.186170951,-0.179972872,-0.147846416,-0.343167722,-0.385067374,0.0729835257,0.343610257,-0.0657229573,0.13283518,-0.00315077649,-0.146826193,-0.0185660757,0.163013235,2.25098944,1.56465149,0.47611329,-0.000257807114,-0.00696955621,0.000815534208,0.044644136,-2.25149989,-1.58092475,0.249187931,-0.00334532047,-0.00137811992,0.00945647433
0.286282152,-0.523520231,0.907525778,0.072939217,-0.00872882365,-0.841946276,0.53453732,-0.165608048,0.0713137388,-0.0407821089,0.183511466,-0.179833189,-0.145504206,-0.33695823,-0.377946973,0.0813762844,0.346086085,-0.0683593974,0.139092714,-0.0102360789,-0.143771127,-0.00614336273,0.221429884,2.25112343,1.68159914,0.371388763,-0.000262794958,-0.00705360062,0.000900419895,0.110112116,-2.25149989,-1.67177951,0.106399037,-0.00369320111,-0.00115034869,0.00928573124
0.28508997,-0.525030613,0.907825947,0.0709708407,-0.00700425542,-0.839081942,0.539310276,-0.162875354,0.0752264038,-0.0524341427,0.180458948,-0.179419041,-0.143689707,-0.329563975,-0.369829744,0.0879780054,0.347507626,-0.0708901435,0.145491794,-0.0187866352,-0.140622362,0.00702678319,0.273211271,2.25124907,1.78733969,0.268398196,-0.000258407003,-0.0071331067,0.000982316909,0.171858162,-2.25149989,-1.7574656,-0.0341675505,-0.00398564618,-0.000897623133,0.00912433118
0.283403158,-0.527378917,0.908181369,0.0688357698,-0.00441280317,-0.836172638,0.544111647,-0.159705758,0.0807278529,-0.0647462457,0.176621258,-0.1784558,-0.142931849,-0.319801956,-0.359721005,0.0909931436,0.346818864,-0.0732083544,0.152171448,-0.0302657038,-0.137287408,0.0216871947,0.311694264,2.25135851,1.87061095,0.16891925,-0.000235259708,-0.00720349979,0.00105820037,0.22613138,-2.25149989,-1.83277464,-0.170230046,-0.00416704593,-0.000595066114,0.00898168981
0.280805498,-0.529855907,0.908530235,0.0665655778,-0.00124721482,-0.833107648,0.54908935,-0.156051025,0.0884558782,-0.0779822767,0.171726108,-0.176304013,-0.143272445,-0.306952,-0.347664028,0.0909579098,0.344591677,-0.0768373534,0.157590747,-0.0441472083,-0.13346988,0.0372605398,0.337669969,2.25142765,1.9268539,0.0794013441,-0.000180413685,-0.00729324808,0.00112579472,0.266458899,-2.25149989,-1.89135897,-0.291529,-0.00425671553,-0.00025604121,0.00887218583
0.277753055,-0.532396555,0.908875585,0.064226539,0.00220452975,-0.829940929,0.554137299,-0.152154773,0.09729518,-0.0916763917,0.16630356,-0.173558384,-0.144162327,-0.292561561,-0.334636331,0.0893970206,0.341595769,-0.0811208487,0.162378043,-0.0592260584,-0.12941213,0.0532857329,0.357382208,2.25147629,1.96956134,-0.00510721747,-0.000109730201,-0.00739264907,0.00118922279,0.299799114,-2.25149989,-1.94156063,-0.405406892,-0.00430047931,0.000101119702,0.0087792892
0.272881806,-0.534113526,0.909079909,0.0616097058,0.00546071135,-0.826541507,0.559467212,-0.147375584,0.109143764,-0.105848752,0.16006352,-0.168769568,-0.146910667,-0.274685889,-0.319764584,0.0834802836,0.33714807,-0.0891541019,0.164257884,-0.0762849301,-0.125686646,0.0693267733,0.366244972,2.25148869,1.98425817,-0.0686737373,2.44833791e-05,-0.00757456664,0.00123871828,0.311644256,-2.25149989,-1.96631587,-0.487907469,-0.00423559267,0.000484388293,0.00870876946
0.267545462,-0.535463274,0.909216642,0.0587886985,0.00837407638,-0.823088591,0.564799908,-0.142356038,0.12161921,-0.119627967,0.154049397,-0.163620219,-0.150311649,-0.256450891,-0.304703087,0.076384373,0.332708985,-0.098555997,0.165129915,-0.093762815,-0.122744977,0.085552685,0.374265969,2.25149751,1.99511349,-0.125907987,0.000179970084,-0.00781070953,0.00128417322,0.317561686,-2.25149989,-1.98558772,-0.559151471,-0.00414326973,0.000852588797,0.00864671264
0.261277497,-0.536079645,0.909218192,0.0555622763,0.010603701,-0.81957561,0.570172091,-0.136854172,0.135352463,-0.13262713,0.148484305,-0.157748282,-0.15501821,-0.237490416,-0.289256305,0.0669291615,0.328285158,-0.110696755,0.163988262,-0.112085178,-0.121368453,0.102154642,0.380608022,2.25149918,1.99829638,-0.17051129,0.000378031633,-0.00815531053,0.00132157258,0.311635673,-2.25149989,-1.9939096,-0.607929587,-0.00399608118,0.00119082734,0.00860154442
0.254673362,-0.536054432,0.909063518,0.051608961,0.0119890513,-0.815966246,0.575666451,-0.131254196,0.149629056,-0.144685358,0.144139498,-0.152052596,-0.160771608,-0.218842059,-0.273952097,0.0557839498,0.324681014,-0.12486285,0.160843924,-0.131251767,-0.123192944,0.119655788,0.391733766,2.25149989,1.99961424,-0.206612587,0.000601461506,-0.00866589975,0.00135455164,0.29461199,-2.25149989,-1.99786806,-0.635695338,-0.00381894712,0.00143029587,0.0085975565
0.247901216,-0.535708487,0.908830643,0.0472906431,0.0129519397,-0.812280797,0.581201987,-0.125605166,0.164177239,-0.156273261,0.140404657,-0.146445021,-0.167048305,-0.200349703,-0.258719146,0.0437940098,0.321486562,-0.140041307,0.15669851,-0.150840327,-0.126617461,0.137606382,0.405250609,2.25149989,2,-0.238464206,0.000837571628,-0.00925945584,0.00138532137,0.272041202,-2.25149989,-1.99964535,-0.652958035,-0.00362684461,0.00162039441,0.00861415174
0.241137654,-0.534424126,0.908357859,0.041566115,0.0127519213,-0.808248117,0.58723473,-0.119455457,0.178993911,-0.167435437,0.138169169,-0.141615912,-0.174201742,-0.181216449,-0.243968397,0.0287401825,0.319341868,-0.156432405,0.150116816,-0.170755967,-0.137776703,0.155349076,0.435984075,2.25149989,2,-0.264924377,0.00106045324,-0.0101476563,0.00142241106,0.231470406,-2.25149989,-1.99985814,-0.641877174,-0.00342587824,0.00162992533,0.0087355338
0.234406486,-0.532818735,0.907829881,0.0354606802,0.0122155251,-0.804082348,0.593333716,-0.112899557,0.193772137,-0.178350732,0.136089131,-0.136814386,-0.181509048,-0.161316901,-0.229438171,0.0124733578,0.317041546,-0.172638535,0.143162057,-0.190258324,-0.152019262,0.172173977,0.473468721,2.25149989,2,-0.292122364,0.00125897769,-0.0111248102,0.00147013203,0.185482353,-2.25149989,-2,-0.622367203,-0.003228819,0.00159748783,0.00889348518
0.227738813,-0.530570686,0.907191217,0.0285954256,0.0110068814,-0.799707656,0.599607218,-0.105529487,0.208476394,-0.188774198,0.134319693,-0.132067084,-0.189125687,-0.139879882,-0.215346277,-0.0062239971,0.314429373,-0.188477874,0.135459408,-0.208937705,-0.172434449,0.187165767,0.524470091,2.25149989,2,-0.320802152,0.00140880351,-0.0122801587,0.00153913652,0.128644824,-2.25149989,-2,-0.585986257,-0.00303953816,0.0014810639,0.00912464224
0.221215993,-0.527794719,0.906511664,0.021448812,0.00931254422,-0.795349556,0.605699851,-0.0977736935,0.222815007,-0.197276399,0.132701769,-0.12666294,-0.197047621,-0.117144249,-0.201813892,-0.0266344249,0.310200006,-0.203069687,0.12776804,-0.225881606,-0.197169065,0.199041754,0.583492935,2.25149989,2,-0.353899181,0.00147935399,-0.0135435816,0.00165263563,0.066878736,-2.25149989,-2,-0.537795246,-0.00286288653,0.00133268489,0.00939472765
0.214764863,-0.524754703,0.905811608,0.0141600207,0.00737486291,-0.790953721,0.611667652,-0.0898243412,0.236972347,-0.204819322,0.13115938,-0.120929994,-0.205122873,-0.0937573537,-0.188559741,-0.0479030274,0.305162013,-0.217039526,0.120081507,-0.241959944,-0.224064812,0.209361896,0.64653039,2.25149989,2,-0.389207035,0.00151029415,-0.0148611413,0.00178838265,0.00264333631,-2.25149989,-2,-0.483697265,-0.00269252853,0.00116832124,0.00968429446
0.208865225,-0.521351933,0.905104995,0.00704312617,0.00515941481,-0.78675533,0.617203228,-0.0827507153,0.250052273,-0.208146334,0.130422205,-0.114192501,-0.21316047,-0.0702794194,-0.176172137,-0.069453232,0.297250092,-0.228430375,0.112915814,-0.254242301,-0.251698226,0.214594722,0.709331155,2.25149989,2,-0.429807752,0.00139428745,-0.016196344,0.00202404149,-0.0571145378,-2.25149989,-2,-0.424384713,-0.00253924541,0.0010139005,0.00997145101
0.203218058,-0.518007994,0.904394627,8.06667471e-05,0.00295236319,-0.782530568,0.622605162,-0.0761730298,0.26255551,-0.210346743,0.130114824,-0.10746792,-0.220822856,-0.0473245084,-0.164075658,-0.0902913511,0.289070547,-0.239120215,0.105970614,-0.265122235,-0.277783155,0.218509182,0.769415438,2.25149989,2,-0.470543981,0.00122883206,-0.0174921863,0.00229793042,-0.112432003,-2.25149989,-2,-0.367121398,-0.00239001797,0.000872430857,0.0102450652
0.198074207,-0.51478076,0.90367645,-0.00657320929,0.000762422715,-0.778339476,0.627808786,-0.0705848783,0.273908973,-0.210296631,0.130666122,-0.100767806,-0.227737129,-0.0254099127,-0.152558357,-0.109710939,0.280354589,-0.2484117,0.0994645208,-0.273202419,-0.300779611,0.219790414,0.824084342,2.25149989,2,-0.511559188,0.000964545994,-0.0187096484,0.00264825788,-0.158888921,-2.25149989,-2,-0.313940823,-0.00224886346,0.000756807916,0.0104916766
0.193331882,-0.511926413,0.902931571,-0.0128388777,-0.00136373715,-0.774110493,0.632918832,-0.0658268556,0.283946425,-0.209327191,0.132071257,-0.0947269872,-0.233705252,-0.0049521653,-0.141597703,-0.126887381,0.272760391,-0.257269442,0.0933227763,-0.279294431,-0.318233907,0.219291195,0.871098757,2.25149989,2,-0.550055861,0.00063297624,-0.0197733808,0.00306374533,-0.193357021,-2.25149989,-2,-0.269683242,-0.00211324682,0.000673601695,0.0106908213
0.188792363,-0.509259701,0.902173638,-0.0189069977,-0.00345697373,-0.769833929,0.637954777,-0.0614860319,0.293321431,-0.207898244,0.133902937,-0.0890184492,-0.239197612,0.0147684617,-0.130919963,-0.142934695,0.265730411,-0.265906572,0.0873657912,-0.284389317,-0.33290866,0.217901498,0.914264798,2.25149989,2,-0.587276936,0.000267882395,-0.0207597781,0.00351166027,-0.221813634,-2.25149989,-2,-0.229907468,-0.00198045559,0.000606645888,0.0108661391
0.184802204,-0.507393718,0.9013834,-0.0243791131,-0.00528415193,-0.76554112,0.642903205,-0.0581616089,0.300989211,-0.207066745,0.136625946,-0.0849868953,-0.243749022,0.0323433243,-0.121055439,-0.155636281,0.26137346,-0.274517477,0.0819225758,-0.288487971,-0.337994128,0.214647949,0.94467628,2.25149989,2,-0.619727135,-0.000118619435,-0.0214177072,0.00400631409,-0.231742263,-2.25149989,-2,-0.206404924,-0.00185408769,0.000593141478,0.0109488014
0.181088999,-0.505836546,0.900602341,-0.0296820006,-0.00691682788,-0.761192786,0.647809137,-0.0551903024,0.308217704,-0.20688507,0.139513627,-0.0816948116,-0.24794966,0.0492608994,-0.111473575,-0.167398587,0.257827222,-0.282837361,0.076680921,-0.29262203,-0.339985579,0.21112074,0.970950007,2.25149989,2,-0.651010156,-0.000489023747,-0.0219531097,0.00448960904,-0.236157209,-2.25149989,-2,-0.187889963,-0.00172983459,0.000598473242,0.010998481
0.177925169,-0.504895091,0.899838567,-0.0346544827,-0.00816280383,-0.756790151,0.6526876,-0.0529215857,0.314576477,-0.208002806,0.142734244,-0.079877682,-0.251453876,0.0648845658,-0.102445304,-0.177296683,0.255898058,-0.290585369,0.0718359873,-0.296831936,-0.335791498,0.207041949,0.988980114,2.25149989,2,-0.679996789,-0.00082768529,-0.0222441182,0.00495077716,-0.229550153,-2.25149989,-2,-0.179327548,-0.00160965952,0.000641483755,0.0109822573
0.17549035,-0.504537463,0.899137557,-0.03937612,-0.00889698486,-0.752302925,0.657579405,-0.0514162332,0.320401937,-0.210910946,0.146263286,-0.0797175914,-0.253852397,0.0792057663,-0.0938619152,-0.185795605,0.255096674,-0.296905071,0.0673351586,-0.300836504,-0.325543016,0.203095376,1.00013161,2.25149989,2,-0.706921101,-0.00110984221,-0.0223001689,0.00533128064,-0.213057488,-2.25149989,-2,-0.179004952,-0.00149507145,0.000716455164,0.0108912922
0.173419341,-0.504471719,0.898467541,-0.0439723464,-0.00937511481,-0.747748426,0.662458174,-0.0502922088,0.325962573,-0.214715406,0.149947762,-0.0803862363,-0.255698681,0.092879869,-0.0854983106,-0.193597466,0.254858941,-0.302512199,0.0630050302,-0.304739416,-0.312263578,0.199213743,1.00784683,2.25149989,2,-0.732821584,-0.00136382389,-0.0222387183,0.00567154586,-0.191616029,-2.25149989,-2,-0.182803094,-0.00138324383,0.00080742815,0.0107629169
0.172376081,-0.505145431,0.897930622,-0.0482673926,-0.00911958274,-0.743305773,0.667145876,-0.0502811968,0.331435919,-0.221125051,0.154455125,-0.0835959241,-0.255894154,0.104365617,-0.0773311108,-0.19989863,0.255532712,-0.305352718,0.0590399578,-0.307359189,-0.291065276,0.195600808,1.00858998,2.25149989,2,-0.753422022,-0.00153137208,-0.0218080096,0.00584707689,-0.157961637,-2.25149989,-2,-0.197436094,-0.00128434855,0.000913700147,0.010521438
0.171539918,-0.50596571,0.897436857,-0.0524885697,-0.00867650729,-0.73903519,0.671562846,-0.0506257713,0.337071538,-0.227974698,0.159424886,-0.0873848498,-0.255750328,0.115088388,-0.0690707862,-0.205757007,0.256293476,-0.307426691,0.055209443,-0.309429377,-0.268364966,0.191822693,1.00805569,2.25149989,2,-0.771401107,-0.00167776109,-0.0212500766,0.00597167062,-0.121803209,-2.25149989,-2,-0.215004116,-0.00119103293,0.00101132295,0.0102605503
0.171118379,-0.507078946,0.8970294,-0.0565641373,-0.00785881746,-0.735161066,0.67548275,-0.051681973,0.34303087,-0.235703617,0.165318996,-0.0923323035,-0.254927456,0.124281913,-0.060625758,-0.21072793,0.257228196,-0.307966053,0.0516490266,-0.310399204,-0.2426631,0.187714815,1.00496471,2.25149989,2,-0.784130335,-0.00178177177,-0.0204376206,0.00599429104,-0.0806404874,-2.25149989,-2,-0.238442779,-0.00110890344,0.0010916153,0.00996087398
0.170770019,-0.508155823,0.896690369,-0.0605131995,-0.00684119303,-0.73198229,0.678596551,-0.0533644892,0.349371493,-0.243130371,0.172281876,-0.0971609578,-0.253738075,0.132102087,-0.0519256592,-0.214693218,0.258004487,-0.307624787,0.0484690592,-0.310415298,-0.216664657,0.183003545,1.00042558,2.25149989,2,-0.791889429,-0.0018613406,-0.0194366835,0.0059227962,-0.0378880575,-2.25149989,-2,-0.265456051,-0.00103730231,0.00113880343,0.00968190283
0.170458153,-0.509214699,0.89638561,-0.064398699,-0.00572349787,-0.729143088,0.681300526,-0.0553601719,0.355903298,-0.250406891,0.179779589,-0.101930737,-0.25236541,0.139236733,-0.0430972092,-0.218156397,0.258701742,-0.3068434,0.0454789028,-0.309954792,-0.190515324,0.177990273,0.995162368,2.25149989,2,-0.797165334,-0.00192870293,-0.0183414537,0.00580426073,0.00566316396,-2.25149989,-2,-0.294258416,-0.000970955181,0.00116945256,0.00941325165
0.169862062,-0.509954214,0.896172166,-0.0678026755,-0.00451186445,-0.727454985,0.682782312,-0.0579352006,0.362600386,-0.256175965,0.188247323,-0.105039582,-0.250303894,0.144630209,-0.0343012959,-0.220055789,0.258908361,-0.305523574,0.0431499407,-0.308329999,-0.166154876,0.172548592,0.987738729,2.25149989,2,-0.797587872,-0.00197673915,-0.0171220005,0.00553920306,0.0478936173,-2.25149989,-2,-0.32552135,-0.000913920754,0.00114661828,0.00924130902
0.169131503,-0.510631561,0.895991206,-0.0709106954,-0.00329145001,-0.72605981,0.683957595,-0.0605701804,0.369162321,-0.261339694,0.19673118,-0.107565999,-0.247881889,0.149488807,-0.0257352274,-0.221530244,0.258949041,-0.304154843,0.0410658419,-0.306369334,-0.142422318,0.167283878,0.97946322,2.25149989,2,-0.79693228,-0.00202038651,-0.0159002077,0.00523072761,0.0891894847,-2.25149989,-2,-0.356834441,-0.000857843203,0.00110728759,0.00911013037
0.168131903,-0.511184752,0.895874977,-0.0734301375,-0.00205311463,-0.72526695,0.684537545,-0.063326031,0.37545681,-0.265295833,0.20525068,-0.108929567,-0.244738474,0.153280497,-0.0176249947,-0.222156167,0.258658171,-0.302687854,0.0394702256,-0.303736806,-0.119934864,0.162370622,0.969481945,2.25149989,2,-0.794121683,-0.00205528107,-0.0146732414,0.00483536161,0.128634512,-2.25149989,-2,-0.388260365,-0.000803654781,0.00103497528,0.0090603577
0.16695857,-0.511742771,0.895821333,-0.0753742238,-0.000862518623,-0.724918371,0.684697991,-0.066011712,0.381270289,-0.267984807,0.213791311,-0.109511897,-0.240745619,0.156120688,-0.0102074146,-0.222106487,0.258135796,-0.301174343,0.0384794809,-0.300417036,-0.0980043188,0.158374935,0.958203077,2.25149989,2,-0.78918016,-0.0020811162,-0.0134854335,0.00438010227,0.166798323,-2.25149989,-2,-0.417523205,-0.000752140069,0.000935889781,0.00909706205
0.165698394,-0.512303174,0.895798981,-0.0770306813,0.000304210408,-0.724791469,0.684648456,-0.0686623082,0.386843324,-0.270040393,0.222342491,-0.109703735,-0.236328155,0.158485278,-0.00313605461,-0.221719086,0.257497758,-0.299637616,0.0377910845,-0.296753764,-0.0763521492,0.154837877,0.946275711,2.25149989,2,-0.783173323,-0.00210242299,-0.0123172002,0.00389490509,0.204321727,-2.25149989,-2,-0.445704788,-0.000701961806,0.000823421695,0.00917699281
0.164375842,-0.512874126,0.895867527,-0.0781553788,0.0011801131,-0.7253482,0.683930064,-0.0711392462,0.3914285,-0.270095587,0.232079431,-0.109087966,-0.230386809,0.159860149,0.00281207683,-0.220241219,0.25668475,-0.298028737,0.0382298864,-0.291617393,-0.0539957918,0.153081045,0.933763266,2.25149989,2,-0.773370862,-0.00210576365,-0.0112522542,0.0033588442,0.24178353,-2.25149989,-2,-0.466601074,-0.000668543216,0.000683055492,0.00938765891
0.163089201,-0.513413608,0.895970702,-0.0791901196,0.00189804942,-0.726177381,0.682928791,-0.0736776814,0.395507932,-0.269397169,0.242872119,-0.108236112,-0.223737553,0.16111885,0.00831571128,-0.218364641,0.255806744,-0.296406895,0.0391311124,-0.285655946,-0.0308131073,0.152015179,0.921593308,2.25149989,2,-0.761874259,-0.00209888909,-0.0102323936,0.00281680468,0.279704511,-2.25149989,-2,-0.484095693,-0.00064999063,0.00053571444,0.00963309966
0.16187419,-0.513890207,0.896143079,-0.0800451769,0.00230003702,-0.727552995,0.681361959,-0.0763396919,0.39857623,-0.267190635,0.255779535,-0.106911674,-0.215670392,0.162145346,0.01293102,-0.215689763,0.254798472,-0.294758767,0.0409578308,-0.278042287,-0.00597220799,0.15233171,0.910106242,2.25149989,2,-0.746985376,-0.00207157293,-0.00930253975,0.00226269173,0.318552107,-2.25149989,-2,-0.494787157,-0.000661181402,0.000374386436,0.00994817819
0.160796523,-0.514231741,0.896398902,-0.0808715405,0.00231648036,-0.729499785,0.679179277,-0.0796277002,0.400118947,-0.263616413,0.272657931,-0.105304331,-0.205912277,0.163412243,0.0164731666,-0.212113053,0.253504992,-0.292997926,0.0438321903,-0.26796639,0.0213581286,0.154753819,0.900704861,2.25149989,2,-0.726782322,-0.00200519059,-0.00848154537,0.0017270362,0.359180391,-2.25149989,-2,-0.496582091,-0.000742881559,0.000192712483,0.0102850068
0.159787223,-0.514505744,0.896696508,-0.0816831792,0.00214003883,-0.731726926,0.676682336,-0.0832299367,0.400898755,-0.259357333,0.291528255,-0.103555202,-0.195305705,0.164799824,0.0194796715,-0.208084047,0.25206846,-0.291180134,0.0472313762,-0.256655812,0.0499419123,0.1582302,0.892344177,2.25149989,2,-0.703914285,-0.00191924162,-0.00771475444,0.00120046327,0.400712132,-2.25149989,-2,-0.493926406,-0.0008598977,7.96362997e-07,0.0106327962
0.158923566,-0.514387012,0.897144616,-0.0826778933,0.00119043793,-0.734841465,0.673179745,-0.0883940607,0.397790134,-0.25464645,0.319605052,-0.102416694,-0.183267653,0.166858599,0.0209876169,-0.201916724,0.249966472,-0.288921833,0.0520745516,-0.240934789,0.0822948813,0.166918606,0.888981879,2.25149989,2,-0.668643594,-0.00173960533,-0.00714153517,0.00077229453,0.446862191,-2.25149989,-2,-0.470470488,-0.001208178,-0.000274133927,0.010913875
0.158080161,-0.514037311,0.897647738,-0.0837026671,-6.32703075e-05,-0.738321232,0.669235099,-0.0939760357,0.392204642,-0.250371456,0.351208359,-0.102236584,-0.171777695,0.16890727,0.0221699923,-0.194663197,0.247593582,-0.286475718,0.0573090948,-0.223852351,0.115384519,0.177919373,0.887625456,2.25149989,2,-0.628313422,-0.00152348471,-0.00663860049,0.000399069162,0.494757384,-2.25149989,-2,-0.436496913,-0.00169684156,-0.000627044647,0.0111505315
0.15727745,-0.513225913,0.898261011,-0.084788081,-0.0019243771,-0.742536578,0.664414561,-0.100391909,0.381670505,-0.246968299,0.389852554,-0.10397172,-0.161385342,0.170935363,0.0227015223,-0.185240507,0.244679809,-0.283654749,0.0633246452,-0.204052761,0.149939522,0.19353883,0.890277743,2.25149989,2,-0.577880919,-0.00123449881,-0.00627622241,0.000135716953,0.54613018,-2.25149989,-2,-0.381512165,-0.00246594381,-0.0011357175,0.0112983696
0.156496108,-0.511784256,0.898964405,-0.0856433416,-0.00415506892,-0.747668195,0.658513648,-0.106793389,0.363707274,-0.244476944,0.433133304,-0.109451622,-0.153802559,0.171963573,0.0229324475,-0.173456937,0.241183475,-0.280394733,0.0700755119,-0.182331279,0.183549553,0.213761508,0.897651076,2.25149989,2,-0.519421041,-0.000890558877,-0.00603858102,-2.32416278e-06,0.598613381,-2.25149989,-2,-0.301562905,-0.00362333702,-0.00200687838,0.0113721639
0.155725762,-0.510027826,0.899712563,-0.0863787465,-0.00656947127,-0.753218002,0.65204156,-0.113185078,0.342034906,-0.242442727,0.478715926,-0.11680264,-0.147628382,0.172491178,0.0230129045,-0.160497114,0.237397105,-0.276916474,0.0771914646,-0.159657195,0.21667318,0.236278757,0.907383144,2.25149989,2,-0.456969231,-0.000519267982,-0.0058634365,-7.76216984e-05,0.65163064,-2.25149989,-2,-0.209157586,-0.004974504,-0.0030590212,0.0114088878
0.15489307,-0.507302821,0.900510788,-0.0863144852,-0.0087761088,-0.760070747,0.644022708,-0.118483447,0.309983313,-0.240965873,0.522135079,-0.130215645,-0.145134211,0.170205876,0.0229314007,-0.14523375,0.232814565,-0.272639155,0.0852561444,-0.135529578,0.243230492,0.262894213,0.926038742,2.25149989,1.99996555,-0.391864091,-0.000153490706,-0.00585045107,2.76752144e-05,0.700475454,-2.25149989,-2,-0.0845164508,-0.00673850207,-0.00525599672,0.0115609132
0.153942674,-0.504390955,0.901294589,-0.085751397,-0.0107254476,-0.7672069,0.635551128,-0.123441711,0.27636224,-0.23957485,0.561282635,-0.144503117,-0.143005818,0.166722149,0.0228201915,-0.129798904,0.227901146,-0.268246233,0.0933694616,-0.111254647,0.26630035,0.289188474,0.948161364,2.25149989,1.99986374,-0.329647064,0.000157653092,-0.00592353102,0.000183189419,0.747279406,-2.25149989,-2,0.0454145558,-0.00838419702,-0.00821171887,0.0120057669
0.152755708,-0.50110203,0.902050197,-0.0841980407,-0.0121630989,-0.774987697,0.626224256,-0.127725795,0.239561185,-0.238353819,0.591934741,-0.160556942,-0.141606376,0.160837367,0.0226494428,-0.11400225,0.222319916,-0.263616681,0.101589963,-0.0866554826,0.282423437,0.314872473,0.977244973,2.25149989,1.99962711,-0.273130238,0.000359909842,-0.00616883254,0.000439328083,0.790058672,-2.25149989,-2,0.186083958,-0.00979529321,-0.0126885427,0.013036821
0.151038736,-0.497962773,0.902723849,-0.0808326495,-0.0129854869,-0.783371536,0.616138374,-0.132041514,0.202904508,-0.237122804,0.609560609,-0.175505698,-0.139052093,0.152030736,0.0223550498,-0.097961843,0.215459943,-0.259426653,0.109110728,-0.0615553781,0.291240454,0.337421954,1.0109812,2.25149989,1.99863958,-0.227111608,0.000292505196,-0.00683643762,0.00074427959,0.832033575,-2.25149989,-2,0.321721375,-0.010193456,-0.0201513059,0.0159064177
0.149056166,-0.494897544,0.903356731,-0.0765503674,-0.0134987603,-0.791965574,0.605597519,-0.136374623,0.166309431,-0.235886171,0.620676696,-0.189905956,-0.135918915,0.141759455,0.0219986718,-0.0817944482,0.207958236,-0.255455345,0.116283588,-0.0361969359,0.296406358,0.358410448,1.0470525,2.25149989,1.99727559,-0.186329618,9.01679014e-05,-0.00771553954,0.00107371877,0.873620093,-2.25149989,-2,0.454878658,-0.0100849951,-0.0291099958,0.0196966957
0.146232039,-0.492578983,0.903769732,-0.0682760723,-0.0129465893,-0.801534798,0.593896229,-0.141974449,0.132660866,-0.233510256,0.611648202,-0.200838298,-0.128508687,0.124169081,0.021178104,-0.0644149855,0.198393226,-0.252859086,0.121413007,-0.00941692851,0.292268157,0.37373656,1.07940507,2.25149989,1.99206853,-0.161242813,-0.000714239606,-0.00960812438,0.00138160074,0.919911623,-2.25149989,-2,0.556790411,-0.00785844587,-0.0436456762,0.0274922829
0.143367097,-0.490505874,0.904070675,-0.0586395951,-0.011941261,-0.811159575,0.581755059,-0.148154706,0.101309702,-0.230163097,0.597603917,-0.210987702,-0.11915984,0.102741867,0.0200845487,-0.047052443,0.189052925,-0.250847101,0.125762239,0.0173262618,0.285610676,0.38676244,1.10745287,2.25149989,1.98345089,-0.140411228,-0.00168529025,-0.0117276032,0.0016704658,0.966836989,-2.25149989,-1.99993551,0.64429009,-0.00530775078,-0.0582515076,0.035289906
0.140421033,-0.488924384,0.904147267,-0.0462973982,-0.0100323971,-0.821062691,0.568869018,-0.15549536,0.0745629519,-0.224872664,0.5735237,-0.219568059,-0.105932914,0.0736398846,0.0184448548,-0.0297272988,0.180164278,-0.250004858,0.128549069,0.0439903177,0.273912311,0.395181894,1.12687969,2.25149989,1.96800828,-0.128100336,-0.002989667,-0.0143007655,0.00192121137,1.01502156,-2.25149989,-1.99974191,0.702927232,-0.00210882374,-0.0729947612,0.0430900231
0.13791813,-0.487818211,0.903932273,-0.0326894033,-0.00738362866,-0.830940594,0.555350893,-0.164032191,0.0548192784,-0.216305494,0.545153439,-0.228759721,-0.0887118131,0.0383100621,0.0163282175,-0.0137449102,0.17484121,-0.250872254,0.130054906,0.0686791688,0.257945746,0.398478866,1.13829541,2.25149989,1.94081533,-0.123955019,-0.00453452719,-0.0168838501,0.00215312769,1.05673623,-2.25149989,-1.9986397,0.735595644,7.98088149e-05,-0.0799985379,0.0439141728
0.135636449,-0.486949474,0.903571546,-0.0184413422,-0.00436334927,-0.840574342,0.541364622,-0.173167676,0.038573347,-0.206099913,0.514636397,-0.238257825,-0.0694928914,-0.000135688999,0.0139730144,0.00156807073,0.171299502,-0.252594173,0.130920738,0.0923834443,0.239844486,0.399216205,1.1457088,2.25149989,1.90774715,-0.123889983,-0.00619972497,-0.0194721539,0.0023756579,1.09522188,-2.25149989,-1.99708343,0.755289495,0.00176377385,-0.083135277,0.0412521958
0.134204388,-0.48698777,0.902789354,-0.00532337828,-0.00116809652,-0.85037452,0.526149668,-0.183569312,0.0312304311,-0.189210802,0.484769702,-0.251294672,-0.0456608757,-0.0385072418,0.0116446931,0.0164433662,0.17628485,-0.257748485,0.13057147,0.113152385,0.21699211,0.394822866,1.14744949,2.25149989,1.86013675,-0.137340993,-0.0084573254,-0.0222454965,0.00260894024,1.1168102,-2.25149989,-1.99026811,0.741465092,0.00020877074,-0.0673802048,0.0198951717
0.133018881,-0.487456352,0.901946247,0.00707132507,0.00187478808,-0.859906671,0.510398863,-0.193601221,0.0253053065,-0.170320839,0.456466585,-0.264977157,-0.0215071589,-0.0751474351,0.00946739782,0.0319468267,0.184212819,-0.26363337,0.130061477,0.133878738,0.193554431,0.389913023,1.14868701,2.25149989,1.81290746,-0.156136975,-0.0108690169,-0.0251888931,0.00285310694,1.1339407,-2.25149989,-1.97965956,0.713818133,-0.0024304688,-0.0477562398,-0.00569623336
0.132325634,-0.488785028,0.900980711,0.0180168545,0.00461231551,-0.869346391,0.493853188,-0.202898413,0.0222110506,-0.147424757,0.43127653,-0.279955328,0.00329927122,-0.108342618,0.00759102404,0.0487118959,0.198024496,-0.270980656,0.129230037,0.154528469,0.168937609,0.383968949,1.14891911,2.25149989,1.7664206,-0.185621873,-0.0135896206,-0.0284733139,0.0031191234,1.14216948,-2.25149989,-1.96146607,0.658537507,-0.00723749027,-0.0203928351,-0.0397599153
0.132028788,-0.491222322,0.900111616,0.028119317,0.00699129158,-0.878033065,0.477722056,-0.209913194,0.0196808986,-0.123372391,0.410860419,-0.293597668,0.0259666536,-0.13982451,0.00566120166,0.0653777197,0.216418535,-0.277500749,0.128521144,0.176582843,0.143968463,0.377720714,1.1489979,2.25149989,1.72844481,-0.226373553,-0.0159900561,-0.0316930823,0.00341868144,1.14631081,-2.25149989,-1.93553853,0.57133007,-0.0133712487,0.00405699993,-0.0706776232
0.131930053,-0.49421382,0.899290562,0.0377926736,0.00918916295,-0.88617655,0.461712461,-0.215787143,0.0174327139,-0.098742038,0.392830551,-0.306572318,0.0475648418,-0.170449987,0.00370466383,0.08199393,0.237103075,-0.283607394,0.12787351,0.19933933,0.11882323,0.371320456,1.14900005,2.25149989,1.69472325,-0.272756934,-0.018230455,-0.0348805375,0.00373500539,1.14840913,-2.25149989,-1.90574527,0.468164206,-0.0201681722,0.0270504914,-0.100022823
0.132301509,-0.498664975,0.898792505,0.0465002308,0.0108971082,-0.892297816,0.448913788,-0.218927532,0.0147660375,-0.0768276528,0.382085532,-0.315672487,0.0634829104,-0.200146228,0.000876837876,0.0941208005,0.261726469,-0.286149472,0.127708659,0.224315092,0.0917211026,0.364779711,1.14900005,2.25149989,1.67492247,-0.329495311,-0.0192874763,-0.0371570885,0.00413214043,1.14872503,-2.25149989,-1.8767097,0.335341156,-0.0270680934,0.0377328135,-0.114108086
0.132844523,-0.503255785,0.898403704,0.0546259004,0.0125451996,-0.897438495,0.437564596,-0.222123861,0.0119957076,-0.0565661453,0.373029977,-0.323502332,0.0772975981,-0.228681564,-0.00226128148,0.104041226,0.286806941,-0.287453324,0.127672747,0.249981105,0.0638378561,0.358855307,1.14900005,2.25149989,1.65934992,-0.386225939,-0.0199852213,-0.0390731134,0.00455606077,1.14881563,-2.25149989,-1.85336423,0.204247355,-0.0334311575,0.0453168303,-0.123820677
0.133730963,-0.508126915,0.898233712,0.0616051747,0.0140777326,-0.900955453,0.429285326,-0.225432813,0.00901739858,-0.0396079645,0.367353171,-0.328791916,0.0869061872,-0.25489974,-0.00602094084,0.109548524,0.312807143,-0.286279678,0.127894863,0.277033567,0.0343858898,0.35416308,1.14900005,2.25149989,1.65223455,-0.442952573,-0.0199641865,-0.0402681008,0.00503366534,1.14845526,-2.25149989,-1.84139967,0.0765870586,-0.0387212485,0.0467026271,-0.124785453
0.135093927,-0.51237601,0.898228884,0.0675525583,0.0159671063,-0.903083434,0.423818375,-0.231090486,0.00612829858,-0.0264384095,0.363733411,-0.331745297,0.0929788053,-0.278811097,-0.00986630842,0.11113856,0.33890295,-0.282815725,0.128103554,0.306119263,0.00467381813,0.352585703,1.14900005,2.25149989,1.65509343,-0.494742364,-0.0194900502,-0.0409277491,0.00549286464,1.14650786,-2.25149989,-1.84541869,-0.0305249915,-0.0424932167,0.0453063995,-0.120870486
0.136695668,-0.516315222,0.898306668,0.0729855782,0.018035545,-0.904517749,0.419756437,-0.237925172,0.00328294956,-0.0151595995,0.361141324,-0.33353135,0.0972851813,-0.301577061,-0.0137555618,0.110770307,0.365054429,-0.278205335,0.12830542,0.336230874,-0.025177056,0.352566034,1.14900005,2.25149989,1.66294253,-0.544078112,-0.0187892281,-0.0413199067,0.00594297098,1.14376485,-2.25149989,-1.85743213,-0.127391115,-0.0455071256,0.0425189771,-0.114514634
0.139079183,-0.518596888,0.898481667,0.0781451611,0.0211923588,-0.904683231,0.418321013,-0.250895053,0.000642815197,-0.00893211272,0.361126482,-0.332559288,0.0984125733,-0.325911909,-0.0170154199,0.106766105,0.390888721,-0.270936847,0.127619028,0.369584143,-0.0536810756,0.358349383,1.14900005,2.25149989,1.68957126,-0.582752466,-0.0177889988,-0.0412209556,0.00623024674,1.13209391,-2.25149989,-1.88648248,-0.18672365,-0.0466758311,0.0388935991,-0.105397597
0.141650245,-0.520424664,0.898621917,0.0833153203,0.0245095566,-0.904642403,0.417228907,-0.26561588,-0.00199589645,-0.00380046247,0.362181664,-0.331233561,0.0990853682,-0.351412117,-0.0200352259,0.102596864,0.416335642,-0.263668001,0.126220316,0.402914673,-0.0819895044,0.365132928,1.14900005,2.25149989,1.72075009,-0.618469715,-0.0167886931,-0.0410232767,0.00645104144,1.11354172,-2.25149989,-1.91578531,-0.235655144,-0.0474701822,0.0355986692,-0.0964113325
0.144593105,-0.521342516,0.898692608,0.0885030991,0.0281440333,-0.904223075,0.416840191,-0.283819526,-0.00462854328,-0.000866078015,0.365374863,-0.329202235,0.0988484249,-0.379211187,-0.0225713961,0.098102726,0.440977067,-0.25640735,0.123399101,0.436159045,-0.109872341,0.373907864,1.14900005,2.25149989,1.76098824,-0.648231149,-0.0157894604,-0.0406284481,0.0065386463,1.08125412,-2.25149989,-1.94555736,-0.263731122,-0.0475151055,0.0329684578,-0.0876974985
0.147714928,-0.521786332,0.898559093,0.0931291202,0.0310830559,-0.903765899,0.416614944,-0.302624822,-0.0075066248,0.00114422024,0.371331275,-0.327954292,0.098338753,-0.406084776,-0.0247831978,0.0954059809,0.464199424,-0.251470655,0.118617527,0.465989947,-0.139315128,0.381309271,1.14900005,2.25149989,1.7997297,-0.676581204,-0.0148697738,-0.0401190035,0.00651512202,1.02993608,-2.25149989,-1.96759868,-0.278449953,-0.0470586717,0.0311279856,-0.0800445452
0.15092504,-0.521992862,0.898323655,0.0974713875,0.0336726648,-0.903282714,0.416468268,-0.321723402,-0.0105063152,0.00269142236,0.378667563,-0.327098697,0.0976928547,-0.432484418,-0.0268318336,0.0936094895,0.486702442,-0.247698545,0.11285723,0.494101167,-0.169526324,0.388020456,1.14900005,2.25149989,1.83770669,-0.704213738,-0.0139902551,-0.0395524204,0.00643601455,0.969119012,-2.25149989,-1.98576367,-0.286480844,-0.0463516302,0.0296833329,-0.0729254112
0.154252023,-0.521814287,0.897595286,0.100516839,0.0344808839,-0.903015056,0.416258624,-0.338967055,-0.0144717265,0.00451819971,0.390569568,-0.328918934,0.0970579758,-0.453936607,-0.0287651867,0.096340999,0.507443488,-0.248819605,0.104706645,0.514504433,-0.204362601,0.39072603,1.14900005,2.25149989,1.86343789,-0.735685945,-0.013222849,-0.0388934687,0.00623661,0.885847211,-2.25149989,-1.99256086,-0.282273769,-0.0450256839,0.0287921391,-0.0672374815
0.157601118,-0.521502614,0.89667666,0.103132422,0.0347758329,-0.902842957,0.415967475,-0.355441362,-0.0188681483,0.00679413602,0.403945088,-0.331627995,0.0964337885,-0.473910987,-0.0307136383,0.100582324,0.528185487,-0.251159161,0.0962480307,0.532193065,-0.240421593,0.392662317,1.14900005,2.25149989,1.88592589,-0.768465042,-0.0124870166,-0.0382121354,0.00602125702,0.800361037,-2.25149989,-1.99761021,-0.274471581,-0.0435584784,0.0279210005,-0.0618906245
0.160992429,-0.520924926,0.895378053,0.104888318,0.0340448735,-0.902874803,0.415519527,-0.370367378,-0.0241236482,0.00996672548,0.420258462,-0.336112589,0.095831342,-0.490918428,-0.0326910913,0.107839771,0.548916757,-0.255933553,0.0871786922,0.544443548,-0.278903276,0.393059254,1.14900005,2.25149989,1.90191615,-0.803837299,-0.0118147591,-0.037486475,0.00577415014,0.710499585,-2.25149989,-1.99916172,-0.259486258,-0.0418097414,0.0270904936,-0.0572289675
0.164441615,-0.520029187,0.893783152,0.105576052,0.0324773239,-0.903158946,0.414852793,-0.382989049,-0.0297289751,0.0138338357,0.438962996,-0.34177494,0.0951159745,-0.505016088,-0.0343553349,0.117044397,0.570466757,-0.261760741,0.0783049092,0.551186562,-0.316701293,0.393223882,1.14900005,2.25149989,1.9156642,-0.839020133,-0.0112043954,-0.0367212892,0.00555096101,0.625894308,-2.25149989,-1.99980724,-0.238894761,-0.0399410166,0.0261976793,-0.0530589595
0.16792044,-0.518974245,0.892039955,0.10572919,0.0304909528,-0.903566936,0.414075395,-0.394460171,-0.0355101116,0.0180488843,0.458867282,-0.348027557,0.0943439528,-0.517660856,-0.0358630717,0.12722446,0.592430592,-0.26811552,0.0695272833,0.5551759,-0.354163706,0.393272579,1.14900005,2.25149989,1.92829382,-0.874114513,-0.0106248679,-0.0359361731,0.00533970213,0.543902874,-2.25149989,-2,-0.215496361,-0.0380119197,0.0252735186,-0.0491340049
0.171538085,-0.517500639,0.890063286,0.103603651,0.0276329138,-0.904423869,0.412940881,-0.401084542,-0.0401780009,0.0219016671,0.480786562,-0.355787158,0.0932959765,-0.524960637,-0.0360849127,0.137779638,0.614767849,-0.274876714,0.0616791919,0.551446438,-0.38388896,0.393897474,1.14900005,2.25149989,1.94133449,-0.904858232,-0.0101328399,-0.0351109281,0.00521453191,0.478476971,-2.25149989,-2,-0.192639977,-0.0360578187,0.0242699832,-0.0457252637
0.175157756,-0.515934408,0.888051271,0.10059532,0.024728798,-0.905423543,0.411676178,-0.406239927,-0.0440296642,0.0253488477,0.502845645,-0.364275515,0.0921838954,-0.530633271,-0.0356966034,0.147657841,0.636552691,-0.281752735,0.0542239435,0.545835733,-0.409656227,0.394805193,1.14900005,2.25149989,1.95428371,-0.933660507,-0.00966603495,-0.0342822969,0.00512197334,0.419473588,-2.25149989,-2,-0.17276369,-0.0341172181,0.0232584979,-0.042433612
0.178780749,-0.514183402,0.885969043,0.0958208994,0.0217331638,-0.906709272,0.410151582,-0.408454061,-0.0462469161,0.0279835388,0.525180101,-0.374220669,0.090943709,-0.533048213,-0.0340872034,0.15617907,0.657227635,-0.288857102,0.0475564599,0.536461055,-0.427496552,0.396278977,1.14900005,2.25149989,1.96704686,-0.958571196,-0.00924981106,-0.0334470533,0.00509470468,0.373336494,-2.25149989,-2,-0.158856004,-0.0322040394,0.022231305,-0.0393769667
0.182132855,-0.512318134,0.883851886,0.089846595,0.0190235765,-0.908176649,0.408388133,-0.408871233,-0.046699509,0.0301126298,0.546953559,-0.38567397,0.0896536633,-0.533395171,-0.0312842242,0.162631124,0.675830483,-0.29642579,0.0416162834,0.525694668,-0.438440263,0.398151338,1.14900005,2.25149989,1.97755671,-0.97984612,-0.00887561683,-0.0326297507,0.00513503561,0.338701725,-2.25149989,-2,-0.151683837,-0.0303421244,0.0212184787,-0.0364969783
0.185349926,-0.510395646,0.881717026,0.0832690469,0.0164560587,-0.909703517,0.406491052,-0.408390313,-0.0462702699,0.0319892615,0.568448842,-0.397882223,0.0883385614,-0.532708585,-0.0278844759,0.168049738,0.693399668,-0.304227293,0.0360389687,0.514231741,-0.445938528,0.400223136,1.14900005,2.25149989,1.98694146,-0.999306321,-0.00852238946,-0.0318213329,0.00520915259,0.309811622,-2.25149989,-2,-0.147877023,-0.0285056382,0.0202127285,-0.0337049775
0.187883586,-0.508359849,0.879568338,0.0766384149,0.0143774523,-0.911248797,0.404407558,-0.407102466,-0.0439833999,0.0339832641,0.588334322,-0.410998285,0.0870683193,-0.531020284,-0.0235023815,0.17108199,0.708012223,-0.312558293,0.0314397961,0.503884196,-0.447724313,0.40231055,1.14900005,2.25149989,1.99193561,-1.01355064,-0.00821917038,-0.0310754031,0.00538650341,0.293783486,-2.25149989,-2,-0.151683122,-0.0267653745,0.0192530192,-0.0311342627
0.190233588,-0.506286979,0.877430797,0.0704477634,0.0124344245,-0.912697112,0.402326335,-0.406188846,-0.0414643101,0.0361430012,0.607698619,-0.423782945,0.0858880877,-0.529710531,-0.019144278,0.17373164,0.722122729,-0.320682764,0.0272028875,0.494390845,-0.448800623,0.404237449,1.14900005,2.25149989,1.99593973,-1.0259794,-0.00792881846,-0.0303590652,0.00559161231,0.280565828,-2.25149989,-2,-0.157301247,-0.0250594839,0.0183118116,-0.0286272541
0.192215025,-0.50414145,0.875316799,0.0651459882,0.0107647029,-0.914011711,0.400278294,-0.406023979,-0.0384824611,0.0386327915,0.626008809,-0.435897112,0.0848885328,-0.529158711,-0.0148368012,0.175614685,0.735220969,-0.328389198,0.0236928649,0.486610949,-0.448457748,0.405842215,1.14900005,2.25149989,1.99796152,-1.03477061,-0.00766436988,-0.0297023375,0.00585209671,0.272975385,-2.25149989,-2,-0.166538849,-0.0234233551,0.0174081735,-0.0262491386
0.193909734,-0.501952231,0.87326026,0.0611513586,0.00944046853,-0.91516166,0.398309584,-0.407801926,-0.0355217196,0.0413068384,0.643670797,-0.446496218,0.084269926,-0.53053081,-0.0108545693,0.177125841,0.748095572,-0.335046053,0.0207905658,0.480434984,-0.447815895,0.407054782,1.14900005,2.25149989,1.99905992,-1.04042649,-0.00742088491,-0.0291098766,0.0061423243,0.268661827,-2.25149989,-2,-0.17776373,-0.021855548,0.0165423602,-0.0239820629
0.195460334,-0.499742389,0.871233344,0.0578117273,0.00828951338,-0.916226708,0.396380762,-0.410549581,-0.0325730294,0.0440715738,0.660999894,-0.456333071,0.0838419572,-0.532863498,-0.00703685265,0.17845045,0.760851979,-0.341175109,0.018193353,0.475063473,-0.447025061,0.408070862,1.14900005,2.25149989,1.99969661,-1.04451323,-0.00718799653,-0.0285498258,0.00644726446,0.265987575,-2.25149989,-2,-0.189975709,-0.0203226693,0.015695883,-0.0217716116
0.196458995,-0.497621894,0.869325757,0.0565460265,0.00786535359,-0.917119228,0.394503492,-0.417541146,-0.0295190364,0.0465932339,0.677996874,-0.46376735,0.0841296837,-0.539150774,-0.00323740952,0.179335505,0.773271799,-0.345856726,0.0158819295,0.471174002,-0.446402371,0.408633709,1.14900005,2.25149989,1.99979448,-1.04579735,-0.00698294537,-0.0280724838,0.0067619225,0.265822649,-2.25149989,-2,-0.202521682,-0.0188850164,0.0149022918,-0.0197024625
0.197246999,-0.495597064,0.867461264,0.0559315872,0.00771675907,-0.917944375,0.392670642,-0.426087081,-0.0263236351,0.0488787666,0.694946706,-0.470643938,0.0846386105,-0.546853542,0.000724932645,0.180085912,0.785466671,-0.350208998,0.0135245482,0.467658877,-0.445877016,0.409071833,1.14900005,2.25149989,1.99976921,-1.04665899,-0.00678604888,-0.0276136994,0.00707012275,0.266016155,-2.25149989,-2,-0.2144382,-0.0174753964,0.0141243432,-0.017671112
0.197613642,-0.493763357,0.865682483,0.0566206409,0.00811960205,-0.918641601,0.390929385,-0.437745154,-0.0228446238,0.0506922677,0.711805463,-0.476406097,0.0855902582,-0.557390451,0.0050140447,0.180566952,0.79721415,-0.353903174,0.0110747237,0.46489203,-0.445546418,0.409260541,1.14900005,2.25149989,1.99949813,-1.04667544,-0.00660543051,-0.0271919463,0.00736546284,0.266926825,-2.25149989,-2,-0.225097597,-0.0161215849,0.0133775426,-0.01571499
0.197543532,-0.492260486,0.863999128,0.0586239854,0.00902924085,-0.919144408,0.389429402,-0.451999336,-0.0193130784,0.051962994,0.728151083,-0.481551886,0.0869264156,-0.570390999,0.00941280928,0.180794537,0.808507383,-0.357281506,0.00854101684,0.463209748,-0.445374906,0.409133226,1.14900005,2.25149989,1.99860239,-1.04586458,-0.00643742085,-0.0267901979,0.00762560405,0.268119037,-2.25149989,-2,-0.233375981,-0.0148157198,0.0126588689,-0.0138154123
0.197254926,-0.49092263,0.8623631,0.0612848621,0.0101925119,-0.919543265,0.388046984,-0.467556,-0.0157543197,0.0529627316,0.744244814,-0.486391068,0.0884552598,-0.584627628,0.0138675869,0.180895388,0.819576979,-0.360503137,0.00596461585,0.462069452,-0.445282966,0.408847809,1.14900005,2.25149989,1.99739397,-1.04463959,-0.00627566501,-0.0263983347,0.00786821451,0.269452453,-2.25149989,-2,-0.240465909,-0.013533433,0.0119540459,-0.0119435312
0.196167007,-0.490174711,0.860881686,0.0659268435,0.0118532868,-0.919628471,0.38703569,-0.485488206,-0.0127966851,0.0535174161,0.758660316,-0.490534753,0.0904671773,-0.601428211,0.0176377278,0.180634528,0.830004692,-0.364162028,0.00342759397,0.462992489,-0.445445359,0.407874942,1.14900005,2.25149989,1.99355936,-1.04071808,-0.00612708787,-0.0260319076,0.00802789163,0.271352947,-2.25149989,-2,-0.243355945,-0.0123122213,0.0112900045,-0.0101336166
0.194794074,-0.489564061,0.859440446,0.0710460926,0.0135143629,-0.91963396,0.386061127,-0.50358355,-0.0101175494,0.0541027188,0.772364497,-0.494529814,0.0926158726,-0.618545592,0.0210184287,0.180266574,0.840154469,-0.368312716,0.00100258167,0.464645714,-0.445738524,0.406673789,1.14900005,2.25149989,1.98771966,-1.03539073,-0.00598213589,-0.0256817006,0.0081577953,0.273751497,-2.25149989,-2,-0.244926363,-0.0111091658,0.010639675,-0.00834176224
0.192851886,-0.489227951,0.858080149,0.0771187998,0.0151758162,-0.919494131,0.385166105,-0.522001028,-0.00799550489,0.0547490865,0.784644723,-0.498226941,0.0950374529,-0.636292458,0.0236201994,0.179684699,0.849746585,-0.373445481,-0.00119810074,0.467757612,-0.446293145,0.40501672,1.14900005,2.25149989,1.97787428,-1.0272553,-0.00584445847,-0.0253639743,0.00822817162,0.277144879,-2.25149989,-2,-0.243859321,-0.00994264148,0.0100168772,-0.0065863654
0.190532714,-0.488944203,0.856747627,0.0834132161,0.0164765944,-0.91932705,0.384198559,-0.539445519,-0.0063437135,0.0556588471,0.795663774,-0.502000213,0.0978127867,-0.653447986,0.0255570784,0.178991079,0.858756781,-0.379785299,-0.00292223133,0.472497046,-0.447164834,0.403172165,1.14900005,2.25149989,1.96107888,-1.01689172,-0.00571438158,-0.0250961743,0.00825104304,0.282475829,-2.25149989,-2,-0.240213126,-0.00881287269,0.00942181796,-0.00487669697
0.188025862,-0.48868677,0.85542953,0.0898139165,0.0175960117,-0.919125662,0.383186454,-0.556396127,-0.00492784148,0.0566999987,0.806047499,-0.505810142,0.100763962,-0.670300663,0.0271605533,0.178241819,0.867472172,-0.386726379,-0.00440726336,0.478048772,-0.448194832,0.401234597,1.14900005,2.25149989,1.9408133,-1.00541759,-0.0055881599,-0.0248534586,0.00825014152,0.288773894,-2.25149989,-2,-0.235278204,-0.00770194922,0.0088408757,-0.00319060008
0.185440183,-0.488191992,0.854076266,0.0954781672,0.01791181,-0.919062591,0.38195162,-0.5705446,-0.00410709158,0.0583298653,0.815399051,-0.509881377,0.104269855,-0.685232043,0.0283165202,0.177703142,0.876166224,-0.394402623,-0.00503082108,0.486185789,-0.449548602,0.399456531,1.14900005,2.25149989,1.9080143,-0.994367361,-0.00547230151,-0.0246796273,0.00819802471,0.299430341,-2.25149989,-2,-0.226850271,-0.00665864302,0.0083061019,-0.00161224802
0.182967037,-0.487545907,0.852699876,0.10067561,0.0179148814,-0.919076355,0.380581308,-0.583420277,-0.00348939421,0.0603058264,0.824531376,-0.513946891,0.107855149,-0.699447274,0.0294227675,0.177471012,0.885313928,-0.4018071,-0.00537824631,0.494868666,-0.450907499,0.397789657,1.14900005,2.25149989,1.87215805,-0.984648407,-0.00535748061,-0.0245127343,0.00813255366,0.311833709,-2.25149989,-2,-0.217997521,-0.0056426134,0.00778876152,-8.3045481e-05
0.180720374,-0.486597627,0.851278186,0.104940441,0.0172934483,-0.919282352,0.378956988,-0.593743145,-0.00327805616,0.0629725605,0.833220005,-0.517998755,0.111597002,-0.71222204,0.0304289274,0.177851871,0.895362973,-0.408663601,-0.00517336,0.50463748,-0.452275783,0.396346122,1.14900005,2.25149989,1.83021116,-0.977597177,-0.00524480641,-0.0243598204,0.00804041978,0.3277224,-2.25149989,-2,-0.208300844,-0.00468174089,0.0073065944,0.00134695449
0.178806454,-0.485356331,0.849821448,0.108215441,0.0158450108,-0.919753831,0.376949923,-0.601187825,-0.00361237442,0.0666326657,0.841024041,-0.521989107,0.115283847,-0.72352165,0.0312357061,0.179466039,0.906766057,-0.414744079,-0.00433322135,0.514070153,-0.453476757,0.395114839,1.14900005,2.25149989,1.7871449,-0.973808348,-0.0051266728,-0.0241778567,0.0079261316,0.346434653,-2.25149989,-2,-0.200033158,-0.00377869559,0.00685857935,0.00266717118
0.177058548,-0.483968288,0.84834677,0.110995304,0.0139824389,-0.920352189,0.374748426,-0.607194364,-0.00421980442,0.0707904473,0.848386943,-0.525949597,0.118943878,-0.734085798,0.0319428965,0.181697622,0.918848753,-0.420437664,-0.0031750917,0.523336291,-0.454594254,0.393989474,1.14900005,2.25149989,1.74351108,-0.9716506,-0.00500578294,-0.0239813104,0.00780073879,0.366562635,-2.25149989,-2,-0.192479014,-0.00290439371,0.00642755534,0.00393273868
0.175714001,-0.482329011,0.846855998,0.112788232,0.0106863172,-0.921324684,0.371921288,-0.610050678,-0.00602255017,0.0764209479,0.853918314,-0.529651582,0.122267291,-0.74301219,0.0322995,0.18633689,0.932654202,-0.425520509,-0.000904415734,0.530048907,-0.455350548,0.393108994,1.14900005,2.25149989,1.70514274,-0.973774433,-0.00486867828,-0.0236921608,0.00764891412,0.388091743,-2.25149989,-2,-0.18885982,-0.0021102149,0.00603491487,0.00504249241
0.174474031,-0.480623603,0.845374823,0.114482376,0.00704116206,-0.922339342,0.368963882,-0.612507522,-0.00824730657,0.082372658,0.858899653,-0.533041775,0.125390053,-0.751862347,0.0326110497,0.191610932,0.946774244,-0.43035242,0.00167364359,0.53564477,-0.455995619,0.3922984,1.14900005,2.25149989,1.66983342,-0.977106273,-0.00472605927,-0.023365479,0.0074910745,0.40947333,-2.25149989,-2,-0.186491117,-0.00134108576,0.00565114524,0.00610394869
0.17344366,-0.47878617,0.843913496,0.115980325,0.00269847341,-0.923453435,0.365752697,-0.614164531,-0.0113162333,0.0889660418,0.862778842,-0.535807133,0.128110617,-0.760557771,0.0328323692,0.198154315,0.961520791,-0.434681118,0.00486638211,0.539004564,-0.456418097,0.391627848,1.14900005,2.25149989,1.64065301,-0.982854962,-0.00457243295,-0.0229637418,0.00732122734,0.430555344,-2.25149989,-2,-0.186625734,-0.000622248277,0.00528520765,0.0070685246
0.172675744,-0.476738334,0.842515588,0.117588082,-0.00174784547,-0.92445953,0.362690729,-0.615940869,-0.0148166455,0.0956083536,0.865729213,-0.537505984,0.130458057,-0.769976377,0.0330547765,0.204926997,0.976143837,-0.437833369,0.00827373192,0.540282011,-0.456602603,0.391104996,1.14900005,2.25149989,1.61852479,-0.990140676,-0.0044122301,-0.022493016,0.00714735966,0.45166409,-2.25149989,-2,-0.189293087,4.13702946e-05,0.00493769627,0.00793375634
0.172038943,-0.474585116,0.841149032,0.119248918,-0.00624630368,-0.925396494,0.359697107,-0.61777699,-0.0185330492,0.102275781,0.868215561,-0.53867203,0.132619277,-0.779757321,0.0332777463,0.211814955,0.990706682,-0.440398067,0.0117886802,0.540518999,-0.456668288,0.390655875,1.14900005,2.25149989,1.59991872,-0.998195112,-0.00424872478,-0.0219877604,0.00697146542,0.472788364,-2.25149989,-2,-0.193226486,0.000677460805,0.00459935749,0.00874942821
0.171888962,-0.472098589,0.839958787,0.121174278,-0.0100011592,-0.925928677,0.357593142,-0.620861888,-0.0219560787,0.107968077,0.869542241,-0.538090348,0.134371743,-0.790991545,0.0334523916,0.217205524,1.00384152,-0.440294743,0.015009569,0.537722826,-0.455965102,0.39040184,1.14900005,2.25149989,1.59092486,-1.00614238,-0.00408494473,-0.0214110464,0.00680327974,0.494935393,-2.25149989,-2,-0.201542407,0.0012169769,0.00429435819,0.00941371266
0.17192471,-0.469569832,0.838858485,0.123100667,-0.0133105395,-0.926282875,0.355906014,-0.624634206,-0.0250272099,0.113046989,0.870605826,-0.537055433,0.135953367,-0.802553356,0.033576943,0.221702933,1.01625896,-0.439017177,0.0181137361,0.533890128,-0.45464316,0.390186012,1.14900005,2.25149989,1.58423221,-1.0131923,-0.00392384082,-0.0208265148,0.00664094696,0.517555833,-2.25149989,-2,-0.211067021,0.0017177983,0.00400138041,0.0100299055
0.172331825,-0.466958195,0.837938368,0.125031646,-0.015727486,-0.926309319,0.355064471,-0.629778802,-0.0273928791,0.116896428,0.871142447,-0.535114884,0.137192473,-0.814762831,0.033601243,0.224411756,1.02723432,-0.435392678,0.0209826287,0.527987421,-0.452084869,0.390046716,1.14900005,2.25149989,1.58214426,-1.01844347,-0.00376818515,-0.0202267095,0.00649041589,0.541108906,-2.25149989,-2,-0.223002434,0.00214094808,0.00373261655,0.0105495714
0.173168644,-0.464529335,0.837244153,0.126729781,-0.0170260773,-0.926003122,0.355201201,-0.63641417,-0.0287389252,0.119265199,0.871262014,-0.533013523,0.138256267,-0.827161431,0.0334573798,0.224943966,1.03651834,-0.42914772,0.0237957612,0.520452559,-0.447263718,0.389914095,1.14900005,2.25149989,1.58321762,-1.02046609,-0.00362044573,-0.0196495671,0.00635174522,0.565984488,-2.25149989,-2,-0.235332727,0.00247011986,0.00348924147,0.0109742777
0.174219742,-0.462193072,0.836663127,0.128310832,-0.0177652952,-0.92553117,0.355826893,-0.64379102,-0.0295748841,0.120893031,0.871173143,-0.530832827,0.139231965,-0.839648306,0.0332295708,0.22438845,1.04495287,-0.421596795,0.0265796036,0.512106121,-0.441314429,0.389784843,1.14900005,2.25149989,1.58586943,-1.0208745,-0.00347673637,-0.0190840382,0.0062190704,0.59150815,-2.25149989,-2,-0.247854024,0.00275217416,0.00325867394,0.0113513274
0.175879493,-0.460592926,0.836403668,0.129528794,-0.0164588825,-0.924488451,0.358151505,-0.652839124,-0.0287804566,0.120257348,0.869973421,-0.52998668,0.141246945,-0.851382136,0.032670211,0.219843537,1.05011714,-0.411819965,0.0289538354,0.502263546,-0.431174636,0.389556259,1.14900005,2.25149989,1.59227371,-1.01413417,-0.00334402919,-0.0186073817,0.00609602127,0.618829787,-2.25149989,-2,-0.257003009,0.00288196141,0.00306732836,0.011576226
0.177693203,-0.459328651,0.836215973,0.130723606,-0.0143249707,-0.923248004,0.360997585,-0.661999226,-0.0276022889,0.118741721,0.868089974,-0.530076861,0.14420782,-0.862327993,0.0320304707,0.214027464,1.05389166,-0.402438283,0.0309182946,0.491899729,-0.419904053,0.389279664,1.14900005,2.25149989,1.59952974,-1.00420427,-0.00321274879,-0.0181726515,0.0059716003,0.645745516,-2.25149989,-2,-0.264140368,0.00296175643,0.00288725761,0.0117482431
0.179815307,-0.458736181,0.836171806,0.131871409,-0.0105347397,-0.921606054,0.364885231,-0.671385109,-0.0256560035,0.115464963,0.864837885,-0.532040596,0.149062052,-0.871699274,0.0312297661,0.205666542,1.05488563,-0.393845558,0.0320631862,0.480490834,-0.406368405,0.388906986,1.14900005,2.25149989,1.6084919,-0.987890005,-0.00308429589,-0.0178217366,0.00584440911,0.671854377,-2.25149989,-2,-0.267253906,0.00294153183,0.00272971136,0.0118144806
0.182117745,-0.458745003,0.836186767,0.133009144,-0.00540807583,-0.919779671,0.369167547,-0.680021167,-0.0236410089,0.110343784,0.860190213,-0.536277652,0.155815542,-0.878786981,0.0304697659,0.196568847,1.05311441,-0.387509644,0.0322304629,0.467865467,-0.391973168,0.388508439,1.14900005,2.25149989,1.61807263,-0.965898097,-0.00295433681,-0.0175596848,0.0057075778,0.694248855,-2.25149989,-2,-0.266400427,0.00282925344,0.00259117549,0.0117897
0.184510931,-0.45905444,0.836231172,0.134137155,0.000388256337,-0.917825949,0.373634313,-0.688284516,-0.0215912089,0.104298942,0.854843438,-0.541652679,0.163520426,-0.88473475,0.02972994,0.187100574,1.0499599,-0.382300526,0.0319089703,0.454628289,-0.377144307,0.388096869,1.14900005,2.25149989,1.62796509,-0.941061378,-0.00282358774,-0.0173419937,0.00556588639,0.714792013,-2.25149989,-2,-0.263563186,0.00267091417,0.00246210629,0.0117194057
0.186694235,-0.459786981,0.836277485,0.13496095,0.00610521791,-0.916185879,0.377295246,-0.694465399,-0.0203027576,0.0973778442,0.849313021,-0.548583627,0.171155304,-0.887742221,0.0292911902,0.18002443,1.04477096,-0.380126119,0.030821586,0.441851616,-0.364255726,0.387810767,1.14900005,2.25149989,1.63676584,-0.915639758,-0.00270485855,-0.0172334779,0.00542814285,0.727783382,-2.25149989,-2,-0.2578502,0.00244671991,0.0023688795,0.0115852281
0.186694235,-0.459786981,0.836276734,0.134959629,0.00610515814,-0.916186024,0.37729537,-0.694461631,-0.0203025576,0.0973768849,0.849311245,-0.548581799,0.171153618,-0.88773655,0.0292909017,0.180022657,1.04476725,-0.38012595,0.0308212824,0.441847263,-0.364252138,0.387806947,1.1489907,2.25147968,1.63674971,-0.915624828,-0.0027048319,-0.0172333081,0.00542808938,0.727778183,-2.25147968,-1.9999803,-0.25784175,0.00244669581,0.00236885617,0.011585114
0.186694235,-0.459786981,0.836271564,0.134950539,0.00610474694,-0.916187015,0.37729622,-0.694435712,-0.0203011817,0.0973702858,0.849299025,-0.548569222,0.171142019,-0.887697533,0.0292889166,0.180010457,1.04474179,-0.380124789,0.0308191937,0.44181732,-0.364227453,0.387780665,1.14892639,2.25134066,1.63663879,-0.915522115,-0.0027046486,-0.0172321403,0.00542772152,0.727742416,-2.25134066,-1.99984476,-0.257783614,0.00244653,0.00236869563,0.0115843289
0.186694235,-0.459786981,0.836257806,0.134926345,0.00610365246,-0.916189654,0.377298482,-0.694366724,-0.0202975196,0.0973527211,0.849266501,-0.548535747,0.171111146,-0.887593682,0.0292836332,0.179977985,1.04467401,-0.3801217,0.0308136342,0.44173762,-0.36416175,0.387710713,1.14875521,2.25097061,1.63634356,-0.915248729,-0.0027041607,-0.0172290317,0.00542674241,0.727647216,-2.25097061,-1.99948401,-0.257628878,0.00244608867,0.00236826834,0.0115822392
0.186694235,-0.459786981,0.836231549,0.134880173,0.00610156382,-0.916194689,0.377302799,-0.694235073,-0.020290531,0.0973192018,0.849204434,-0.548471866,0.171052232,-0.887395501,0.0292735506,0.179916017,1.04454466,-0.380115805,0.0308030248,0.441585526,-0.364036366,0.387577221,1.14842855,2.25026445,1.63578015,-0.914727018,-0.00270322964,-0.0172230997,0.00542487394,0.727465543,-2.25026445,-1.99879557,-0.25733359,0.00244524646,0.00236745293,0.0115782514
0.186694235,-0.459786981,0.836189146,0.134805607,0.00609819065,-0.916202815,0.37730977,-0.694022456,-0.0202792445,0.0972650684,0.849104196,-0.548368698,0.170957084,-0.88707544,0.0292572673,0.179815939,1.04433577,-0.380106284,0.0307858908,0.441339897,-0.363833873,0.387361633,1.14790099,2.249124,1.63487026,-0.913884458,-0.00270172598,-0.0172135194,0.00542185638,0.727172143,-2.249124,-1.99768375,-0.256856702,0.0024438863,0.00236613605,0.011571811
0.186694235,-0.459786981,0.836127198,0.134696669,0.00609326266,-0.916214678,0.377319949,-0.69371184,-0.0202627558,0.0971859839,0.848957756,-0.548217978,0.170818082,-0.886607856,0.0292334788,0.179669734,1.04403059,-0.380092376,0.0307608593,0.440981051,-0.363538046,0.387046676,1.14713027,2.24745789,1.63354097,-0.912653545,-0.00269952926,-0.0171995234,0.00541744796,0.726743508,-2.24745789,-1.99605947,-0.256160007,0.00244189922,0.00236421218,0.0115624022
0.186694235,-0.459786981,0.836042555,0.13454782,0.00608652918,-0.916230868,0.37733385,-0.693287431,-0.0202402265,0.0970779268,0.848757668,-0.548012041,0.170628157,-0.885968973,0.0292009753,0.179469967,1.04361361,-0.380073371,0.0307266576,0.440490742,-0.363133843,0.386616335,1.14607719,2.24518141,1.63172471,-0.910971687,-0.00269652776,-0.0171803999,0.00541142452,0.726157844,-2.24518141,-1.99384013,-0.255208078,0.00243918417,0.00236158351,0.0115495464
0.186694235,-0.459786981,0.835932309,0.134353942,0.00607775871,-0.916251925,0.377351943,-0.692734643,-0.0202108823,0.096937184,0.848497057,-0.547743812,0.170380781,-0.885136838,0.0291586399,0.179209773,1.04307049,-0.380048619,0.0306821103,0.439852122,-0.362607374,0.386055822,1.14470558,2.24221632,1.62935905,-0.908781093,-0.00269261836,-0.0171554919,0.00540357908,0.725395024,-2.24221632,-1.99094948,-0.253968204,0.00243564787,0.00235815971,0.011532802
0.186694235,-0.459786981,0.835793788,0.134110331,0.0060667385,-0.916278333,0.377374656,-0.692040079,-0.0201740122,0.096760344,0.848169605,-0.547406789,0.17006996,-0.884091279,0.0291054466,0.178882845,1.04238809,-0.380017517,0.0306261377,0.439049711,-0.361945879,0.38535155,1.14298217,2.23849076,1.62638665,-0.906028663,-0.00268770628,-0.0171241956,0.00539372148,0.72443656,-2.23849076,-1.98731744,-0.252410332,0.00243120458,0.00235385778,0.011511763
0.186694235,-0.459786981,0.83562455,0.133812688,0.00605327406,-0.916310521,0.377402374,-0.691191495,-0.020128966,0.0965442898,0.847769541,-0.546995031,0.169690214,-0.882813868,0.0290404576,0.178483421,1.04155436,-0.379979519,0.0305577533,0.438069366,-0.361137697,0.384491107,1.14087661,2.23393905,1.62275512,-0.902665882,-0.00268170496,-0.0170859593,0.00538167794,0.723265556,-2.23393905,-1.98288,-0.250507002,0.00242577599,0.0023486019,0.0114860586
0.186694235,-0.459786981,0.835422378,0.133457109,0.00603718874,-0.916348864,0.377435441,-0.690177778,-0.020075154,0.0962861917,0.847291625,-0.546503145,0.169236571,-0.881287874,0.0289628219,0.17800627,1.04055838,-0.379934127,0.0304760612,0.436898247,-0.360172245,0.383463222,1.1383613,2.22850159,1.61841691,-0.898648708,-0.00267453578,-0.0170402823,0.00536729076,0.721866677,-2.22850159,-1.97757904,-0.248233287,0.002419291,0.00234232323,0.0114553522
0.186694235,-0.459786981,0.835185275,0.133040072,0.00601832328,-0.916393681,0.37747416,-0.688988915,-0.0200120445,0.0959835006,0.846731137,-0.545926274,0.168704548,-0.879498227,0.0288717726,0.177446678,1.03939033,-0.379880891,0.0303802548,0.435524787,-0.359039985,0.382257743,1.13541141,2.22212467,1.61332915,-0.893937465,-0.00266612795,-0.0169867135,0.00535041782,0.720226105,-2.22212467,-1.9713622,-0.245566729,0.00241168558,0.00233495976,0.0114193404
0.186694235,-0.459786981,0.83491146,0.132558431,0.00599653535,-0.916445234,0.37751879,-0.687615969,-0.0199391631,0.0956339408,0.846083862,-0.545260079,0.168090147,-0.877431469,0.0287666252,0.17680044,1.03804141,-0.379819413,0.0302696138,0.433938661,-0.357732407,0.380865609,1.13200476,2.21476035,1.60745361,-0.888496733,-0.00265641825,-0.01692485,0.00533093227,0.718331507,-2.21476035,-1.96418275,-0.242487282,0.00240290252,0.00232645613,0.0113777526
0.186694235,-0.459786981,0.834599358,0.132009406,0.00597169914,-0.916503731,0.377569552,-0.686051047,-0.019856091,0.0952355029,0.845346081,-0.544500732,0.167389837,-0.875075723,0.0286467754,0.17606384,1.03650388,-0.379749339,0.0301435021,0.43213075,-0.356241993,0.379278816,1.12812177,2.20636629,1.60075651,-0.882295237,-0.00264535086,-0.0168543363,0.0053087221,0.716171992,-2.20636629,-1.95599941,-0.238977243,0.00239289135,0.00231676346,0.0113303497
0.186694235,-0.459786981,0.834247598,0.13139057,0.00594370489,-0.916569323,0.377626624,-0.684287277,-0.0197624632,0.0947864371,0.844514553,-0.543644898,0.16660054,-0.872420641,0.0285116967,0.175233643,1.03477099,-0.379670361,0.0300013658,0.430093116,-0.354562198,0.377490395,1.12374538,2.19690563,1.59320843,-0.875305742,-0.00263287719,-0.0167748627,0.00528368979,0.713738077,-2.19690563,-1.94677625,-0.235021198,0.00238160811,0.00230583918,0.0112769235
0.186694235,-0.459786981,0.833855008,0.130699841,0.00591245846,-0.916642105,0.377690146,-0.682318777,-0.0196579675,0.094285246,0.843586505,-0.542689724,0.165719626,-0.869457371,0.0283609387,0.17430708,1.03283694,-0.379582215,0.0298427311,0.427818963,-0.352687421,0.375494383,1.118861,2.18634683,1.58478421,-0.867504941,-0.00261895563,-0.0166861643,0.00525575184,0.711021644,-2.18634683,-1.93648251,-0.230605954,0.00236901516,0.00229364686,0.0112172958
0.186694235,-0.459786981,0.833420606,0.129935475,0.00587788088,-0.916722117,0.377760219,-0.68014063,-0.0195423429,0.0937306773,0.842559619,-0.541632821,0.164744893,-0.866178508,0.0281941249,0.173281838,1.03069692,-0.379484681,0.0296672016,0.42530261,-0.350612978,0.373285794,1.11345642,2.1746635,1.5754628,-0.858873344,-0.00260355141,-0.0165880193,0.00522483846,0.708015908,-2.1746635,-1.92509247,-0.225720481,0.00235508104,0.00228015605,0.0111513177
0.186694235,-0.459786981,0.832943599,0.129096052,0.00583990795,-0.916809347,0.377836905,-0.677748853,-0.0194153781,0.0931217175,0.841432018,-0.54047226,0.163674561,-0.86257806,0.0280109502,0.172156041,1.02834701,-0.379377582,0.0294744565,0.422539457,-0.348335077,0.370860589,1.10752178,2.16183429,1.56522716,-0.849395175,-0.00258663637,-0.0164802484,0.00519089316,0.704715374,-2.16183429,-1.91258532,-0.220355849,0.00233978029,0.00226534208,0.0110788686
0.186694235,-0.459786981,0.832423374,0.128180468,0.00579848978,-0.916903727,0.377920229,-0.675140375,-0.0192769098,0.0924575842,0.840202253,-0.539206548,0.162507252,-0.858651401,0.0278111793,0.170928244,1.02578419,-0.379260779,0.0292642481,0.419525954,-0.345850792,0.368215655,1.10104944,2.14784271,1.55406414,-0.839058256,-0.00256818878,-0.0163627132,0.00515387231,0.701115802,-2.14784271,-1.89894498,-0.214505166,0.00232309325,0.00224918592,0.0109998554
0.186694235,-0.459786981,0.831859493,0.127187929,0.00575359035,-0.917005142,0.37801018,-0.672313003,-0.0191268219,0.0917377194,0.838869291,-0.537834623,0.161241989,-0.854395232,0.0275946445,0.169597415,1.0230063,-0.379134174,0.0290363998,0.41625957,-0.343158035,0.365348767,1.09403397,2.13267702,1.54196436,-0.827853903,-0.00254819314,-0.0162353149,0.00511374481,0.697214168,-2.13267702,-1.88416,-0.208163516,0.00230500589,0.002231674,0.0109142117
0.186694235,-0.459786981,0.83125169,0.126117935,0.00570518711,-0.917113424,0.378106712,-0.6692654,-0.0189650432,0.0909617825,0.8374325,-0.536355835,0.15987817,-0.849807539,0.0273612432,0.168162925,1.02001204,-0.378997708,0.0287908038,0.412738759,-0.340255532,0.36225857,1.08647204,2.11633003,1.5289221,-0.815776815,-0.00252663999,-0.0160979932,0.00507049168,0.693008627,-2.11633003,-1.86822338,-0.2013279,0.00228550967,0.00221279804,0.010821897
0.186694235,-0.459786981,0.830599863,0.124970275,0.00565327054,-0.917228357,0.378209745,-0.665997054,-0.0187915466,0.0901296432,0.835891641,-0.534769936,0.158415568,-0.844887552,0.0271109362,0.166624531,1.0168009,-0.378851357,0.0285274189,0.40896293,-0.337142796,0.358944546,1.07836239,2.098799,1.51493517,-0.802824963,-0.0025035257,-0.015950725,0.00502410566,0.68849847,-2.098799,-1.85113244,-0.193997168,0.0022646013,0.00219255485,0.0107228958
0.186694235,-0.459786981,0.82990407,0.123745019,0.00559784372,-0.917349684,0.378319167,-0.662508252,-0.0186063474,0.0892413745,0.834246848,-0.533077065,0.15685431,-0.839635702,0.0268437456,0.164982371,1.01337317,-0.378695135,0.0282462682,0.404932414,-0.3338201,0.355406984,1.06970573,2.08008547,1.50000479,-0.788999484,-0.00247885232,-0.0157935234,0.00497459081,0.683684095,-2.08008547,-1.83288869,-0.186171964,0.00224228262,0.00217094622,0.0106172168
0.186694235,-0.459786981,0.82916452,0.122442503,0.00553892191,-0.9174771,0.378434835,-0.658800051,-0.0184095016,0.0882972458,0.83249862,-0.531277736,0.155194871,-0.834053583,0.0265597523,0.163236941,1.00972987,-0.378529088,0.0279474369,0.400648434,-0.330288452,0.351646957,1.06050468,2.06019512,1.4841355,-0.774304571,-0.00245262731,-0.0156264359,0.00492196215,0.678566962,-2.06019512,-1.81349765,-0.177854661,0.00221856041,0.00214797871,0.010504892
0.186694235,-0.459786981,0.828381573,0.121063325,0.00547653214,-0.917610264,0.378556577,-0.654874254,-0.018201105,0.0872977158,0.830647806,-0.529372822,0.153438055,-0.828143905,0.0262590943,0.161389089,1.00587279,-0.378353298,0.0276310703,0.39611307,-0.326549567,0.347666293,1.05076372,2.0391376,1.467335,-0.758747361,-0.00242486342,-0.0154495437,0.00486624525,0.673149555,-2.0391376,-1.79296875,-0.1690493,0.00219344617,0.00212366346,0.010385976
0.186694235,-0.459786981,0.827555732,0.119608333,0.00541071277,-0.917748796,0.378684194,-0.650733377,-0.0179812911,0.0862434253,0.828695593,-0.527363545,0.151584991,-0.821910459,0.0259419645,0.15944,1.00180439,-0.378167877,0.0272973711,0.39132923,-0.322605843,0.343467543,1.04048908,2.01692642,1.44961406,-0.742337832,-0.00239557846,-0.0152629602,0.00480747583,0.66743535,-2.01692642,-1.77131515,-0.159761527,0.00216695602,0.00209801608,0.0102605451
0.186694235,-0.459786981,0.826687636,0.118078616,0.00534151308,-0.917892282,0.37881746,-0.646380627,-0.0177502301,0.0851351905,0.826643492,-0.52525146,0.149637112,-0.81535807,0.0256086082,0.157391184,0.997527831,-0.377972968,0.0269465978,0.386300619,-0.318460333,0.339053958,1.02968873,1.99357877,1.43098641,-0.725088686,-0.00236479509,-0.01506683,0.00474569939,0.661428769,-1.99357877,-1.74855361,-0.149998533,0.00213911047,0.00207105641,0.0101286963
0.186694235,-0.459786981,0.825778055,0.116475496,0.00526899287,-0.918040278,0.378956125,-0.64181987,-0.0175081273,0.0839739961,0.824493326,-0.523038445,0.147596149,-0.808492559,0.0252593217,0.15524446,0.993046903,-0.377768746,0.0265790619,0.381031704,-0.314116719,0.33442946,1.01837226,1.9691154,1.41146859,-0.707015248,-0.00233254066,-0.0148613272,0.00468097081,0.65513515,-1.9691154,-1.72470436,-0.139768989,0.00210993425,0.0020428084,0.00999054674
0.186694235,-0.459786981,0.824827888,0.114800517,0.00519322198,-0.918192312,0.37909992,-0.637055606,-0.0172552215,0.0827609877,0.822247218,-0.520726682,0.145464116,-0.8013207,0.0248944496,0.153001946,0.98836603,-0.377555411,0.0261951261,0.375527683,-0.309579288,0.32959861,1.00655083,1.94356045,1.39107986,-0.68813535,-0.002298847,-0.0146466546,0.00461335396,0.6485607,-1.94356045,-1.69979092,-0.129082991,0.00207945615,0.00201329994,0.00984623281
0.186694235,-0.459786981,0.823838153,0.113055438,0.00511427997,-0.918347891,0.379248551,-0.632092942,-0.0169917839,0.0814974653,0.819907573,-0.518318649,0.143243297,-0.79385018,0.0245143829,0.150666046,0.983490229,-0.377333191,0.0257952018,0.369794454,-0.304852902,0.324566587,0.994237121,1.91694129,1.36984206,-0.668469226,-0.00226375022,-0.0144230423,0.00454292131,0.641712468,-1.91694129,-1.67384,-0.117951989,0.00204770883,0.00198256263,0.00969590914
0.186694235,-0.459786981,0.822809982,0.111242221,0.0050322556,-0.918506498,0.37940171,-0.62693756,-0.0167181161,0.0801848762,0.817477073,-0.515817104,0.140936236,-0.786089554,0.024119557,0.148239435,0.978425084,-0.377102342,0.0253797471,0.363838586,-0.299942975,0.319339153,0.981445226,1.88928842,1.34777954,-0.648039402,-0.00222729051,-0.0141907464,0.00446975352,0.634598296,-1.88928842,-1.64688132,-0.106388734,0.00201472866,0.0019506317,0.0095397479
0.186694235,-0.459786981,0.821744621,0.109363023,0.00494724649,-0.918667603,0.379559072,-0.621595697,-0.0164345492,0.0788248078,0.814958655,-0.513225073,0.138545724,-0.77804821,0.0237104493,0.145725049,0.973176721,-0.376863143,0.0249492645,0.35766728,-0.294855445,0.313922632,0.968190619,1.86063529,1.32491897,-0.626870585,-0.00218951197,-0.0139500478,0.00439393909,0.627226789,-1.86063529,-1.61894748,-0.0944072104,0.00198055552,0.00191754575,0.00937793796
0.186694235,-0.459786981,0.820643416,0.107420188,0.00485935863,-0.918830663,0.379720295,-0.61607411,-0.0161414418,0.0774189807,0.812355508,-0.510545834,0.136074785,-0.769736319,0.0232875775,0.143126067,0.967751781,-0.376615897,0.0245042986,0.351288345,-0.289596749,0.308323875,0.95449007,1.83101814,1.30128926,-0.604989556,-0.00215046239,-0.0137012511,0.00431557394,0.619607271,-1.83101814,-1.59007383,-0.0820225758,0.00194523265,0.00188334665,0.00921068403
0.186694235,-0.459786981,0.819507815,0.105416237,0.00476870604,-0.918995125,0.37988503,-0.610380054,-0.015839179,0.0759692419,0.809671049,-0.507782908,0.133526664,-0.761164802,0.022851497,0.140445905,0.96215739,-0.376360927,0.024045434,0.344710161,-0.284173794,0.302550238,0.940361577,1.80047589,1.27692147,-0.582425062,-0.00211019308,-0.0134446831,0.004234761,0.611749754,-1.80047589,-1.56029829,-0.0692511005,0.00190880645,0.00184807932,0.00903820584
0.186694235,-0.459786981,0.818339356,0.103353856,0.00467541028,-0.919160434,0.380052913,-0.60452125,-0.0155281708,0.0744775574,0.80690892,-0.504940041,0.130904818,-0.752345283,0.0224027993,0.137688197,0.956401135,-0.37609858,0.0235732929,0.337941648,-0.278593935,0.296609551,0.9258243,1.76904994,1.25184864,-0.559207703,-0.00206875865,-0.0131806917,0.00415160989,0.603664894,-1.76904994,-1.52966125,-0.0561101046,0.00187132632,0.00181179159,0.00886073728
0.186694235,-0.459786981,0.817139669,0.101235891,0.00457960005,-0.919326032,0.380223577,-0.598505861,-0.0152088504,0.0729460054,0.80407297,-0.502021195,0.128212899,-0.743290049,0.0219421095,0.134856786,0.950491036,-0.375829222,0.0230885331,0.330992236,-0.272864946,0.29051009,0.910898493,1.7367841,1.2261057,-0.535369827,-0.00202621683,-0.0129096447,0.00406623643,0.595363953,-1.7367841,-1.49820539,-0.0426178962,0.00183284448,0.00177453402,0.00867852562
0.186694235,-0.459786981,0.815910464,0.0990653349,0.00448141078,-0.919491365,0.380396644,-0.592342462,-0.0148816732,0.0713767694,0.80116724,-0.49903053,0.125454745,-0.73401201,0.0214700844,0.131955707,0.944435517,-0.375553236,0.0225918458,0.323871833,-0.266994995,0.284260551,0.895605435,1.70372434,1.19972935,-0.510945415,-0.00198262825,-0.0126319286,0.00397876235,0.586858767,-1.70372434,-1.46597555,-0.02879371,0.00179341579,0.00173635972,0.00849183061
0.186694235,-0.459786981,0.814653527,0.096845321,0.00438098419,-0.919655884,0.380571736,-0.586040015,-0.0145471146,0.0697721309,0.798195956,-0.495972394,0.122634367,-0.724524656,0.0209874102,0.128989178,0.938243384,-0.375271023,0.022083953,0.316590792,-0.260992615,0.277870021,0.87996736,1.66991875,1.17275794,-0.485969981,-0.0019380563,-0.0123479472,0.00388931483,0.578161701,-1.66991875,-1.4330186,-0.0146576456,0.00175309757,0.00169732419,0.0083009237
0.186694235,-0.459786981,0.813370718,0.0945791117,0.00427846785,-0.919819051,0.380748472,-0.579607839,-0.0142056696,0.0681344626,0.795163511,-0.49285131,0.119755934,-0.714842014,0.0204948006,0.125961587,0.931923793,-0.374983002,0.0215656058,0.309159878,-0.254866683,0.271347948,0.864007391,1.6354173,1.14523136,-0.460480454,-0.00189256689,-0.0120581203,0.00379802612,0.569285615,-1.6354173,-1.39938326,-0.000230605205,0.00171194944,0.00165748516,0.00810608717
0.186694235,-0.459786981,0.81206396,0.0922700895,0.00417401479,-0.919980344,0.38092647,-0.573055583,-0.0138578502,0.0664662213,0.792074455,-0.48967196,0.116823764,-0.704978611,0.0199929948,0.122877475,0.925486224,-0.374689604,0.0210375818,0.301590239,-0.248626389,0.264704117,0.847749473,1.60027177,1.11719089,-0.434515073,-0.00184622825,-0.0117628827,0.00370503318,0.560243825,-1.60027177,-1.36512,0.0144657675,0.00167003314,0.00161690239,0.00790761332
0.186694235,-0.459786981,0.810735239,0.0899217475,0.00406778303,-0.920139253,0.381105351,-0.5663932,-0.0135041849,0.0647699411,0.78893348,-0.486439173,0.113842312,-0.694949428,0.0194827548,0.119741527,0.918940455,-0.374391274,0.020500683,0.293893374,-0.24228121,0.25794862,0.8312183,1.56453552,1.08867913,-0.40811328,-0.00179911078,-0.0114626829,0.00361047726,0.551050065,-1.56453552,-1.33028086,0.0294091497,0.00162741233,0.00157563753,0.00770580362
0.186694235,-0.459786981,0.809386594,0.0875376799,0.00395993515,-0.920295291,0.381284737,-0.559630917,-0.0131452166,0.0630482259,0.785745407,-0.483157912,0.110816155,-0.684769863,0.0189648641,0.116558556,0.912296536,-0.374088471,0.0199557336,0.286081097,-0.235840889,0.251091827,0.81443925,1.52826342,1.05973985,-0.381315604,-0.0017512868,-0.0111579818,0.00351450353,0.541718449,-1.52826342,-1.29491932,0.0445766005,0.00158415244,0.00153375392,0.00750096789
0.186694235,-0.459786981,0.808020116,0.0851215723,0.00385063788,-0.920447994,0.381464259,-0.552779212,-0.0127815013,0.0613037431,0.782515176,-0.47983326,0.10774998,-0.674455685,0.0184401248,0.113333495,0.905564758,-0.373781664,0.019403578,0.278165513,-0.229315402,0.244144362,0.797438316,1.49151167,1.03041789,-0.354163559,-0.0017028304,-0.0108492513,0.00341726064,0.532263434,-1.49151167,-1.25909017,0.0599446236,0.00154032049,0.00149131645,0.00729342343
0.186694235,-0.459786981,0.806637936,0.0826771918,0.00374006164,-0.920596922,0.381643553,-0.545848779,-0.0124136068,0.0595392158,0.779247828,-0.476470407,0.104648574,-0.664022995,0.0179093562,0.110071377,0.898755631,-0.373471331,0.0188450779,0.270158977,-0.222714936,0.237117068,0.780242037,1.45433764,1.000759,-0.326699532,-0.00165381723,-0.0105369735,0.00331890042,0.522699778,-1.45433764,-1.22284933,0.0754892284,0.0014959849,0.00144839136,0.00708349424
0.186694235,-0.459786981,0.805242226,0.0802083777,0.00362838008,-0.920741664,0.381822261,-0.538850507,-0.0120421112,0.0577574164,0.775948498,-0.473074637,0.10151681,-0.653488185,0.0173733921,0.106777328,0.891879853,-0.373157961,0.018281111,0.262074068,-0.216049861,0.230020988,0.762877433,1.41679972,0.970809806,-0.298966673,-0.0016043243,-0.0102216389,0.0032195774,0.513042508,-1.41679972,-1.18625375,0.0911859917,0.00145121533,0.0014050461,0.00687151017
0.186694235,-0.459786981,0.803835192,0.0777190312,0.00351576972,-0.920881839,0.382000039,-0.53179545,-0.0116676012,0.0559611593,0.772622398,-0.469651313,0.0983596351,-0.642867894,0.0168330792,0.10345655,0.884948284,-0.372842048,0.017712568,0.253923558,-0.209330705,0.22286733,0.745371931,1.37895722,0.940617597,-0.271008787,-0.00155442977,-0.00990374567,0.00311944847,0.503306878,-1.37895722,-1.14936123,0.10701012,0.0014060825,0.00136134913,0.00665780603
0.186694235,-0.459786981,0.802419065,0.0752131063,0.00340240938,-0.921017099,0.382176551,-0.524694801,-0.011290671,0.054153294,0.769274802,-0.466205866,0.0951820567,-0.632178969,0.0162892745,0.100114312,0.87797192,-0.372524094,0.0171403508,0.245720376,-0.202568126,0.215667441,0.7277533,1.34087016,0.910230272,-0.242870225,-0.00150421281,-0.00958379808,0.00301867245,0.493508332,-1.34087016,-1.11223029,0.122936511,0.001360658,0.00131736977,0.00644272084
0.186694235,-0.459786981,0.800996098,0.072694599,0.00328847987,-0.921147128,0.382351474,-0.517559861,-0.0109119205,0.052336698,0.76591104,-0.46274378,0.0919891328,-0.621438425,0.0157428437,0.0967559337,0.870961865,-0.372204604,0.0165653702,0.237477578,-0.19577289,0.208432782,0.710049584,1.30259917,0.879696199,-0.214595773,-0.00145375333,-0.00926230537,0.00291740976,0.483662467,-1.30259917,-1.07492004,0.138939815,0.00131501413,0.00127317802,0.00622659694
0.186694235,-0.459786981,0.799568564,0.0701675385,0.00317416343,-0.921271648,0.382524498,-0.510402014,-0.010531954,0.0505142698,0.762536478,-0.459270579,0.0887859581,-0.610663399,0.0151946585,0.0933867731,0.863929305,-0.371884088,0.0159885437,0.229208317,-0.188955837,0.201174896,0.692289031,1.26420531,0.849064095,-0.186230547,-0.00140313185,-0.00893978051,0.00281582196,0.473784991,-1.26420531,-1.03749,0.154994498,0.00126922372,0.0012288444,0.00600977918
0.186694235,-0.459786981,0.798138742,0.0676359762,0.00305964334,-0.921390416,0.382695329,-0.503232699,-0.0101513788,0.0486889221,0.75915651,-0.455791813,0.0855776519,-0.599871111,0.0146455951,0.0900122151,0.856885478,-0.371563059,0.015410793,0.220925808,-0.182127863,0.193905383,0.674500024,1.22574995,0.818382919,-0.157819879,-0.00135242927,-0.00861673895,0.00271407142,0.463891691,-1.22574995,-1,0.1710749,0.00122335996,0.00118443975,0.00579261407
0.186694235,-0.459786981,0.796708921,0.0651039766,0.00294510348,-0.921503227,0.382863685,-0.496063385,-0.00977080361,0.0468635743,0.755776543,-0.452313048,0.0823693456,-0.589078822,0.0140965317,0.086637657,0.849841651,-0.37124203,0.0148330424,0.212643299,-0.175299889,0.18663587,0.656711018,1.18729458,0.787701742,-0.129409211,-0.0013017267,-0.0082936974,0.00261232088,0.453998391,-1.18729458,-0.962509999,0.187155303,0.00117749619,0.0011400351,0.00557544896
0.186694235,-0.459786981,0.795281386,0.062575607,0.00283072782,-0.921609914,0.383029302,-0.488905538,-0.00939083712,0.0450411462,0.752401981,-0.448839847,0.0791661709,-0.578303796,0.0135483466,0.0832684965,0.842809091,-0.370921515,0.0142562158,0.204374038,-0.168482837,0.179377985,0.638950464,1.14890072,0.757069639,-0.101043985,-0.00125110522,-0.00797117254,0.00251073309,0.444120915,-1.14890072,-0.925079962,0.203209985,0.00113170578,0.00109570148,0.0053586312
0.186694235,-0.459786981,0.79385842,0.0600549273,0.00271670003,-0.921710349,0.383191933,-0.481770598,-0.00901208661,0.0432245502,0.749038219,-0.445377761,0.075973247,-0.567563252,0.0130019157,0.0799101179,0.835799036,-0.370602025,0.0136812352,0.19613124,-0.1616876,0.172143326,0.621246748,1.11062973,0.726535565,-0.072769533,-0.00120064574,-0.00764967983,0.0024094704,0.43427505,-1.11062973,-0.887769708,0.219213289,0.00108606191,0.00105150973,0.00514250731
0.186694235,-0.459786981,0.792442293,0.0575459804,0.002603203,-0.921804442,0.383351347,-0.474669948,-0.0086351564,0.0414166848,0.745690623,-0.441932314,0.0727956686,-0.556874328,0.012458111,0.07656788,0.828822672,-0.37028407,0.013109018,0.187928058,-0.154925022,0.164943437,0.603628118,1.07254267,0.69614824,-0.0446309707,-0.00115042878,-0.00732973223,0.00230869438,0.424476504,-1.07254267,-0.850638771,0.23513968,0.00104063741,0.00100753038,0.00492742212
0.186694235,-0.459786981,0.791035259,0.0550527819,0.00249041837,-0.92189214,0.383507329,-0.467614892,-0.00826064644,0.0396204278,0.742364522,-0.43850899,0.0696384933,-0.546254037,0.0119177981,0.0732471025,0.821891103,-0.369968157,0.012540475,0.179777548,-0.148205866,0.157789779,0.586122615,1.03470017,0.665956031,-0.0166730848,-0.00110053425,-0.00701183901,0.00220856544,0.414740874,-1.03470017,-0.81374625,0.250963808,0.000995504576,0.000963833407,0.00471371798
0.186694235,-0.459786981,0.789639549,0.05257931,0.00237852612,-0.921973431,0.383659683,-0.46061662,-0.00788915083,0.0378386284,0.739065192,-0.43511322,0.0665067294,-0.535719226,0.011381834,0.0699530531,0.815015325,-0.369654787,0.0119765081,0.171692639,-0.141540791,0.150693698,0.568758011,0.997162256,0.636006833,0.0110597742,-0.00105104131,-0.00669650444,0.00210924242,0.405083604,-0.997162256,-0.777150669,0.266660572,0.000950735008,0.000920488146,0.0045017339
0.186694235,-0.459786981,0.788257369,0.0501294957,0.00226770406,-0.922048336,0.383808231,-0.453686187,-0.00752125636,0.0360741011,0.735797845,-0.431750367,0.0634053236,-0.525286536,0.0108510654,0.0666909351,0.808206198,-0.369344455,0.0114180081,0.163686103,-0.134940324,0.143666405,0.551561733,0.959988219,0.606347951,0.038523801,-0.00100202815,-0.00638422661,0.0020108822,0.395519948,-0.959988219,-0.740909832,0.282205176,0.000906399419,0.000877563057,0.00429180472
0.186694235,-0.459786981,0.78689089,0.0477072128,0.00215812744,-0.922116914,0.383952812,-0.446834481,-0.00715754106,0.0343296182,0.732567613,-0.428425715,0.0603391488,-0.514972358,0.0103263261,0.0634658737,0.80147442,-0.369037648,0.0108658524,0.155770519,-0.128414837,0.136718939,0.534560799,0.923236468,0.577025984,0.0656758456,-0.00095357175,-0.00607549615,0.00191363932,0.386064932,-0.923236468,-0.705080678,0.2975732,0.000862567467,0.000835125584,0.00408426026
0.186694235,-0.459786981,0.785542246,0.0453162675,0.00204996843,-0.922179258,0.384093283,-0.440072199,-0.0067985727,0.0326079031,0.729379541,-0.425144454,0.0573129915,-0.504792793,0.00980843538,0.0602829034,0.794830501,-0.368734845,0.0103209031,0.147958242,-0.121974516,0.129862147,0.517781749,0.886964373,0.548086706,0.0924735214,-0.000905747772,-0.00577079501,0.00181766558,0.376733317,-0.886964373,-0.669719141,0.31274065,0.000819307579,0.000793241974,0.00387942452
0.186694235,-0.459786981,0.784213525,0.0429603886,0.00194339573,-0.922235493,0.384229519,-0.433409816,-0.00644490738,0.0309116228,0.726238565,-0.421911666,0.0543315396,-0.494763611,0.00929819542,0.0571469551,0.788284732,-0.368436515,0.00978400427,0.140261377,-0.115629338,0.12310665,0.501250575,0.851228125,0.519574948,0.118875315,-0.000858630297,-0.00547059523,0.00172310966,0.367539557,-0.851228125,-0.63488,0.327684033,0.000776686769,0.00075197711,0.00367761482
0.186694235,-0.459786981,0.782906767,0.0406432176,0.00183857405,-0.922285777,0.38436141,-0.42685756,-0.00609708804,0.0292433816,0.723149509,-0.418732316,0.0513993702,-0.484900208,0.00879638957,0.0540628431,0.781847163,-0.368143117,0.00925598024,0.132691738,-0.109389043,0.116462819,0.484992657,0.816082587,0.49153448,0.144840696,-0.00081229166,-0.00517535765,0.00163011673,0.358497767,-0.816082587,-0.600616739,0.342380405,0.000734770467,0.000711394341,0.00347914097
0.186694235,-0.459786981,0.781623958,0.0383682986,0.00173566371,-0.922330295,0.384488865,-0.420425384,-0.00575564299,0.0276057133,0.720117065,-0.415611232,0.048520937,-0.475217566,0.00830378004,0.0510352519,0.775527572,-0.367855095,0.00873763302,0.125260824,-0.103263111,0.109940746,0.469032689,0.781581142,0.464007894,0.170330223,-0.000766802245,-0.00488553073,0.00153882802,0.349621681,-0.781581142,-0.566981402,0.356807446,0.000693622342,0.000671555311,0.00328430445
0.186694235,-0.459786981,0.780367021,0.0361390683,0.00163482019,-0.92236926,0.384611809,-0.414122937,-0.00542108447,0.0260010748,0.717145781,-0.412553097,0.0457005583,-0.465730211,0.00782110585,0.0480687235,0.769335439,-0.367572883,0.00822974024,0.117979783,-0.0972607317,0.103550215,0.453394614,0.747775549,0.437036487,0.195305657,-0.000722230297,-0.00460154927,0.00144938049,0.340924615,-0.747775549,-0.534024448,0.37094351,0.000653304125,0.000632519785,0.00309339753
0.186694235,-0.459786981,0.779137815,0.0339588458,0.00153619364,-0.922402908,0.384730182,-0.407959538,-0.00509390718,0.0244318387,0.714240051,-0.409562432,0.0429424045,-0.456452172,0.0073490807,0.0451676445,0.76327992,-0.367296897,0.00773305289,0.11085938,-0.0913907803,0.0973006764,0.438101555,0.714715795,0.410660139,0.219730068,-0.000678641721,-0.00432383317,0.00136190641,0.332419428,-0.714715795,-0.501794611,0.384767696,0.000613875433,0.000594345485,0.00290670253
0.186694235,-0.459786981,0.777938128,0.0318308232,0.00143992845,-0.922431497,0.38484394,-0.401944149,-0.00477458682,0.0229002867,0.7114041,-0.406643586,0.0402504858,-0.447396938,0.00688839089,0.0423362327,0.757369821,-0.367027539,0.00724829312,0.103909968,-0.0856617915,0.0912012156,0.423175748,0.682449947,0.384917199,0.243567945,-0.000636099894,-0.00405278623,0.00127653296,0.324118488,-0.682449947,-0.47033875,0.398259905,0.000575393592,0.000557087913,0.00272449086
0.186694235,-0.459786981,0.77676967,0.0297580553,0.00134616281,-0.922455307,0.384953052,-0.396085345,-0.00446357861,0.0214086022,0.708641972,-0.403800719,0.0376286398,-0.438577419,0.00643969319,0.0395785248,0.751613566,-0.366765192,0.00677615202,0.0971414553,-0.0800819327,0.0852605284,0.408638472,0.651024004,0.359844368,0.266785304,-0.000594665463,-0.00378879484,0.00119338184,0.316033627,-0.651024004,-0.439701709,0.411400901,0.000537913463,0.000520800183,0.00254702231
0.186694235,-0.459786981,0.775634069,0.0277434498,0.00125502826,-0.922474631,0.385057504,-0.390391288,-0.00416131585,0.0199588634,0.705957513,-0.401037793,0.0350805192,-0.430005902,0.00600361273,0.0368983627,0.746019175,-0.366510222,0.00631728738,0.0905632707,-0.0746589777,0.0794868914,0.394509978,0.620481748,0.335476577,0.289349798,-0.000554396154,-0.00353222681,0.00111256891,0.308176111,-0.620481748,-0.409926172,0.424172376,0.000501487263,0.000485532853,0.00237454411
0.186694235,-0.459786981,0.774532864,0.0257897575,0.00116664923,-0.922489776,0.385157292,-0.384869702,-0.00386820846,0.0185530364,0.703354365,-0.398358554,0.0326095798,-0.421694012,0.0055807409,0.0342993812,0.740594235,-0.366262975,0.00587232149,0.0841843355,-0.0694002809,0.0738881347,0.380809429,0.5908646,0.311846872,0.311230827,-0.000515346581,-0.00328343008,0.00103420375,0.300556593,-0.5908646,-0.381052518,0.43655701,0.000466164392,0.00045133375,0.00220729018
0.186694235,-0.459786981,0.773467502,0.0238995621,0.00108114262,-0.922501062,0.385252427,-0.379527839,-0.0035846415,0.017192968,0.700835948,-0.395766523,0.0302190676,-0.413652667,0.00517163323,0.0317849947,0.735345872,-0.366023776,0.00544183891,0.0780130299,-0.0643127509,0.0684716132,0.367554823,0.562211468,0.288986297,0.332399644,-0.000477568041,-0.0030427315,0.000958389322,0.293185086,-0.562211468,-0.353118681,0.448538534,0.000431991254,0.000418247803,0.00204548024
0.186694235,-0.459786981,0.772439332,0.0220752711,0.000998617307,-0.922508814,0.385342929,-0.374372457,-0.00331097371,0.0158803788,0.698405447,-0.393264978,0.0279120069,-0.405892041,0.0047768073,0.0293583841,0.730280728,-0.365792927,0.00502638425,0.0720571615,-0.0594028239,0.0632441798,0.354762928,0.534558602,0.266923773,0.352829468,-0.000441108332,-0.00281043558,0.000885221535,0.286070914,-0.534558602,-0.32616,0.460101789,0.000399011083,0.00038631687,0.00188931901
0.186694235,-0.459786981,0.771449597,0.0203191053,0.000919173773,-0.922513363,0.385428831,-0.369409793,-0.00304753608,0.0146168564,0.696065803,-0.390856945,0.025691188,-0.398421521,0.00439674061,0.0270224842,0.725404926,-0.365570708,0.00462645997,0.0663239333,-0.054676438,0.0582121565,0.342449215,0.507939446,0.245685982,0.372495592,-0.000406011546,-0.00258682326,0.000814788882,0.279222681,-0.507939446,-0.300209079,0.471232791,0.000367263765,0.000355579567,0.00173899533
0.186694235,-0.459786981,0.77049943,0.0186330895,0.000842903607,-0.922515042,0.385510175,-0.364645529,-0.00279463034,0.013403848,0.693819694,-0.388545182,0.0235591546,-0.391249662,0.0040318685,0.0247799705,0.720724053,-0.365357373,0.00424252415,0.060819912,-0.0501390069,0.0533813069,0.330627789,0.482384489,0.225297251,0.39137549,-0.000372317885,-0.00237215068,0.000747172034,0.272648232,-0.482384489,-0.275295642,0.481918789,0.000336785664,0.000326071102,0.00159468141
0.186694235,-0.459786981,0.769589849,0.0170190423,0.000769889083,-0.922514181,0.385587014,-0.360084772,-0.00255252754,0.0122426536,0.691669529,-0.386332166,0.0215181915,-0.384384151,0.00368258199,0.0226332464,0.716243125,-0.36515315,0.00387498825,0.0555509965,-0.0457953934,0.0487568083,0.319311317,0.457921119,0.205779429,0.409448928,-0.000340063456,-0.00216664789,0.000682443457,0.266354613,-0.457921119,-0.251446388,0.492148333,0.000307609443,0.000297823098,0.00145653189
0.186694235,-0.459786981,0.768721753,0.015478567,0.000700202721,-0.922511108,0.385659408,-0.355732021,-0.00232146655,0.0111344189,0.689617428,-0.384220082,0.0195703126,-0.377831762,0.00334922574,0.02058443,0.711966563,-0.364958242,0.00352421491,0.0505223855,-0.0416498833,0.0443432237,0.308510967,0.434573474,0.187151776,0.426698074,-0.000309280087,-0.00197051767,0.000620667019,0.260348032,-0.434573474,-0.228684851,0.501911327,0.000279763889,0.000270863428,0.00132468309
0.186694235,-0.459786981,0.767895912,0.0140130413,0.000633906848,-0.922506145,0.385727424,-0.351591145,-0.00210165264,0.0100801284,0.687665215,-0.382210805,0.0177172482,-0.371598316,0.00303209586,0.0186353414,0.707898165,-0.364772821,0.00319051574,0.0457385462,-0.0377061592,0.0401444739,0.298236333,0.412362293,0.169430839,0.443107603,-0.000279995123,-0.00178393424,0.000561897599,0.254633827,-0.412362293,-0.20703125,0.5111991,0.000253273741,0.000245216042,0.00119925213
0.186694235,-0.459786981,0.767112965,0.0126236078,0.000571053154,-0.922499602,0.38579114,-0.347665348,-0.00189325599,0.00908059833,0.685814401,-0.380305891,0.0159604331,-0.365688638,0.00273143789,0.0167874895,0.704041083,-0.364597031,0.00287414909,0.0412031821,-0.0339672743,0.0361638094,0.288495369,0.391304774,0.152630337,0.458664813,-0.000252231236,-0.00160704205,0.000506180695,0.24921642,-0.391304774,-0.186502349,0.520004461,0.000228159505,0.000220900796,0.00108033613
0.186694235,-0.459786981,0.766373415,0.0113111645,0.00051168226,-0.922491779,0.385850637,-0.343957147,-0.00169641023,0.00813646963,0.684066173,-0.378506562,0.0143009936,-0.360106519,0.00244744461,0.0150420593,0.700397789,-0.364430984,0.00257531783,0.0369192015,-0.0304356261,0.0324037829,0.279294321,0.371414419,0.136761043,0.473359726,-0.00022600623,-0.00143995455,0.000453552035,0.244099287,-0.371414419,-0.167111312,0.528321764,0.000204437287,0.000197933281,0.000968011335
0.186694235,-0.459786981,0.765677621,0.0100763549,0.000455823275,-0.922482962,0.385906004,-0.340468345,-0.00151121098,0.00724820095,0.68242138,-0.376813691,0.0127397361,-0.354854669,0.00218025398,0.0133998987,0.696970052,-0.364274762,0.00229416713,0.0328886856,-0.0271129303,0.028866221,0.27063766,0.35270089,0.121830667,0.487185205,-0.000201332844,-0.00128275289,0.000404037186,0.239284912,-0.35270089,-0.148867558,0.536146968,0.00018211861,0.000176324654,0.000862332314
0.186694235,-0.459786981,0.765025795,0.00891955842,0.000403493364,-0.922473421,0.385957337,-0.337199999,-0.0013377144,0.00641606164,0.68088052,-0.375227792,0.0112771338,-0.349934682,0.00192994704,0.0118615056,0.693758913,-0.364128411,0.00203078223,0.0291128565,-0.0240001944,0.0255521963,0.26252801,0.335169862,0.107843736,0.500137057,-0.00017821856,-0.00113548474,0.000357651162,0.234774755,-0.335169862,-0.131776621,0.5434777,0.000161210241,0.000156081469,0.00076333111
0.186694235,-0.459786981,0.764417992,0.00784088076,0.000354697307,-0.922463408,0.386004736,-0.334152396,-0.00117593572,0.00564012473,0.67944373,-0.373749004,0.00991331519,-0.345346989,0.00169654574,0.010427015,0.690764654,-0.363991945,0.00178518626,0.0255920456,-0.0210976917,0.0224619996,0.254966083,0.318822874,0.0948014773,0.512214145,-0.000156665407,-0.00099816304,0.000314398034,0.230569213,-0.318822874,-0.11584,0.550313316,0.000141714017,0.000137205501,0.000671016414
0.186694235,-0.459786981,0.763854111,0.00684014417,0.000309427065,-0.922453155,0.386048306,-0.331325024,-0.00102584778,0.00492025994,0.678110768,-0.372377078,0.00864805122,-0.341090821,0.00148001089,0.00909618609,0.687986771,-0.36386534,0.00155733798,0.0223256617,-0.0184049346,0.0195951122,0.247950609,0.30365718,0.0827017012,0.523418498,-0.000136669766,-0.000870764717,0.000274270539,0.22666758,-0.30365718,-0.101055019,0.556654966,0.000123626663,0.000119693581,0.000585372724
0.186694235,-0.459786981,0.763333886,0.00591687785,0.000267661339,-0.922442872,0.386088159,-0.328716546,-0.000887379547,0.00425612662,0.676881003,-0.371111367,0.00748074319,-0.337164161,0.00128024003,0.00786838912,0.685423949,-0.363748537,0.00134712956,0.0193121592,-0.0159206492,0.0169501773,0.241478269,0.289665605,0.0715386823,0.533755417,-0.000118222174,-0.000753229492,0.000237249689,0.223068008,-0.289665605,-0.0874146816,0.562505649,0.000106939621,0.000103537424,0.000506359515
0.186694235,-0.459786981,0.762856879,0.0050703083,0.000229365139,-0.922432751,0.38612441,-0.326324769,-0.000760414697,0.00364716681,0.675753401,-0.369950805,0.00641041039,-0.333563713,0.00109706533,0.00674259256,0.683074037,-0.363641438,0.00115438442,0.0165490062,-0.0136427481,0.014524973,0.235543624,0.276836393,0.0613030417,0.543233586,-0.000101307134,-0.000645458618,0.000203304382,0.219767474,-0.276836393,-0.0749075284,0.567870281,9.16388706e-05,8.87234544e-05,0.000433910403
0.186694235,-0.459786981,0.762422477,0.0042993496,0.00019448934,-0.922422955,0.386157182,-0.324146621,-0.000644790114,0.00309259818,0.674726515,-0.368893903,0.00543567775,-0.330284851,0.000930251458,0.00571735008,0.680934014,-0.363543904,0.00097885491,0.0140326531,-0.0115683049,0.0123163835,0.230139051,0.265153063,0.0519816298,0.551865183,-8.59029145e-05,-0.000547313641,0.000172391008,0.216761738,-0.265153063,-0.0635174912,0.572755754,7.77047552e-05,7.52326415e-05,0.000367932313
0.186694235,-0.459786981,0.762029887,0.00360259379,0.000162970252,-0.922413629,0.386186601,-0.322178121,-0.000540294448,0.00259140702,0.673798468,-0.367938728,0.00455476355,-0.32732158,0.000779493492,0.00479078763,0.67899997,-0.363455758,0.000820220195,0.0117585,-0.00969352786,0.0103203716,0.225254671,0.254594259,0.0435574079,0.559665984,-7.19813575e-05,-0.00045861516,0.000144453059,0.214045305,-0.254594259,-0.05322375,0.577170998,6.51118044e-05,6.30403253e-05,0.000308304643
0.186694235,-0.459786981,0.761678127,0.00297830117,0.000134729176,-0.922404892,0.386212801,-0.320414351,-0.000446666645,0.00214234124,0.67296694,-0.367082894,0.00376546707,-0.324666498,0.000644414808,0.00396059046,0.677267072,-0.36337678,0.000678083966,0.00972086563,-0.00801373322,0.00853195104,0.22087828,0.245133602,0.0360093303,0.566655479,-5.95076843e-05,-0.000379141587,0.000119420741,0.21161139,-0.245133602,-0.0440005888,0.581127043,5.38285584e-05,5.21160465e-05,0.00025487843
0.186694235,-0.459786981,0.761366025,0.00242439064,0.000109671969,-0.922396837,0.38623592,-0.31884943,-0.000363594489,0.00174390337,0.672229158,-0.366323548,0.00306515629,-0.322310752,0.000524564965,0.00322399015,0.675729541,-0.363306705,0.000551972251,0.00791295525,-0.0065233195,0.0069451579,0.216995287,0.236739544,0.0293122269,0.572856975,-4.84402996e-05,-0.000308627907,9.7210579e-05,0.209451875,-0.236739544,-0.0358172516,0.584637082,4.38173913e-05,4.24233766e-05,0.000207475516
0.186694235,-0.459786981,0.76109221,0.00193843,8.76886057e-05,-0.922389536,0.386256106,-0.317476483,-0.00029071314,0.00139434353,0.671581884,-0.365657353,0.00245075554,-0.320243995,0.0004194176,0.00257775167,0.674380626,-0.363245227,0.000441331184,0.00632682875,-0.00521574103,0.00555302328,0.213588636,0.22937522,0.023436685,0.578297707,-3.87305969e-05,-0.000246764433,7.77250302e-05,0.207557277,-0.22937522,-0.0286377984,0.587716529,3.50343358e-05,3.39197468e-05,0.000165887714
0.186694235,-0.459786981,0.760855107,0.00151762624,6.86527392e-05,-0.922383037,0.386273511,-0.316287621,-0.00022760367,0.00109165243,0.671021396,-0.365080482,0.00191873321,-0.318454347,0.00032836832,0.00201816038,0.673212573,-0.363191992,0.000345524792,0.00495336897,-0.00408348175,0.00434754508,0.210638747,0.2229983,0.0183489317,0.58300895,-3.03227643e-05,-0.00019319557,6.08520901e-05,0.205916705,-0.2229983,-0.0224209612,0.590383087,2.74289061e-05,2.65562777e-05,0.000129875975
0.186694235,-0.459786981,0.760652935,0.00115881586,5.24212621e-05,-0.922377366,0.386288297,-0.315273904,-0.000173791605,0.000833554346,0.670543479,-0.364588596,0.0014650894,-0.316928353,0.000250732588,0.00154100912,0.672216599,-0.3631466,0.000263832776,0.00378224983,-0.00311802902,0.00331966016,0.20812344,0.217560839,0.0140107156,0.587026124,-2.31535892e-05,-0.000147518571,4.64649028e-05,0.204517826,-0.217560839,-0.01712,0.592656802,2.09439224e-05,2.02776086e-05,9.91695529e-05
0.186694235,-0.459786981,0.760483697,0.000858455128,3.88338672e-05,-0.922372528,0.386300637,-0.31442532,-0.000128745459,0.000617500117,0.670143415,-0.364176838,0.0010853436,-0.315650942,0.000185743621,0.00114158521,0.671382869,-0.363108602,0.000195448289,0.00280190455,-0.00230984733,0.00245921643,0.206017874,0.213009134,0.0103791895,0.590388905,-1.71522638e-05,-0.000109282298,3.44213704e-05,0.203346822,-0.213009134,-0.0126825588,0.594560132,1.55153346e-05,1.50217268e-05,7.34651686e-05
0.186694235,-0.459786981,0.760345176,0.000612610378,2.77126076e-05,-0.922368505,0.38631071,-0.313730756,-9.18752732e-05,0.000440660141,0.669815963,-0.363839814,0.000774522387,-0.314605384,0.000132550275,0.000814657497,0.670700462,-0.3630775,0.000139475715,0.0019994938,-0.00164835216,0.00175494486,0.204294473,0.209283572,0.00740679228,0.593141335,-1.22401904e-05,-7.7985982e-05,2.4563762e-05,0.202388357,-0.209283572,-0.0090505216,0.596118004,1.10720457e-05,1.07197976e-05,5.24261788e-05
0.186694235,-0.459786981,0.76023493,0.000416948283,1.88614567e-05,-0.922365263,0.386318711,-0.313177968,-6.25311576e-05,0.000299917353,0.669555352,-0.363571585,0.000527147073,-0.313773248,9.02149385e-05,0.000554463399,0.67015735,-0.363052747,9.49284569e-05,0.0013608739,-0.00112188367,0.00119443164,0.202922858,0.206318485,0.00504113108,0.595331929,-8.33078635e-06,-5.3077978e-05,1.67183228e-05,0.201625538,-0.206318485,-0.0061598684,0.597357878,7.53573633e-06,7.295993e-06,3.56817404e-05
0.186694235,-0.459786981,0.760150287,0.000266726111,1.20658682e-05,-0.922362751,0.386324844,-0.312753558,-4.00018249e-05,0.000191860217,0.669355265,-0.363365649,0.000337221407,-0.313134365,5.77114244e-05,0.000354695942,0.669740369,-0.363033743,6.07267107e-05,0.000870565039,-0.000717680527,0.000764090213,0.201869782,0.204042,0.00322486343,0.597013787,-5.32928975e-06,-3.39545287e-05,1.06948831e-05,0.201039873,-0.204042,-0.0039405312,0.598309807,4.82068807e-06,4.6673218e-06,2.28259765e-05
0.186694235,-0.459786981,0.760088339,0.000156781999,7.092335e-06,-0.922360898,0.386329326,-0.312442943,-2.35131312e-05,0.000112775716,0.669208825,-0.363214929,0.000198219236,-0.312666781,3.39228597e-05,0.000208490793,0.66943519,-0.363019834,3.56952493e-05,0.000511719403,-0.000421853663,0.000449133344,0.201099061,0.202375893,0.00189557944,0.5982447,-3.1325643e-06,-1.99585216e-05,6.28646793e-06,0.200611239,-0.202375893,-0.00231625,0.599006502,2.8336075e-06,2.74345858e-06,1.34171423e-05
0.186694235,-0.459786981,0.760045935,8.1525205e-05,3.6879493e-06,-0.922359624,0.386332392,-0.312230326,-1.2226613e-05,5.864234e-05,0.669108587,-0.363111761,0.000103072189,-0.31234672,1.76395765e-05,0.000108413304,0.669226295,-0.363010314,1.85612029e-05,0.000266089406,-0.000219360044,0.000233545228,0.200571501,0.201235443,0.000985683957,0.59908726,-1.62890477e-06,-1.03782486e-05,3.26890579e-06,0.200317839,-0.201235443,-0.0012044288,0.59948339,1.47344996e-06,1.42657335e-06,6.97679122e-06
0.186694235,-0.459786981,0.760019679,3.49263659e-05,1.57996127e-06,-0.922358832,0.386334289,-0.312098674,-5.23802619e-06,2.51230748e-05,0.66904652,-0.36304788,4.41573495e-05,-0.312148539,7.55700405e-06,4.64455469e-05,0.669096947,-0.363004418,7.95183974e-06,0.000113995861,-9.39764475e-05,0.000100053549,0.200244838,0.200529278,0.000422278712,0.599608971,-6.97842145e-07,-4.44616492e-06,1.40043806e-06,0.200136166,-0.200529278,-0.0005159916,0.599778678,6.31243461e-07,6.11160963e-07,2.9889402e-06
0.186694235,-0.459786981,0.760005921,1.05077547e-05,4.75338475e-07,-0.922358417,0.386335283,-0.312029687,-1.5758838e-06,7.55839036e-06,0.669013996,-0.363014405,1.32849378e-05,-0.312044689,2.27355875e-06,1.39733522e-05,0.669029167,-0.363001329,2.39234685e-06,3.42961689e-05,-2.82732381e-05,3.01015615e-05,0.200073661,0.200159236,0.000127044455,0.599882357,-2.09948957e-07,-1.33764877e-06,4.21328105e-07,0.200040966,-0.200159236,-0.0001552384,0.599933414,1.89912442e-07,1.83870532e-07,8.9923614e-07
0.186694235,-0.459786981,0.760000751,1.33353202e-06,6.03248833e-08,-0.92235826,0.386335657,-0.312003768,-1.99994344e-07,9.59230192e-07,0.669001776,-0.363001828,1.68598244e-06,-0.312005671,2.88535798e-07,1.77334865e-06,0.669003702,-0.363000169,3.03611115e-07,4.35250353e-06,-3.58813746e-06,3.82016874e-06,0.200009348,0.200020209,1.61231256e-05,0.59998507,-2.66444796e-08,-1.69760097e-07,5.34704639e-08,0.200005199,-0.200020209,-1.97012e-05,0.59999155,2.41016592e-08,2.33348845e-08,1.14121448e-07
0.186694235,-0.459786981,0.76,0,0,-0.922358238,0.386335711,-0.312,0,0,0.669,-0.363,0,-0.312,0,0,0.669,-0.363,0,0,0,0,0.2,0.2,0,0.6,0,0,0,0.2,-0.2,0,0.6,0,0,0
0.186694235,-0.459786981,0.76,0,0,-0.922358238,0.386335711,-0.312,0,0,0.669,-0.363,0,-0.312,0,0,0.669,-0.363,0,0,0,0,0.2,0.2,0,0.6,0,0,0,0.2,-0.2,0,0.6,0,0,0
0.186694235,-0.459786981,0.76,0,0,-0.922358238,0.386335711,-0.312,0,0,0.669,-0.363,0,-0.312,0,0,0.669,-0.363,0,0,0,0,0.2,0.2,0,0.6,0,0,0,0.2,-0.2,0,0.6,0,0,0
0.186694235,-0.459786981,0.76,0,0,-0.922358238,0.386335711,-0.312,0,0,0.669,-0.363,0,-0.312,0,0,0.669,-0.363,0,0,0,0,0.2,0.2,0,0.6,0,0,0,0.2,-0.2,0,0.6,0,0,0
0.186694235,-0.459786981,0.76,0,0,-0.922358238,0.386335711,-0.312,0,0,0.669,-0.363,0,-0.312,0,0,0.669,-0.363,0,0,0,0,0.2,0.2,0,0.6,0,0,0,0.2,-0.2,0,0.6,0,0,0
0.186694235,-0.459786981,0.76,0,0,-0.922358238,0.386335711,-0.312,0,0,0.669,-0.363,0,-0.312,0,0,0.669,-0.363,0,0,0,0,0.2,0.2,0,0.6,0,0,0,0.2,-0.2,0,0.6,0,0,0
0.186694235,-0.459786981,0.76,0,0,-0.922358238,0.386335711,-0.312,0,0,0.669,-0.363,0,-0.312,0,0,0.669,-0.363,0,0,0,0,0.2,0.2,0,0.6,0,0,0,0.2,-0.2,0,0.6,0,0,0
0.186694235,-0.459786981,0.76,0,0,-0.922358238,0.386335711,-0.312,0,0,0.669,-0.363,0,-0.312,0,0,0.669,-0.363,0,0,0,0,0.2,0.2,0,0.6,0,0,0,0.2,-0.2,0,0.6,0,0,0
0.186694235,-0.459786981,0.76,0,0,-0.922358238,0.386335711,-0.312,0,0,0.669,-0.363,0,-0.312,0,0,0.669,-0.363,0,0,0,0,0.2,0.2,0,0.6,0,0,0,0.2,-0.2,0,0.6,0,0,0
0.186694235,-0.459786981,0.76,0,0,-0.922358238,0.386335711,-0.312,0,0,0.669,-0.363,0,-0.312,0,0,0.669,-0.363,0,0,0,0,0.2,0.2,0,0.6,0,0,0,0.2,-0.2,0,0.6,0,0,0
0.186694235,-0.459786981,0.76,0,0,-0.922358238,0.386335711,-0.312,0,0,0.669,-0.363,0,-0.312,0,0,0.669,-0.363,0,0,0,0,0.2,0.2,0,0.6,0,0,0,0.2,-0.2,0,0.6,0,0,0
0.186694235,-0.459786981,0.76,0,0,-0.922358238,0.386335711,-0.312,0,0,0.669,-0.363,0,-0.312,0,0,0.669,-0.363,0,0,0,0,0.2,0.2,0,0.6,0,0,0,0.2,-0.2,0,0.6,0,0,0
0.186694235,-0.459786981,0.76,0,0,-0.922358238,0.386335711,-0.312,0,0,0.669,-0.363,0,-0.312,0,0,0.669,-0.363,0,0,0,0,0.2,0.2,0,0.6,0,0,0,0.2,-0.2,0,0.6,0,0,0
0.186694235,-0.459786981,0.76,0,0,-0.922358238,0.386335711,-0.312,0,0,0.669,-0.363,0,-0.312,0,0,0.669,-0.363,0,0,0,0,0.2,0.2,0,0.6,0,0,0,0.2,-0.2,0,0.6,0,0,0
0.186694235,-0.459786981,0.76,0,0,-0.922358238,0.386335711,-0.312,0,0,0.669,-0.363,0,-0.312,0,0,0.669,-0.363,0,0,0,0,0.2,0.2,0,0.6,0,0,0,0.2,-0.2,0,0.6,0,0,0
0.186694235,-0.459786981,0.76,0,0,-0.922358238,0.386335711,-0.312,0,0,0.669,-0.363,0,-0.312,0,0,0.669,-0.363,0,0,0,0,0.2,0.2,0,0.6,0,0,0,0.2,-0.2,0,0.6,0,0,0
0.186694235,-0.459786981,0.76,0,0,-0.922358238,0.386335711,-0.312,0,0,0.669,-0.363,0,-0.312,0,0,0.669,-0.363,0,0,0,0,0.2,0.2,0,0.6,0,0,0,0.2,-0.2,0,0.6,0,0,0
0.186694235,-0.459786981,0.76,0,0,-0.922358238,0.386335711,-0.312,0,0,0.669,-0.363,0,-0.312,0,0,0.669,-0.363,0,0,0,0,0.2,0.2,0,0.6,0,0,0,0.2,-0.2,0,0.6,0,0,0
0.186694235,-0.459786981,0.76,0,0,-0.922358238,0.386335711,-0.312,0,0,0.669,-0.363,0,-0.312,0,0,0.669,-0.363,0,0,0,0,0.2,0.2,0,0.6,0,0,0,0.2,-0.2,0,0.6,0,0,0
0.186694235,-0.459786981,0.76,0,0,-0.922358238,0.386335711,-0.312,0,0,0.669,-0.363,0,-0.312,0,0,0.669,-0.363,0,0,0,0,0.2,0.2,0,0.6,0,0,0,0.2,-0.2,0,0.6,0,0,0
0.186694235,-0.459786981,0.76,0,0,-0.922358238,0.386335711,-0.312,0,0,0.669,-0.363,0,-0.312,0,0,0.669,-0.363,0,0,0,0,0.2,0.2,0,0.6,0,0,0,0.2,-0.2,0,0.6,0,0,0
0.186694235,-0.459786981,0.76,0,0,-0.922358238,0.386335711,-0.312,0,0,0.669,-0.363,0,-0.312,0,0,0.669,-0.363,0,0,0,0,0.2,0.2,0,0.6,0,0,0,0.2,-0.2,0,0.6,0,0,0
0.186694235,-0.459786981,0.76,0,0,-0.922358238,0.386335711,-0.312,0,0,0.669,-0.363,0,-0.312,0,0,0.669,-0.363,0,0,0,0,0.2,0.2,0,0.6,0,0,0,0.2,-0.2,0,0.6,0,0,0
0.186694235,-0.459786981,0.76,0,0,-0.922358238,0.386335711,-0.312,0,0,0.669,-0.363,0,-0.312,0,0,0.669,-0.363,0,0,0,0,0.2,0.2,0,0.6,0,0,0,0.2,-0.2,0,0.6,0,0,0
0.186694235,-0.459786981,0.76,0,0,-0.922358238,0.386335711,-0.312,0,0,0.669,-0.363,0,-0.312,0,0,0.669,-0.363,0,0,0,0,0.2,0.2,0,0.6,0,0,0,0.2,-0.2,0,0.6,0,0,0
0.186694235,-0.459786981,0.76,0,0,-0.922358238,0.386335711,-0.312,0,0,0.669,-0.363,0,-0.312,0,0,0.669,-0.363,0,0,0,0,0.2,0.2,0,0.6,0,0,0,0.2,-0.2,0,0.6,0,0,0
0.186694235,-0.459786981,0.76,0,0,-0.922358238,0.386335711,-0.312,0,0,0.669,-0.363,0,-0.312,0,0,0.669,-0.363,0,0,0,0,0.2,0.2,0,0.6,0,0,0,0.2,-0.2,0,0.6,0,0,0
0.186694235,-0.459786981,0.76,0,0,-0.922358238,0.386335711,-0.312,0,0,0.669,-0.363,0,-0.312,0,0,0.669,-0.363,0,0,0,0,0.2,0.2,0,0.6,0,0,0,0.2,-0.2,0,0.6,0,0,0
0.186694235,-0.459786981,0.76,0,0,-0.922358238,0.386335711,-0.312,0,0,0.669,-0.363,0,-0.312,0,0,0.669,-0.363,0,0,0,0,0.2,0.2,0,0.6,0,0,0,0.2,-0.2,0,0.6,0,0,0
0.186694235,-0.459786981,0.76,0,0,-0.922358238,0.386335711,-0.312,0,0,0.669,-0.363,0,-0.312,0,0,0.669,-0.363,0,0,0,0,0.2,0.2,0,0.6,0,0,0,0.2,-0.2,0,0.6,0,0,0
0.186694235,-0.459786981,0.76,0,0,-0.922358238,0.386335711,-0.312,0,0,0.669,-0.363,0,-0.312,0,0,0.669,-0.363,0,0,0,0,0.2,0.2,0,0.6,0,0,0,0.2,-0.2,0,0.6,0,0,0
0.186694235,-0.459786981,0.76,0,0,-0.922358238,0.386335711,-0.312,0,0,0.669,-0.363,0,-0.312,0,0,0.669,-0.363,0,0,0,0,0.2,0.2,0,0.6,0,0,0,0.2,-0.2,0,0.6,0,0,0
0.186694235,-0.459786981,0.76,0,0,-0.922358238,0.386335711,-0.312,0,0,0.669,-0.363,0,-0.312,0,0,0.669,-0.363,0,0,0,0,0.2,0.2,0,0.6,0,0,0,0.2,-0.2,0,0.6,0,0,0
0.186694235,-0.459786981,0.76,0,0,-0.922358238,0.386335711,-0.312,0,0,0.669,-0.363,0,-0.312,0,0,0.669,-0.363,0,0,0,0,0.2,0.2,0,0.6,0,0,0,0.2,-0.2,0,0.6,0,0,0
0.186694235,-0.459786981,0.76,0,0,-0.922358238,0.386335711,-0.312,0,0,0.669,-0.363,0,-0.312,0,0,0.669,-0.363,0,0,0,0,0.2,0.2,0,0.6,0,0,0,0.2,-0.2,0,0.6,0,0,0
0.186694235,-0.459786981,0.76,0,0,-0.922358238,0.386335711,-0.312,0,0,0.669,-0.363,0,-0.312,0,0,0.669,-0.363,0,0,0,0,0.2,0.2,0,0.6,0,0,0,0.2,-0.2,0,0.6,0,0,0
0.186694235,-0.459786981,0.76,0,0,-0.922358238,0.386335711,-0.312,0,0,0.669,-0.363,0,-0.312,0,0,0.669,-0.363,0,0,0,0,0.2,0.2,0,0.6,0,0,0,0.2,-0.2,0,0.6,0,0,0
0.186694235,-0.459786981,0.76,0,0,-0.922358238,0.386335711,-0.312,0,0,0.669,-0.363,0,-0.312,0,0,0.669,-0.363,0,0,0,0,0.2,0.2,0,0.6,0,0,0,0.2,-0.2,0,0.6,0,0,0
0.186694235,-0.459786981,0.76,0,0,-0.922358238,0.386335711,-0.312,0,0,0.669,-0.363,0,-0.312,0,0,0.669,-0.363,0,0,0,0,0.2,0.2,0,0.6,0,0,0,0.2,-0.2,0,0.6,0,0,0
0.186694235,-0.459786981,0.76,0,0,-0.922358238,0.386335711,-0.312,0,0,0.669,-0.363,0,-0.312,0,0,0.669,-0.363,0,0,0,0,0.2,0.2,0,0.6,0,0,0,0.2,-0.2,0,0.6,0,0,0
0.186694235,-0.459786981,0.76,0,0,-0.922358238,0.386335711,-0.312,0,0,0.669,-0.363,0,-0.312,0,0,0.669,-0.363,0,0,0,0,0.2,0.2,0,0.6,0,0,0,0.2,-0.2,0,0.6,0,0,0
0.186694235,-0.459786981,0.76,0,0,-0.922358238,0.386335711,-0.312,0,0,0.669,-0.363,0,-0.312,0,0,0.669,-0.363,0,0,0,0,0.2,0.2,0,0.6,0,0,0,0.2,-0.2,0,0.6,0,0,0
0.186694235,-0.459786981,0.76,0,0,-0.922358238,0.386335711,-0.312,0,0,0.669,-0.363,0,-0.312,0,0,0.669,-0.363,0,0,0,0,0.2,0.2,0,0.6,0,0,0,0.2,-0.2,0,0.6,0,0,0
0.186694235,-0.459786981,0.76,0,0,-0.922358238,0.386335711,-0.312,0,0,0.669,-0.363,0,-0.312,0,0,0.669,-0.363,0,0,0,0,0.2,0.2,0,0.6,0,0,0,0.2,-0.2,0,0.6,0,0,0
0.186694235,-0.459786981,0.76,0,0,-0.922358238,0.386335711,-0.312,0,0,0.669,-0.363,0,-0.312,0,0,0.669,-0.363,0,0,0,0,0.2,0.2,0,0.6,0,0,0,0.2,-0.2,0,0.6,0,0,0
0.186694235,-0.459786981,0.76,0,0,-0.922358238,0.386335711,-0.312,0,0,0.669,-0.363,0,-0.312,0,0,0.669,-0.363,0,0,0,0,0.2,0.2,0,0.6,0,0,0,0.2,-0.2,0,0.6,0,0,0
0.186694235,-0.459786981,0.76,0,0,-0.922358238,0.386335711,-0.312,0,0,0.669,-0.363,0,-0.312,0,0,0.669,-0.363,0,0,0,0,0.2,0.2,0,0.6,0,0,0,0.2,-0.2,0,0.6,0,0,0
0.186694235,-0.459786981,0.76,0,0,-0.922358238,0.386335711,-0.312,0,0,0.669,-0.363,0,-0.312,0,0,0.669,-0.363,0,0,0,0,0.2,0.2,0,0.6,0,0,0,0.2,-0.2,0,0.6,0,0,0
0.186694235,-0.459786981,0.76,0,0,-0.922358238,0.386335711,-0.312,0,0,0.669,-0.363,0,-0.312,0,0,0.669,-0.363,0,0,0,0,0.2,0.2,0,0.6,0,0,0,0.2,-0.2,0,0.6,0,0,0
0.186694235,-0.459786981,0.76,0,0,-0.922358238,0.386335711,-0.312,0,0,0.669,-0.363,0,-0.312,0,0,0.669,-0.363,0,0,0,0,0.2,0.2,0,0.6,0,0,0,0.2,-0.2,0,0.6,0,0,0
0.186694235,-0.459786981,0.76,0,0,-0.922358238,0.386335711,-0.312,0,0,0.669,-0.363,0,-0.312,0,0,0.669,-0.363,0,0,0,0,0.2,0.2,0,0.6,0,0,0,0.2,-0.2,0,0.6,0,0,0
0.186694235,-0.459786981,0.76,0,0,-0.922358238,0.386335711,-0.312,0,0,0.669,-0.363,0,-0.312,0,0,0.669,-0.363,0,0,0,0,0.2,0.2,0,0.6,0,0,0,0.2,-0.2,0,0.6,0,0,0
0.186694235,-0.459786981,0.76,0,0,-0.922358238,0.386335711,-0.312,0,0,0.669,-0.363,0,-0.312,0,0,0.669,-0.363,0,0,0,0,0.2,0.2,0,0.6,0,0,0,0.2,-0.2,0,0.6,0,0,0
0.186694235,-0.459786981,0.76,0,0,-0.922358238,0.386335711,-0.312,0,0,0.669,-0.363,0,-0.312,0,0,0.669,-0.363,0,0,0,0,0.2,0.2,0,0.6,0,0,0,0.2,-0.2,0,0.6,0,0,0
0.186694235,-0.459786981,0.76,0,0,-0.922358238,0.386335711,-0.312,0,0,0.669,-0.363,0,-0.312,0,0,0.669,-0.363,0,0,0,0,0.2,0.2,0,0.6,0,0,0,0.2,-0.2,0,0.6,0,0,0
0.186694235,-0.459786981,0.76,0,0,-0.922358238,0.386335711,-0.312,0,0,0.669,-0.363,0,-0.312,0,0,0.669,-0.363,0,0,0,0,0.2,0.2,0,0.6,0,0,0,0.2,-0.2,0,0.6,0,0,0
0.186694235,-0.459786981,0.76,0,0,-0.922358238,0.386335711,-0.312,0,0,0.669,-0.363,0,-0.312,0,0,0.669,-0.363,0,0,0,0,0.2,0.2,0,0.6,0,0,0,0.2,-0.2,0,0.6,0,0,0
0.186694235,-0.459786981,0.76,0,0,-0.922358238,0.386335711,-0.312,0,0,0.669,-0.363,0,-0.312,0,0,0.669,-0.363,0,0,0,0,0.2,0.2,0,0.6,0,0,0,0.2,-0.2,0,0.6,0,0,0
0.186694235,-0.459786981,0.76,0,0,-0.922358238,0.386335711,-0.312,0,0,0.669,-0.363,0,-0.312,0,0,0.669,-0.363,0,0,0,0,0.2,0.2,0,0.6,0,0,0,0.2,-0.2,0,0.6,0,0,0
0.186694235,-0.459786981,0.76,0,0,-0.922358238,0.386335711,-0.312,0,0,0.669,-0.363,0,-0.312,0,0,0.669,-0.363,0,0,0,0,0.2,0.2,0,0.6,0,0,0,0.2,-0.2,0,0.6,0,0,0
0.186694235,-0.459786981,0.76,0,0,-0.922358238,0.386335711,-0.312,0,0,0.669,-0.363,0,-0.312,0,0,0.669,-0.363,0,0,0,0,0.2,0.2,0,0.6,0,0,0,0.2,-0.2,0,0.6,0,0,0
0.186694235,-0.459786981,0.76,0,0,-0.922358238,0.386335711,-0.312,0,0,0.669,-0.363,0,-0.312,0,0,0.669,-0.363,0,0,0,0,0.2,0.2,0,0.6,0,0,0,0.2,-0.2,0,0.6,0,0,0
0.186694235,-0.459786981,0.76,0,0,-0.922358238,0.386335711,-0.312,0,0,0.669,-0.363,0,-0.312,0,0,0.669,-0.363,0,0,0,0,0.2,0.2,0,0.6,0,0,0,0.2,-0.2,0,0.6,0,0,0
0.186694235,-0.459786981,0.76,0,0,-0.922358238,0.386335711,-0.312,0,0,0.669,-0.363,0,-0.312,0,0,0.669,-0.363,0,0,0,0,0.2,0.2,0,0.6,0,0,0,0.2,-0.2,0,0.6,0,0,0
0.186694235,-0.459786981,0.76,0,0,-0.922358238,0.386335711,-0.312,0,0,0.669,-0.363,0,-0.312,0,0,0.669,-0.363,0,0,0,0,0.2,0.2,0,0.6,0,0,0,0.2,-0.2,0,0.6,0,0,0
0.186694235,-0.459786981,0.76,0,0,-0.922358238,0.386335711,-0.312,0,0,0.669,-0.363,0,-0.312,0,0,0.669,-0.363,0,0,0,0,0.2,0.2,0,0.6,0,0,0,0.2,-0.2,0,0.6,0,0,0
0.186694235,-0.459786981,0.76,0,0,-0.922358238,0.386335711,-0.312,0,0,0.669,-0.363,0,-0.312,0,0,0.669,-0.363,0,0,0,0,0.2,0.2,0,0.6,0,0,0,0.2,-0.2,0,0.6,0,0,0
0.186694235,-0.459786981,0.76,0,0,-0.922358238,0.386335711,-0.312,0,0,0.669,-0.363,0,-0.312,0,0,0.669,-0.363,0,0,0,0,0.2,0.2,0,0.6,0,0,0,0.2,-0.2,0,0.6,0,0,0
0.186694235,-0.459786981,0.76,0,0,-0.922358238,0.386335711,-0.312,0,0,0.669,-0.363,0,-0.312,0,0,0.669,-0.363,0,0,0,0,0.2,0.2,0,0.6,0,0,0,0.2,-0.2,0,0.6,0,0,0
0.186694235,-0.459786981,0.76,0,0,-0.922358238,0.386335711,-0.312,0,0,0.669,-0.363,0,-0.312,0,0,0.669,-0.363,0,0,0,0,0.2,0.2,0,0.6,0,0,0,0.2,-0.2,0,0.6,0,0,0
0.186694235,-0.459786981,0.76,0,0,-0.922358238,0.386335711,-0.312,0,0,0.669,-0.363,0,-0.312,0,0,0.669,-0.363,0,0,0,0,0.2,0.2,0,0.6,0,0,0,0.2,-0.2,0,0.6,0,0,0
0.186694235,-0.459786981,0.76,0,0,-0.922358238,0.386335711,-0.312,0,0,0.669,-0.363,0,-0.312,0,0,0.669,-0.363,0,0,0,0,0.2,0.2,0,0.6,0,0,0,0.2,-0.2,0,0.6,0,0,0
0.186694235,-0.459786981,0.76,0,0,-0.922358238,0.386335711,-0.312,0,0,0.669,-0.363,0,-0.312,0,0,0.669,-0.363,0,0,0,0,0.2,0.2,0,0.6,0,0,0,0.2,-0.2,0,0.6,0,0,0
0.186694235,-0.459786981,0.76,0,0,-0.922358238,0.386335711,-0.312,0,0,0.669,-0.363,0,-0.312,0,0,0.669,-0.363,0,0,0,0,0.2,0.2,0,0.6,0,0,0,0.2,-0.2,0,0.6,0,0,0
0.186694235,-0.459786981,0.76,0,0,-0.922358238,0.386335711,-0.312,0,0,0.669,-0.363,0,-0.312,0,0,0.669,-0.363,0,0,0,0,0.2,0.2,0,0.6,0,0,0,0.2,-0.2,0,0.6,0,0,0
0.186694235,-0.459786981,0.76,0,0,-0.922358238,0.386335711,-0.312,0,0,0.669,-0.363,0,-0.312,0,0,0.669,-0.363,0,0,0,0,0.2,0.2,0,0.6,0,0,0,0.2,-0.2,0,0.6,0,0,0
0.186694235,-0.459786981,0.76,0,0,-0.922358238,0.386335711,-0.312,0,0,0.669,-0.363,0,-0.312,0,0,0.669,-0.363,0,0,0,0,0.2,0.2,0,0.6,0,0,0,0.2,-0.2,0,0.6,0,0,0
0.186694235,-0.459786981,0.76,0,0,-0.922358238,0.386335711,-0.312,0,0,0.669,-0.363,0,-0.312,0,0,0.669,-0.363,0,0,0,0,0.2,0.2,0,0.6,0,0,0,0.2,-0.2,0,0.6,0,0,0
0.186694235,-0.459786981,0.76,0,0,-0.922358238,0.386335711,-0.312,0,0,0.669,-0.363,0,-0.312,0,0,0.669,-0.363,0,0,0,0,0.2,0.2,0,0.6,0,0,0,0.2,-0.2,0,0.6,0,0,0
0.186694235,-0.459786981,0.76,0,0,-0.922358238,0.386335711,-0.312,0,0,0.669,-0.363,0,-0.312,0,0,0.669,-0.363,0,0,0,0,0.2,0.2,0,0.6,0,0,0,0.2,-0.2,0,0.6,0,0,0
0.186694235,-0.459786981,0.76,0,0,-0.922358238,0.386335711,-0.312,0,0,0.669,-0.363,0,-0.312,0,0,0.669,-0.363,0,0,0,0,0.2,0.2,0,0.6,0,0,0,0.2,-0.2,0,0.6,0,0,0
0.186694235,-0.459786981,0.76,0,0,-0.922358238,0.386335711,-0.312,0,0,0.669,-0.363,0,-0.312,0,0,0.669,-0.363,0,0,0,0,0.2,0.2,0,0.6,0,0,0,0.2,-0.2,0,0.6,0,0,0
0.186694235,-0.459786981,0.76,0,0,-0.922358238,0.386335711,-0.312,0,0,0.669,-0.363,0,-0.312,0,0,0.669,-0.363,0,0,0,0,0.2,0.2,0,0.6,0,0,0,0.2,-0.2,0,0.6,0,0,0
0.186694235,-0.459786981,0.76,0,0,-0.922358238,0.386335711,-0.312,0,0,0.669,-0.363,0,-0.312,0,0,0.669,-0.363,0,0,0,0,0.2,0.2,0,0.6,0,0,0,0.2,-0.2,0,0.6,0,0,0
0.186694235,-0.459786981,0.76,0,0,-0.922358238,0.386335711,-0.312,0,0,0.669,-0.363,0,-0.312,0,0,0.669,-0.363,0,0,0,0,0.2,0.2,0,0.6,0,0,0,0.2,-0.2,0,0.6,0,0,0
0.186694235,-0.459786981,0.76,0,0,-0.922358238,0.386335711,-0.312,0,0,0.669,-0.363,0,-0.312,0,0,0.669,-0.363,0,0,0,0,0.2,0.2,0,0.6,0,0,0,0.2,-0.2,0,0.6,0,0,0
0.186694235,-0.459786981,0.76,0,0,-0.922358238,0.386335711,-0.312,0,0,0.669,-0.363,0,-0.312,0,0,0.669,-0.363,0,0,0,0,0.2,0.2,0,0.6,0,0,0,0.2,-0.2,0,0.6,0,0,0
0.186694235,-0.459786981,0.76,0,0,-0.922358238,0.386335711,-0.312,0,0,0.669,-0.363,0,-0.312,0,0,0.669,-0.363,0,0,0,0,0.2,0.2,0,0.6,0,0,0,0.2,-0.2,0,0.6,0,0,0
0.186694235,-0.459786981,0.76,0,0,-0.922358238,0.386335711,-0.312,0,0,0.669,-0.363,0,-0.312,0,0,0.669,-0.363,0,0,0,0,0.2,0.2,0,0.6,0,0,0,0.2,-0.2,0,0.6,0,0,0
0.186694235,-0.459786981,0.76,0,0,-0.922358238,0.386335711,-0.312,0,0,0.669,-0.363,0,-0.312,0,0,0.669,-0.363,0,0,0,0,0.2,0.2,0,0.6,0,0,0,0.2,-0.2,0,0.6,0,0,0
0.186694235,-0.459786981,0.76,0,0,-0.922358238,0.386335711,-0.312,0,0,0.669,-0.363,0,-0.312,0,0,0.669,-0.363,0,0,0,0,0.2,0.2,0,0.6,0,0,0,0.2,-0.2,0,0.6,0,0,0
0.186694235,-0.459786981,0.76,0,0,-0.922358238,0.386335711,-0.312,0,0,0.669,-0.363,0,-0.312,0,0,0.669,-0.363,0,0,0,0,0.2,0.2,0,0.6,0,0,0,0.2,-0.2,0,0.6,0,0,0
0.186694235,-0.459786981,0.76,0,0,-0.922358238,0.386335711,-0.312,0,0,0.669,-0.363,0,-0.312,0,0,0.669,-0.363,0,0,0,0,0.2,0.2,0,0.6,0,0,0,0.2,-0.2,0,0.6,0,0,0
0.186694235,-0.459786981,0.76,0,0,-0.922358238,0.386335711,-0.312,0,0,0.669,-0.363,0,-0.312,0,0,0.669,-0.363,0,0,0,0,0.2,0.2,0,0.6,0,0,0,0.2,-0.2,0,0.6,0,0,0
0.186694235,-0.459786981,0.76,0,0,-0.922358238,0.386335711,-0.312,0,0,0.669,-0.363,0,-0.312,0,0,0.669,-0.363,0,0,0,0,0.2,0.2,0,0.6,0,0,0,0.2,-0.2,0,0.6,0,0,0
0.186694235,-0.459786981,0.76,0,0,-0.922358238,0.386335711,-0.312,0,0,0.669,-0.363,0,-0.312,0,0,0.669,-0.363,0,0,0,0,0.2,0.2,0,0.6,0,0,0,0.2,-0.2,0,0.6,0,0,0
0.186694235,-0.459786981,0.76,0,0,-0.922358238,0.386335711,-0.312,0,0,0.669,-0.363,0,-0.312,0,0,0.669,-0.363,0,0,0,0,0.2,0.2,0,0.6,0,0,0,0.2,-0.2,0,0.6,0,0,0
0.186694235,-0.459786981,0.76,0,0,-0.922358238,0.386335711,-0.312,0,0,0.669,-0.363,0,-0.312,0,0,0.669,-0.363,0,0,0,0,0.2,0.2,0,0.6,0,0,0,0.2,-0.2,0,0.6,0,0,0
0.186694235,-0.459786981,0.76,0,0,-0.922358238,0.386335711,-0.312,0,0,0.669,-0.363,0,-0.312,0,0,0.669,-0.363,0,0,0,0,0.2,0.2,0,0.6,0,0,0,0.2,-0.2,0,0.6,0,0,0
0.186694235,-0.459786981,0.76,0,0,-0.922358238,0.386335711,-0.312,0,0,0.669,-0.363,0,-0.312,0,0,0.669,-0.363,0,0,0,0,0.2,0.2,0,0.6,0,0,0,0.2,-0.2,0,0.6,0,0,0
0.186694235,-0.459786981,0.76,0,0,-0.922358238,0.386335711,-0.312,0,0,0.669,-0.363,0,-0.312,0,0,0.669,-0.363,0,0,0,0,0.2,0.2,0,0.6,0,0,0,0.2,-0.2,0,0.6,0,0,0
