segment,source_frame,source_seconds,root_yaw,torso_roll,torso_pitch,left_shoulder_yaw,left_shoulder_roll,left_shoulder_pitch,left_elbow,left_wrist_yaw,left_wrist_pitch,right_shoulder_yaw,right_shoulder_roll,right_shoulder_pitch,right_elbow,right_wrist_yaw,right_wrist_pitch,left_hip_yaw,left_hip_roll,left_hip_pitch,left_knee,left_ankle_pitch,left_ankle_roll,right_hip_yaw,right_hip_roll,right_hip_pitch,right_knee,right_ankle_pitch,right_ankle_roll
1,5,0.08886759667156142,0.8151582744078989,0.2100423797645291,-9.248985454910702,-81.72659249046212,-86.14560778476465,81.24200553104129,107.09704372981157,32.49365429116658,52.69797559616176,-94.20779700059639,-75.98253607712188,80.67472608150379,102.1677940437926,45.621288338217994,55.0,55.0,0.8676266440160864,29.316403431089725,99.14923617037353,35.0,0.4271702700637176,54.917254135880746,2.7464699150371668,28.580199464215834,98.04100799018836,35.0,5.5373196677446765
1,6,0.10664111600587371,0.7154654312525865,0.21712555822289095,-9.906485251223819,-81.86832336252596,-86.12779512922796,81.54398162182336,106.53533089472333,31.920178287823234,52.378533927607954,-94.14623885440606,-75.95302671999063,80.59107337692491,102.27217111338908,45.651647080684754,55.0,55.0,0.8434283526531343,29.864266266467098,99.61577788876136,35.0,0.5976170022315647,54.92907497361207,2.780563716456412,29.242733578607595,98.59834907456501,35.0,5.640697165632779
1,7,0.124414635340186,0.610143445209053,0.21336107377809385,-10.52455362184695,-81.93610408085895,-86.11932795893235,81.70135033538142,106.2329356267687,31.515477182083202,52.148723006211895,-94.02340224517914,-75.92962227131774,80.45439718082213,102.4892316134188,45.624049797199426,55.0,55.0,0.8216421755673328,30.35840317042334,100.13511700063458,35.0,0.8391035397585299,54.93794060191056,2.8154835925796915,29.80311917984855,99.09167066952512,35.0,5.501930374808879
1,8,0.1421881546744983,0.5605998683829057,0.20436603880704407,-10.871539041607758,-81.96859193449734,-86.10664615530007,81.75480520468967,106.10914813999625,31.26447864247912,51.99651366993568,-93.9451800506559,-75.90595473676682,80.35881987844814,102.65501470016197,45.52881037992333,55.0,55.0,0.8045228401931449,30.70597524307766,100.45075970540671,35.0,1.0518949961516488,54.94483609058717,2.8522576599590432,30.218176916494386,99.51310964312495,35.0,5.402138439394952
1,9,0.1599616740088106,0.4953320580643208,0.19107830072757057,-11.174417680770741,-81.98993765796757,-86.09604295703231,81.78461435360987,106.02996718368013,31.101248017727762,51.89417918717078,-93.89327471931816,-75.8849637115147,80.29031599941518,102.77458050215004,45.49429124256886,55.0,55.0,0.78396409289032,30.842112309508934,100.51292915373078,35.0,1.176236901742137,54.95035248152844,2.886530747442772,30.419434662346116,99.73161081323663,35.0,5.339988949866988
1,10,0.17773519334312285,0.35635259577779216,0.1744192462480174,-10.825853805698314,-81.91324815712676,-86.08089418637132,81.51806176978326,106.45471435335222,31.084302692823464,51.84714010766715,-93.68732821105901,-75.86328949905538,80.06328707880165,103.1891276072052,45.38560854572724,55.0,55.0,0.7625083162864086,30.982455884682476,100.63786671088901,35.0,1.2172812538373423,54.95367789351496,2.9198578815767435,30.567114349141594,99.90345389990162,35.0,5.297355920302973
1,11,0.19550871267743514,0.20122647667905083,0.17138158434083134,-11.063094850220265,-82.01579259465889,-85.97556263827347,81.43623461664306,106.59750863294079,30.509082963436057,51.570618009268316,-93.53748959131309,-75.83123105031386,79.88552612302566,103.51964813465162,45.18007496490174,55.0,55.0,0.7212014937280385,31.588504801975805,101.203513676377,35.0,1.3176533391438623,54.98698428274106,2.967073680154208,31.143200618244915,100.43736264910639,35.0,5.547990587077825
1,12,0.21328223201174742,4.304502225654665,0.1554082720586327,-11.772721367270078,-82.3690745880121,-85.91627356029046,81.93832004729693,105.7057365900914,29.957954531424523,51.29215097808856,-93.36016797065227,-75.7932014564897,79.67491951274422,103.88152763637369,44.94154833930879,55.0,55.0,0.6953179603289349,32.09681127362489,101.76765362856791,35.0,1.4524529065852063,54.97308044124306,3.017231458790702,31.45122831328357,100.82678641900911,35.0,5.385640047585636
1,13,0.2310557513460597,4.024252370024491,0.13717255490853897,-12.0397469198078,-82.60324018967987,-85.84914362598904,82.26228859295912,105.07854861648649,29.724604870754753,51.13910618710468,-93.11485152712872,-75.7525288468583,79.41031505218781,104.32598136505527,44.810337742059396,55.0,55.0,0.6720044824377829,32.42955860509066,102.11873138046168,35.0,1.6372208005667124,54.9623026270712,3.065148160286329,31.605955706911107,101.03693750707492,35.0,5.233796438956467
1,14,0.248829270680372,7.908697489290693,0.11051272160970775,-12.084543218553517,-82.6966626963985,-85.79752884774167,82.31990854769104,104.95650767541325,29.550150014259337,51.031137171469865,-93.01510847819056,-75.71170672362676,79.27213408785771,104.51351592239553,44.81973251130713,55.0,55.0,0.6480221277395459,32.78292017875108,102.53919145139989,35.0,1.7909657566472816,54.94385813346143,3.1207053134840588,31.77768412636849,101.2812227031685,35.0,5.1334551525204475
1,15,0.2666027900146843,7.7968070773051075,0.07395139886571246,-11.847863670431321,-82.69438937263239,-85.74501953644189,82.16453813427512,105.10082241317758,29.98866464189655,51.1605403386512,-92.88419179051179,-75.65779907809402,79.09497648362117,104.81948719941798,44.795996114269265,55.0,55.0,0.6250673714970536,32.89628484833714,102.67584085327825,35.0,1.890949943736369,54.921534272842294,3.176511648262276,31.960177477645335,101.52458351368233,35.0,5.043882439555488
1,16,0.2843763093489966,7.876437832169466,0.04336131912536128,-10.780929817040793,-82.73700598174887,-85.67450537561126,82.03756488424632,105.30726388225348,30.243984692174287,51.28781474314177,-92.95123288186909,-75.64628730660989,79.14867432516509,104.7110738801705,44.70289123784198,55.0,55.0,0.6194117216560376,33.12072015314916,103.05195450751694,35.0,1.8911352910187185,54.8834041469224,3.2192650764826523,31.882871193383245,101.57592047922785,35.0,4.94010615602508
1,17,0.30214982868330886,7.740778718417834,-0.0014721833758704313,-10.198474755767338,-82.66998190330645,-85.62682061989177,81.71643893806436,105.7906634782501,30.7440726347651,51.49211564800544,-92.85675756524196,-75.60572406789113,79.013666078722,104.83633366438507,44.776437645367565,55.0,55.0,0.6225889404157792,33.03828075303943,103.10551474790627,35.0,1.8258503768705077,54.841963256401684,3.2552776217732755,31.594572627896806,101.42985235602463,35.0,4.956173981202027
1,18,0.3199233480176212,7.6243090567997855,-0.03640463982284015,-9.508185928265076,-82.61235336368955,-85.594837770735,81.45898506886459,106.19622399540289,31.096865309517554,51.644134611320595,-92.8693822176526,-75.58395309150588,79.00226096785612,104.77165503226537,44.72529781403494,55.0,55.0,0.6314549549348143,32.901622735507736,103.0447725627709,35.0,1.658056088499214,54.799372737359775,3.283364600670053,31.244890479525157,101.19424724423338,35.0,5.1283458825362125
1,19,0.33769686735193344,7.544390913849321,-0.06506970355004357,-9.021648843533553,-82.51477915387545,-85.56416070990669,81.07242089212572,106.85117999847562,31.46178343894479,51.81008932447619,-92.88088536577868,-75.56305826922916,78.99072821825342,104.7449681340013,44.65541422395835,54.999054364265746,55.0,0.643756948813124,32.56564680034678,102.7655058568465,35.0,1.4895340930541179,54.75102621324242,3.3017178084211993,30.86382688640578,100.8637800790174,35.0,5.334155481604753
1,20,0.3554703866862457,7.459639982417454,-0.0864350275335657,-8.556529753001586,-82.59567485315185,-85.51796832881564,81.10619236205868,106.80787418988035,31.675203909165774,51.94174475009715,-92.83451080040199,-75.5507267233455,78.93237455130088,104.81901416849172,44.56672036963651,54.999054364265746,55.0,0.6630721077600762,32.418967947734025,102.71403143808048,35.0,1.3642526493209532,54.69618853713841,3.3157861776928783,30.564156308177427,100.59962864081095,35.0,5.516820264163685
1,21,0.373243906020558,7.489496942114868,-0.10518398976513398,-8.680181719693836,-82.6853346736722,-85.48489459149175,81.25178641369725,106.53798553892429,31.90353827676441,52.06023241648759,-92.93029700832511,-75.54245347458082,79.0232550013451,104.62163673017885,44.51958935922216,54.99869772630737,55.0,0.6868115540274338,32.248173831729815,102.55680159654031,35.0,1.306034623141004,54.6515410631869,3.3179518385393645,30.28708229267763,100.33880105282742,35.0,5.698947677749162
1,22,0.3910174253548703,7.5286894589710895,-0.12290310648520596,-8.842702747995908,-82.78765886250716,-85.45017194645195,81.40527733646651,106.25158194767073,32.15580372002916,52.183501280056085,-92.97397613285345,-75.53920270858049,79.06333358775252,104.49435404280968,44.442364596022024,54.97940181003478,55.0,0.7098021687967132,32.15211256483514,102.42311328639208,35.0,1.3284789521845668,54.615637816208476,3.321428726295811,30.08066518359573,100.08110552768566,35.0,5.864708753814881
1,23,0.4087909446891826,3.254723360058489,-0.151331860068225,-8.696932812314142,-82.5513704253975,-85.42830881871213,80.93000969278292,107.02652952431869,32.728406678794606,52.426997313438754,-93.07252646522568,-75.50745390481477,79.12686953835714,104.35426089523595,44.443858031739566,54.97191015662307,55.0,0.7303896759859444,32.1067308165354,102.32563786093418,35.0,1.3375483408177358,54.608321811250676,3.325440037615111,30.061618101123507,100.04814046873753,35.0,6.021333614451797
1,24,0.42656446402349485,3.307219486588522,-0.1748410681886354,-7.776926667894466,-82.38384815438421,-85.42264933987843,80.53701245024425,107.6937732296993,33.09627257987954,52.587026561335115,-93.07753418309798,-75.48283241327053,79.10519009504605,104.34219522563316,44.39221495764309,54.94912863413386,55.0,0.7518193041866734,32.07990053895841,102.26347679155656,35.0,1.3303193360079508,54.587665255347794,3.342231290183581,30.05136062327405,100.00089920847708,35.0,6.156856900596947
1,25,0.44433798335780716,-0.8660915253901057,-0.19679194667900798,-7.043378717088328,-82.24020956749801,-85.44978054388216,80.24977748472297,108.15274581384307,33.36015053266042,52.68226909410803,-92.98877551044616,-75.49388223049556,79.0268714435686,104.44753640940016,44.23984911621526,54.89057106503931,55.0,0.7733013272328754,31.78161122291783,101.90011404175688,35.0,1.3160770470315066,54.56514921185026,3.3543319585663878,29.994796614206248,99.9117421079946,35.0,6.31624646184244
1,26,0.4621115026921194,3.3087668188678787,-0.2254094331270208,-7.0959246914300795,-82.0802258416959,-85.50800532230181,80.04250367340126,108.4986749241336,33.33424840417298,52.64550759867152,-92.83090236870079,-75.4792542525952,78.84821429888565,104.63990993352951,44.19547955188359,54.872162386182985,55.0,0.7922732731224713,31.549356450161213,101.6412713349915,35.0,1.3297448182415188,54.54487374100083,3.354846110761464,29.868787410420108,99.77733009276572,35.0,6.301921298146905
1,27,0.47988502202643174,7.256073574852578,-0.2573815383599863,-7.233554685079949,-82.0168114639623,-85.55960734329207,80.04208116302362,108.44672894178831,33.54992320439692,52.71770768314605,-92.49517129767338,-75.42406102440874,78.41289670979835,105.32971777366629,44.1601820067893,54.85861066113689,55.0,0.8121910446070106,31.12781048300114,101.18918947918843,35.0,1.3995407572871075,54.516303697276065,3.3404601115566575,29.597647213624064,99.57703400207743,35.0,6.237300519105587
1,28,0.497658541360744,11.471977382029598,-0.2674295398655909,-6.976385517151552,-82.0198655639984,-85.603103873862,80.19830836442794,108.20089896492873,33.36652945821803,52.64520502031865,-92.28145580325683,-75.41699070731019,78.17087548976077,105.82142317838593,43.91450437911651,54.84370274213598,55.0,0.8400605966598547,30.90806838028317,100.98329525131776,35.0,1.494676516432696,54.50407395183727,3.319295023926567,29.370876997178005,99.41530469165959,35.0,5.98764552075736
1,29,0.5154320606950563,15.690911630656343,-0.28183644764320337,-6.842570636509552,-82.02949534143076,-85.61606957934167,80.2698429507756,108.09224731703017,33.2483578730964,52.59589643677586,-92.04606581590397,-75.40469615269367,77.90801476903762,106.31875819736288,43.834393074167025,54.83257375369335,55.0,0.8590924190902259,30.927842141519076,100.9539466634812,35.0,1.6155461360029335,54.50674423541463,3.29276694944396,29.19088676909647,99.2570753076104,35.0,5.717971454095393
1,30,0.5332055800293686,15.450870990852781,-0.30222703459360695,-7.147628035793168,-82.30830549900199,-85.59044711777781,80.84640837287093,107.03548173639575,33.26126878326381,52.597051355817534,-91.92322714839244,-75.37790373038429,77.75572391878687,106.57061156210906,43.75831275734515,54.78792668811177,55.0,0.873794919502858,31.249121955076806,101.29519645855116,35.0,1.7528820621029033,54.52249194855628,3.270201188177977,29.119551775933214,99.18482765725622,35.0,5.418301615629956
1,31,0.5509790993636808,15.313784195423926,-0.3326606845685683,-7.373321300191805,-82.37637023968028,-85.59533677622314,80.99273007453627,106.69991854141817,33.46288556719939,52.651332142213484,-91.87035829871802,-75.33503251341986,77.65571175416216,106.69439447309274,43.6561291805736,54.732040868828676,55.0,0.8935990823725475,31.55923678600482,101.62711123788523,35.0,1.896732492002136,54.559418164359336,3.2568929549036443,29.25157570633991,99.28892625043144,35.0,5.135348393978096
1,32,0.5687526186979932,15.258648217881266,-0.3744195625313569,-7.320169774494682,-82.33171048832709,-85.6468052385096,81.05184352966937,106.55736545134924,33.48679462551073,52.638893440672426,-91.96566523243149,-75.26100647078856,77.67025104542152,106.60538760218542,43.54728205551032,54.65380314693257,55.0,0.9110966817466363,31.939154354472297,102.07804950018107,35.0,1.9993673797865852,54.5967290350761,3.2592438093478973,29.511186651149067,99.50373016735298,35.0,4.886262591880373
1,33,0.5865261380323055,15.407280833386158,-0.41900280436154785,-6.073071023211643,-82.06351244379879,-85.77043025283372,80.64036793026307,107.23443492990022,33.37164463449279,52.530600303897785,-91.84014251900015,-75.21734281289488,77.49274098229726,106.84241075755546,43.47991787470436,54.58688183375896,55.0,0.9398505353056358,32.16626195040139,102.38246886510132,35.0,2.0092396142643385,54.631709837196915,3.257030770568247,29.720848099669794,99.70189867933587,35.0,4.671283191280046
1,34,0.6042996573666177,15.349592047764217,-0.45260650772677163,-5.6398977389854075,-81.98661740258459,-85.88038161587643,80.83198841207576,107.01067820301078,32.70578199053675,52.256459380420395,-91.75451128391393,-75.20658112333241,77.39628321044111,107.00285227555841,43.279218235904644,54.4834483462216,55.0,0.9712682939000115,32.16028650494969,102.41680196970945,35.0,2.0170842415670767,54.62297934312133,3.242060103688719,29.552556169945966,99.4892072681427,35.0,4.476693703996781
1,35,0.62207317670093,15.26539848871518,-0.49442316139197684,-6.32359610307025,-81.99093840150287,-85.93270477988575,81.02559019557187,106.6640063981197,32.405998093981836,52.101423124789456,-91.74473984264321,-75.1521808426039,77.32856459641692,107.09329224054282,43.127526678770614,54.3959521415723,55.0,1.000495430397426,32.16620409975189,102.42611675414456,35.0,2.0570041533204475,54.62194002283661,3.231835979206285,29.47037925636495,99.33481719860028,35.0,4.331407222212973
1,36,0.6398466960352424,15.234190056387767,-0.538046314139116,-6.969411004522163,-82.04014944268899,-85.97880162732525,81.32912608129102,106.137950447487,32.2481172179833,52.03400412184765,-91.73769217733815,-75.106868441864,77.27130709396668,107.15604197279363,42.91243779919714,54.26863860855473,55.0,1.0249705630448214,32.37529000186055,102.64991541240755,35.0,2.0951145535720133,54.62035054336189,3.229584203932883,29.4443542697401,99.23174866509612,35.0,4.160748390189851
1,37,0.6576202153695546,11.199481984711214,-0.570240336484927,-6.5298467451692,-82.05375619200339,-86.03066053544511,81.54921595060587,105.77726241903434,32.03654086013582,51.947362312242674,-91.82174569635445,-75.09297090272675,77.34562715379587,107.10621397397175,42.505419141054695,54.09981528164003,55.0,1.0533545442752976,32.512802507086455,102.76717702459744,35.0,2.1428695848229626,54.620940002872246,3.2315218994301333,29.461961877975366,99.14365514308919,35.0,4.181884157790496
1,38,0.6753937347038669,7.294671496714178,-0.6050513112285003,-6.732117989238774,-82.07539180989458,-86.06102613128145,81.72106939356826,105.49424758612604,31.83841468587557,51.863532045296466,-92.08729810672494,-75.08528243940992,77.64240719365024,106.64053886341702,42.03378845328694,53.89105237103423,55.0,1.0714760438059932,32.71926448362954,102.86136166994501,35.0,2.205022347617159,54.643595794392816,3.2543385126315916,29.75627317753093,99.24527478130749,35.0,4.303347273646629
1,39,0.6931672540381791,-0.8871466851040046,-0.6478639238424978,-6.7248494744984155,-82.0316349469959,-86.09696630449531,81.73599160771927,105.47120667561397,31.84412836504606,51.86822044407484,-92.29183568847976,-75.0608640230967,77.84134412063737,106.3146917465766,41.62035709520043,53.69686204577363,55.0,1.0823948011651956,32.926567397967375,102.95852376133789,35.0,2.268231643645755,54.65929024182902,3.2818648738244636,30.050433657171222,99.35612982319357,35.0,4.4703810422518435
1,40,0.7109407733724914,-9.068964866922187,-0.6932272645786819,-6.765293643383149,-81.99525222607674,-86.14812982595858,81.82444230108064,105.29548724645983,31.979660899689705,51.92795278463529,-92.36803620216547,-75.00756289800528,77.8692610039929,106.17868331623892,41.34890499817735,53.521340838070564,55.0,1.1015995214197138,32.99798425588856,102.9638129927694,35.0,2.337324356257422,54.67087666387931,3.314297872113683,30.36380860168376,99.52660300019883,35.0,4.656674771565006
1,41,0.7287142927068038,-8.793843675636632,-0.733043379375232,-5.697724283695937,-81.61098213223012,-86.27928035843281,81.28247797786521,106.23257509478725,31.936592567582053,51.86738740150588,-92.22389232365931,-74.99565350549543,77.69508276575701,106.4474958174762,40.98526667631236,53.31111907865172,55.0,1.1273751399687577,32.935525896573616,102.82587428646542,35.0,2.383791866246813,54.65574652153987,3.3464351828112613,30.50708771036651,99.54686408705972,35.0,4.712156455395056
1,42,0.746487812041116,-8.736388054640473,-0.7597968824871534,-5.254657359492302,-81.43965714856017,-86.31351427592587,81.02056450038236,106.66440741234413,32.21621699417739,51.97181467090116,-92.11035977584179,-74.99100212544327,77.56662959049002,106.63033377190682,40.68423669406218,53.13153419050469,55.0,1.1475241559526024,32.85143315144478,102.67007728273798,35.0,2.4530829317234755,54.62941876166761,3.3678738744049856,30.496596321991625,99.4590626487778,35.0,4.698874949533667
1,43,0.7642613313754283,-8.718673197618887,-0.7620704891353536,-5.034606118545892,-81.48148673345021,-86.28433606449383,81.0288981136347,106.64051284841588,32.48789636342674,52.098779440675294,-91.83198643099459,-75.01943834543155,77.30322178623183,107.07000823138465,40.36970624504573,52.94884444326681,55.0,1.1681634238930576,32.68622323901772,102.4129372323618,35.0,2.569035246322201,54.598947989664815,3.3790577328735014,30.376894423173997,99.2601435641015,35.0,4.776087133224987
1,44,0.7820348507097405,-8.836250053536945,-0.7813487089630418,-5.918817035664167,-81.66134596010744,-86.25065276148253,81.52367850423049,105.8164159131412,32.651350748041466,52.230945330967955,-91.7649851544815,-75.00891789101667,77.2166510095003,107.25066078638125,40.103023505075356,52.821220308941044,55.0,1.1746104795476435,32.61678765649821,102.36949001922738,35.0,2.6955965453481627,54.58042338975561,3.379742864064981,30.258379310611648,99.16753751808774,35.0,4.77129202351748
1,45,0.7998083700440529,-8.486577370292503,-0.8034550797301194,-5.829708339655829,-81.78230259327971,-86.13558114137358,81.41352254075801,105.85708961367341,33.482570532396714,52.56327450096174,-91.69144643458448,-74.99799045849664,77.12716898049726,107.4478173272338,39.74118581432694,52.64840509822984,55.0,1.1855623935144428,32.667292048105246,102.44666525698541,35.0,2.775434238793569,54.58403831241874,3.3882728821348165,30.345322007981267,99.2755286919655,35.0,4.758958102234631
1,46,0.8175818893783652,-12.399093269326112,-0.8127611387025713,-5.601391573837315,-81.81430901994742,-86.02562814371016,81.13610251424753,106.3280975323607,34.04457016405726,52.827817157772614,-91.5956850816565,-75.03344688459539,77.0644979346738,107.62637760833196,39.3765827691898,52.48755140989479,55.0,1.189122938838903,32.639251023566366,102.44206822965117,35.0,2.754864890507632,54.57931773161049,3.391058064845787,30.336443197463428,99.31634909593002,35.0,4.731976070577709
1,47,0.8353554087126774,-12.199965423561558,-0.8369439885221355,-5.562246738646855,-82.16986696858407,-85.9257082863383,81.48680729982829,105.79516291812935,34.21417473823448,52.99398066415035,-91.71306074420949,-75.00301771546056,77.15230393810661,107.52551185816205,39.16372029664131,52.402669908644725,55.0,1.2056062148602633,32.55291232135602,102.34856546455124,35.0,2.7269891816100706,54.602821085757654,3.3639383359164623,30.282624039773335,99.29499608353572,35.0,4.628910632431817
1,48,0.8531289280469897,-16.347075533703187,-0.8611912708604949,-5.038802931464056,-82.28861122665177,-85.83329565113394,81.46673841740339,105.87671865084188,34.49886967684244,53.17625916762759,-91.63937644433605,-74.99413741703026,77.06456517422586,107.63883643835412,39.00905617474343,52.29481895147585,55.0,1.2287418236326015,32.48325544029228,102.27830999370408,35.0,2.6433604881434065,54.61617271417872,3.344370484021964,30.221409916455592,99.26620622121915,35.0,4.51666530177131
1,49,0.8709024473813021,-20.624083227524334,-0.8905819352983264,-3.8171253014401514,-82.23669438970582,-85.73169341955078,80.9561018519212,106.82967813093363,34.68526225987662,53.29506904252707,-91.53436002337459,-74.97215679046649,76.92740949650201,107.82836523868069,38.72572747418171,52.10130614568866,55.0,1.2548275263677116,32.471300636101255,102.28072290914446,35.0,2.5473451132542015,54.6203891028946,3.3326284341263075,30.163684757710417,99.23097885234306,35.0,4.3664884176415475
1,50,0.8886759667156143,-16.521059240559435,-0.9346029900584941,-2.8073711387311273,-82.18538071886509,-85.68313157862013,80.61112511918749,107.45862610279822,34.74616560870867,53.33507508591001,-91.45490187651838,-74.97355505154133,76.84537055922257,107.8934319575068,38.48909273573011,51.92152420190683,55.0,1.2825138142761383,32.4656918999804,102.32802914557124,35.0,2.3728055005442745,54.61504712973488,3.3285296038363454,30.10095510415383,99.22265771799317,35.0,4.240943085763067
1,51,0.9064494860499266,-12.525832601638946,-0.9841415044189626,-1.8188446596110148,-82.09006640432634,-85.66473550135106,80.21711174392414,108.12693947841713,34.97279165671372,53.42233298558952,-91.49643472604431,-74.98358781088986,76.90116561870346,107.83140964899853,38.10317324788332,51.72252641835249,55.0,1.3049870639705177,32.36015430473439,102.34466719382114,35.0,2.213472069152373,54.589392583136366,3.3306931078415873,29.955980168072415,99.19070761519852,35.0,4.125707343483985
1,52,0.9242230053842388,-12.339633270632243,-1.04309798102097,-0.1825204089884301,-82.0392419898988,-85.6043859546131,79.69816806564214,109.0345225832756,35.24362877990791,53.544473893831785,-91.5223034615674,-74.95198601219109,76.89714768994205,107.85445772533048,37.79025823757711,51.5504819435615,55.0,1.3244673367734339,32.18894038443101,102.32231350620332,35.0,1.9978656492182916,54.56184934339006,3.341952907878465,29.872947894876294,99.26662603135252,35.0,4.1483352852686215
1,53,0.9419965247185512,-12.092126433088378,-1.1017534177856492,1.4566787543631912,-81.8770922728614,-85.62492983291168,79.22800260268586,109.85331116671841,35.1850125876191,53.499442562493044,-91.66727238340032,-74.93083156417929,77.03045608072013,107.49549897515408,37.772588602168966,51.47878827099391,55.0,1.3475009362974077,32.018216531502254,102.29173382616887,35.0,1.8105190540533984,54.535882240463344,3.3503539603137296,29.778099337128324,99.32795011843835,35.0,4.235911620177374
1,54,0.9597700440528635,-12.015724181447894,-1.1712358045120006,2.767163467488686,-81.69406152600224,-85.68085695143272,78.83491180172092,110.51118361178202,35.17882870950246,53.466456771910686,-91.86035972031145,-74.88349695090658,77.19031766039403,107.13824255590838,37.65263287369612,51.37238099378519,55.0,1.394228090272102,31.864429644828977,102.3111311746551,35.0,1.626030548727523,54.51971501111971,3.3435278537973905,29.631332540318557,99.39143849128287,35.0,4.190917506497711
1,55,0.9775435633871757,-11.94547989629168,-1.2151832393855793,3.3301091453503533,-81.62574192488817,-85.70085418178333,78.71427483258711,110.68796775001593,35.15928196811017,53.433069645734825,-92.1929578891959,-74.87381947312707,77.51869423150333,106.43585083846534,37.65217277553918,51.31401760694575,55.0,1.4151423622099477,31.7093419597481,102.22190971544383,35.0,1.4548825650413322,54.486201661089396,3.3554800492668817,29.51421138303813,99.34866536972191,35.0,4.2054563923533985
1,56,0.995317082721488,-12.174734127242642,-1.2665082806528483,3.768492671177216,-81.35233120769307,-85.84782098464356,78.48050967023798,111.06810824517196,35.01594865068924,53.33417167947883,-92.3669925617956,-74.8517761746734,77.67299088742674,105.99009541457859,37.75226976193927,51.27862860474978,55.0,1.4308601267689134,31.65548941384245,102.2919635297833,35.0,1.2460207618342651,54.4374485449679,3.384028630603633,29.425144351917126,99.37208801061973,35.0,4.240507046988681
1,57,1.0130906020558004,-8.256791599508333,-1.317892962294634,4.252494418991106,-81.1566187476356,-86.03916075957945,78.57300539213419,110.8793971585202,34.80386551652765,53.218356024050316,-92.5867487269514,-74.78149352998966,77.82053793090111,105.62503591277321,37.69266934624275,51.1904971611499,55.0,1.4953335220740849,31.658804413430946,102.50429402705268,35.0,1.1061784508468837,54.41808694747191,3.3938714101669714,29.379679385730743,99.51857846141844,35.0,4.238591061338462
1,58,1.0308641213901126,-4.251400000966846,-1.3502030894377441,4.2693336912054525,-80.78452445305585,-86.21052478306997,78.45452949684942,110.89693396372869,35.03115024961871,53.197380021877414,-92.44074234687244,-74.71268641408794,77.5962894646229,105.77224885270483,37.86660380821271,51.15535360866586,55.0,1.5497857500127674,31.735697806929025,102.53464315810025,35.0,1.0359695806697784,54.417366441881995,3.4076241090156483,29.480643267884126,99.74048948425398,35.0,4.264057550769755
1,59,1.048637640724425,3.9304181808513374,-1.3949419205162614,3.7381432093568945,-80.70103076953863,-86.31267000446967,78.59687204074658,110.48484171334208,35.16411758348562,53.16320276798387,-92.39916476612835,-74.66248833833158,77.49639505168861,105.79392233089503,37.92566494271297,51.105055561293824,55.0,1.5988320666650162,31.90557750635089,102.71931790358735,35.0,1.0098043455526688,54.43067768399482,3.4181371478844724,29.647752553254353,100.00846342816281,35.0,4.3177675042982075
1,60,1.0664111600587372,12.112236362669519,-1.4380603758117012,2.338598864631359,-80.67241584042245,-86.49510348431788,79.21356503850006,109.25528923651368,35.1325554499912,53.07104542776423,-92.427104565238,-74.6244617915859,77.48691212901161,105.69656896979653,38.073269507699315,51.128526997416834,55.0,1.6597855336318377,32.01799726537718,102.86627484993787,35.0,1.0356458993771323,54.4548182577116,3.395934510908231,29.636173905133266,100.13386653194544,35.0,4.502665338635021
1,61,1.0841846793930494,11.884393837968027,-1.4592085908951695,1.8045797846171858,-80.65647713299744,-86.57075038842908,79.46258300834602,108.71799700472256,35.2243479366186,53.059121049303556,-92.3574125647596,-74.57989445889066,77.36135938460187,105.89507963024265,38.06524903180506,51.10960681540785,55.0,1.7060188687700695,32.11331441012442,102.97379582424855,35.0,1.03868635331216,54.44270397442108,3.3931492946359607,29.54356308550513,100.12270016733392,35.0,4.636213804334184
1,62,1.1019581987273617,16.070985380865725,-1.482219167051648,1.478717382402187,-80.7846718128467,-86.57304689802484,79.88481078976666,107.92010336998756,35.19468711038038,53.02624217691826,-92.47890129074766,-74.52489839585316,77.42810264038314,105.83916861404902,37.81199211695039,50.99577348928431,55.0,1.7542709350485373,32.23320008946311,103.05468677507643,35.0,1.0179526149775482,54.43655943857981,3.396979702544442,29.53399044406186,100.11842988746231,35.0,4.762630214009118
1,63,1.119731718061674,20.00560080007534,-1.4905133476276284,0.16214997693574995,-80.91591942647464,-86.60592328574195,80.58753989058286,106.67471095599234,34.8358555740505,52.86015461934892,-92.59170934006416,-74.52186555885653,77.55056008357165,105.63966652704025,37.6615458721892,50.91522139842175,55.0,1.810688161183726,32.448660036115655,103.3003930312391,35.0,0.9927905304839532,54.43539613905054,3.3888401679564653,29.47263764586779,100.12489439244582,35.0,4.825481423238564
1,64,1.1375052373959864,19.864228260159837,-1.4946634356925848,-0.47796394876065806,-80.95419713398176,-86.6320940739725,80.85026465053987,106.23772371677802,34.517412678721776,52.72692432794714,-92.6199930703483,-74.47989226528367,77.53539543488085,105.82832484590536,37.28355398531974,50.7829713526542,55.0,1.8731234587752572,32.6141830873572,103.49963846071768,35.0,0.8230665858419562,54.44081242767208,3.372137376345705,29.387717256430687,100.07625528788866,35.0,4.8759420016564965
1,65,1.1552787567302987,19.83772395966495,-1.4865277135373447,-1.0570416029681935,-80.97331747843121,-86.6206618267447,80.88198882051792,106.24354687478329,34.13269887153221,52.57219190889942,-92.63360953962332,-74.45908742229024,77.52762957741325,105.9387723777665,37.08780755077688,50.723124776283164,55.0,1.9111881943934215,32.762771185677224,103.6388291610741,35.0,0.5837174538652001,54.43379430437336,3.3821209645277617,29.41713414425785,100.09128248736378,35.0,4.94189500595682
1,66,1.173052276064611,19.650806349019543,-1.4895566894821108,-1.1485502050925875,-80.87599929732433,-86.6642504944071,80.71578925350367,106.56062373857088,33.714799917839905,52.35663063848476,-92.39076701840851,-74.44489712332573,77.27357300944588,106.45183230611468,36.74180382333156,50.54998297555647,55.0,1.9599153805102012,32.91770180868429,103.71785962310106,35.0,0.4331680832472003,54.43234016266734,3.3953498334210384,29.499947132473718,100.11620050108102,35.0,4.9909833095028615
1,67,1.1908257953989232,23.86204278126061,-1.482121971661475,-0.7455861027548623,-80.96738481884782,-86.56735843002669,80.64179764930553,106.67134843900129,33.69316003885333,52.333229672539225,-92.1351149842207,-74.47185603808158,77.03302101023374,106.91606418950893,36.478896828696634,50.4075924838302,55.0,2.0056270928293674,32.88864316334495,103.51646817576052,35.0,0.32862323962793083,54.42952258174217,3.4018457063995897,29.527494400947948,100.01435569983757,35.0,4.991639272659298
1,68,1.2085993147332355,28.125918435344477,-1.506408168347123,0.12041095402290108,-81.0754894678822,-86.56277823980898,80.98207597474658,106.0952248995057,33.274735720827984,52.13765799636349,-91.8046153178512,-74.53525689025213,76.75229781839482,107.36173276092913,36.244180736834636,50.22014293496734,55.0,2.021500583806343,32.90894886436566,103.3412419877328,35.0,0.1827086845410153,54.40071833445677,3.4259204091159714,29.52933458825513,99.86947496261095,35.0,5.041715367847868
1,69,1.2263728340675477,28.125918435344477,-1.531437847390096,1.2971931547946804,-81.27217942118544,-86.59251639078434,81.43353262458749,105.31667504904182,33.161305892658035,52.10604411105876,-91.75850739520402,-74.57717390070016,76.74454446126806,107.51232318373722,35.98888932706746,50.14053263037042,55.0,2.05633206266989,32.491166640150354,103.12731504895818,35.0,0.0009271644431238361,54.31607720005784,3.4453018674053753,29.182599990011337,99.60185377425988,35.0,5.112564927851941
1,70,1.24414635340186,28.125918435344477,-1.5344806120445116,2.4724165403016065,-81.19510727802547,-86.65555236137192,81.48761473453642,105.256121132574,33.0137156693068,52.05369267574915,-91.81056778946039,-74.58003837662044,76.80541632513221,107.5325106492657,35.7174078354027,50.04973086617126,55.0,2.082500035532529,32.036913932291874,102.77428493905718,35.0,-0.2428091687004993,54.225685271829896,3.479949031655468,28.89455745296887,99.34314159289237,35.0,5.192319361662023
1,71,1.2619198727361722,23.834761176466326,-1.542782241901628,3.598402151460624,-81.16832709936736,-86.65638113735734,81.40540566731582,105.44504026050022,32.747756301317956,51.93175648347213,-91.82867292614351,-74.57613617653948,76.82120691527466,107.5945423235215,35.47648789904534,49.95305914951143,55.0,2.0840362257115363,31.610918650440986,102.2996351191753,35.0,-0.43917077055677917,54.10765063651313,3.5493585473019507,28.70904743278222,99.13409752175393,35.0,5.10329140101852
1,72,1.2796933920704847,24.00405082552244,-1.5544509677482068,4.4342857059373335,-81.07722688843556,-86.71863310060411,81.35732771781444,105.59186009487865,32.19788429723556,51.64489255199291,-91.89004919287518,-74.58044443631691,76.89463184855948,107.51451546176332,35.361188348742736,49.9122561375172,55.0,2.104740909375879,31.200075225705373,101.89891643238315,35.0,-0.5920789716028719,54.01673037713777,3.600219537786276,28.567894623159688,99.02700003743271,35.0,5.02194786024384
1,73,1.297466911404797,19.850280527748296,-1.5538247446892073,5.1691960571621385,-80.97899478645813,-86.74383136062194,81.16105795122455,106.0075469118898,31.53510135757904,51.30216150117522,-91.78491681861293,-74.55592945921912,76.76182749868434,107.70360234670383,35.502601190841254,49.96839705829266,55.0,2.155318251405506,30.76536575255268,101.47348047819418,35.0,-0.7908136169494949,53.93754182904911,3.625802805651942,28.323965396781738,98.84945763485679,35.0,4.9533089526506435
1,74,1.3152404307391092,15.640506658722808,-1.5458811505047694,5.733355699410791,-80.92014968233923,-86.7685306880045,81.05472481327514,106.244130289435,31.222096724247027,51.142026767109606,-91.77879602962743,-74.48518859413046,76.68153044837713,107.80892701728656,35.56301146389629,49.982719095440636,55.0,2.2040317036303367,30.341809949549713,100.98777786054283,35.0,-0.7987831315730733,53.87498030095065,3.646526242119957,28.14519133684645,98.64623020306854,35.0,4.943002322698195
1,75,1.3330139500734215,15.63393118726784,-1.541025905365248,6.253124802816,-80.90287874484095,-86.7833114858193,81.05315450063534,106.27706014910518,30.98234235958719,51.02599368896347,-91.78626258608479,-74.42488510304909,76.62776785444993,107.92666298416503,35.35047200592107,49.86233251395785,55.0,2.2336914427795693,29.935630856613656,100.53297998257936,35.0,-0.6479912000538057,53.804112190198616,3.675945804611885,27.980194251710007,98.47164185394973,35.0,4.985978621184729
1,76,1.3507874694077338,15.605350162843035,-1.5400211668881965,6.907099286011234,-80.9974020749467,-86.73667756313183,81.21006800421328,106.01076206777802,31.143418443041092,51.12026737577448,-91.8039844628254,-74.35902599589507,76.57890737305091,108.03040156151927,35.099074050447996,49.7136234451325,55.0,2.2609612265803936,29.53975309465262,100.06633373998702,35.0,-0.4430469608660046,53.73788123683553,3.6909235576280066,27.736150079658344,98.20121708527076,35.0,4.9787063418629485
1,77,1.368560988742046,15.764755178461575,-1.5399591210401544,7.9981531630245195,-81.0747876836686,-86.66065384608132,81.17872436478886,106.07467097393938,31.378703617784296,51.254371532353325,-91.93475525023145,-74.23685497615921,76.58955209050265,108.03551388500031,34.867982178257364,49.58455486207267,55.0,2.2894661944376753,29.101105531788956,99.62358996829157,35.0,-0.4595736076714221,53.68099197185606,3.690791396246067,27.43740969479411,97.93574781408097,35.0,5.020272396257388
1,78,1.3863345080763583,11.827462380803745,-1.5263181413484943,9.222638789140744,-81.06610052013683,-86.58842489393284,80.90424574318199,106.6250388447489,31.445136633769856,51.31839000821057,-92.15409072875305,-74.08351346066875,76.66646931238152,107.94867359112355,34.578375621460005,49.434571222795554,55.0,2.3251099955078405,28.693407481359852,99.2554491527635,35.0,-0.46202719520921975,53.64647404917851,3.673595841410289,27.14766191305754,97.72192196337937,35.0,5.074363455528604
1,79,1.4041080274106705,7.788908574807394,-1.4906326408379187,9.950556874712088,-81.03361797087474,-86.44441557078547,80.24254816954443,107.81418796110471,31.70021684907823,51.44833410339795,-92.36159045067069,-73.96385953501193,76.76962889641472,107.85647361695337,34.30583104441967,49.31706924928404,55.0,2.3348341218074777,28.20459097281016,98.78674139579603,35.0,-0.382605250332117,53.6051028227264,3.6602947125676697,26.855337088103774,97.46843654096602,35.0,5.135549461665288
1,80,1.4218815467449828,3.7645490385899945,-1.4524860700501057,10.982761894197596,-80.77975058165028,-86.24587148136547,79.00478497763915,110.08121499841396,31.50283651561906,51.35674115493745,-92.5343725221621,-73.89520112758586,76.88411095850412,107.73183808091629,33.78162113669912,49.03019810091987,55.0,2.315948413034328,28.061983034373476,98.5221707324286,35.0,-0.3621101818961647,53.58829501676084,3.657693802503276,26.75834469601575,97.2795930426258,35.0,5.1993354428335135
1,81,1.4396550660792953,-0.16740443383156803,-1.431716115333619,11.712741126695994,-80.7544493710961,-86.06913544038152,78.26868929375922,111.4706086055875,31.29049341038964,51.27830405845668,-92.65855964673102,-73.8413106598715,76.95844517747841,107.58031955708752,33.456974351240284,48.80259011220739,55.0,2.3047859945030744,27.850554711548682,98.25869703160238,35.0,-0.2231324011227061,53.572936354701866,3.6345649232353496,26.535583621921067,97.05352173937685,35.0,5.2319159718546935
1,82,1.4574285854136075,0.10225809907814104,-1.401665024787562,12.401082499559323,-80.78771485485343,-85.84720561654112,77.537945860327,112.72885890503424,31.42829556483827,51.30540563848433,-92.75189493181702,-73.77669252681524,76.99084586870659,107.47998126281347,33.200630079044295,48.60035895036302,55.0,2.310070821657801,27.70048033975205,98.15917840984493,35.0,-0.23067253107130584,53.60131214298015,3.599365024152466,26.452366085281298,96.90313743904174,35.0,5.302355055612882
1,83,1.4752021047479198,4.239605169576797,-1.404243243564384,13.709827060416616,-80.86056448726195,-85.65974314166205,77.03649571346153,113.48577985246875,31.536742146638595,51.23912814198429,-92.7443819931965,-73.64425799986628,76.84707581719853,107.63806022056274,32.82538957366573,48.276624540196785,55.0,2.3158064566726932,27.52566886085991,97.9864389161305,35.0,-0.1636404781598226,53.603102408144714,3.5730922916933228,26.303014490952272,96.70639858057157,35.0,5.365553309074982
1,84,1.492975624082232,8.393375467350944,-1.3932384511667955,14.885658404903358,-80.92541182125284,-85.50266594722657,76.69141045390009,113.96678914142684,31.663002975757898,51.18832507256498,-92.69583475837227,-73.57746706913157,76.72668701326566,107.80966979715483,32.36042409833376,47.92480807063749,55.0,2.293480429551234,27.25813284588678,97.7789452522211,35.0,-0.012635713092106619,53.57780178266605,3.566857318497576,26.15522707463581,96.58924170448249,35.0,5.505413586224835
1,85,1.5107491434165443,8.316313991301449,-1.383506280162939,15.83494978410069,-81.13036959569386,-85.30046574056938,76.61733489383305,113.94996426207963,31.695292229561336,51.07096812723328,-92.66861826104025,-73.53310028225086,76.65197429056565,107.95585539199647,31.85733574594907,47.57244565414487,55.0,2.2552093856022633,27.00365454974727,97.47276887501324,35.0,0.006132272697066537,53.56904356976984,3.547835035737378,26.000099785142517,96.44259727518788,35.0,5.608714015328754
1,86,1.5285226627508566,12.480417110520158,-1.3987751431973436,17.410945694245502,-81.14799216013607,-85.17136225036337,76.1918401053522,114.57134384160712,31.370217055038154,50.69753165928512,-92.34342674241992,-73.50251499387412,76.25234171640659,108.55209467494714,31.622121614955315,47.30478261339608,55.0,2.227834024501948,26.762937262280875,97.17785509254408,35.0,-0.026011087598609196,53.55186768550027,3.5372743616212263,25.860065421939986,96.30593348200533,35.0,5.653501078639132
1,87,1.5462961820851688,16.651522710721892,-1.4119076069275318,18.87151905678637,-81.10717231217235,-85.0686904495098,75.71611970378422,115.32228402952778,30.608309121871773,50.09192318843968,-92.06711880382937,-73.45147703158676,75.89461985102402,109.09025886195623,31.328383321986497,47.001694967512776,54.97737778857683,2.2439247604399126,26.497783163703982,96.95357871567026,35.0,-0.056845278329746306,53.54959293943223,3.513003075488341,25.69621389536181,96.21936434304557,35.0,5.723227229101609
1,88,1.564069701419481,20.75951031666343,-1.4264738598316178,20.370113933210174,-81.11120841744926,-84.95514655587354,75.33477679563951,115.8586049986206,29.966212954043318,49.50319783305586,-91.79662381121305,-73.43497583736536,75.58173779952502,109.51074213030606,31.031476682726005,46.66559502810346,54.97737778857683,2.259146979235753,26.32796637182548,96.77860874250926,35.0,0.06899809512709772,53.52878175491594,3.5108242357373327,25.588051598075285,96.17208501844517,35.0,5.746938681733782
1,89,1.5818432207537936,20.42295031211485,-1.4532090139644196,21.090661554242907,-81.12198484536056,-84.89688598744884,75.19692833355704,115.97539971540974,29.057297837368345,48.7594966909219,-91.58385078358755,-73.39702663392661,75.31412342580883,109.84230019938803,30.758525613756362,46.33481940096471,54.94633143251246,2.287999386544101,26.13361341213549,96.57884673649046,35.0,0.25004540410203396,53.50874214350203,3.505917629307602,25.465135933437036,96.08797748454262,35.0,5.705375669183978
1,90,1.5996167400881058,19.93753947161811,-1.5036062861666828,21.38642444276141,-81.16830616664927,-84.80868385009333,75.0782906033125,116.04932394941838,28.265601191227496,48.037043232792826,-91.28500602573116,-73.26264090280675,74.84078003592,110.47599470922438,30.600412227739948,46.03819724905822,54.946331432512444,2.31641974267306,26.067191090444556,96.41762627696407,35.0,0.4485122920270019,53.517874587242204,3.4968950710617395,25.449368589617563,96.07373054315018,35.0,5.597212953074566
1,91,1.617390259422418,19.545946938061817,-1.5824393694117802,21.526252939361267,-81.13709037109658,-84.79786928102875,74.93356133800897,116.22440396051583,27.403175487328017,47.26282271101784,-91.03597185751208,-73.07256795560188,74.3808516820118,111.02333419205901,30.50939304445997,45.74790447613381,54.93691298760953,2.355958400767302,25.961047340767706,96.26616854133145,35.0,0.6826969808641228,53.54279698444527,3.48185743608597,25.468275508098653,96.08496990071025,35.0,5.628278018165043
1,92,1.6351637787567304,19.413178714695746,-1.6562793794611717,22.601118145968908,-81.02834409228316,-84.8530400301513,74.6910987138784,116.53532719813884,26.62702310615315,46.50538264093172,-90.86185641750323,-72.89536566119192,74.02168555289045,111.53703730331223,30.201991522716245,45.400649808176105,54.93691298760953,2.391758619130039,25.937532781729036,96.16153110191614,35.0,0.7303334710439864,53.55486766963327,3.4877258233386943,25.56337565541729,96.11208544447328,35.0,5.638441324105919
1,93,1.6529372980910426,19.457694319091654,-1.7332141288427279,23.059702427594345,-81.00024329026391,-84.8946790353221,74.71786854725039,116.50196438970643,25.822876291421952,45.87128213763006,-90.89003086317024,-72.73696283350787,73.89714283718739,111.73158129734016,29.69160075590322,44.951093794004606,54.91978953072111,2.4375549551835984,25.830717168188485,96.02784549848921,35.0,0.8854463292909224,53.52887571321353,3.5006844360029556,25.52192402070767,96.12125777022328,35.0,5.633165147493917
1,94,1.6707108174253549,15.482969846207293,-1.7850066199433419,22.576681641680896,-80.98480530406665,-84.89720342381169,74.66540982725415,116.67601659321467,25.349993494561524,45.50883316273635,-91.04389660558833,-72.62408671672934,73.95254458134322,111.71507144616633,29.154362432045335,44.55339864393105,54.85172293368982,2.510051324405175,25.775587990342785,95.96033823250995,35.0,0.9836189925202156,53.565135484252124,3.482028765523737,25.571475347849038,96.17202615348728,35.0,5.647353847408569
1,95,1.6884843367596671,15.482969846207295,-1.8569038619561171,23.03352458111629,-80.81589036682414,-84.98469593269671,74.28773341302147,117.3058094010392,24.87919888956958,44.98567468062492,-90.92102941270232,-72.53825246553383,73.72703274937379,112.0829031526058,28.76326434791091,44.16368510131676,54.76509981931581,2.595506247166284,25.806665494423964,95.88427682263018,35.0,1.0453453800252315,53.616345198809874,3.4621866054204333,25.67772822447339,96.1714339874171,35.0,5.566901242628312
1,96,1.7062578560939794,15.417364141211744,-1.9397026444649428,23.53754974104875,-80.58187249261715,-85.0371128629752,73.64543955480484,118.5062509663208,24.260075923876972,44.401780548109286,-90.8653600610994,-72.44756694334886,73.57545900275,112.32438042482728,28.390381533811595,43.77982623468886,54.65517647024379,2.6993763739263645,25.808204584024477,95.84323658382955,35.0,1.0427196409136301,53.65251750426149,3.4537436626861617,25.786972635248357,96.18493868525071,35.0,5.521055928287459
1,97,1.7240313754282917,11.25701912572658,-2.019071216844738,22.522216537760286,-80.70308438972678,-84.92095315577265,73.7143882818073,118.4752426159023,23.669871453815986,43.87889206814759,-91.13567852178606,-72.37020259605059,73.81260462074012,112.00738404179764,27.75548516324383,43.270742838266415,54.5454241621105,2.8119834075442682,25.869716073983383,95.86254265487311,35.0,0.9897306004757019,53.72147995970874,3.430642379678176,25.959511256147515,96.28360393810102,35.0,5.499082897628125
1,98,1.7418048947626041,7.070790198910722,-2.116466570912865,21.635153079286052,-80.82898549652624,-84.78373923354651,73.75086895146528,118.42336255010747,23.042156845620358,43.15588579119674,-91.30596698339626,-72.29263683179848,73.93411140503609,111.89438289860517,27.087154355825124,42.685984488883236,54.44412565558388,2.905211140894637,26.00527318710377,95.86997329771204,35.0,0.9387363189761694,53.793805418883174,3.4267333763082988,26.29656900262253,96.46991160517877,35.0,5.48878606525729
1,99,1.7595784140969164,2.7146876311383754,-2.2112322542229434,21.10116076085973,-80.90681051401461,-84.59780408436691,73.52588439669962,118.82656415547007,22.445073214403436,42.4356696166117,-91.34092268307383,-72.16409016238688,73.8527008440481,112.1506385698107,26.36366898859723,42.01426032029004,54.30872237486857,3.0234988186758716,26.067627124546867,95.86320020065205,35.0,0.8856563514973669,53.85277238263757,3.4195108312942906,26.534502182211728,96.57340408096398,35.0,5.528203259562523
1,100,1.7773519334312287,2.535778505745542,-2.3136626357876864,20.768415164355496,-80.97063767145012,-84.42737090906338,73.30996218485994,119.16158604430412,21.84663020668086,41.574762158092746,-91.36530309421735,-72.00549556851227,73.73194115207491,112.4778954298829,25.521803651416143,41.148708954173436,54.18572206630075,3.1297614830002916,26.190350824892263,95.92659080927773,35.0,0.7611428578446233,53.877615267385174,3.4411446334865476,26.78820439607837,96.72501480514443,35.0,5.818890325946381
1,101,1.795125452765541,2.6218777479068773,-2.3904638931894926,21.023134307633008,-81.01300389003217,-84.21932728321912,72.94478480919524,119.74637491299508,21.175558053330665,40.483462716945326,-91.5641557650309,-71.85617343689088,73.83103377927107,112.48680866571503,24.53137474151629,40.13030347983311,54.02339425717173,3.257684131977692,26.24548516848487,95.95430828828593,35.0,0.548375859684248,53.86690313870388,3.482414963147728,26.996610192124034,96.78650870513042,35.0,6.133619906326314
1,102,1.8128989720998532,2.74359994995465,-2.4430792763427003,22.178761326035133,-81.08156145393735,-83.93557430214534,72.49343628854955,120.36672512425966,20.62193747731388,39.291482271741486,-91.67346402817185,-71.68944549706157,73.81086104886448,112.75274132315677,23.325220390911706,38.76015221370133,53.91393286127964,3.359792162056848,26.408084025953727,95.86075015568713,35.0,0.4025959809569967,53.808837063268996,3.5737083391248095,27.282504847776988,96.6981728346649,35.0,6.3638172045505055
1,103,1.8306724914341654,2.445567818421991,-2.5147383481335277,22.423829933867406,-81.23969089178867,-83.58373886129522,72.17524108714787,120.78306326536077,19.962388153969155,37.97348108875733,-91.80172571463612,-71.40386498456098,73.70324610925584,113.04550005816381,22.25236460752955,37.33800009145256,53.804114960705505,3.4594258194201544,26.500382752938844,95.72647316354579,35.0,0.42860467286403453,53.729753299236336,3.672267285813822,27.494874386636322,96.67007899395081,35.0,6.587101002665047
1,104,1.8484460107684777,1.8671947223921566,-2.59938406747797,23.03694223346431,-81.38187852475099,-83.24035838993706,71.80660793140652,121.20842594398377,19.305233835322227,36.53142080327188,-91.58124556496877,-71.05784314218191,73.16884906518959,113.91984590850457,21.411949832084773,35.8370379282892,53.73211185830958,3.541770260692199,26.707011175835554,95.73755445499738,35.0,0.3691923407438825,53.66397588946165,3.7624450790581516,27.712908318677076,96.6538877744411,35.0,6.873214342658753
1,105,1.86621953010279,1.2385098983878728,-2.6850364020531154,23.179312690389896,-81.60562544579429,-82.8897665639721,71.64142582320639,121.30055467310143,18.591661199301196,35.041072614685305,-91.50174811212429,-70.63966858079685,72.7357891038452,114.4465060155246,20.687296125912905,34.20512162330332,53.67063594016649,3.607769160107833,26.83930711256302,95.62620039141476,35.0,0.3884176763820087,53.586119565912014,3.86025560619392,27.93000809696365,96.66111656213637,35.0,7.147866932564031
1,106,1.8839930494371024,-3.3450968491512443,-2.756939772496408,22.731019357356047,-81.8719594992697,-82.49717499495382,71.58412784680125,121.27106041743396,17.8691272046791,33.5876951245417,-91.63092060198001,-70.14018643216399,72.4666373342129,114.70914688915022,19.885607736531085,32.40857757687774,53.59578845768718,3.6930190536844965,27.015859495510373,95.5541924537781,35.0,0.4158039492302467,53.51659824851247,3.9581609691443234,28.180323379921468,96.65792074010646,35.0,7.43058277777319
1,107,1.9017665687714147,-3.5020477098654017,-2.829976365317769,21.951289556762973,-82.11004794798643,-82.12821849869638,71.52687834261903,121.17046623230303,17.273900306193518,32.14026156811253,-91.78826030933796,-69.5536409164983,72.15308245464931,114.99676807988295,19.130689031042554,30.497031787812045,53.55093224675209,3.7752678673245423,27.306890779602956,95.77972521475596,35.0,0.5077981443949596,53.42099855231218,4.100798297033472,28.5545022698721,96.82741228796398,35.0,7.683614882938084
1,108,1.919540088105727,0.658297305619759,-2.870879738818682,23.238479141486774,-82.1002553976567,-81.81163139248564,70.8614139639233,121.83914067849305,17.106300605745258,30.90112551133227,-91.58102254225832,-68.89840884592014,71.40007925835778,115.86601378537598,18.647350415452046,28.638317983996476,53.495474505551414,3.847164441834422,27.481551214472038,95.81677011610185,35.0,0.6289925422836343,53.29689029146153,4.252642605143098,28.85134150745606,96.89413804758546,35.0,7.914251049840942
1,109,1.9373136074400392,0.13590982287591613,-2.871880067514864,24.501494919296878,-82.08107321121487,-81.5717111127358,70.3467967380294,122.3117456548226,17.066806696681628,29.918720473472614,-91.49880534491525,-68.21357276822867,70.77076155526976,116.54555016903133,18.24727148860729,26.843778634652313,53.39088788499626,3.9227490015979494,27.460867234734682,95.77471162987534,35.0,0.7348998618624635,53.193656581668144,4.354897289212814,28.95608188750814,96.82510557626729,35.0,8.24001719845325
1,110,1.9550871267743515,-0.14518088334243473,-2.8578060386876754,25.43459740894929,-82.10065538602053,-81.36418960918223,70.01753826245317,122.61368915202212,16.88620705239075,28.935062776095858,-91.54397371850412,-67.53760482757774,70.30053318093401,117.04274728329007,17.85806536317107,25.185139632326067,53.30498142974434,3.9798303741799206,27.41989360422068,95.73113912654001,35.0,0.8844042169018572,53.099251058962096,4.425756253097775,28.935079212805064,96.7187845468226,35.0,8.549085670714241
1,111,1.9728606461086637,4.307581044256809,-2.840205729164856,26.28166183088698,-82.10148386367102,-81.21414101453621,69.74046773230485,122.9435750544776,16.726862399898454,28.11847297703857,-91.60698261228575,-66.88421242365149,69.87160887141171,117.42569032053576,17.68525730199566,23.813250988833314,53.278981595037344,3.9963141557261253,27.403905800084775,95.711258581312,35.0,1.1102801383579812,53.04456278955882,4.462950610890675,28.903531026514838,96.58095672178689,35.0,8.64619211881875
1,112,1.990634165442976,8.745446448588565,-2.817387325603991,26.576480030342157,-82.0589537173608,-81.10034818938949,69.41460455047132,123.23703634850222,16.790117720625915,27.465460042601933,-91.46316235969746,-66.26155480978208,69.25768860518615,118.0859828513649,17.721747435846325,22.712116511389755,53.28727756728349,3.973977378107463,27.30787347787801,95.62401473632849,35.0,1.4499424788725934,53.017605427461575,4.467269902964589,28.805005278468993,96.49055149200748,35.0,8.714368813677588
1,113,2.0084076847772883,13.039676316314486,-2.7946965214669213,26.131140075854123,-82.09450789974018,-80.98739014201614,69.32294222757747,123.18468351647431,16.854347364831334,26.97273780888886,-91.44685914837207,-65.67393517488962,68.81558661172909,118.37517604453883,17.98440104958427,21.93499649564291,53.256848717873396,3.968680720220725,27.136877082619346,95.62902204926009,35.0,1.7367339295834539,52.98733787067069,4.4495006264803525,28.57318702352786,96.47976627449128,35.0,8.737658577458719
1,114,2.0261812041116007,17.402430143634774,-2.744662832909327,25.814032179526418,-82.11151581113546,-80.89797617907865,69.21676060996182,123.16130114918968,16.987006140942192,26.6384589514002,-91.38445892459418,-65.17310306125472,68.39402859977838,118.66632498920283,18.268355523209166,21.275190172784832,53.2161133504238,3.967676929172923,26.944136860882338,95.54085764104806,35.0,2.0080892266020753,52.968626861789495,4.409502194143866,28.28350209265224,96.31905328002198,35.0,8.776343736996607
1,115,2.043954723445913,21.957782361237147,-2.6706975420240306,26.671828167286037,-82.02247314562425,-80.85120837525291,68.88567994229119,123.5215942191683,17.142999445353603,26.30066657609875,-91.2889635078145,-64.72099223656245,67.98773813951098,118.9328926908689,18.6875933063533,20.95811512906888,53.126593186429275,3.9822238617068777,26.62449228452539,95.23529512848299,35.0,2.3164795804482186,52.8999760615004,4.373911390302092,27.84287350397687,95.93628942195163,35.0,8.680923876956324
1,116,2.0617282427802253,26.561191658125793,-2.590425509378455,27.986266556948518,-81.88563397289596,-80.8108832782046,68.44393955239934,124.10167632029629,17.303184112351573,26.00479741481771,-91.03598176162033,-64.3264916053238,67.45939108371232,119.52653397418565,19.10617441026263,20.89189498140039,53.036459527790406,3.9904031803429136,26.29924797878546,94.92819083462354,35.0,2.6085293098716744,52.73882380667664,4.361421570948128,27.222216940912332,95.3164103466901,35.0,8.542855697139572
1,117,2.0795017621145373,31.14479840566491,-2.513072973590748,29.087553228612748,-81.80902180465365,-80.76525508867928,68.15710822895852,124.53888756914071,17.394492856525073,25.826751081030974,-90.89245741189391,-63.9254558573872,67.04829934229576,119.94115279253306,19.601571553564767,21.210378112920548,52.956294803945184,3.9772908897791437,25.91215078908418,94.580855267688,35.0,2.914309209453066,52.55282665794412,4.351133491818026,26.534751693478366,94.70121300784517,35.0,8.377712172885596
1,118,2.09727528144885,31.062380043788018,-2.4408142061293128,30.67473902605835,-81.70491270182046,-80.77946648287774,67.89337459426342,124.88406254042776,17.588442998858753,25.80000020048661,-90.66510395607143,-63.5989848230846,66.60532739242453,120.33126746774182,20.30658459804505,21.93881062042379,52.84301015445326,3.9511105556108346,25.335778132748658,93.76510642609897,35.0,3.250755364759721,52.35269195414382,4.305154606931418,25.67239906834427,93.80924421978162,35.0,8.181058757988309
1,119,2.1150488007831623,26.47144291896059,-2.391690080916762,31.071023773375142,-81.63484408070298,-80.88029114121072,67.85048995136027,125.0389610656967,17.58681566907334,25.715560668240947,-90.58672434073222,-63.30535507969375,66.34752375722029,120.49621522432612,21.036086586032066,22.96093449272967,52.652769375339446,3.917010169531852,24.523601867310244,92.75659956300328,35.0,3.611071611915494,51.890223866334985,4.26186556453708,24.335969826127666,92.36126716452316,35.0,7.778677456708385
1,120,2.1328223201174743,26.733423594905393,-2.3765748616776436,31.548676208977017,-81.5512448600627,-80.9837413783788,67.78141250745408,125.30534395938265,17.5220689411738,25.63583122742788,-90.47870777340313,-63.04447975110511,66.08015334673024,120.56526182130148,21.95506001660008,24.271035702176494,52.5329436946949,3.8560238816893717,23.851446699375188,91.78653395027085,35.0,4.030784106908204,51.450535517199455,4.271697152535649,23.165128384826854,91.09316723675417,35.0,7.204185658977084
1,121,2.150595839451787,26.854934913050627,-2.3681157554805283,30.660018278500466,-81.75388821716791,-81.07535805712503,68.42867632679054,124.30826002574122,17.37054352501319,25.425919343498364,-90.65760096004998,-62.8091826815006,66.10995165352465,120.14584523002749,22.825894555856912,25.64116910674562,52.430832592729715,3.8222615428851014,23.350078843886227,91.06065509883736,35.0,4.390306561825432,51.11202575016227,4.299833246900524,22.31649461805542,90.1791644075034,35.0,6.554207906234773
1,122,2.168369358786099,22.49512639965475,-2.3611343475048154,29.76127659352358,-81.99653084462717,-81.09850134843282,69.03711918346494,123.38075756544983,17.214332520884575,25.27619739981372,-90.73073074118678,-62.5797823111332,66.03996194187722,120.0254841060672,23.634402277360707,27.07078095717865,52.254334595493496,3.823492678956555,22.783288213013602,90.35879948633888,35.0,4.745813085302594,50.69028286815178,4.339555156540511,21.359966718874546,89.27668014801908,35.0,5.857929087644494
1,123,2.1861428781204113,18.347282432445578,-2.358300687727697,28.77966861079237,-82.41169317937283,-81.09915880201197,69.962240921011,122.1293448008871,16.81218648222615,25.06747652097082,-91.13671029895016,-62.32120037355985,66.27889684623334,119.40596715110213,24.494651099508346,28.70127157802636,52.090112760043716,3.8592594960281037,22.405406954301082,90.15732806415757,35.0,5.024633282249979,50.30211068097569,4.383339676822641,20.480956338263116,88.44110604758058,35.0,5.249821284167506
1,124,2.2039163974547233,14.036026532474422,-2.3595208299214536,27.617833797848235,-82.76655604091822,-81.06940914836053,70.6846193228352,121.19675917275659,16.50757916829156,25.103613174343288,-91.47465045557135,-62.088902491053574,66.45715114996561,118.93693037632929,25.39143332102109,30.45768218165385,51.93918964450083,3.928393403266074,22.23050792199116,90.25244268948092,35.0,5.2561495338014765,50.19106070511055,4.40651974867082,20.202146767815012,88.32622082978482,35.0,4.758422319108214
1,125,2.221689916789036,9.507386921116405,-2.359667609706612,26.659106470951045,-83.06993314186496,-81.01646245171847,71.28443331155253,120.4969242277243,16.24782897191379,25.352226347161164,-91.92116291446808,-61.82310507661325,66.70043232590146,118.35708744405953,26.29099844114148,32.25368569336442,51.77525784611153,4.025599882438656,22.149460634093852,90.46722118239724,35.0,5.348665466262158,50.14375342541783,4.423110450473026,20.1145167862653,88.24416392765052,35.0,4.283572951845634
1,126,2.239463436123348,5.104826980435434,-2.362970110411545,24.873689153583083,-83.41324199683149,-80.96179452110542,72.01257887735984,119.60678130169217,16.069100140781256,25.912517587507228,-92.61657383838933,-61.47820557487234,67.14486635566992,117.4625599930526,26.979616956273876,33.795772749993006,51.53053311740417,4.149198493710705,21.969296643641446,90.49390634374952,35.0,5.563083962725829,50.13538680288996,4.427332221578454,20.10768905195624,88.2388188867192,35.0,3.846400658245533
1,127,2.2572369554576603,0.8045733838114991,-2.36927677144816,23.007903329124538,-83.70510411670719,-80.89390790555348,72.60773860563634,118.77853063996287,16.1680214410322,26.737395379138373,-93.3927403855772,-61.0910815767968,67.62858258258478,116.45638119656407,27.65513942158559,35.248873363882545,51.312700310574115,4.264787625257299,21.851116367518788,90.45526693195276,35.0,5.930144343139296,50.206131377407445,4.430872915753729,20.338764703418676,88.40332541367651,35.0,3.347971937970144
1,128,2.275010474791973,-3.505723081646079,-2.3874167118619702,20.752419850922173,-84.08385386873691,-80.7982453538911,73.28753760835957,117.70591806574431,16.35720815100172,27.62689728814806,-94.3140011157141,-60.70057644943476,68.21135666916695,115.27966384566083,28.208384072703485,36.447294661609654,51.034020242498336,4.3918021274667085,21.641179003523238,90.11962708859637,35.0,6.478138947470723,50.282216660293244,4.4552455086431015,20.675242592663345,88.61691942811869,35.0,2.765470377547585
1,129,2.292783994126285,-3.099695563686677,-2.4131593187061964,18.009090862466387,-84.51819777364587,-80.70034362173138,74.09104682680055,116.49986720882671,16.406820338050746,28.419417715816124,-95.3181363490794,-60.32244847909347,68.86126115830862,114.1303467899918,28.537582923039167,37.395142769715065,50.7806159052791,4.571039502537008,21.70902021728674,90.21415193454543,35.0,7.005668931980193,50.415090906747736,4.486712750596302,21.205874311474744,89.06207879871077,35.0,2.147197017232244
1,130,2.3105575134605973,-2.5567799866414456,-2.427162415721462,15.290149042319763,-84.8566408499909,-80.65046681333678,74.84508144762032,115.44892925919349,16.491175803174347,29.354338810591436,-96.36202226920608,-60.00070212733373,69.59787006870717,112.90513846272957,28.70868250825764,38.12218266798729,50.52079420194916,4.818527298490654,22.053037049922374,90.49245472106959,35.0,7.536229847333758,50.789337013398566,4.532114138653826,22.215635718672015,89.99495839006869,35.0,1.454117221907329
1,131,2.3283310327949094,-2.0149860841940463,-2.4172699705155907,12.76890306758612,-84.92566377698061,-80.77990060977451,75.31662769792715,114.82866004001038,16.945782513953745,30.68428944062284,-97.14874529264067,-59.81147581144837,70.19986880209731,112.0290341290429,28.55667962261848,38.38541421887426,50.23907626226371,5.099233834672014,22.457811984053134,90.84547458754149,35.0,7.995022385567418,51.038705403762556,4.613047103791782,23.097297836749963,90.71991804310689,35.0,0.6475346741600007
1,132,2.346104552129222,-1.256141863388082,-2.3987560293525,11.33936686912321,-84.56336632667582,-81.09436867013505,75.01861009618972,115.46441114476535,18.4778037351928,32.985278436898774,-97.49067988115094,-59.68767488811413,70.42815036495026,112.00956156418194,28.08522706029011,38.29889985331761,49.79687175155177,5.40793831015661,22.5870165647228,90.66099438629968,35.0,8.449118793125457,51.205555147419666,4.689682781560754,23.81846291131304,91.08314267102867,35.0,-0.222239994275155
1,133,2.363878071463534,-0.7766639116730744,-2.333775177404338,8.20681507973106,-83.90164322322636,-81.81924440084902,75.02898483767609,115.5260559005842,20.296021845614447,35.429383067067,-97.85522582744812,-59.763004742013095,70.80689035821861,111.86327088381796,27.169645193794487,37.4459666929728,49.63220747673727,5.680585942803718,23.21516842979661,90.61067384605037,35.0,8.814525459727172,51.50639409890616,4.763581908510026,24.864880864830432,91.38130384036276,35.0,-1.0227253057266104
1,134,2.3816515907978464,-0.6658868836252023,-2.2494251067741584,3.696896620697366,-82.01629083881247,-82.40411717283358,76.41162604644195,113.16455258524475,21.152331012320403,37.339738385847184,-99.2591265191903,-60.34710246594277,72.4212868125681,110.14728967692031,25.368484774860306,34.942757147653644,49.67176190710589,5.851364834143324,24.119391925843676,90.62267212405563,35.0,9.168416928853826,51.8227330971904,4.8585161936949754,26.151863262918308,91.89164066750162,35.0,-1.885922760744282
1,135,2.3994251101321584,-0.2544483542490142,-2.1698657796748915,-0.5860027682046,-70.26441750065227,-82.91946808621213,60.7428043967213,109.11338764287069,21.78717656809918,38.930749013216705,-80.62234005119807,-61.421168695188335,57.45963554039861,106.21295604323679,23.35116477439773,32.09543850335635,49.81483596926116,5.928307500751888,25.06774449315237,90.82961358967064,35.0,9.58313041626652,51.95982172839992,4.928371079878503,27.043160006288044,92.0130499667505,35.0,-2.8551717216553785
1,136,2.417198629466471,0.31482663911224856,-2.09316903728733,-5.042873831316727,-56.83558914713804,-83.10658163065764,46.169485275702094,103.0034093212807,22.60411594882743,40.50027606409269,-64.19181490459958,-63.14157876143739,44.62232049841978,98.93905045387787,20.626991664487033,26.281943491254808,50.07725977854257,5.856653632092784,25.82345353424807,90.90090428624721,35.0,9.998832850894736,52.107408006450285,4.9507802678234745,27.814898323637806,92.17745915534675,35.0,-3.853433841144246
1,137,2.4349721488007834,1.2524943419243735,-1.933009240196982,-9.609994751230873,-43.043447445736035,-83.38276230111035,31.87419183307652,96.0229109478398,24.986586229628564,42.65690736942855,-48.23994614734889,-65.24788239063194,32.985892753094376,89.74896816802969,15.680842718817587,17.698708539497296,50.49217163573872,5.702223231857683,26.70070095072961,90.8790105268081,35.0,10.205276053702473,52.31673493675662,4.9340461727687615,28.6631542984199,92.27310102839766,35.0,-4.862661691314181
1,138,2.4527456681350954,2.4637430363413313,-1.6818028703942332,-14.107845290408694,-29.21694757460981,-83.26718007160596,18.4621396943585,87.6998956937823,28.74577356397739,43.41812572069598,-32.2734625860119,-67.5715271454601,21.52682440409745,80.38112034500237,11.594321439587349,9.113777320548472,50.92968061638202,5.536946662542298,27.675064434177614,91.10534972138004,35.0,10.081764012224546,52.57529752648397,4.858830828122964,29.455456496315854,92.26488831989879,35.0,-5.691891134195193
1,139,2.470519187469408,-1.4077786800192722,-1.3452520833699244,-18.150987746129296,-15.00955402759884,-83.13566887845103,5.509579964435682,78.70083860542151,21.565958206498603,38.80395373345184,-16.134800120672207,-69.92454725674314,10.081619579194335,71.06421860593284,8.516963558573785,1.2421085063930886,51.449811687707694,5.390721471922308,29.0087971840578,91.24772811220052,35.0,9.445429931209302,52.86814306459387,4.7336002709308165,30.51377803985072,91.70429452280504,35.0,-6.454120760168212
1,140,2.48829270680372,-0.861878921946963,-0.9570831036950072,-21.74254024440537,-0.6612560896796448,-82.52621065134136,-6.880381771121793,69.16168525667594,14.456468433230777,31.783528354963664,0.07890429105687118,-72.43952714393453,-1.4429523441964969,61.835969690814025,5.748259881086426,-4.419294640927575,51.97128023442596,5.201423120054286,30.316137474253324,90.68924669235679,35.0,8.788342743311823,53.142586146273764,4.549660347147337,31.50459445269667,91.07337710451942,35.0,-7.378789292917856
1,141,2.5060662261380324,-0.613943139196166,-0.47590275901798623,-25.38723478789511,13.648986779556909,-81.85642886671276,-18.990431894035524,59.553985091869976,7.230392105817242,24.831537260661364,16.243422518083495,-74.99745363183246,-13.023796679414085,52.76601524771709,3.251598162122449,-4.22720191924259,52.5865527662037,4.950472873553703,31.615303812520253,91.24807145701216,35.0,8.546520776731837,53.43878796233514,4.257194968609972,32.33225120490619,90.39242782988805,35.0,-8.33307355372339
1,142,2.5238397454723445,-0.034922241887122764,0.03888474671606867,-29.229625176797832,27.85058365411477,-81.65002691106493,-30.890891582492017,49.90315724114827,5.373078248805071,25.42470534118364,32.32107103731337,-76.89170072982112,-24.64200679091189,44.17563012243036,-0.3883030916518864,-2.5419023054682794,53.21660372503863,4.631924463378045,32.70372548248137,91.72909361316175,35.0,8.315685019267978,53.790702597820264,3.919610377262987,33.01483309228423,90.43927584729335,35.0,-9.20992197541162
1,143,2.541613264806657,0.6389962430255415,0.5583126800384975,-32.97162219526735,41.95445746671005,-81.53694050736267,-42.74568606952278,40.040541962886195,2.222149254179958,22.392574141708486,48.43498668306939,-77.97208240374142,-36.23336318631376,35.63814001840549,-3.381887682237257,-1.4825911776322527,53.98222907368299,4.137278846413905,33.842456549728496,92.83456317836153,35.0,7.792654617040596,54.13963811559382,3.533138471369135,33.650145516050536,90.83319627085581,35.0,-9.837713247156476
1,144,2.5593867841409694,1.3126659829350835,1.0320851679342942,-35.0,55.967501739980115,-81.51192298461233,-54.939532587576515,30.732123061222286,-1.1403088814681548,19.890967983651436,64.86964164771263,-77.71444727402651,-47.980091858324684,27.68295242747014,-6.641186295525646,0.8592310827110883,54.50343784507289,3.5284731387480974,34.20702596539688,93.46989307507857,35.0,6.874158753706988,54.42495684881225,3.1580606789277983,33.62860835644643,90.9091042723504,35.0,-10.426380508138408
1,145,2.5771603034752815,1.9364666642249717,1.448124586021741,-35.0,69.50547443193533,-79.93267106001518,-68.97227166752337,25.366772165196267,-3.7976786638756392,18.20037671513555,83.03062091640551,-75.87110176843333,-61.17632039934667,22.199158689547566,-9.593350801247457,4.812326492320715,54.78213708703693,2.9080096211805624,34.184203049333654,93.63838091252393,35.0,5.385316220901127,54.65205842714369,2.8213039586861566,33.06076388834146,90.57646004999134,35.0,-10.99002570598018
1,146,2.594933822809594,2.462317327766781,1.8307641790792373,-35.0,73.61281724322235,-77.37439287926811,-65.82221201313884,22.379433857013915,-6.7333899370011645,16.426537364660273,81.38699957701077,-73.14751517296277,-57.83520145010987,19.38220166911535,-15.738590292033154,9.013176196600883,54.93929483062964,2.1720880337426034,33.847990993788365,92.86511310349417,35.0,3.1452552001239726,54.81064711521128,2.5327461795372375,31.9362124120653,89.40233516683219,35.0,-11.534272350859894
1,147,2.612707342143906,2.9935092375734693,2.1727873965673656,-35.0,76.45338971453565,-74.35656303127358,-63.71494284305579,21.913620617937827,-9.942862544176636,15.172592902199545,82.16101044945637,-69.09886948807535,-56.55481030414905,20.118326410705667,-18.14755077959826,16.103206929088795,54.72216780081455,1.3159959774720524,33.63580855183188,92.0613769960326,35.0,0.38602350929984364,54.91718979629073,2.2930971146798487,30.80685164434766,88.24083309286426,35.0,-12.09828351678335
1,148,2.6304808614782185,2.8525557043520653,2.3441686376981807,-34.863424061723265,78.62983867384493,-70.75500445938661,-61.50734955668701,22.071606134816,-15.013226826683393,13.282140767152415,83.27670144188366,-63.66199150211424,-56.148198386154405,22.336961432376302,-17.605808169486092,25.54151489772897,54.12965166635111,0.21090682003251082,33.43729144422423,91.46840940182797,35.0,-2.8482803950220887,54.79896730585551,2.1063725495266366,29.06778683635836,86.66528163924941,35.0,-12.603433321460829
1,149,2.6482543808125305,2.516190954830567,2.353261486289529,-33.299095722425015,80.40540627505078,-67.04531716171802,-59.80376845707465,22.910240695424893,-21.807785204292895,10.023861010577816,84.2211346285004,-56.9337825262408,-55.7141270812527,24.335167973613498,-17.209059049062173,30.422836580084027,52.925094808398555,-1.1725577227143802,32.64541616141491,89.86297987197851,35.0,-5.835770693343495,54.52428896743654,2.0000470986552212,27.29292518259874,84.9410271259582,35.0,-12.696666060614847
1,150,2.666027900146843,7.3242986962367125,2.200996700673081,-30.071279004485806,81.80648923205473,-62.62418868196682,-58.54270241010502,24.363651371818833,-17.60079807656449,10.805392248636757,85.03394637305317,-49.134727175041924,-55.27838763562972,26.24462685202309,-17.709545937423773,34.068172788192506,51.12825184254498,-2.9406826659113388,31.38763894534578,88.30924662593665,35.0,-8.679795199058724,54.21869363724125,1.9089929871484843,25.11177133009941,83.56203728947325,35.0,-12.354411198553182
1,151,2.683801419481155,7.168797763127416,1.9036572170004613,-25.52965255456776,83.12430820079386,-57.99698872468577,-57.85434164111943,26.46813577632141,-13.431015364429667,12.284509429568361,85.92685949161047,-40.2282286446337,-54.724634516662974,28.322423505960213,-18.543087134080547,35.270445346136974,49.07370010198738,-4.993551825463856,30.057988406585398,87.15680989177153,35.0,-11.635914809705334,53.97914283089571,1.8425880086327608,22.880387218610863,82.12656902161505,35.0,-11.511996294328174
1,152,2.7015749388154675,6.557082209155731,1.40049641998856,-20.08997085288361,84.47642875816383,-52.514456972384345,-57.25790836786782,28.647182392198566,-9.394587244709497,12.356166310737661,87.35416847187794,-30.645943488198785,-53.89326372841993,31.5209023621312,-20.16004668631408,31.10516148629349,46.495343343567015,-7.409652054259899,28.574219667747197,84.74591446670391,35.0,-15.138551087240916,53.6418030647858,1.8844192728999636,20.721336142417275,81.15779331895504,35.0,-10.281430710363583
1,153,2.71934845814978,5.1377911749887,0.7548382888912379,-13.726334489247245,85.60549587765634,-45.50014356145493,-56.52195907093315,30.363321409778916,-11.14287539769004,3.754668981466175,89.03375472813644,-20.93343435959608,-52.64383909714218,36.80473999707576,-19.320565764842335,21.10516148629349,43.74589792007056,-10.069166891959798,27.32342124204735,82.36178263892371,35.0,-18.627022695239017,52.80628155782708,1.8402247911861302,17.970305967194733,79.02756893028801,35.0,-8.829410131373562
1,154,2.737121977484092,3.680346563147659,0.06461092860791671,-7.36269812561088,86.6526728741792,-37.4501466719878,-55.66375494738979,31.964342463512697,-12.350869204268365,-1.7978990487095232,90.80635444002841,-11.328298089135039,-51.016047453377176,45.94397460626692,-13.37142531819449,13.51260432254834,40.7787080086145,-12.926961161134823,26.207797073820675,79.66406633876791,35.0,-21.554210301852088,42.80628155782708,1.6851306787346212,13.812788118269602,75.60040807449549,35.0,-7.657218176550621
1,155,2.7548954968184045,2.500198627553762,-0.6956006640627603,-0.9990617619745172,87.51351574492833,-28.360863476341308,-54.72059933254172,33.56483819410766,-13.63799973770236,-7.952018520057025,92.14627270477567,-2.5501828102039137,-49.24233571634029,53.719906376744774,-6.236316740046967,3.7738224937245066,38.175897618518306,-15.772893373583344,26.015132865822647,77.71751340235825,35.0,-24.004365702323867,32.908407029481076,1.472730496401371,10.379552198636098,72.96693760647496,35.0,-6.344178292689372
1,156,2.7726690161527165,1.8504790329650427,-1.4432062308764186,5.364574601661847,87.81612685147007,-20.692273009251913,-53.46215322625592,34.17697516870032,-14.706959661062466,-14.641909042350068,93.40396389033297,5.467919804795883,-46.98013824715324,63.380871820763815,-0.39363398556526263,-2.647981939258168,35.563411126946754,-18.66610418581613,25.956608425896434,75.7003173078752,35.0,-25.56975689469201,23.11017556447097,1.1769185602075114,7.157346401753213,70.47367338292919,35.0,-4.934129811683551
1,157,2.790442535487029,0.8759340550310402,-2.2017832342819057,11.72821096529821,87.64322170514255,-14.04094475151549,-52.19817163448044,33.980388592498294,-15.690246599876753,-21.60423420505122,94.73620157338891,13.261757266046363,-44.46161309434728,73.22442810852608,7.227127035560394,-8.605334570855668,33.352344424789784,-21.558360355599653,26.746183909620516,74.49990522906397,35.0,-25.87585742097215,13.110175564470971,0.9745995524032655,2.048428466077478,66.39801875321805,35.0,-3.6837062202935793
1,158,2.808216054821341,0.2667239252171994,-2.975554550949862,18.091847328934577,87.10211331271081,-8.133713745295982,-50.850559498865024,40.58521317900203,-9.638927691428096,-28.1758086995284,76.56457615591404,20.45503471294492,-36.597185154615836,74.95935511230938,10.743292997628314,-14.688982364473212,31.342070629662178,-24.328343087417412,27.55037805006648,72.89934015506253,35.0,-25.182277336031685,3.110175564470971,0.8210990391437348,-3.590886645529446,61.67779376535996,35.0,-2.5490705790399684
1,159,2.8259895741556535,-0.636350896250337,-3.717005931237895,23.33383790655271,88.54902213036381,-2.639077637818282,-49.45157718287452,50.89952478845242,-6.185500780324736,-33.34537550228675,59.188783535529346,26.46522980060089,-28.5947375126589,76.95198106547616,14.090829192926991,-20.2889412993292,29.246572575664832,-26.91756491147999,27.877383909226918,70.84712059541344,35.0,-23.329245052298845,-6.706795823658852,0.6839453355683374,-8.401196493657418,57.676137899118565,35.0,-1.584353080197409
1,160,2.8437630934899656,-1.6512549661089573,-4.460974561520728,25.24858496883832,70.63693934146839,2.537852159327434,-43.14653656293362,57.36354821316913,-3.149127063018422,-36.18327852839047,41.64259708469263,31.3351754578999,-21.08266777946712,80.06135054422603,16.86331444473836,-21.00045897593641,28.159006662292338,-29.3008445981887,29.365698794638455,70.81921514031158,35.0,-21.621352774481785,-16.414113402965558,0.4949941245758817,-11.960500804858743,55.20140905452547,35.0,-1.052391400236456
1,161,2.861536612824278,-2.533434492703363,-5.162746842699148,25.211315599540878,72.8350035707113,7.206361913326446,-41.648175448622666,68.2933579559094,-0.413814387242522,-37.82788713849259,23.807354968314158,35.1431201029637,-14.398734974060197,85.46458528488849,20.386157222011946,-21.020911539117247,27.141453516088063,-31.393280572622924,30.364953187989897,69.3616875359045,35.0,-19.70178349013638,-26.10851807277028,0.23722494312910608,-16.146947322351906,52.024509960279325,35.0,-1.5827567772365583
1,162,2.8793101321585906,-2.9177540709032055,-5.769034962197008,24.30320899478359,55.00201146985373,11.67296000831874,-36.50394685600858,74.82349487640626,2.0123500247150847,-37.19961971643264,5.912631716907859,38.080274375293534,-8.17093007192633,90.74823280667813,23.66098696402506,-20.69207432592773,26.69694844168006,-33.16958442739916,31.713370674003002,68.9887651244257,35.0,-18.038430038549038,-35.86659259338245,-0.1664807356417261,-19.552554284034752,49.80359646395854,35.0,-2.368274318435934
1,163,2.8970836514929026,-2.8097174431117673,-6.359229717980307,23.319127307501695,57.04465229797119,15.678553029035728,-34.180293068640914,84.24610993748064,4.797149295992469,-35.579674698675106,-12.378523267302308,40.41452692947328,-1.36045293634174,93.0764887448895,27.095601865608526,-20.845174217533586,26.97707064320393,-34.60633982627483,33.54888851633915,69.69819459581846,35.0,-16.02305675066937,-45.529252827272536,-0.6397422541900758,-25.0710912006753,45.3953030307507,35.0,-3.3019956435946796
1,164,2.914857170827215,-2.480641704515575,-6.9207473073374866,20.945266795043384,39.15969485975546,18.992819288146503,-27.48982835234325,88.37971272909668,7.394438657947376,-33.18090213218499,-30.53521375669524,42.121918124993165,5.462939116491185,92.13528549935778,29.445510573741185,-16.34013790882062,27.313616221677798,-35.815645897370764,35.19367778977066,70.17086014626925,35.0,-14.550094095582098,-54.67658142762895,-1.0157924796181617,-27.954784110968273,43.15349702066009,34.57698512491566,-4.028553397113966
1,165,2.932630690161527,-2.3504334823921593,-7.530016769001981,18.32743027497619,21.29829752860706,21.65405478838497,-21.281303629146027,93.34325883656774,9.987726907170439,-31.00358132670747,-49.07965625216713,43.2926835013459,11.830640188145907,87.24866925599736,26.602689910644155,-12.957358729358214,27.891630036025706,-36.73719562390876,36.87167566381708,70.6286580742101,35.0,-13.678976208370527,-54.61446447326503,-1.2027729442896176,-28.924804873369112,42.39158164525731,34.57698512491566,-4.737183630850802
1,166,2.9504042094958396,-2.307274707870677,-8.1309932866573,15.966922504539315,3.455569974495086,23.95878576986654,-15.572130324171473,98.90039950226611,12.83610999137486,-29.01905380795482,-67.46361431033039,44.24120963729809,18.11213166478781,82.09738440006463,22.493767195006548,-8.110904240657192,28.056877278600744,-37.570661675134005,37.95766279965034,70.53541567046504,35.0,-12.87103394588213,-54.67872891326685,-1.3265211044198315,-30.19008740391299,41.157358406901,34.57698512491566,-5.628036455853129
1,167,2.9681777288301516,-2.5500075085943283,-8.699510289089266,13.785684968834163,-14.280743348356948,26.341365481380855,-8.387297869838585,101.15554103331797,15.559525708700376,-26.626137251788464,-86.75017419149779,44.92930862828256,23.617002455034775,75.63465825652196,20.755511658585593,-6.801689020223506,28.262440157162924,-38.186342404259214,38.881412158030635,70.581264389175,35.0,-12.60238683261111,-54.80534688876032,-1.4074008009956276,-31.145315752261528,40.15965473380157,34.57698512491566,-6.916734318535944
1,168,2.985951248164464,-2.381571608032839,-9.265575395255867,9.709862015761,-32.16312235110965,28.769513536603753,-2.761074332170924,105.97261225430206,18.805353409104704,-23.642094185073255,-105.51379231717239,45.59784174072544,29.333934390518355,66.95204953458905,19.87014676731387,-6.192651241092801,28.13339779819051,-38.62192195052513,39.15573043823252,70.53166616777321,35.0,-13.037960799601057,-54.76256660504298,-1.4789733341021432,-28.89844365530827,42.34038026441016,34.57698512491566,-7.860082940309434
1,169,3.003724767498776,-2.5525369841971512,-9.743249045739658,5.67717002785614,-50.055518766135826,31.17524619526967,4.258616538363212,100.89525830094244,14.918317403092516,-21.8183106140194,-105.17547407916915,46.29106741166605,29.18992610157463,67.24774865259278,20.370036732510076,-5.443238251381784,28.207428072668463,-38.91027594342687,39.56951244277195,71.29375227510504,35.0,-13.732434980811435,-51.749902146312316,-1.5609198550995225,-25.198173211763358,46.11866687946006,34.57698512491566,-8.730262889642127
1,170,3.0214982868330886,-2.0324169159994923,-10.180341705410331,1.5984341896487089,-69.68930629920366,33.68679686285302,10.748655852114343,92.5628227419236,13.919417588467162,-21.768450201002643,-105.78191181592162,47.18431931193539,28.322276755512437,68.13564275167452,20.3658288523103,-4.62295281962486,28.920105616370208,-39.06853287048929,40.769792036748235,73.51604638412209,35.0,-15.201223709657569,-41.749902146312316,-1.5764796064609725,-20.94435934420347,50.65809550688791,34.57698512491566,-9.311795148809173
1,171,3.039271806167401,-1.9750110630108133,-10.520707281182904,-1.2718836750751052,-68.39211205423506,36.22584470162881,12.741692813945566,86.98318392261093,13.252603795379708,-21.50110419970703,-105.81019717422237,48.05108567689738,27.842686474359663,68.50764921288065,20.54879886070451,-3.9379655472006685,29.30685340693722,-39.09194076772471,41.364591949695516,74.71497986293875,35.0,-16.510771953698193,-31.78598447870704,-1.5455022181959008,-18.01126466852642,53.757522200143654,34.57698512491566,-9.891522868078347
1,172,3.057045325501713,-1.985242576465675,-10.850878216366251,-4.462431023716873,-87.67597233540164,38.4234244169472,19.020715458395767,78.3212227780898,12.938224269968261,-20.3701573316834,-105.40446713664913,48.88607595420092,28.050265065144334,66.60031469211154,19.68215143140478,-3.291866318964149,30.3081510460227,-39.08066724401115,42.814587687733585,77.96421117485608,35.0,-17.896176076200657,-21.9159153175927,-1.34933044629945,-13.830161342952188,58.385491689952566,34.57698512491566,-9.605725523174815
1,173,3.0748188448360256,-2.2499600101333126,-11.194993269424033,-7.950780152168778,-87.0530044413773,40.31415515017963,21.440750515525398,74.17615431137527,12.923501204394737,-19.782986053634907,-104.99260771504201,49.74473014924536,28.550137766619184,64.60382263030739,19.10926707435132,-2.70834672806576,30.974211864896258,-39.138835961618376,43.85314022020222,80.20150662327002,35.0,-18.890413835536748,-12.866047206412468,-0.8976651280323554,-10.965060309424484,61.48557003841331,34.57698512491566,-9.149706607321592
1,174,3.0925923641703377,-2.463498376450104,-11.460641709831886,-11.847693995297261,-106.037031493855,42.045184804192644,26.758970941357347,66.36378283235709,12.576869701411134,-19.196596225619455,-105.1286569638025,50.58787213537011,27.872929254447456,65.30664732152376,19.37009490593692,-2.141460661536374,31.47075824341526,-39.178807510556766,44.62718939693242,81.69886743295596,35.0,-20.179017175695755,-4.431322171084073,-0.359473891826735,-6.0702016905933025,66.26253403416561,34.57698512491566,-8.499213866102597
1,175,3.11036588350465,-2.36803034994597,-11.672350307597737,-15.828609004885651,-104.9787484073176,43.69868159920547,27.570142492450884,63.99157112906978,12.630959442291346,-18.820922454904785,-105.7717802494481,51.49643606828531,26.9407927013136,66.11687471152275,19.30748822941755,-1.6355282793807795,32.271878878158,-39.17256705219335,45.80220752727617,83.97554157022891,35.0,-20.94519236678448,5.1005594575107525,0.2224475023140361,-2.104774130450627,70.52672979585145,35.0,-8.229426439836898
1,176,3.128139402838962,-2.727249888527405,-11.82037044912705,-19.279981994410033,-103.08390419893813,46.11061689103298,29.048646768051697,59.89412822940157,12.41174657030184,-18.799220337117823,-106.2988486280774,52.23413072294798,26.050209954883965,67.25555333576675,19.615636471536195,-1.2029880950905723,33.02520474832581,-39.112269369571464,46.8504578603827,86.32169538764593,35.0,-21.358925926802865,14.54555509729772,0.7811144105111445,1.344224108768402,74.41464724956815,35.0,-7.787907632089016
1,177,3.1459129221732747,-2.990680412787695,-11.93099656078512,-23.02826116055441,-102.04829157777819,48.03589725564262,30.341105680986903,56.82685662421139,12.322694610647572,-18.22973959915313,-106.90233897228464,52.924332479377384,25.064430135887005,68.85448677020817,20.076935703830035,-0.21101247215871483,33.952898387696976,-38.90849759862013,48.01515025441873,87.88268824969114,35.0,-21.787949713023767,22.68412650610894,1.4049158439363474,4.056122801883208,77.51554636258466,35.0,-7.2580308415425066
1,178,3.163686441507587,-3.3941322430770877,-12.071616343405038,-26.615495750982742,-101.01644697832052,49.45777835452893,30.318983767460107,56.18381887636358,12.3384098852718,-17.63245826556525,-107.03444954536744,53.47446352752042,24.276351865803903,69.4865903442016,19.9523563336893,1.0016799393830338,34.825757478039044,-38.7542362473778,49.15114043468289,89.35763967364218,35.0,-22.008693666484906,30.98081102986804,2.043329014960151,6.626468162003055,80.38951030726672,35.0,-6.319852148432918
1,179,3.181459960841899,-3.5371192212286546,-12.17648959845656,-28.90330916154594,-99.22883165970698,50.7699688350456,32.332751926427186,51.786952823682896,12.009167565225187,-17.16489499332621,-107.959447763354,53.87865864490801,22.710960292532597,72.54372682498564,20.936521083100953,2.6645662205574094,35.700241155994824,-38.62509412855688,50.318272245073075,90.89016820739167,35.0,-22.10443941143131,39.3433584464464,2.5926264496502593,8.339600531209053,82.35642382955417,35.0,-5.416700779811117
1,180,3.1992334801762117,-4.072051467687316,-12.36161539624584,-31.234253537277446,-97.18361620032873,52.56163288805206,33.044836059107666,49.39396201510235,11.7548856384642,-16.193150793341257,-108.52523009910529,54.06748560739325,22.0138156982956,74.27203537096776,21.84204208625219,4.180803915761865,36.41095912788471,-38.51938600088485,51.269188492110544,92.07829039837087,35.0,-22.375095389750165,44.112439627493536,3.1178468903216374,8.908680499551819,83.09622973302773,35.0,-4.410348997259744
1,181,3.2170069995105237,-4.8927650020490345,-12.54212070873902,-32.534084214964885,-95.0787878402157,54.638189354947464,33.659353480986844,47.16935994561357,11.486995968645612,-14.879078928794037,-108.76975046017333,54.07322803409193,21.23891550959248,76.14736907843836,22.780286501827753,5.851533442116425,36.8998515556218,-38.41442104960719,51.89597383330019,92.3906448070161,35.0,-22.50741126035389,40.59813379441726,3.5835747000671105,8.424380787257936,82.64446382202784,35.0,-3.456100058301176
1,182,3.234780518844836,-5.053854584365729,-12.755585552953653,-33.142841751824925,-93.99258132837817,56.77582980125515,33.71635101790475,46.29329116465587,11.353179158824396,-13.5338597089257,-109.18241054081965,53.89219086804867,20.396506093141753,78.22507801105566,23.688688296384427,7.650666483479031,37.25108424484776,-38.364887354162214,52.37417593856878,92.2623841168605,35.0,-22.808924435517717,35.92419613808062,4.047899455362767,7.850934042784607,82.02396369355179,35.0,-2.4827207635568658
1,183,3.2525540381791482,-5.237558749705666,-12.947505263035218,-32.753923525428036,-92.40046840382715,59.02886822633706,33.98512680564815,44.609576658289704,11.078407556872882,-13.167659851094,-109.5881405783929,53.69787284166837,20.164803297833764,79.58358459352726,24.677289178941678,9.220126791596511,37.49371594892051,-38.31617455713469,52.690076747840955,92.03549969515912,35.0,-23.15515770146384,30.22257249986383,4.445318658026915,6.524165232237935,80.76944791617042,35.0,-1.6460608488750816
1,184,3.2703275575134607,-5.69061576626003,-13.09342333663936,-30.951436010360002,-90.50448116950014,60.88163238091272,34.845865607743534,42.19930423248262,10.947834485369796,-12.738616386831167,-109.28054136270511,53.36259599725474,20.56531604463299,79.92190929223733,25.476838449246248,10.317096143257475,37.67100182371161,-38.22708136053529,52.86502821009928,92.06064621828061,35.0,-23.526712682711192,27.21625397924493,4.796580124540089,6.090772828176404,80.50986984419048,35.0,-0.9311728000612497
1,185,3.2881010768477728,-6.175848564631383,-13.203714765915754,-29.522273756138155,-89.08809735883204,62.25962269953414,35.52941340950255,40.55495862575963,10.992022576004553,-12.031904996468556,-108.85801445714814,52.88153127761546,21.238651425213384,79.3789712795187,25.687937725698195,11.318053322344092,37.796108927889705,-38.138947788216086,52.962782598868465,91.9698731009152,35.0,-23.835546593702933,23.79478074196535,5.1093721336767794,5.638418725410959,80.20995063213492,35.0,-0.26943575848516876
1,186,3.3058745961820852,-7.044646361714934,-13.266103060806524,-25.386487451806286,-88.23865909372202,63.324954430263006,35.716442369127805,39.98077310283868,11.084847464493931,-11.515777952076794,-108.73322347133221,52.10302043562481,21.765193336944375,79.18485774607748,25.823429062674755,12.133559056877255,37.73099379998768,-38.0357106743392,52.76186715986918,91.28171173015025,35.0,-24.08742365486661,17.602971788776067,5.323909197944105,3.9242497586580614,78.40097503010274,35.0,0.47921044926186285
1,187,3.3236481155163977,-7.454392683361689,-13.292647010547483,-21.999375311146622,-89.5780639742013,63.15997896037757,34.673165016395544,42.51398955675851,11.419997153164218,-10.585896527837388,-108.73322347133221,51.303955638823915,22.148866826058306,78.60273687453527,25.252360882975893,12.484740958246727,37.67135393156901,-37.944238680875806,52.58045643219964,90.79000628320968,35.0,-24.316416911568663,11.702656432912836,5.481697140052564,2.351801111041151,76.61526214724836,35.0,1.1929401851385146
1,188,3.3414216348507098,-7.895346285877238,-13.197735277432525,-18.700599853871214,-70.61367659536124,62.042204312345305,31.418475745215456,48.51160481785205,11.90276754569791,-9.768466376650911,-108.73322347133221,50.39712509430358,22.80148573943219,78.08110134573455,25.09844072308298,12.127114345005856,37.29465510465534,-37.918071795192944,51.9841543866971,90.63164202184626,35.0,-24.129677813031506,5.09191581744179,5.526146081043139,1.041677300631197,75.11733365634262,35.0,1.8191391571797446
1,189,3.3591951541850222,-7.805411581513422,-12.991247997059913,-13.453527242293786,-53.126932674678194,60.18877902404072,24.92594972133961,55.861623665292136,15.383379025569964,-7.705078732981932,-108.73322347133221,49.26990887519148,23.612025393014473,77.46097886358783,24.865600292656676,11.283715512429728,36.79760171341727,-37.78794012001782,51.09789653515168,90.26251147983896,35.0,-24.032964305767322,-2.9707710893957993,5.463273239652659,-1.5455860883973533,72.26884414644748,35.0,1.608224276792335
1,190,3.3769686735193343,-8.049334356853779,-12.783847578860543,-7.089890878657422,-36.36939777555986,57.70398931662248,17.711355577591075,61.140084283595975,19.934515563126094,-4.813210472271148,-108.73322347133221,47.688123698764024,24.38865628947048,77.33894321131855,24.53209235456861,10.072657671759707,36.22624167628823,-37.4996982780194,49.93143944068592,89.59430160750104,35.0,-23.86063759176044,-11.205194620819954,5.372094406312539,-4.692083471477975,68.82747786571949,35.0,1.1538595221454033
1,191,3.3947421928536468,-7.839480735972779,-12.510463407895488,-0.7262545150210582,-20.612707167977604,54.39687874518381,10.08217045874066,61.984690269015736,17.046704895518243,-5.194018027561008,-88.78420599584848,46.03458838684343,19.534034538743516,82.18657865382421,26.754809529476894,6.78778378683314,35.78296434756086,-37.085163766364424,48.819326633365655,89.27861970653727,35.0,-23.298496468459167,-18.75924477068873,5.244131798986686,-7.271793126893809,66.12810222404296,35.0,0.6440275748091514
1,192,3.412515712187959,-7.4379279757263586,-12.198886134996544,5.637381848615306,-4.845952513880528,50.375692973374186,2.6443601506476977,62.17400798191261,14.251725552225118,-6.082313092929524,-69.57583285599664,44.29397573251412,14.561996154496871,82.82084902001503,29.65894430886253,0.4584197949374721,35.38750501939242,-36.5248383787473,47.615728907353784,89.40369272567293,35.0,-22.207827593101594,-24.935570786568544,5.05388449238766,-9.194783687693025,64.14535820229145,35.0,0.16692321460755372
1,193,3.4302892315222713,-7.272405261878407,-11.833226076237615,12.00101821225167,10.837570683850656,45.78874862805464,-4.957241780416401,63.109151745801256,11.432281405055093,-6.254369872737372,-49.61340155640912,42.37068102044106,9.733196394888203,84.84116451736641,22.130710761007006,-5.866289984149418,34.96637862027133,-35.66683924510664,46.03965305772155,89.83094685032668,35.0,-20.78387463067451,-30.07736598727331,4.820557751027078,-11.341996232105993,62.105945458854315,35.0,-0.7208986620203383
1,194,3.4480627508565833,-7.036785809057639,-11.411403575602819,17.97573634949114,26.932762389230223,40.87613141508222,-12.4001773975032,64.48822607086082,8.418387569748058,-6.174889449184457,-29.613401556409134,40.19617167223107,5.868341874268404,90.94394972170899,23.507517670858316,-10.019454858339914,34.634585102900324,-34.35907585966024,44.066784234032816,89.92083420265672,35.0,-19.085380601086246,-34.15453404952438,4.52668925802208,-13.282685626506684,60.04753283352515,35.0,-1.677276562249412
1,195,3.465836270190896,-6.121534746104849,-11.017003363251032,22.391714481350615,43.173323949042135,35.86455096749366,-20.310294239266668,67.6401033571007,4.779266405041394,-6.025478012601809,-10.332860193704018,37.50310874087268,2.2669575601421177,97.94830883055025,24.987946335509072,-15.201325738059673,34.18774885478194,-32.60066935108188,41.436965724990095,89.0555939567309,35.0,-16.96432773283674,-40.19551542062939,4.190561615929789,-16.008775052666948,57.064203997656655,35.0,-2.6856725493546354
1,196,3.4836097895252083,-5.124875157417157,-10.640577891100007,26.76750241949135,59.625249254230724,30.737818092023517,-28.27918344444132,70.23863636220246,1.4360524728441286,-5.390587096586189,9.24461290073903,34.37570817195942,-2.6347434850616924,101.40268115763952,20.262021223409413,-16.322830824835805,34.596004642929444,-30.445018140899332,39.339628144080045,89.0715436229914,35.0,-15.785436813166713,-45.20876721867821,3.8569164338250257,-18.629954642075674,54.31358642378711,35.0,-3.871742534249374
1,197,3.5013833088595203,-3.9117217875619503,-10.319356299703623,28.076921513707916,76.90957293383578,25.34419217412885,-35.835053712360306,71.20201365344649,-1.4765579905835304,-4.059461015643714,9.119821914923076,30.853800405329935,-2.7457678863604835,106.00350519875366,16.50259844970192,-17.42149804714813,35.44241688320705,-27.91518771920123,37.25160157899541,89.26984310307476,35.0,-14.647312726927572,-48.45439765970973,3.575664750661106,-20.305220847332745,52.41088861469652,35.0,-5.250169722402504
1,198,3.519156828193833,-2.635397081763683,-10.048233772882936,28.38668812767253,95.41965021972624,20.022863601706472,-42.52228582122588,69.54029282602168,-4.238608529729501,-2.30952665435033,9.119821914923074,27.149676293198034,-4.9762359504001115,108.25692548243819,13.932587381856665,-18.165963218890322,36.95298505446473,-24.945167996078055,35.63202441485617,89.63310953867325,35.0,-13.944656583407454,-51.53289180824913,3.3487043167548247,-21.108428201686873,51.09038806847268,35.0,-6.980746147707146
1,199,3.536930347528145,-1.3649883475755376,-9.910953358519073,28.19620925488039,94.29371168680828,15.660262337663989,-46.44400587699431,60.954180080601375,-6.361807581153716,-0.5131683861663678,29.119821914923076,23.306962799138613,-10.07050968624782,109.21993154164294,12.723868650001931,-18.805512697731025,38.83955338952839,-21.634153325684558,34.488317446579174,91.04253558176164,35.0,-13.113960164315332,-43.78449291631195,3.1684441842187256,-19.47918637331232,51.890816629241066,35.0,-8.525290673915165
1,200,3.5547038668624573,-0.4711516853976978,-9.855198545636023,25.19564361800315,94.67067744454442,12.014806749277557,-47.38366121237279,51.135519030239585,-10.794964665905379,0.5324610738083184,29.119821914923076,19.613772256427676,-8.148112848975224,112.17597368380643,12.561984991964287,-19.611569853480606,40.870671303433774,-18.07183066379674,33.56298000451858,92.66770282145652,35.0,-11.04636842573665,-34.520883668693365,3.11541833208053,-16.1792424280918,54.67495415493393,35.0,-9.263039222522975
1,201,3.5724773861967694,0.4121168436654923,-9.778892822954827,20.93911261448647,95.26590539885454,8.798291816041676,-48.143112372972375,44.22113152405837,-15.883724844282819,1.0970705896803612,29.319681847261123,16.24785234122208,-5.769381587166896,112.59942407167414,13.843295646143968,-19.228944738498072,42.561241102641794,-14.123448584099679,33.21656885870162,93.9676209296787,35.0,-7.625466527175174,-24.988251600827763,3.1673025866354125,-11.570323755591447,57.936917000301236,35.0,-9.967356873196511
1,202,3.590250905531082,1.4396123311559366,-9.690883851249161,16.13238050116165,97.37389221659761,5.860760516758372,-48.76944437576837,43.269353884340326,-13.057918771361983,2.969188966485035,9.370664371777389,12.951005495541557,1.738243191526867,108.22873788580004,11.93930443085564,-16.015965010182754,43.8966593946413,-10.068675264991809,32.709066783590174,94.77936478184665,35.0,-4.646363100435334,-15.651172516088224,3.33390099284688,-7.321543206619222,60.67341491082278,35.0,-11.057679798165212
1,203,3.608024424865394,2.722189945055178,-9.601992263832784,11.206808918256659,99.44971540100022,3.1557567833711726,-49.97386428240971,43.84891766049945,-9.71652903987205,5.541197989022073,-9.837708768074434,9.702040838776814,9.83641564528526,106.95211482934087,9.192550218991656,-10.98138783688335,44.473108494906846,-6.206942301973135,30.924805830866056,93.57344585510158,35.0,-2.4518468449841198,-6.535574113875126,3.523235183294601,-3.7850155178802605,62.838040927254,35.0,-12.277201942637724
1,204,3.6257979441997064,3.9221737135404897,-9.540172133227621,6.838553579713209,101.38279144646286,0.624838442474771,-51.4874321548087,44.021818743059804,-6.054102304010425,7.118919558678923,-29.800140067661957,6.760165524285441,17.86526538942049,104.94264662586953,15.354124753698652,-5.531990633650644,44.97816074999808,-2.5556684443402005,29.577446172252493,92.2688814750788,35.0,-0.12940506792309153,2.963340676932361,3.6969710269596177,0.5986517059535046,65.62369304694779,35.0,-13.279922046774429
1,205,3.643571463534019,5.181078521559581,-9.515446571666985,3.794174698174204,102.97934709769888,-1.6715892735219249,-53.07646872256664,43.40558830579061,-2.1847791058824435,9.048429757244607,-49.80014006766196,4.049883406468676,24.68934429217164,98.90509749406793,12.588902301439868,-1.7803315810554614,44.17301502954748,0.67781224847125,27.68497331336712,90.4335956238553,35.0,1.685960615977944,12.507258648020798,3.8479893507541387,4.673458881265864,68.28631393062136,35.0,-13.915246414044486
1,206,3.661344982868331,6.246980716339988,-9.471732150854598,0.3279315162843738,104.2198304095356,-3.618136722085977,-55.12035202350221,42.04897827829329,2.297642896550177,10.15180660079448,-69.80014006766196,1.8835195360074437,31.09248141875241,92.33566333273417,10.112996775801038,3.4976592978794825,44.146934507525295,3.4434206863130714,26.938809194982092,89.4507392076481,35.0,2.359015496026135,22.248284149702986,3.975962740228982,9.395335426868842,71.26807125517468,35.0,-14.367987013907184
1,207,3.6791185022026434,7.25071531972556,-9.420613325439891,-3.0965913648966277,105.33554834615661,-5.181017695865179,-56.73163890124867,40.69289619085698,6.439441631300396,10.745084113778628,-89.80014006766196,0.312857891388368,38.70656974884741,89.09162288051667,14.110678565855379,4.765379401429203,43.54591182698688,5.854695715768013,25.93631267762355,87.93165505545474,35.0,4.153897841159362,31.952542000180564,4.087812926773219,13.977156253106733,73.98777098485719,35.0,-14.711393019443163
1,208,3.6968920215369554,8.072161046026208,-9.35276225228141,-5.323572401110436,106.14350331490414,-6.206056782312427,-57.93506512922452,39.50764310723655,9.990043297960442,11.561527435104711,-89.80014006766196,-0.6605559691436075,41.42698135890009,84.91983154954028,17.460751292046094,6.3022649943341635,42.50001860566409,7.934288741978751,24.991486987126837,86.29702524932308,35.0,5.893678484196235,41.43234659524341,4.191822488716555,17.610632729627785,76.0773766060412,35.0,-14.772223601454959
1,209,3.714665540871268,8.762497028243674,-9.255810718234375,-5.895589783485125,107.0779867011135,-6.841672395121528,-58.74962015003387,38.56543319878198,13.325754393754018,11.508205997377773,-89.80014006766196,-1.3714609695325222,46.45845179838059,82.90709669612141,19.75814426032013,7.528744587156049,40.9182699478599,9.666265560697981,23.83717838733689,84.56179084694287,35.0,7.946179365359828,50.458391621541246,4.297623129385955,20.222438612000907,77.6495113301242,35.0,-14.356868547995724
1,210,3.73243906020558,9.266014666300189,-9.12220398864519,-5.494222068244363,108.20392523403144,-7.1447340828618024,-59.319005863094866,39.3055202562377,15.469256092043558,10.907388634511388,-109.80014006766196,-1.8953000461748253,54.04193379316653,82.74029033405719,21.08645577376279,8.914136311971893,38.7565411232822,11.113362628459232,22.26107609626051,81.89213811221352,35.0,9.801832377419673,50.82277188897499,4.38564881648584,21.167515049544964,77.97492521782664,35.0,-13.965802307043798
1,211,3.7502125795398924,9.687604818331595,-8.998741138438353,-4.434106584089606,109.14037817204195,-7.227488381514019,-59.75100049357841,40.439654133980504,17.173082605219886,10.026674563994037,-109.80014006766196,-2.3233410425484013,54.63128278320748,80.37733376408256,21.407473722616906,10.662040805800027,36.81778504050803,12.227798990355454,21.053764301532404,79.42607086967159,35.0,10.596508382239406,50.985085939575896,4.418755797615957,21.71182456973815,77.70737672396473,35.0,-13.62553488852239
1,212,3.767986098874205,10.034067435814508,-8.881561002276833,-2.5320323811647234,110.0,-7.029484246013644,-60.00290052157979,41.75034674371441,18.672752246498913,8.820399326205681,-110.0,-2.6159331162540194,55.07985982476396,79.29871062501783,19.997844659402826,11.328826219861783,35.619654372242515,12.86951053210808,19.929863815289103,77.53608696483737,35.0,10.066101226401928,51.15747183030092,4.30529077970258,21.73101449521191,77.16626621769763,35.0,-12.99696200614237
1,213,3.785759618208517,10.46344818990511,-8.796114776720437,0.5410654853050024,110.0,-6.752746420569102,-60.09290840061048,42.16706635509824,19.745734581943424,9.292318596438465,-110.0,-2.797071028424325,55.7197590631977,78.05747626836813,18.794026560410018,11.235516499873519,34.647091219605244,13.299405413862821,18.95848985901389,75.94291820656923,35.0,9.719734284930698,51.59269725565236,4.0440095634199515,22.027692352041562,77.12143520125359,35.0,-11.825530277721834
1,214,3.8035331375428294,10.365477428615309,-8.741416822344462,3.8321946425294797,110.0,-6.438092611641196,-59.621872288709284,41.6968623206491,20.050241978097986,9.47879101625544,-110.0,-2.797535331342281,55.916742464427806,77.50296755833132,17.90265768784114,12.322698474574658,34.46845896523965,13.798465038557309,19.544228973322888,76.20190074626353,35.0,9.599223357222852,52.16773070239537,3.6667069023824412,22.644704136092255,77.3410947064593,35.0,-10.494583608632608
1,215,3.8213066568771414,10.211945616148908,-8.699717646446915,6.557610485438081,110.0,-5.955899765207332,-58.765375899560986,41.30510082780409,20.099392235245514,9.927538227962753,-110.0,-2.684725042783874,55.93554038252111,75.5988219081196,18.44448156756211,12.664798174450492,34.462210404890165,14.238043554548566,20.230378888170012,76.78762475753923,35.0,9.037221465668296,52.520631101024016,3.265167503800835,22.996143922487512,77.68618531466551,35.0,-9.027212492468054
1,216,3.839080176211454,9.825140585738215,-8.668712840441922,7.927064541549311,110.0,-5.39008391023093,-57.80179009634707,40.87068677214906,20.170961910552958,10.059396050511062,-110.0,-2.4934039002085338,55.46533109930758,74.95901531042796,19.08036274403879,12.694216227535826,35.74404958292473,14.678979308667124,21.96501799972107,78.24656240820651,35.0,8.711043888229941,52.88543566928908,2.8631868652370165,24.138921177031975,78.7196452910116,35.0,-7.861930322972937
1,217,3.856853695545766,9.250472217768621,-8.650653967355938,10.273412838726925,110.0,-4.809279289909775,-56.28938377284562,39.56172763256016,20.182821315088173,10.77767988081866,-110.0,-2.272067350794916,54.51530446322308,75.3531466679816,19.623048527774543,12.68280685010116,36.46072328032055,15.160936308755453,23.41358789905064,79.63409773901243,35.0,9.113882780754677,53.13946727510829,2.449479273237775,25.014305223884012,79.92598676721038,35.0,-6.892608828446114
1,218,3.8746272148800784,8.792055003109919,-8.643084871024072,12.729991978434963,110.0,-4.204416813317394,-55.086658391767514,38.54669277573976,20.207914673342643,11.344336716580282,-110.0,-2.0471310202322566,53.74602067942848,76.15234019578422,20.0098508002689,12.741429627001388,36.880757076713444,15.587900788903738,24.523369615199694,80.59751989729321,35.0,9.256724233562212,53.43520942463071,2.024684820111282,25.997960774382264,81.26080711934246,35.0,-5.896040594100328
1,219,3.8924007342143905,8.544981775764635,-8.632486976586428,14.981521300423127,110.0,-3.6808237525741663,-54.217156077475465,37.96770237713877,20.265030912526694,11.345387081898643,-110.0,-1.8590314430194212,53.191345190810154,76.8923398217597,20.329454369850147,12.658662092076314,37.25914066653108,15.975218087391118,25.516868744226382,81.51252508120548,35.0,9.469850190564864,53.84381270250899,1.5825554283524867,27.230699584838046,82.78005414253948,35.0,-5.015254244063369
1,220,3.910174253548703,8.319700803052639,-8.61121663616058,17.029723865343765,110.0,-3.220692963915566,-53.606345757703814,37.858969617972235,20.24830263130718,11.832669118226368,-110.0,-1.6730994931242096,52.689341918029704,77.2226866306392,20.759908063869116,12.7263320805677,37.423256446400046,16.29111949583512,26.16170293268491,82.01447021419268,35.0,9.713417804365402,54.28946458646289,1.117539881716485,28.455708461995265,84.12489369224252,35.0,-4.241635709843369
1,221,3.9279477728830154,8.214727646059377,-8.583864300423045,19.169546678979415,110.0,-2.837708528379187,-53.20361028634722,38.09063766656732,20.329157773070925,12.407186277423232,-110.0,-1.4979169346836014,52.334382860734735,77.79968626108486,20.86159825185081,12.617924780089357,37.94611402312159,16.51990638741843,27.021550376339437,82.93458067965743,35.0,9.943420095161933,54.61099360209962,0.6386211048922207,29.444530652497132,85.25646479947862,35.0,-3.8300375263733106
1,222,3.9457212922173275,8.135235444787249,-8.5486478547142,20.95525864703989,110.0,-2.4946042732754297,-52.826012785440895,38.207395776586644,20.397293248995346,12.880197104174481,-110.0,-1.333430189500316,52.006645607046586,77.97144338609858,21.090451565344445,12.657963269536218,38.26929129823182,16.70831326476646,27.654031858127055,83.5098556823699,35.0,10.202724777762954,54.875922127462175,0.16677327499635872,30.17508810836325,86.07052786918683,35.0,-3.520693251103103
1,223,3.96349481155164,8.24017900360444,-8.508709288974885,22.746165482687164,110.0,-2.2380036448679905,-52.53954544752596,38.26016819871756,20.454753278402453,13.305487651861068,-110.0,-1.1598093248639076,51.70647397424591,77.96427685732979,21.175363009782828,12.639934087090126,38.21750924540117,16.83840303643233,27.776023661697913,83.83580769163903,35.0,10.332960009729684,55.0,-0.2710884501431874,30.570747064591043,87.05691895187088,35.0,-3.4659421321765773
1,224,3.981268330885952,8.116765662413473,-8.461649103151906,23.986799058455542,110.0,-1.9752196260143025,-52.19831246276411,38.27241587838136,20.480527951450263,13.48823428327692,-110.0,-0.999042324148644,51.13546309861861,78.39694687229681,21.415663533594024,12.808411901569654,38.17907187664653,16.946109050809618,27.881667835982228,84.04299186802842,35.0,10.400908617285076,55.0,-0.662475636324762,30.44774704120853,87.22305266825153,35.0,-3.561912161629515
1,225,3.9990418502202645,8.214597335310822,-7.134706940820267,25.621241484136053,110.0,-2.0600205904818556,-51.94378902861295,35.9062278129754,20.443490941767234,11.563586933085444,-93.37221290706488,3.216186250203142,42.01541397491974,73.97353771831689,17.492545071221606,8.448262604431237,39.5508154436518,16.16712501761775,29.629854480805385,87.56731340900653,35.0,10.739453638029358,53.94751306211765,-4.865113752164353,34.02750040014376,86.79780200635004,35.0,-5.354352897120403
1,226,4.0168153695545765,8.398688580522178,-5.570772217389575,25.26220590235887,110.0,-2.0219884551472953,-51.81602392098253,34.46196538083457,21.129871749605016,9.65523926929593,-76.6148288200564,8.465878167493942,32.92065772521959,69.88751384024667,13.641187774817496,4.73484582200101,41.027280439563214,15.305656164803771,32.2067683162581,91.68147874787417,35.0,11.079576000532596,52.86640840812721,-9.0943318773669,37.469822463432514,86.22707121947369,35.0,-7.151030607642653
1,227,4.034588888888889,8.550766579038363,-3.8379949193486143,22.781841941842853,110.0,-2.06128783578121,-52.07959437262671,33.65929853950326,22.074058678547843,7.405342217165058,-59.88256159331715,13.429317692075006,23.949542472171334,65.07407145107763,10.197463914864196,1.6168551811956733,42.317550919575346,14.428648057288974,33.51641097073709,94.69488196438223,35.0,11.317421617090423,51.71012868642477,-13.339176664278972,40.3764063891626,84.85350772535702,35.0,-9.042775910632175
1,228,4.0523624082232015,8.803805133530249,-1.8095284848363251,20.294382170261716,110.0,-2.038032643680459,-52.062950124890655,32.97759858188081,22.542907721042283,5.0105368539990005,-43.18627388678215,17.629058620397487,15.006469291536114,59.75358657195632,6.816385336405489,-2.3581511270842515,43.59642376200889,13.539264224763604,34.84064323861311,97.67064075955456,35.0,11.44836826629596,50.54292924125834,-17.56948444767678,43.347629443042045,82.23847758539843,35.0,-10.78044449780576
1,229,4.070135927557514,9.018560284909922,0.429264281508815,21.077980711141663,110.0,-1.954407903244,-51.95542238180895,32.814637991421336,22.403824934991764,2.0390931261285785,-26.52928559818991,21.866991844034914,6.12044301022242,54.38744448493999,3.1787681714285725,-6.026617647295569,44.8701674570863,12.682829733525127,36.07473648578693,100.81433991956514,35.0,11.588083970897504,49.24369099467946,-21.790344273255467,46.295604658101325,80.94355777361416,35.0,-12.373727136093112
2,414,7.358237004405287,9.120423693471032,2.840067087847721,21.963002548865582,110.0,-1.8520458041595942,-51.811768325553544,32.52354516388925,22.28888807165848,-0.9856605451242652,-9.872247742560763,25.83205288757747,-2.7916026937437177,48.45326268677764,0.061518612042685786,-10.427478308186448,46.0187364515666,11.844456283546718,36.71241901602918,103.34773333097132,35.0,11.545317020370891,47.40827745914685,-25.95820883216362,48.58514203617149,81.01958142361461,35.0,-13.955534401210771
2,415,7.376010523739599,9.170472210401876,5.425208844153844,22.859148121286918,110.0,-1.8326185327600286,-51.885164929188434,32.79199824262576,22.543463853902228,-4.163660419759037,6.789513497664518,30.102160257851004,-11.69848010822488,42.80421705475348,-3.2314854554207915,-13.73780982072064,46.90421251967464,10.972960864525636,36.43154418548389,104.99118084388687,35.0,10.790610069847823,44.96420949555324,-30.075876033817398,50.08516009012839,81.09827976681862,35.0,-15.401494002556404
2,416,7.393784043073911,9.110637123377096,8.146779459900243,23.318447944508492,110.0,-1.828789287596823,-52.58103024797372,33.07005311731883,23.306298069062883,-6.845175663447884,23.449526852472093,34.45610812016339,-20.601549327253863,36.65904523294559,-6.288823456989352,-16.61703898859744,48.0626088360471,10.121780102283711,36.8281688107468,107.3396951220046,35.0,9.781776236579203,42.00729351296535,-34.065937443084394,50.69956162642639,80.98452853271235,35.0,-16.263070188383512
2,417,7.411557562408223,8.989370745900997,10.99679339884278,23.994585643726566,90.0,-1.831592265824027,-43.19293255398932,35.42102522535834,24.172296799398886,-9.750842355744151,40.101619775902584,39.05255291380764,-29.51143207736343,30.720209587369684,-9.352418198502724,-19.44500686449496,49.22584082843857,9.295528103998805,37.34636743434157,109.9586133802152,35.0,8.492388507356429,39.54201779923771,-38.01288631959624,52.16166824543032,80.50116320453652,35.0,-17.110480528834046
2,418,7.429331081742536,8.650390919567455,13.918647801863363,24.55813560867109,70.0,-1.8486820977828538,-33.238593045575236,37.14309426806164,24.75119796688927,-12.82223352699993,56.80428734744816,44.076385382555316,-38.417162736382686,24.910322850647695,-12.226227934445324,-21.78953448145611,50.317242371979475,8.540366756396644,37.874460005754116,112.5236986546069,35.0,7.191699756119113,37.5064384818449,-41.95111845384898,54.277330693156166,80.11458435138383,35.0,-18.168900141714154
2,419,7.447104601076848,8.258064763070273,16.95464001907026,25.051136279757802,50.0,-1.810398321103907,-23.80108307987982,38.529481656793976,25.293155372701992,-15.739468212241212,73.56234099799923,49.71475442812352,-47.269226874027794,19.226005684988465,-15.039983015515913,-24.606431396605092,51.537331865276585,7.818080007179656,38.88682794013216,115.58462181907322,35.0,5.974540037653054,35.60455893861646,-45.857460354345655,56.81204524160026,80.15498088859984,35.0,-19.365851481546986
2,420,7.46487812041116,7.7690742466846805,18.782862569202045,25.051136279757802,50.0,-1.4219119334539203,-23.574588674598782,41.05399623676246,25.97774480323557,-16.789720320382536,73.76666891489234,52.24538955576318,-47.22722884208088,18.833802540237013,-14.080425391659936,-23.63807249541087,51.33073799514994,7.976482805255149,38.431307557506265,115.35792797916407,35.0,4.256868618516491,34.84595009214694,-45.76733489641429,55.71923167811685,81.00696776890041,35.0,-19.16926659447654
2,421,7.482651639745472,7.331719571875137,20.46587634608057,27.05301135716984,30.0,-1.1997691114495468,-14.505780165145683,43.15724213377092,26.13199686436054,-17.74994523941903,73.74966902814417,53.03994857879399,-47.12100711578089,18.298462469270977,-13.393640812540484,-23.131918054349878,50.9723126105388,8.217941336680479,37.050316530879094,114.31414754790599,35.0,2.2257243582611888,34.150890444253406,-45.56826331002154,54.62967348180582,81.44406666310677,35.0,-18.966176119526857
2,422,7.500425159079785,6.975073148490748,22.037100979426167,31.208300143113636,30.0,-0.8681038321307724,-13.674212776588005,44.04168810197694,25.938808108289482,-18.437498598471578,73.75229269814126,54.23740566503042,-46.985531780129605,18.68387028946972,-13.246685098069518,-23.655449961088905,50.810866117069615,8.475063166388047,37.12440303715899,114.54053398993238,35.0,0.41426954202217225,33.73586666638604,-45.262244192536734,53.83740798420138,81.98417013293728,35.0,-18.877154202759098
2,423,7.518198678414097,6.6604150321630975,23.383355089066036,34.815654799406985,30.0,-0.5888848720126082,-13.274478726630948,44.84638326575171,25.9869624496083,-19.044329615115597,73.80708157091102,56.32435724848354,-46.82509893508902,19.118585088223327,-13.232816643925004,-23.1595123509361,50.65765289042683,8.710954101634616,37.15164482557572,114.82615227276743,35.0,-1.2968494371084562,33.14778781601458,-44.86000945572972,52.71570436527521,84.48890005424501,35.0,-19.06993712843399
2,424,7.53597219774841,6.333601539665921,24.61133637812961,35.0,30.0,-0.36652417325502873,-13.008289365107384,44.81974797126661,26.441048163609047,-19.154269015546348,73.95165803014036,58.96733555222959,-46.65826163522643,19.601194907042682,-13.20261831489261,-23.014604952367662,50.54754592480049,8.927962239374931,37.3418904030772,115.105512321912,34.97378573445882,-2.852660646700525,32.79745453058401,-44.37102277638681,51.828601147635915,85.84548853091603,35.0,-19.47309017311055
2,425,7.553745717082721,6.008857755072967,25.744354089396246,35.0,30.0,-0.10033719933257626,-12.732735265970947,44.51485587925863,26.718925319951794,-19.6707310689237,74.11802299755608,62.20780815865824,-46.425181335435326,20.761853996310894,-13.656569027771553,-22.780900588330102,50.53980383972503,9.030503496432745,37.64600263803439,115.54257992009406,34.94641959847567,-4.161716719308196,32.80861879074336,-43.83808822419073,51.32679576277795,86.19844295955865,35.0,-19.88688823435484
2,426,7.571519236417034,5.774453434007012,26.758056958796544,35.0,30.0,0.23622960374129498,-9.984538797978106,45.39170134471498,27.050444534913527,-20.10476265201999,74.3117409326283,65.44270095525815,-46.18836469013573,22.06461078821068,-13.74336977928857,-24.55096140649083,50.90425386239379,9.112780840457269,38.89794491723759,116.87740207781584,34.90558454804904,-4.706758752953686,33.443609497642974,-43.368228022569056,51.7517016718781,86.08323440696832,35.0,-20.426218489454765
2,427,7.589292755751346,5.564973509451956,27.697391948101668,35.0,30.0,0.5999193260037369,-8.803341018883138,44.475899808756814,26.555490183827548,-21.17582823093865,74.54283924826902,68.94692648050547,-45.88060462860533,23.140075905566583,-14.002104682635261,-25.68465109510619,51.01762785034628,9.204852942395512,39.56084349679315,117.5650707394922,34.90558454804904,-5.242391261032714,34.694855692910096,-42.96103323588856,53.163426807930165,86.1782873570887,35.0,-21.400850698845474
2,428,7.607066275085659,5.459519698458849,28.566064272629458,35.0,50.0,0.9403906771622013,-16.80170558606038,43.122848376625605,26.199296217658993,-22.65511788355111,74.82387144128334,72.51327950373137,-45.5320983489727,24.518499189126086,-14.600983746645973,-26.217026759658584,50.88443517560765,9.284792946407832,39.42238507025763,117.59549819689418,34.89628410605122,-5.5671682641193465,35.31381626648077,-42.591419610135134,53.67492308941914,87.74309432812403,35.0,-22.26022074061029
2,429,7.62483979441997,5.4675085679380455,29.387243142322994,35.0,50.0,1.3241051184830834,-20.81292006521525,43.271787218506624,26.089892697375436,-24.948352707931576,75.18243497127374,75.18116732612386,-45.14206108350528,26.045883494469702,-15.235795645966068,-26.973651632282657,50.55850911380067,9.311781686876337,38.736582254279206,117.17327138877477,34.89628410605122,-5.798848903233866,35.60221926855022,-42.23771762083022,53.733086333178456,88.95715215571938,35.0,-22.93504925792178
2,430,7.642613313754283,5.540628653991903,30.124568453855876,35.0,70.0,1.6422654765571394,-26.956180678875725,42.74873605522209,26.345999763241426,-25.61977298559359,75.53591305079527,76.95149266847403,-44.749044907925985,27.986105565204277,-15.687555995962926,-28.91517153866835,50.272338777648194,9.306059250115085,37.90508687149408,116.53265816780593,34.89628410605122,-6.075063735760808,35.76455262290559,-41.91561474758848,53.647517249843055,90.33960019655537,35.0,-23.49768246736253
2,431,7.660386833088595,5.6457786346655485,30.832630126824526,35.0,70.0,2.0032122377331745,-24.90483593105399,42.89323737848936,26.543064415960703,-26.25714418990243,75.91961398728074,77.15853024287135,-44.386335182028205,29.711716914170676,-16.246020570120884,-29.82564506824888,50.13010695576515,9.23836081118615,37.204475025881614,116.05690295675487,34.82604169167886,-6.277595267942962,35.839241539948766,-41.638293372007226,53.4837479557536,91.7449049517345,35.0,-23.501173409876852
2,432,7.678160352422908,5.764431424630208,31.492675602543716,35.0,90.0,2.46017428259437,-30.021500668906913,42.62854730214463,26.672177359580463,-26.963999437757863,76.48194414798243,77.64602248360025,-44.05772638411088,31.47047043188811,-16.656340274455548,-30.811358433772714,50.00243986043265,9.150868424330929,36.516639588015714,115.58652987798388,34.82604169167886,-6.11449077724543,35.93868449309941,-41.356899918671985,53.35383204966347,93.70792808015902,35.0,-23.760489161717512
2,433,7.69593387175722,5.865784577879563,32.12200809882302,35.0,70.0,2.875762740303855,-22.623217428790436,44.1739509131806,26.819942621608064,-27.408136916048,77.14221719895869,77.75512736288175,-43.69363506412011,33.19187745240607,-16.953038875086232,-31.56904486113513,49.9014182534692,9.037823262505547,35.79880442513177,115.05713685248185,34.82604169167886,-5.902557197503525,36.05853282770307,-41.16624923180352,53.35113393956578,96.09698372138268,35.0,-23.816971102225022
2,434,7.713707391091532,5.97862232460158,32.69555427394036,35.0,50.0,3.28077028087629,-15.362200129924345,45.967239873321724,27.208453245352818,-27.590767184130165,77.88693602975349,77.2520398187272,-43.35200802789084,34.681257527596195,-17.26287055725822,-31.782753901446902,49.75293810085795,8.934925774213156,34.943108628341285,114.38433477664854,34.82604169167886,-5.65231941309822,36.359823510570735,-41.09354591993051,53.71192716813634,97.66552923089776,35.0,-23.734186282602558
2,435,7.731480910425844,6.089468124792909,33.19402365282279,35.0,30.0,3.73256870364922,-7.616401279466273,48.700294748746416,27.801695495201876,-27.554082248225896,78.67913611653434,75.78089858543314,-43.0441861595225,36.09280451496634,-17.45061575990342,-31.99998245013294,49.489177449315235,8.829613545094405,33.73364934990376,113.27744320721068,34.852255957220045,-5.47781572802926,36.55888904686324,-41.10920961928456,54.010145251336674,99.20999793416507,35.0,-23.626324324125324
2,436,7.749254429760157,6.259068602741734,33.60776802027407,35.0,10.0,4.187435693256487,-0.8495039221117134,51.149581865228534,28.4636582400232,-27.33092845881791,79.49819770330508,73.82649979606468,-42.77943118913538,37.621151180827354,-17.667762378745394,-31.79042510781574,49.29806893285859,8.813809041167497,33.07444681997847,112.58162452471387,34.879622093203196,-5.342153990445412,36.964623298074265,-41.171476656446636,54.65432800357366,100.24998217081183,35.0,-23.6045291284903
2,437,7.767027949094469,6.429861150683537,33.95352752666602,35.0,-10.0,4.6126183732974715,3.4150742818433626,51.64596414445531,28.735875989029395,-27.08469347497983,80.32664886203317,71.38328506595009,-42.55042720382086,38.825691382794545,-18.122953804761156,-30.463546214731238,49.023918973111925,8.853992193105894,32.3631116469952,111.82142139794568,34.92045714362982,-5.187869248044134,37.07294999537056,-41.19082249606926,54.829624402149506,101.51928160332318,35.0,-23.657563686519964
2,438,7.784801468428781,6.630257779074814,34.2320442390686,35.0,-30.0,5.02610655630867,8.774415517411054,53.34833150817372,29.314379988359622,-26.443403012222927,81.08923792211374,68.54112119752071,-42.43944905187276,40.00588068508274,-18.256079301389015,-29.798475230385893,48.784865949151644,8.86502121877188,31.6653123308564,111.10364439002507,34.92045714362982,-5.002776648248239,36.8706175408283,-41.24601754154527,54.591212435060875,102.46549173628513,35.0,-23.6641583995625
2,439,7.802574987763093,6.863938294563727,34.44817975009824,35.0,-50.0,5.475505251410635,13.647240406636486,53.82752322582407,29.61686632469471,-25.54554708460896,81.86318837297064,65.13332164287934,-42.414699990855986,40.83188101351325,-18.161131267946413,-29.186579255095424,49.023720118954195,8.887818992566544,32.48808700972248,111.73097988617842,34.92975758562764,-4.821247130312064,36.87947530723349,-41.28048971311325,54.638686751101524,102.8687906921466,35.0,-23.73852885623819
2,440,7.820348507097406,7.148086086945406,34.634424220591974,35.0,-30.0,5.873134552977134,11.543230208644234,53.02549364522568,29.91624546080971,-23.70067143179266,82.48970196957441,62.0507236923411,-42.472396783182376,41.174273117724844,-17.975128431026903,-28.094773395577043,49.76327900956957,8.881586671400635,34.96373490819171,113.96123911300903,34.92975758562764,-4.511058049113763,36.95715904125813,-41.26693818389766,54.73832892232933,103.93408799169652,35.0,-22.971932565463945
2,441,7.838122026431718,7.408311601080644,34.78334091727868,35.0,-30.0,6.243236067863387,12.13042757524176,53.19986591141601,29.893097997032452,-24.262175666820497,83.11374241541772,58.97741471419577,-42.555404974935705,40.95050578506371,-17.97463594192512,-25.22686871344246,50.30609615354512,8.837383357482071,36.75999719569814,115.56575111469151,34.92975758562764,-4.199001645154675,36.96300386940166,-41.262524975790825,54.74247322408407,104.45992069000758,35.0,-22.45061405981888
2,442,7.855895545766031,7.7174251847761335,34.88755336214286,35.0,-30.0,6.576118471900629,13.242345231163386,53.49235408711078,29.815924001406053,-24.481135718302415,83.66781034404958,56.31408559074529,-42.63240057658764,40.54546809256046,-17.714632667693333,-22.81221020588775,50.59754128312781,8.836553855709598,37.91209070050707,116.58075322149048,35.0,-3.615960612257977,37.48205642596892,-41.24656389502449,55.48277026083701,105.81959955704438,35.0,-22.417835277420906
2,443,7.8736690651003425,8.050786161146107,34.947685580704054,35.0,-30.0,6.827519047328743,12.762222644192242,53.62779527146075,29.647644554717388,-24.643367096879864,84.15488089916107,53.930842419956825,-42.73190802602942,40.37505174181785,-17.626701468425278,-20.55487691467218,51.018179319574806,8.789741102680805,39.595274273480776,118.01151223599123,35.0,-3.0205061329562124,37.82674241895162,-41.302913185755415,56.03525767895228,106.48157489494778,35.0,-22.32842627780526
2,444,7.891442584434655,8.40060145946377,34.9814013085525,35.0,-10.0,7.077957092623269,7.891584184725004,52.57532668214083,29.477123418352104,-24.992843602319514,84.64039870718788,51.517130729021936,-42.89543378970626,39.82429609659463,-17.422167038405348,-18.08505581894505,51.33847387995584,8.723908176514911,40.855700203684755,118.99598525173577,35.0,-2.4784160660052676,38.00667196356841,-41.29973617810163,56.2917283329104,106.99136524555574,35.0,-21.695839085217006
2,445,7.909216103768967,8.751312382316465,35.0,35.0,-10.0,7.345280344309239,5.006532600973274,52.15625343111749,29.30765175689221,-25.45457171494912,85.07691028168234,49.44038010449758,-43.03471331660282,39.47003521537047,-16.952261329997466,-16.668972083098506,51.66089200286249,8.654953095679293,42.0281327872382,119.86776744704126,35.0,-2.264844490545211,38.30513656327895,-41.21551665791611,56.6494842933877,107.3472923786021,35.0,-20.787635354110833
2,446,7.92698962310328,9.120198209511939,35.0,35.0,10.0,7.560751612395711,1.0091293386922282,51.0303059303102,29.0749826931671,-25.946921785804783,85.47278651894115,47.62505673036194,-43.16654995723402,38.833962072762596,-16.211219301025075,-15.407404077966858,52.11077053108989,8.543121981580278,43.46363049448717,121.0772714049609,35.0,-2.6412921794203204,38.575345730908886,-41.14335800600855,56.97414984602823,107.530293056948,35.0,-20.233972562823798
2,447,7.9447631424375915,9.475918175836803,35.0,35.0,10.0,7.759548993735032,-0.34274431118383275,50.87543229193387,28.955341997672893,-25.92082342762386,85.84475227308222,45.76981629283899,-43.33047884240211,37.76120100111964,-15.42160703253191,-13.5830632433132,52.559844083347414,8.401116947870433,44.78805563399772,122.27529481355819,35.0,-3.099046267815119,38.88698487659621,-41.06907194138394,57.36033332911072,107.88465639139609,35.0,-19.80769907923743
2,448,7.962536661771904,9.828567667813278,35.0,35.0,30.0,7.969659312840796,-2.816405298567333,50.4799977993458,28.77962920836599,-25.832066605996783,86.18410458939425,43.9717774512869,-43.50395745522126,37.10529089354571,-14.663541824677374,-12.18853536845478,52.981972977572354,8.224554247305464,45.64310813960761,123.03459774591056,35.0,-3.8646393149657,39.28010622742184,-41.0027761447488,57.867300652032526,108.56518156416858,35.0,-19.39952896740687
2,449,7.9803101811062165,10.146093903137114,35.0,35.0,30.0,8.209322503511979,-3.7619911427565027,50.64663989815729,28.555576574407056,-25.921408218252456,86.579717297805,42.125043061910965,-43.645359365718086,36.926116585308684,-13.875674181089455,-11.456694549694655,53.41527314954856,8.032873257351168,46.54429015490447,123.80999404751643,35.0,-4.633109446771424,39.860018308987605,-40.97587464895516,58.678339879456686,109.6230802113983,35.0,-19.05619286885595
2,450,7.998083700440529,10.337581376104636,35.0,35.0,30.0,8.468827072504185,-1.7867129875070582,52.77102260256948,28.55221931293194,-25.543788323532382,87.19491616671228,40.58860838034248,-43.633828087825655,37.93616379170454,-12.627648127392433,-12.21066505333659,53.268854139214746,7.8303338597944245,45.41462142433707,122.66082159031454,35.0,-5.288575369945131,40.27613921425524,-41.00436967640712,59.30470484281322,110.0951198835498,35.0,-18.859989080397213
2,451,8.01585721977484,10.424586005465665,35.0,35.0,10.0,8.754741019614768,1.9116762210820701,54.48628919554515,28.515300633408717,-25.210383722325414,87.79052915386606,39.063266620752394,-43.62454677396776,39.083094973678726,-11.80875127268776,-13.092017460976079,53.00358600865025,7.726106098996552,43.83973505616568,120.92492738325969,35.0,-6.252006508776873,40.403454742554366,-41.09684533031645,59.57546318525703,110.27068242066389,35.0,-18.959129224325594
2,452,8.033630739109153,10.512672255566796,35.0,35.0,-10.0,9.067538805161256,5.315475771612718,56.121795743856744,28.355358608098776,-24.357101134518924,88.30340857607634,37.690803088366586,-43.63504273716098,39.79454535674401,-11.122011690537597,-13.716896931579225,53.00521682177677,7.659048478857944,43.62421878670232,120.50019665622735,35.0,-7.191398780741998,40.603472315699385,-41.16577995371276,59.92890865368997,110.82362315925934,35.0,-18.815789341076062
2,453,8.051404258443466,10.454368335011067,35.0,35.0,-30.0,9.352669725603079,9.92399747309521,58.43251975069493,28.396635826268223,-23.79770767691316,88.88832011846621,36.44042713536845,-43.599317177585085,40.49357090585224,-9.829919722825567,-14.89805907622639,52.964590666541355,7.5689675028578,43.12329766640561,119.67831159925316,35.0,-8.292366678072833,40.25785009023615,-41.29061473096001,59.54202127588476,109.5913006960166,35.0,-18.7218018854817
2,454,8.069177777777778,10.237908595706676,35.0,35.0,-50.0,9.632604078073737,13.9215805517307,60.12974189653216,28.37353225808241,-23.460580469423466,89.40085888951333,35.247110970543915,-43.58900999459507,40.75151481499309,-8.439729055911197,-15.84259090720355,52.88012228838147,7.479892165501671,42.32943393989472,118.65411523860725,35.0,-9.434054365505897,40.01936882512561,-41.31618478802225,59.221768844694914,108.65787594342196,35.0,-18.31305015503312
2,455,8.08695129711209,9.993968661639283,35.0,35.0,-70.0,9.927742397891858,17.604563786760593,61.46276379742733,28.35690459215758,-23.246739845236338,89.80246831741592,34.29015313141071,-43.59519800827076,40.78144075139858,-7.2242075204150416,-16.59516459824543,52.903719364940414,7.381022944554948,42.12293625095573,118.28989157055186,35.0,-10.52333092548804,39.7448982355668,-41.32279286471499,58.832082875869496,108.1290884256577,35.0,-18.406152448596654
2,456,8.104724816446403,9.87035772604524,35.0,35.0,-70.0,10.215559032443089,19.02543266994871,62.07652059913714,28.3317060774677,-23.160817989616962,90.20818137474275,33.41386810484234,-43.59302330456283,40.980904468077235,-6.012358409263299,-17.24856079327029,52.962425359161415,7.262298259515881,42.046610567533854,118.06225060449356,35.0,-11.202041432803771,38.9570997911525,-41.34666267312359,57.71036881922016,107.48045247323013,35.0,-18.717494611918564
2,457,8.122498335780715,9.780590636673496,35.0,35.0,-90.0,10.476824185470308,21.712463030373897,63.10274603077742,28.388708330194593,-23.0592592921698,90.54010868170262,32.593162781624045,-43.61804206102488,41.03371328418789,-4.817673859597575,-17.722689289098053,53.033068009150085,7.183923268543411,42.19957019548693,117.93966982386515,35.0,-11.182017635564812,38.18244133840315,-41.293896640969656,56.536757928452566,106.75449678269833,35.0,-18.595435065243745
2,458,8.140271855115028,9.73091075161701,35.0,35.0,-90.0,10.680180655164692,22.629291019635698,63.69682885811619,28.37063218039394,-23.235397822561428,90.8847680964058,31.96585601282244,-43.60164567266522,41.10381458777608,-3.8793535412043707,-18.19961386940814,53.132267793353776,7.116852793457414,42.628621313234106,118.1291987802398,35.0,-11.034746594695854,37.48875832961529,-41.309603381288156,55.544508850830965,106.14821905870146,35.0,-18.438415140276536
2,459,8.158045374449339,9.723681405733755,35.0,35.0,-110.0,10.851132494808073,24.138794031243116,64.31030303729642,28.382221721455597,-23.727472691029924,91.20749076945933,31.42997347184572,-43.57782999045891,40.7173419256299,-3.323984995268347,-17.596851254912316,53.33691757013528,7.043770212736726,43.701160007579524,118.93843383604798,35.0,-10.551408638816632,36.85184542478748,-41.30140598455973,54.609672290403495,105.38214204747209,35.0,-18.333920942031906
2,460,8.175818893783651,9.744463845914668,35.0,35.0,-110.0,11.028372715793434,25.58970439289692,64.89884362801769,28.460286802572913,-24.350719250414055,91.56238481686265,30.900605967919525,-43.545782155866945,40.22224313529163,-2.764513200385222,-16.66930064462189,53.50977136565055,6.989239394076089,44.6153515400434,119.66188549852481,35.0,-10.45362704293501,35.94911898902545,-41.29217963647301,53.29197793419541,104.35369836526942,35.0,-18.24536037924178
2,461,8.193592413117964,9.74225508700011,35.0,35.0,-110.0,11.162479622962461,25.011152617594743,64.49407139330357,28.267649323515297,-25.08857887842661,91.81950932350959,30.24771228016006,-43.60305535421142,39.03406794368252,-1.844079052239148,-15.788034319513304,53.937758375213775,6.966168269068518,46.33773660299479,121.1780673844958,35.0,-10.438212684873582,35.18598945798294,-41.30518311434731,52.20485391095626,103.48497721593426,35.0,-18.126922322889172
2,462,8.211365932452276,9.734075191306902,35.0,35.0,-110.0,11.272414500661206,24.921034352254015,64.85887644203997,28.116424693460964,-25.78328150782036,92.11308078163398,29.658485811875163,-43.62916034395549,37.71560289928616,-0.7819749350981268,-15.030175020202,54.227986053577574,6.878285675661797,47.407379842157575,122.16937866003776,35.0,-10.180481519114066,34.454621667003885,-41.29467872258481,51.14008353428551,102.30293807247561,35.0,-18.654884266786897
2,463,8.229139451786589,9.672668167394555,35.0,35.0,-110.0,11.352145358083407,25.088804173170228,65.07262121740804,28.213582346867167,-26.23480249073596,92.56885223512325,29.03465609696558,-43.60767040568329,36.533851073398715,0.3069505605298338,-14.267501667142692,54.28668887653671,6.7697244996825106,47.33747364075282,122.01395152889883,35.0,-9.988324194785816,33.7043216696683,-41.24207089432137,50.00298366285321,101.14844789948093,35.0,-18.961917692517712
2,464,8.246912971120901,9.67091920872098,35.0,35.0,-110.0,11.419419143083012,24.717619996449653,64.70747034162345,28.197793682059174,-26.468740818220976,93.02962493914794,28.305448661620407,-43.624244028354774,35.28314415569309,1.285138510966762,-13.08637657615018,54.42596875739534,6.684803669124827,47.76504702589095,122.39070768765028,35.0,-9.90524924409278,33.082303289626616,-41.198544735508605,49.06452084677399,100.68624602931087,35.0,-19.110139322874044
2,465,8.264686490455214,9.726771877019239,35.0,35.0,-110.0,11.451553235770076,25.520500119591226,65.6331723787765,28.439284358813396,-26.547814539211796,93.80185105012228,27.59788484318884,-43.52991587565281,34.9120591341134,2.9323564594209297,-12.350296979764439,54.49033612351284,6.650401105858617,48.001711235041675,122.48466083181192,35.0,-9.812748747311076,32.20118483938829,-41.21859297008427,47.80740435835608,99.72393384800012,35.0,-19.556673508836834
2,466,8.282460009789526,9.74810166892237,35.0,35.0,-110.0,11.420462133330757,27.177618349377777,67.22162344877779,28.670037804625277,-26.465327993852863,94.58661763318582,26.833523004922714,-43.449641591245964,34.34773409457951,5.032896255269999,-11.72787938435201,54.484196454525296,6.667481715993773,48.02743681988236,122.31151548156413,35.0,-9.80348750405773,30.856794006588792,-41.25607998460217,45.88501075948919,97.74358178894691,35.0,-20.035233551194754
2,467,8.300233529123838,9.594386115362306,35.0,35.0,-110.0,11.350125680642476,29.36109200247829,69.42953445937025,28.67836254219236,-26.348026466444082,95.79413001881822,26.004778228692995,-43.26438161287095,33.21516639464423,6.806525853087717,-10.897466639799843,54.42396938651477,6.791194812617011,48.11184340610559,122.14008247569605,35.0,-10.06869294366458,29.959870193109968,-41.337612116672574,44.656847303004945,95.60816969824481,35.0,-20.49685447224866
2,468,8.31800704845815,9.403293046097675,35.0,34.964019899192174,-110.0,11.263638645516375,30.801489446998993,71.23050375453444,28.53941568541205,-26.379668232866457,97.04941611977597,25.159119950043554,-43.07726866426293,32.068158436583694,8.636966842484027,-9.96317703342486,54.34164687324071,6.919770521657342,48.066685943335806,121.96117759691029,35.0,-10.425921658587102,29.33706984276997,-41.45989304721118,43.875037572069026,94.13863960301896,35.0,-20.94683629716485
2,469,8.335780567792462,9.170292694264491,35.0,34.719048354677575,-110.0,11.210961237798408,32.19994337100887,72.69302035592756,28.448003052426476,-25.7946944966056,98.45832405613896,24.252438523105738,-42.868639551459296,30.63321834487527,10.52058175568943,-9.041517328615623,54.14299525055278,7.1180378651459275,47.562334472313545,121.22678439466885,35.0,-10.990699730882698,28.688378051566996,-41.58507962509355,43.061559320085735,92.59694891899007,35.0,-21.263840908252458
2,470,8.353554087126774,8.837108052319811,35.0,34.719048354677575,-110.0,11.174063328296672,34.504432072796426,75.37932359029533,28.016552957262046,-25.17392455208368,99.51727740434968,23.270427585307267,-42.80401772301723,29.14861224739404,12.599330698467094,-8.591157412102564,53.871849354344455,7.3942187606002525,46.87921841334822,120.29889397441953,35.0,-11.606220674469604,28.21736046851796,-41.76390032320701,42.56265408009941,90.85813269509696,35.0,-21.423729528245733
2,471,8.371327606461087,8.457130223054616,35.0,34.21375054959336,-110.0,11.091175439033066,36.48466860355307,77.98279102492076,27.531063147089217,-24.49036415317097,101.11306991800679,22.33539760647406,-42.563574543485245,27.746436782020297,14.705390496408489,-8.581872320105308,53.55204561415339,7.7087797769169635,46.17842853298264,119.31738086988163,35.0,-11.995275666244492,28.078834492557515,-41.933420675785285,42.5394380448113,89.26314216029616,35.0,-21.602175779382723
2,472,8.3891011257954,8.187949474240696,35.0,33.49498578398187,-110.0,10.962242620880204,37.069847144376105,79.59299806396604,26.923400900115666,-24.299495700145396,102.5336709751508,21.411431695046694,-42.29945771769569,26.21874865819793,15.829615046242816,-7.577239153502333,53.22825419565415,8.04472835175295,45.74277066966276,118.54689019915858,35.0,-12.543390618917009,27.764630383780865,-42.07182587815975,42.227174136064804,87.81633084280197,35.0,-21.511628157863527
2,473,8.406874645129712,7.794048967587728,35.0,31.952969060201294,-110.0,10.832493505679208,37.83476866329351,81.3217681248933,26.346736134742876,-23.732309430453732,103.95674183173291,20.475335660080134,-41.844065924833394,25.500172906399598,17.174483638282073,-7.013646290660694,52.881331027600815,8.387235528233823,45.236288762609526,117.76269424427291,35.0,-13.188239748630684,27.68032402948559,-42.20968682964128,42.24980932841706,86.7563979194444,35.0,-21.333993875798793
2,474,8.424648164464024,7.1820667530424,35.0,31.952969060201294,-110.0,10.720300684981767,38.540496176720325,82.99041106693775,25.78704554258967,-23.09625784495931,105.25251878011746,19.57433474308125,-41.578105017034304,24.64595933484578,18.57057716575848,-6.513932277099821,52.418104324261414,8.754134370053219,44.479925586850506,116.85699156074007,35.0,-14.06965132160089,27.683624775141354,-42.37827443347777,42.432066556470794,85.66087579146568,35.0,-21.40366944795322
2,475,8.442421683798337,6.856062086225407,35.0,31.952969060201294,-110.0,10.556072643250968,39.098763267365136,84.0683643227405,25.39134562035531,-22.802568590882096,106.43695065875731,18.718051042359182,-41.219941122640826,23.94369705176122,19.726015126257636,-6.0249533148172505,51.96164470643684,9.077807854882122,43.61775492071622,115.86790224911039,35.0,-14.850700622391509,27.61556319237076,-42.46416812177051,42.4232380703082,84.49574103631306,35.0,-21.482360727583696
2,476,8.460195203132649,6.52819476031441,35.0,31.952969060201294,-110.0,10.359329733647709,37.871244300196686,83.10475271057045,24.80412387513703,-22.51035265031466,107.36240086066238,17.713800173388215,-40.71907075581377,23.493414954744836,20.088607469631167,-4.799285149693535,51.74128944270187,9.334984148239762,43.38270320334327,115.5330574126353,35.0,-15.559964684720454,28.228461415142228,-42.54060455861501,43.38946401336911,84.82021590530947,35.0,-21.601662413731468
2,477,8.47796872246696,6.423251001441076,35.0,31.952969060201294,-110.0,10.152453499420833,37.34718963277166,82.53704211701707,24.235756069855082,-22.301025749134894,108.29534309395684,16.611922766305593,-40.49978608982054,23.129529010911604,20.0562212856882,-3.626299461067764,51.183608291273984,9.56937890406622,41.89634267895656,114.13537023811146,35.0,-16.234633376430768,29.4501491063973,-42.57371193874043,45.20226400589711,85.59870000034462,35.0,-21.757116019878005
2,478,8.495742241801272,5.772536285182861,35.0,31.952969060201294,-110.0,9.909130381216555,34.650471465747046,80.35679707722123,23.90508573645998,-21.777847023119637,108.74981066640358,15.4845794277459,-39.807178298043766,24.700717847678025,20.06536081151603,-2.092730728180646,50.38080436700297,9.73835998423691,39.834376540637294,112.3074979961022,35.0,-16.058678565254535,30.69171753541494,-42.53900812821063,46.97486223262897,86.94211697652342,35.0,-22.166281859956907
2,479,8.513515761135585,0.9644638542169893,34.934639010887274,31.988949161009124,-110.0,9.548245385872075,33.7015646534984,78.88060087247771,23.641614234260068,-21.293072933210137,109.17295618662473,14.08915208070602,-39.85856801933275,25.855026754546206,19.930433858310945,-0.0869194869376604,48.59270389306671,9.912221290148771,36.66641025136531,109.3457316821927,35.0,-15.614088804959202,32.10620799937824,-42.45630722834091,48.94424137863316,88.191946015881,35.0,-22.667148024128867
2,480,8.531289280469897,0.3448287347340053,34.790832105050384,32.23392070552371,-90.0,9.131246054924548,28.633518764129928,76.57426240049821,23.396234763310055,-21.25397260697761,109.40495867160189,12.53035496706044,-40.186896864432065,27.732608507326006,20.07283196537871,1.8165220583755854,47.14937624214879,10.050448633256922,34.01378555228766,106.87788313821112,35.0,-14.916680445543697,33.311122567387606,-42.31026780414492,50.54625653306944,89.5187189232599,35.0,-23.06395797962139
2,481,8.54906279980421,-0.0002911731682303621,34.55982645765448,32.23392070552371,-70.0,8.778236551468758,24.926948211382342,73.82002567844962,23.42551085976646,-21.093426075138535,110.0,10.87303067168174,-40.7573736641417,28.81212641910039,20.58230307583032,3.4383863653548388,46.08073428960898,10.166563997123575,31.880040023145753,104.9109367234168,35.0,-14.004089559873295,34.46521435368215,-42.1118783603234,52.02353640735057,90.92681026736163,35.0,-23.525853659437917
2,482,8.566836319138522,-0.437016834658337,34.229541183142615,32.739218510607934,-70.0,8.463719231776437,21.35950422300748,71.20723515071552,23.36791122914618,-21.071914663345,110.0,9.072134022130125,-41.793062193645916,30.436555626327515,20.823364429146654,5.823621704811135,45.16641827616706,10.244917271589868,29.96443844262093,103.30368940402708,35.0,-12.694056103910281,35.56677315957346,-41.88140044909835,53.391949220289575,92.60632314853707,35.0,-23.810069682970013
2,483,8.584609838472835,-0.672596789382238,33.85178284310815,33.45798327621942,-70.0,8.23496630262682,19.748287030110397,68.99746271780343,23.46639463238939,-20.412368220224433,110.0,7.121251643288288,-43.4667156222473,32.504846453277516,21.1805571886718,7.609409192731639,43.964554922298014,10.284214761076363,27.77450149616047,101.4435195340776,35.0,-11.199116212448368,36.811071635932485,-41.63796457071454,54.95294428212538,94.28246040745299,35.0,-24.373139706725684
2,484,8.602383357807147,-0.7621760352266278,33.35854203607458,35.0,-70.0,7.933432191111408,18.233856473853717,67.01652424982302,23.43069058217327,-20.20725192269731,110.0,4.957035999467366,-46.94012029868737,34.90047916365245,21.489798716621547,9.431467447784165,42.92106723453812,10.29822715460572,25.75370203351555,99.77592074341055,35.0,-9.506907095003102,38.01270824983198,-41.42399562919165,56.4742090040754,96.11539585923383,35.0,-24.87635336931844
2,485,8.62015687714146,-0.7783551927957276,32.746022345173394,35.0,-70.0,7.634255646778692,15.590454194960854,64.83908673941868,23.274989188507842,-20.089803229036868,110.0,2.6770344096647243,-51.14709212682133,37.981263217380906,21.864584006734546,11.343315893622583,42.04608705690992,10.345167089533573,24.23592036329949,98.45241596469693,35.0,-7.642333185279447,39.074616993543344,-41.2037385015947,57.791336884907075,97.66382182724595,35.0,-25.31777096712655
2,486,8.63793039647577,-1.1774717972973523,31.991479395913778,35.0,-70.0,7.4322201625355655,13.224009453862452,63.24977750159228,22.972636241144293,-19.615984029839908,90.0,0.15043267949414157,-39.09474030994275,41.43317987734691,22.02422344935335,12.80857774726548,41.56491174434452,10.412950103205821,23.323383397129227,97.72029608066067,35.0,-5.674471693828609,39.7940093124665,-41.04374188667823,58.671694708815046,98.70382922690281,35.0,-25.69311413354345
2,487,8.655703915810083,-5.737583137886606,31.04996626477774,35.0,-50.0,7.342827318237068,10.819740940101186,62.60550840514236,22.778153805633558,-19.499213996350672,70.0,-2.503694309493739,-28.028717654567576,44.36249743677166,22.40554793983231,13.655699989085948,41.35586265100897,10.556837560430976,22.968009516706704,97.12452129516392,35.0,-3.740851127044078,39.85608982974752,-40.81904462362691,58.53801165588557,98.07329220625525,35.0,-25.875171961964085
2,488,8.673477435144395,-6.378732817634164,29.922122134335815,35.0,-50.0,7.241379947614738,9.608135051723114,61.98120170889581,22.62996778378834,-20.048337274744814,50.0,-5.477237290955039,-16.78194169963868,47.80689830590502,23.022409418894735,15.257308473750367,41.36520932875649,10.74383851438008,23.461877382893018,97.24474221721226,35.0,-1.9312592109735027,39.59091130952664,-40.629688585023274,57.96467339017524,97.32226659343614,35.0,-26.005217989733993
2,489,8.691250954478708,-10.54344583338157,28.59463161913691,34.66907399519598,-50.0,7.2573749032011445,11.206215302679995,62.26254124379127,22.88579847954484,-20.04004720557306,50.0,-8.654216906511607,-22.66871878956978,49.03026824166827,23.603160943337016,17.02104905726346,41.42380581578198,10.93843410394913,24.00661558674634,97.31955671229166,35.0,-0.8227491506558423,39.73588740763926,-40.45711384109863,58.015058901404636,96.32120109813441,35.0,-25.90686006711121
2,490,8.70902447381302,-6.236542291147586,27.140858087383222,34.66907399519598,-50.0,7.359109628443034,9.332337411530869,61.05804905471646,23.294457583753584,-19.73128986630905,30.0,-11.91928686696865,-10.080468675064324,51.091561307931805,24.632447725687314,19.65936620514426,42.49589137974468,11.130096229038271,25.71927394869201,98.31502649223884,35.0,0.0822400800614891,39.24087720279376,-40.30089505293361,57.146496883724424,94.86411323101878,35.0,-25.626612622290683
2,491,8.726797993147333,-10.41664505363682,25.530638995508312,33.6525833711447,-70.0,7.58110499148803,12.440440935450148,60.71107535148249,24.080784793811823,-19.500612334374424,10.0,-15.553668326466463,2.497146053016964,53.23295985708276,26.542083790632976,23.173523765097517,43.13253889887929,11.308162876142841,26.856750635954317,98.56571002566346,35.0,0.8695819786403157,38.903998421342344,-40.15410341600785,56.51563429800388,92.82889358051105,35.0,-25.22965030409757
2,492,8.744571512481645,-14.814273790739083,23.814708371739222,31.51892082969049,-90.0,7.689579207633352,14.809585304114956,60.06689057854553,25.026155188319958,-19.06865693645935,-10.0,-19.609750448315655,15.150254098645865,56.966904520392056,27.467573227495645,25.524843510811,43.466249618185216,11.439989400846578,27.60132780770475,98.00530703980158,35.0,1.4379682441968418,38.89221803032519,-40.02118067634727,56.38314389325694,90.6559560691875,35.0,-24.70731115538304
2,493,8.762345031815958,-19.069697879749977,21.997933742146458,29.105071359114802,-90.0,7.6800835750534935,17.69649430433231,59.6668511096674,25.981018114840413,-18.44253180085894,-30.0,-24.273456704413686,27.819977584638934,60.42700109834891,28.245064421931342,26.594001548668686,43.62735165684746,11.518214066298464,27.991192257073138,97.06410096852416,35.0,1.6775327898466086,38.89407043999818,-39.85882452585104,56.24464079134298,88.91165711581199,35.0,-24.293049739977846
2,494,8.78011855115027,-23.559693232930762,20.032133781081214,26.305498609901928,-90.0,7.605019309057469,18.876562092012026,58.95331706344418,26.90305185240677,-17.940221276763705,-50.0,-29.343283117800357,40.973508480499454,63.797582926890875,29.05810769666465,28.308675579084696,44.223860517323544,11.546102668327144,28.822924332803485,95.87940982817472,35.0,1.8656782311589153,38.91147297205713,-39.59049037248912,56.03689464701742,87.42171090381196,35.0,-23.89615633454696
2,495,8.79789207048458,-28.05770239889244,17.959307880152437,23.54091826256448,-90.0,7.559899691212004,20.11382404825198,57.95628813465598,28.079948980464497,-17.278235163595795,-70.0,-34.75923693037686,55.949144406602684,66.22940278638008,30.486938691104736,31.038573973277355,45.038269956480526,11.480937214850156,30.02618475959251,95.29405675451716,35.0,1.9757939042239892,38.518921549673344,-39.22239307215666,55.11088308791432,86.02686451633643,35.0,-23.704615125647784
2,496,8.815665589818893,-27.488950936359128,15.848015431834995,20.545630435021593,-90.0,7.4704011830754045,22.137689615930494,57.357939965919854,28.989973018560523,-16.899552738566925,-88.9456622553544,-40.6847886729223,71.3848407636329,69.6552058950281,31.618274628980735,33.22195142270283,45.941585077029686,11.339653986665262,31.375173704590285,95.07044560818471,35.0,2.4892012639648042,38.401279555804905,-38.73908643300594,54.491738702771954,85.1264095577846,35.0,-23.55584808528031
2,497,8.833439109153206,-31.685345242644292,13.776560535585984,17.080064071386897,-90.0,7.361512673736416,23.9780395101551,56.59500829055801,30.050912191141116,-17.050607778122366,-88.9456622553544,-46.54787462178358,71.29618618339781,71.01055797656102,33.98685950829759,37.03359393040149,46.14987107824609,11.198831320594127,31.438229260634344,93.90332752737096,35.0,3.1964056684007804,38.63768397731359,-38.157253568213505,54.298109597344165,84.74345301880781,35.0,-23.475543357993004
2,498,8.851212628487518,-31.68534524264429,11.80704831015778,13.498515283039659,-110.0,7.179461685715165,26.918859275286888,56.19230784510075,31.001843208256503,-17.078330558134166,-88.88858762083424,-52.38065484678902,72.04122178251247,72.07972301650166,36.684613801466256,40.98418673016992,45.78261609204137,11.057599400289044,30.20776812837389,91.99489415346729,35.0,3.9647056668631917,39.13888536134517,-37.557618362913885,54.47596827273406,85.13069943419974,35.0,-23.33673594393522
2,499,8.86898614782183,-30.188871865822282,9.927717057879416,9.267119325175962,-110.0,7.043201179862902,28.585640517408628,55.71157571179797,32.06902121217849,-16.715944572770354,-88.88858762083424,-58.004266705126355,73.42545175173247,71.80330135334364,39.22989678804893,44.136959947472555,45.35044433365024,10.816825789108798,28.760448335068062,89.39941793449677,35.0,4.671311973820152,39.671938734550444,-36.9063769091977,54.62232086306198,84.94960836475859,35.0,-23.315401182737162
2,500,8.886759667156143,-24.68671617703202,8.226193271209372,4.920250806316629,-110.0,6.8920957424634,29.36487302028615,55.11851589326398,32.872106890312075,-17.025468300903526,-92.10137229195145,-63.766725073097525,73.95477526049747,71.21134317174983,41.89702391796402,46.76999734180202,44.81104737854874,10.584329126900366,27.482428942712875,86.91984470096783,35.0,5.1998444630623455,39.56597200375058,-36.28876915493205,53.834591068146665,84.99344183645562,35.0,-23.28241576780964
2,501,8.904533186490456,-23.540018408258746,6.6427967966878505,0.061405915941575955,-110.0,6.798049090677178,30.633004671235486,54.995383560107754,33.32948573738502,-17.77738597210166,-76.25281277278083,-68.70683947339548,57.12734294460907,69.76941592112543,44.48008053473734,47.94463497545958,44.02140740115598,10.300370298853222,25.852026255413012,84.179401027354,35.0,5.622047674826107,39.620350482572185,-35.686563921136745,53.29278472858998,85.06383790912923,35.0,-23.47573252547605
2,502,8.922306705824768,-18.63115582730545,5.265631542177517,-4.601589347470421,-110.0,6.634942300500964,29.91161715660427,54.72886316774635,33.48682866126788,-18.70039336612151,-59.96359297029353,-72.673371584391,41.93522466520651,65.45926462796504,46.13238887364525,48.0336336045071,42.86767006753474,9.989804106356443,24.17609202103599,81.05800652097591,35.0,5.746486785150134,39.30839166031933,-35.0706187800044,52.16954687367507,84.80943391112055,35.0,-23.80830496951579
2,503,8.94008022515908,-14.257596723376087,4.006399715799912,-8.650929913175718,-110.0,6.531729423457366,28.101613521835567,54.34072656264807,33.61962195074806,-20.356661098831065,-43.502558086062955,-75.52703673282645,28.071050845667106,60.03132067429849,48.55777187997534,48.82480067128166,40.038753659918065,9.667055351909037,21.884805965640247,77.43697865049249,35.0,5.594107208196412,38.47843927535752,-34.476771730988396,50.29523442867071,84.13891881983605,35.0,-24.17514965540986
2,504,8.957853744493391,-9.996555276896153,2.8601996469667204,-12.600716806236397,-110.0,6.533404893802902,27.267489129938692,53.04393727333559,34.52280186818729,-22.213717123126177,-26.95585992170462,-77.3018930926634,14.849632182789419,54.32586077323635,51.11527917102103,50.603439057802774,39.93159227224968,9.311798799987432,21.01067531576082,75.23956838589169,35.0,4.969564302094957,37.45798011404083,-33.915600064016466,48.175920246905704,82.71651152978903,35.0,-24.444934881191465
2,505,8.975627263827704,-5.704919647619883,1.801887540859495,-16.164780420659884,-110.0,6.558415715102885,26.80704649159405,51.331610085551794,35.835659692982276,-24.42987946949536,-10.683285260113406,-78.01428638893206,1.4912144528875666,48.42404522645527,53.65917270111065,51.32985907845755,40.43666223572433,8.890638920650575,20.95235434630238,74.47033618033961,35.0,4.2790130400897475,36.347007463062475,-33.42215617548785,45.98230712095548,81.03074799181914,35.0,-24.43593549683942
2,506,8.993400783162016,-1.426446834488354,0.8095406910990075,-19.600965766883505,-110.0,6.655321197908081,24.997081082285153,49.966625871548906,36.512331878431446,-26.399029950011535,5.373401706624873,-77.8259784863539,-12.20187658989869,43.35450492807895,55.58429434568845,51.43576580101285,40.5571411099072,8.477609985001411,19.984162871156105,72.78020609419913,35.0,3.4801519593947914,35.52863937840579,-32.90929408110964,44.22016496065043,79.55343718938288,35.0,-24.191192096160773
2,507,9.011174302496329,-2.053228874414955,-0.10687176421674302,-22.882820225172136,-110.0,6.799069732967832,23.866891970923188,48.44741467355333,37.5502322830775,-27.97331460882413,20.388223365864267,-76.85081163311013,-25.392065828348745,38.473162880433,57.74380410115161,51.29601454561967,40.74506224324519,8.018147315060395,18.92548681190964,70.98145932607657,35.0,2.2668769569137965,34.382746365809176,-32.50174243112704,42.07243802402209,77.69218569339797,35.0,-23.78433599443162
2,508,9.028947821830641,2.1945255553479757,-1.038027762850105,-25.32591285791585,-110.0,6.938406401312974,22.060206520079326,47.18973949736417,38.18920957287342,-29.100189999199078,36.42403107349282,-75.72860735098648,-39.516023633292946,36.01950152973265,58.6900071234433,50.32037980303005,41.519408299360414,7.3756351987748126,18.59192183871898,69.71460775302027,35.0,0.9292421845978537,33.21841540956149,-32.194268923773606,39.987958239741765,75.85447775833939,35.0,-22.479585796519533
2,509,9.046721341164954,6.447637244757234,-1.9083099534631103,-26.702476503858396,-110.0,7.076163062266016,21.645607834453788,46.81877120718153,38.53908506387098,-29.803155533367672,52.18283171774335,-73.94424262476167,-53.748345496368934,34.22986304415693,59.125021555810896,49.42106982345796,42.17748546216674,6.710711745204308,17.664327475806537,68.15384870601318,35.0,-0.5261973875983157,31.862828099746025,-31.988558710290434,37.747977414453615,74.05187261657512,35.0,-20.81498312418871
2,510,9.064494860499266,5.148154139263219,-2.7014529406366075,-27.198364581220957,-110.0,7.210259678341376,21.250987714211522,46.59648661685601,38.6222165023436,-30.20387144856286,67.8241466855415,-71.60140645210787,-68.52413487099766,33.22355594008654,59.58776058353126,48.55066749679033,42.41287862421409,6.249099366304585,16.79948499356416,67.22554576307243,35.0,-1.6968388762383215,30.633246510686398,-31.888214659625614,35.82453778420166,73.29842274077818,35.0,-19.350332962038635
2,511,9.082268379833579,3.9751027890847834,-3.4732604499328272,-27.119892573906824,-110.0,7.292106637162264,21.151278258835568,46.769354232915724,38.64495993746054,-30.839154356033397,66.4429351203633,-68.34069219855407,-65.89924837422032,34.40749339229126,59.99337419425772,41.49601243239732,42.99858304829054,5.819273475636138,16.495933447938143,67.13533834616857,35.0,-2.6442157758222007,29.26282620544375,-31.91503643612737,33.89288859559767,72.55804010272594,35.0,-18.91369058766666
2,512,9.100041899167891,2.869339043411349,-4.163276433055358,-27.053346001596275,-110.0,7.354152283448911,22.22431349994808,47.252085129302266,38.83852237491327,-31.111725179990433,65.99307552463137,-65.11035185196425,-63.47913155778538,36.64186952861997,59.74402846637118,34.96005809253773,43.8511142866607,5.507058286077124,16.729592860868067,67.95248607838951,35.0,-3.4687980698663057,27.949900394446043,-32.02327004274612,32.126436622335326,72.07537518795472,35.0,-18.49116756022477
2,513,9.117815418502202,2.319574862361352,-4.807794958187861,-26.57531804196651,-110.0,7.419335079993363,24.48863574322231,47.964402026481345,39.03329607185555,-31.12118505468767,65.09745258617403,-62.08918023123013,-62.38084053837287,41.72456007633967,59.31847432785087,28.203313710345878,45.157264277279545,5.238269624486831,17.290339190123102,69.72477043925686,35.0,-3.949628579241174,26.802518310398977,-32.29461985606692,30.8003676471258,72.2989960336629,35.0,-18.319726223308972
2,514,9.135588937836514,2.3170155092130096,-5.365661465994229,-25.512958666521786,-110.0,7.48388845955348,26.045410871940557,48.24844508933152,39.028720770547345,-30.46669824643101,64.04557625677562,-59.212444926965006,-62.15423785535079,47.75830263540361,58.85062671132011,21.279504492291178,47.81587680344175,5.016216818212482,18.201961671957342,72.0972854792484,35.0,-4.10354919737325,25.74927799939601,-32.67952206471188,29.72811405144787,73.22955781425303,35.0,-18.09327776965333
2,515,9.153362457170827,2.4539939975488654,-5.828716634949395,-24.06346122530126,-110.0,7.544426985169782,25.573935399254683,48.75126125676423,38.411743283601545,-29.519471132513377,62.850805156082856,-56.39467728700333,-62.25761589469848,53.852434340753966,58.35632521534787,14.165493962958612,48.15895716857742,4.846907024952385,18.20629500322389,73.36172242367734,35.0,-3.5547576961848693,24.958928654500404,-33.151048898900406,29.10551805305486,74.28438900060618,35.0,-17.916903928575255
2,516,9.17113597650514,2.590275916337197,-6.179079609816562,-22.538812639095372,-110.0,7.5844071361870276,24.21021516477059,48.839759273131335,37.78239017406064,-28.38506329069719,61.93210272038855,-53.767100899557526,-62.05753689374792,59.53942481432014,57.98937520152101,7.72969099308628,47.93679847100711,4.787833778458577,17.550863323413832,74.15216092780626,35.0,-2.9183621629036343,24.173661247827297,-33.73606288150082,28.59728906199048,75.33241945104342,35.0,-17.858981828907538
2,517,9.188909495839452,2.7489248705949105,-6.415218064979976,-21.426151400917828,-90.0,7.548083354895391,20.491545794751346,48.17580380850983,37.35988986291039,-27.537557084315214,61.48414762338436,-51.071350214300736,-61.4933188637495,63.57108300389329,57.98937520152101,1.4077145268438678,47.925729795917235,4.781916355829147,17.505842587670767,75.23728099168899,35.0,-2.18621377124248,23.40301031644606,-34.44004323695526,28.2294881475289,75.73352406140819,35.0,-17.990074454987113
2,518,9.206683015173764,2.9399232281828946,-6.610904825375897,-20.33245674966168,-70.0,7.462429526641298,16.30472572398235,47.5340681127057,36.86283687240288,-26.92695278795776,60.75110860691663,-48.26371838438831,-61.06036298436036,67.23901970911612,57.775047839764504,-6.139209408310646,47.76926317558354,4.829386802930582,17.297073961929588,75.98840653935196,35.0,-1.3881145278564029,22.704484809834014,-35.1997572070653,28.009582227180918,76.11840267296624,35.0,-18.231664258992335
2,519,9.224456534508077,3.1866506779087955,-6.719447623051649,-19.779082789274927,-50.0,7.347402283122798,13.720793254596554,46.24288820137214,37.19414339340194,-26.475694228017893,60.04227073214581,-45.19038906085223,-60.48622723526628,69.48586108382956,57.77504783976449,-14.631563035058951,47.25882404893553,5.098522690495263,17.081784366279155,76.25678880485607,35.0,-0.7118175686622219,22.012893996783237,-35.9610219975213,27.801820972934422,76.4470312602285,35.0,-19.33191160676897
2,520,9.24223005384239,3.4570940002533543,-6.833119265483117,-20.26856534777502,-30.0,7.242972739944287,10.379752853501868,44.09314720204453,37.92734225232819,-26.37497282261484,59.361711655270646,-42.267628370926154,-59.88373110625697,70.2180702473654,57.775047839764504,-22.725781543325585,46.952151451335226,5.362460007318763,17.563850824895027,76.86587899384637,35.0,-0.02092554513090773,21.36837309148847,-36.74652649740537,27.660370020838638,76.47925121107632,35.0,-21.05511388827802
2,521,9.260003573176702,3.695284928921632,-6.96708495635337,-20.903601728954182,-10.0,7.06526890658095,5.439928736196276,41.665386844071875,38.44801292433447,-26.38636882227165,58.99261014457603,-39.387706895696525,-59.13161453760377,71.34314912225177,57.775047839764504,-30.50233406240758,47.236766148483724,5.515160195674027,18.50645061576969,77.57835339906408,35.0,0.6012201438779881,20.7583852470986,-37.449221602016436,27.490746696083455,76.12747760571953,35.0,-22.424726755244745
2,522,9.277777092511013,3.8745474576938137,-7.164512921003481,-21.571462598226773,-10.0,6.727200497708776,5.516667094139624,39.57974541837968,39.52376143373453,-26.85581258556978,59.24697970891043,-36.773150124506294,-58.20939789247987,70.54717643879196,57.78167364550678,-29.07870775353192,47.79172442216625,5.476283220536776,19.486044463610366,78.15800588894648,35.0,1.1532807611655738,20.406316172397055,-37.929929957971154,27.444501460082986,75.67175052362863,35.0,-21.751419324640064
2,523,9.295550611845325,4.05183227851677,-7.375173809252856,-21.965965420173642,-10.0,6.3630254771814725,5.263036677936861,38.81162438639223,39.652794646741704,-27.198593075657598,59.371375230454056,-34.215017814181984,-57.41828424153921,70.3085575690301,58.03101937339332,-30.184638011464873,48.25912284408492,5.405270637981604,20.231780789432285,78.31187427114408,35.0,1.7040977552535466,20.074726890070693,-38.3428722625019,27.36671005246444,75.0990171880795,35.0,-21.26089522765995
2,524,9.313324131179638,4.2174860075782865,-7.583357414824175,-21.854800830482578,10.0,5.963712727792452,1.3132336902720645,38.17582411997054,39.34272433184071,-27.676723571843624,59.35145167775229,-31.671263021489278,-56.69552266051194,70.0859968895911,58.45657351191364,-33.42789362927302,48.79526018577358,5.299985047963479,20.915246029066473,78.48671313762405,35.0,2.207010940205638,19.771565165425113,-38.630261220110896,27.204068322660405,74.42799248435027,35.0,-20.2849964883616
2,525,9.33109765051395,4.368882932738783,-7.772127614318288,-21.649781938092318,30.0,5.456970179904696,-3.7904297313566206,37.51550207503195,39.323941402496395,-28.263733145180165,59.515949209275554,-29.236158243974675,-56.00837733340047,67.32671341634556,58.92442112844438,-31.13297905924255,49.6970326541214,5.130081464354075,21.830603435027328,79.02838412808282,35.0,2.737517419110139,19.55651625503641,-38.80581634390955,27.058088000230466,73.7534195698755,35.0,-20.01289663590592
2,526,9.348871169848262,4.518360642239383,-7.914989791027025,-21.55043867893704,50.0,4.821997192499621,-8.111759720978993,37.21429441576711,39.33999508104759,-28.888195110446066,59.688419750623076,-26.662213147841953,-55.30181027917641,63.43779270296071,59.41872262441662,-28.187666139117884,50.205078423493234,4.962245036820786,22.159799309588802,79.00715926674636,35.0,3.0884010365350645,19.151244446259316,-38.87565323299764,26.55622732109472,72.77174799944542,35.0,-20.036142192252555
2,527,9.366644689182575,4.662605193416012,-8.008157711190677,-20.947597404638472,70.0,4.163967142542583,-13.907261698448151,36.01422108693069,38.453149681629206,-30.412262851706036,59.91915864258031,-24.110934137548757,-54.62417661999484,59.43893722770839,59.78567263824348,-25.01729756343458,50.52247612980771,4.788951705138786,22.1446388909971,78.14839531255042,35.0,3.3924071327342546,18.883106919213915,-38.88122849534944,26.18452721506009,71.42577641544392,35.0,-20.245467818318133
2,528,9.384418208516887,4.8063545701885495,-8.022150678207352,-20.266838980617123,70.0,3.5495858684841766,-16.158700689933028,35.403521625016474,37.78554862934201,-31.84256054737352,59.76230625881413,-21.6891635467644,-54.151469599016266,58.78839646033716,59.78567263824348,-23.07323225397841,50.395791729170405,4.7178967587626195,21.674934773217714,76.82220322844324,35.0,3.563536186802807,18.6429015549617,-38.825258839757254,25.798233824831108,69.94348184396748,35.0,-20.274347994956106
2,529,9.4021917278512,4.928593417559945,-7.925893690932616,-19.18725601321576,69.33543105198397,2.8807425848158723,-18.318412868673388,33.8540842860935,35.706282738585706,-32.2882511086957,59.69273020435283,-19.419535961767576,-53.61334403029939,57.92256936649105,60.0,-23.660084223127754,50.089537300821895,4.699521004926447,21.097780985079662,75.42626528813483,35.0,3.6298766375664853,18.10439005453292,-38.737399141679084,24.97480610753828,68.07315046939699,35.0,-20.17258232323255
2,530,9.419965247185512,5.046877192375696,-7.7055163203881385,-17.752091839351824,68.39240260791688,2.3448788056358123,-21.360049633739447,32.340189772642866,32.911875409538084,-30.71399514432793,59.82774141419332,-17.030479975955185,-53.03874233640178,55.81820944150948,60.0,-19.7063466319249,49.39375545467465,4.669020728553779,20.168749029279805,74.31772838230467,35.0,3.843195015780073,17.811504545824736,-38.610019387900984,24.454777162474077,65.81371120078353,35.0,-20.40024526275107
2,531,9.437738766519823,5.626790183255715,-7.396432777042653,-13.374554654120844,66.53172578353495,1.7013838389801457,-24.927570252425426,31.156797070408643,28.984758526594156,-28.76415755370024,60.155159506695355,-14.506824140155617,-52.378987727734916,53.89624749475554,60.0,-14.092256168985653,48.221467033049585,4.670786367144538,19.00147078924991,73.64203998933131,35.0,4.080277460326708,16.924721243648964,-38.40807796766888,23.08898167651625,64.41483955377551,35.0,-20.57857981579035
2,532,9.455512285854136,6.101856008204202,-6.970467120184195,-8.545180032520106,64.51567373019334,1.2482416255484587,-27.614905063911326,29.382076881998014,25.402179260703125,-26.972673177547428,60.63993081222031,-11.861177892653307,-51.77774673450461,51.60113999681693,60.0,-10.460635267073615,46.81257738366963,4.665940242207726,17.64669152233712,73.18902202669284,35.0,4.246189025676129,16.022480076717592,-38.206291999344444,21.714872059051658,63.039055202406054,35.0,-20.842519611691298
2,533,9.473285805188448,6.60479309142377,-6.387479720104062,-4.261247560778795,82.80707092362081,1.021574241839931,-35.39458574237149,27.2426718042292,21.620064185194806,-26.688474503510726,61.113234171964386,-8.829589016400227,-51.299973854119955,49.189440244043574,52.103258957973324,-10.293287524525153,45.56967716464404,4.783608507329519,16.270329228866885,72.68916873686909,35.0,4.438571979463645,15.732889382599506,-38.0733465813644,21.214466149036586,62.46892645673244,35.0,-22.20871484301728
2,534,9.49105932452276,7.158948496284194,-5.732874719807157,0.15466588639053763,101.050692082552,0.87877788137828,-42.67280402521041,23.39628302071968,12.75880843617624,-26.902067292694845,62.00645088186206,-5.468925381271904,-50.827000562938586,45.34039644030811,44.627486239595214,-8.935839049534875,45.322307793989076,4.869320575205728,15.958887477321651,72.78301798347697,35.0,4.633131815036718,15.998445169141299,-37.91763872216051,21.441377091993864,60.33411190558588,35.0,-23.38662835532352
2,535,9.508832843857073,7.718897708487782,-5.036425754750359,5.032950599249994,99.20399303170365,0.9698160978940655,-46.15759232265782,19.534935443935833,4.2265003690130944,-25.633738819552118,63.24608200321348,-0.8752256940118798,-50.31139400960824,41.312960867168506,37.06087231625379,-6.2292026755613135,45.05537789211454,4.973018147659672,15.70564156084569,73.00389473549002,35.0,4.8060573130266215,16.594974397990942,-37.76595952804086,22.132821073976896,58.99755589156877,35.0,-24.645628341837607
2,536,9.526606363191386,8.5507167145792,-4.282327065006229,9.92103934872946,97.4511772375065,1.2475226584255896,-47.46939786386565,15.996430325257514,-4.446551714311583,-24.493655888383334,64.38395109270974,4.987281695881638,-49.852507098840896,39.783435206317385,29.187870168912266,-10.15810630187143,44.78858154879418,5.145122125374673,15.695334620109435,73.38610515232551,35.0,4.956368291891181,18.07173921422245,-37.60089392299207,24.088125855389194,58.16404586281217,35.0,-25.504546997533314
2,537,9.544379882525698,9.334960514331447,-3.485482950905018,14.354310966173353,95.92435287395338,1.7234584167009666,-49.159446789244186,12.320561539291896,-13.189545449457542,-23.79872196404658,65.57881689781077,10.802756517083631,-49.437779099625466,39.209091442488564,21.445943399455327,-14.282245833484374,44.67220743569012,5.3829986669101695,16.35512349450042,74.57277134145714,35.0,5.099062463950341,19.994934876304786,-37.44901138569377,26.717499218667157,58.22917321061195,35.0,-26.230459915614155
2,538,9.56215340186001,10.03443429111277,-2.582536773665183,18.11227291235364,94.58466377868166,2.365925658279865,-49.038568508825804,10.27661883402085,-21.34512069447126,-22.395533917489058,66.7836850033526,17.14087646835208,-49.08249960493447,39.09349481547749,13.720811111853637,-18.242860899942237,44.448591721644675,5.657349199022712,16.857044695367716,75.94704349980219,35.0,5.169908129372857,21.874596494581375,-37.25016151106768,29.249409646435776,59.17499422119534,35.0,-26.78884480349709
2,539,9.579926921194323,10.736962831675482,-1.647114697462886,22.02478829313694,93.5068486284376,3.0920554168303322,-48.86431849963108,8.30424368143709,-29.45441370409569,-21.732155269217284,68.03960240831749,22.591336212862146,-48.72825618970515,36.09134611898442,6.1561776581227345,-22.474246293048335,44.30388951149415,5.926911676907273,17.415541372200675,77.61450322253607,35.0,5.165719119234833,24.030489972507652,-37.03582631918239,32.20383710570953,60.53728784206118,35.0,-27.380649105222133
2,540,9.597700440528634,11.362861821775253,-0.6110261302115871,25.302082657908763,93.07413495280113,3.896058673253293,-48.65150128224126,7.268435531100602,-36.16360110921116,-22.15749724457263,69.4267738818771,27.627976192369605,-48.349729347630934,32.31502098902483,-1.4177877859531927,-22.438554498455943,44.10939908431183,6.26026857185002,18.00704837888869,79.4436301051734,35.0,5.198528084364044,26.586913779963027,-36.788461275302176,35.69285037093471,61.34732969114288,35.0,-28.042601945786657
2,541,9.615473959862946,11.628459394172678,0.5111981317383802,28.66728084253111,93.35573808692321,4.653613518599474,-48.398251727494355,6.678897508281417,-31.83949729953287,-26.29895652199018,70.59763474119973,32.44077342438585,-48.026109639421705,30.283815331834777,-9.096578369027155,-26.573592172437774,44.393483505939855,6.6315711539086415,19.143726739509482,81.61139147938239,35.0,5.116504174981468,28.825029339058972,-36.56418144485202,38.750406090099624,63.25488557439567,35.0,-28.245012039034744
2,542,9.633247479197259,11.21013674400473,1.7792535722967153,28.877693115680813,95.21641491130514,5.6029601969952445,-47.91708452979426,6.814462572112541,-27.836615404032667,-30.755302583463607,71.73207054829594,36.66199981894413,-47.76899155665281,28.941509785014887,-16.597983018279237,-31.523901073064884,45.46099566846679,6.993200885202321,21.189016797125518,84.12005182500133,35.0,5.044414774451239,31.615610204532597,-36.37484098660048,42.52898788270076,64.84380365451501,35.0,-28.200875692368584
2,543,9.651020998531571,10.813187828915837,3.139457249175773,28.15955485370622,97.23246696464675,6.485304868846123,-47.06332474823683,8.15318059536579,-25.214355940225172,-34.3479766949767,72.57373494176706,40.54660191139145,-47.57094775597584,27.971731847609302,-24.154622184789265,-34.361823944719326,46.85021310728019,7.339556491901641,23.571655608437574,86.95839207680542,35.0,4.812894606785884,34.52497791050595,-36.22520437707031,46.524431244076716,66.29982747016929,35.0,-28.105704586946594
2,544,9.668794517865884,10.466053097444858,4.564173622742983,26.805881986973212,98.94106977121928,7.325126911578832,-45.629382349366956,10.201487729498753,-22.90522039551638,-35.43263132062418,73.07076416576622,44.40968878600784,-47.39271411665372,28.052615861075626,-23.843980738481363,-38.10786912746291,47.91690604131485,7.650768862121006,25.974429754294327,89.7895146513976,35.0,4.616138964958991,36.93841587736211,-36.11903634324483,49.92687213606518,67.30600657851049,35.0,-27.989222104284032
2,545,9.686568037200196,9.97768239292276,6.070019153438621,25.026247928160764,100.6974486122881,8.151104852695104,-44.22919879977449,12.703037961438838,-14.609321976289783,-36.064880973101275,73.30589264220201,47.8358308040469,-47.228148102796496,28.16052032638204,-23.66558821011103,-39.07398786715135,48.10730284887404,7.902972616281416,27.392955150837395,92.00308443514199,35.0,4.16871258343211,38.792228367556525,-36.07411862055353,52.63699029618498,69.38677877230504,35.0,-27.75741905250361
2,546,9.704341556534509,9.443963677505819,7.708242138923513,22.31161626962735,102.54414766313647,8.824894873484668,-42.651076940599616,15.427698601369878,-6.246661437327858,-38.24189549441539,73.37749140977623,50.163087637098165,-47.098566394054814,27.34138559151347,-22.859109176894126,-38.86841478104404,48.46345117812521,8.096741659342484,29.21834718870224,94.1737573934958,35.0,3.506833760047563,40.54438861920058,-36.064632324400975,55.26638117178404,71.28627995553748,35.0,-27.61598362258321
2,547,9.722115075868821,8.574319004710402,9.332378357167014,19.98600420461914,104.29696345733359,9.495396257588679,-41.63792971543931,17.41411134786259,1.9435548945813672,-40.10542917093813,73.40335086850885,51.438863308287324,-47.01387914141778,26.486220135557605,-21.853095158964813,-37.58249311365278,48.86784364132418,8.252271894946746,31.277269128849465,96.28534044977637,35.0,2.6401025147946653,41.34753615594812,-36.10739667330324,56.54915971287942,72.95701473594704,35.0,-27.29858592771239
2,548,9.739888595203134,7.706801143892275,10.982709972938334,18.522660666525788,105.82378782088671,10.24111182962119,-40.37399285044714,19.620902045785535,10.195630468105428,-41.61946128355267,73.49751335010002,53.38858521474781,-46.91992404685615,25.87457739784193,-21.077407303741634,-35.706546737345924,49.177891519287876,8.388522286561022,33.03343925747126,97.87911151647717,35.0,1.4123110625039785,41.623966867334055,-36.21738387346161,57.082877122219024,74.02109713786587,35.0,-26.69350578315282
2,549,9.757662114537444,6.9143754508480235,12.630001032670815,16.93646436854071,107.16347691615843,10.852995852704035,-39.017551194076155,22.012087327695582,18.34137820473279,-42.74937060993551,73.4195083369045,53.66937705366936,-46.803870758197675,25.341824700921123,-20.56595203004423,-35.218996346750664,49.63540133051362,8.484274373505928,34.95034608431185,100.33071875353748,35.0,0.2749424127113056,41.730116286531384,-36.38309809053363,57.40839132151643,74.3899945460808,35.0,-26.113174057000425
2,550,9.775435633871757,6.126764390646573,14.320674805294443,14.83991746149029,108.2412920664025,11.350179161489692,-37.83349647333725,24.190673302567802,26.567561588047408,-43.44805658994221,73.42295142982772,54.529528136311995,-46.72289929907354,25.107955424164754,-20.056750888635996,-33.31393333711235,50.272512470760766,8.506108791446914,36.96789843083098,102.89184918822389,35.0,-0.9845263811087591,41.687113745119355,-36.61740267472666,57.554305822446004,74.2701871223826,35.0,-25.527694288945273
2,551,9.79320915320607,5.430966343948198,15.946474858863644,12.735454580963648,109.33857469005498,11.836472021403791,-35.16750638389935,27.283799282005784,35.1708819201262,-43.81115830619121,73.43786558470836,55.358446399916424,-46.656639489070045,24.996781153860603,-19.574017551765255,-32.63328088075759,51.01360594901798,8.452257466822074,38.74277450952226,105.33045437803185,35.0,-2.092397227220646,41.53048231568585,-36.92563631203944,57.58900820663404,75.01872128138397,35.0,-24.970991131679888
2,552,9.810982672540382,5.053098006942104,17.474270368991547,10.592557334770008,110.0,12.240651026124665,-33.60816118431472,29.920542765424173,32.63521914360834,-42.34692131514115,73.46308974181602,56.09463991872007,-46.6042798731762,24.75075931208007,-19.003603664489695,-30.67271021549507,51.660091137220235,8.407020168725515,40.26937011141515,107.50176157731515,35.0,-3.264162932448154,41.39324212495091,-37.25992402401049,57.68218640914325,75.36701435064793,35.0,-24.640892832499176
2,553,9.828756191874694,4.868647283014419,18.870685689038016,8.877547949991847,110.0,12.624790023733864,-32.182575979059315,31.60171565148162,31.331750929413257,-40.603732613885185,73.56724905416769,57.490654290945145,-46.54854528466463,24.6808164971219,-18.47426803320251,-31.39501212676371,51.911262349784444,8.397965811932233,40.994879402376256,108.7511249553951,35.0,-4.699407664423103,41.371092410233295,-37.63264124536042,58.00203080441836,75.47989346938448,35.0,-24.43756827973482
2,554,9.846529711209007,4.7755605162408585,20.206372264420025,7.551970036581388,110.0,12.924269647502097,-30.633350652499583,32.07288278141053,31.829652556700918,-39.1955007212619,73.66454958555029,58.84344577877163,-46.49057993929101,24.359042984487658,-18.004687875447605,-31.036705811401614,52.010754032839024,8.40288653272698,41.31422014478614,109.44600275710245,35.0,-6.025404549444222,41.200913347832184,-38.034268710347924,58.11050238901016,75.8294391249326,35.0,-24.377166258208714
2,555,9.86430323054332,4.660003969656454,21.431887033187635,7.746735816462123,110.0,13.190922227872687,-29.82587952654308,32.30251825860173,31.863883914613883,-38.45016716922356,73.75174837306203,59.8985970147,-46.45472620050224,23.91118519402902,-17.39873838476992,-29.628509043128826,51.99364475898298,8.41516325675205,41.29433399999519,109.87361577413095,35.0,-7.55818457800257,40.95559905760086,-38.424217158748256,58.08558516492737,76.0476258754131,35.0,-24.40592146727533
2,556,9.882076749877632,4.616840029503547,22.58238168202192,10.031469665006181,110.0,13.369882120148928,-29.01642735113928,32.21739129557438,32.213590444938625,-37.59724950893153,73.8662277375873,61.16286974709007,-46.42861098113329,23.669464990949617,-16.983448500139765,-29.648115272106836,51.86921001813818,8.501344141546493,41.13356117915171,110.31216107618344,35.0,-8.98830322005776,40.53085071079555,-38.80613081700576,57.78592401987553,77.469030287745,35.0,-24.449145361047457
2,557,9.899850269211944,4.628322765627768,23.61031930317495,12.32595117794994,110.0,13.47125238736925,-28.814829169627,31.428674655522855,32.65824787122968,-36.52556102347966,73.95504522971517,62.26735321575911,-46.39484373608716,24.350664827297294,-17.165019992536916,-30.675286920335168,51.58359981963183,8.66016312256158,40.57920927170166,110.63707372770995,35.0,-10.13516824873341,39.95308771835763,-39.16741478416506,57.226577523869736,78.159703974278,35.0,-24.602682765005078
2,558,9.917623788546255,4.718856874022085,24.636686258084936,14.084237379194546,110.0,13.567920931792496,-27.862152811970404,31.551864671393393,33.25689827281207,-35.30551783615542,74.03575190967302,63.43696679003567,-46.343606611074634,25.049579684166154,-17.538102402698694,-30.004685489744904,51.25207870064858,8.818160012981133,39.71083801839939,110.97924290482906,35.0,-11.027889727150239,39.29256176493677,-39.499920001833175,56.53978078478968,78.65718328235637,35.0,-24.74925509469605
2,559,9.935397307880567,4.842628601741472,25.635078177593723,15.884629824662765,110.0,13.520305757256489,-28.055812227769483,31.427614321101633,33.10201002870802,-34.974093949869776,74.05943873262063,63.903949708157775,-46.293794121300216,25.607943714609085,-17.735458327857632,-30.78902063212934,50.89637541966129,8.9560670554246,38.69362994139734,111.46226895700812,35.0,-11.513881190406767,38.85045968502075,-39.79278981948732,56.157839793234025,79.40806757066103,35.0,-24.02057369811764
2,560,9.95317082721488,4.978067275771371,26.578000142658176,17.949010679599464,110.0,13.45929805185379,-28.733232915580025,30.41884189087708,32.98290051359923,-35.51946847362756,74.20203516787802,65.48339470154325,-46.25136286063394,25.895543537025127,-17.71802322466204,-30.1089370075964,50.600143151989755,9.086973026451803,37.89445989327554,111.45174467449455,35.0,-11.971972060465003,38.644727984785135,-40.030473262746256,56.07771500339731,80.54597198145088,35.0,-23.268662659768175
2,561,9.970944346549192,5.067469422923984,27.434386415053112,20.54038823722876,110.0,13.474947937695458,-29.122152544159658,29.74529456579002,32.85899589252236,-35.633772885844174,74.37171005096317,67.42991773366532,-46.19067955915606,26.37084964725493,-17.790056925815023,-29.596247947064214,50.19381026714032,9.219306039063012,36.80299428390122,111.08956679767726,35.0,-12.264301304666837,38.082881919143034,-40.2338401774904,55.436864194076264,82.22085578623044,35.0,-22.75511105143599
2,562,9.988717865883505,5.177949921530722,28.234716071771444,23.471421420157583,110.0,13.463227279572152,-31.18828718891938,27.996729010394287,32.22594838121439,-36.21605233895673,74.61479755820207,70.09456076390713,-46.122537066705064,27.037308118061528,-16.941030110139305,-30.415907522113127,49.92923639977905,9.289636011278075,36.07053926188637,110.92485235810814,35.0,-12.630940020135965,37.93384500074977,-40.355375385250795,55.32573604865207,84.78059101719145,35.0,-21.477754370840817
2,563,10.006491385217817,5.2777341805444555,28.992796979001934,26.169241343856598,110.0,13.479218495976015,-32.029030702965834,26.91214729121125,31.91448107721121,-36.16826801438351,74.8768979209623,72.9130775500682,-46.03861117623344,28.064866596378877,-16.63088076086548,-31.59515622644283,49.87118955216824,9.260341400702943,35.75544650470956,111.10197000146613,35.0,-12.914412504961138,37.81207197386348,-40.457364308140434,55.23806739366873,86.75723031136872,35.0,-20.331131928934216
2,564,10.02426490455213,5.39342157793494,29.69967983517287,28.743896263043954,110.0,13.454494332382291,-33.274897549672886,25.17005510428066,31.597228888019536,-37.31047535793797,75.1380057566085,75.5440734275018,-45.95282878645196,29.504476207816094,-9.658811742900577,-32.54310738964761,49.99965953922855,9.155241671664614,35.9316344294724,111.8656931664255,35.0,-12.904330394509556,37.77563444206908,-40.5068451847928,55.22927808043435,88.60131319352443,35.0,-19.3447877938514
2,565,10.042038423886442,5.5157146463181475,30.33030827890849,31.32055823323369,110.0,13.472652275527985,-34.865125362245664,24.04209957821021,30.75440116847742,-38.012084947206795,75.42867214693325,77.97476796360291,-45.87860459365965,30.4251869896284,-6.239656199548059,-35.048156889517685,50.18350306955852,9.009633737153482,36.16782773385646,112.6849359115707,34.97390645605938,-12.867331285688545,37.759625100525135,-40.50975843489832,55.208271859238955,90.69786125201672,35.0,-18.545570571846365
2,566,10.059811943220755,5.635445932092174,30.931653943463914,33.46271623396646,110.0,13.524602192700497,-36.09883614139135,22.703309733657868,30.383692484797884,-37.93689596278299,75.71862629703512,80.00284185326416,-45.79433217505581,31.50315043895299,-4.272716444392983,-37.052040262860245,50.37266266953641,8.887894353580513,36.48627847629977,113.50047077414241,34.91774525896062,-12.679087538555553,37.736571694810046,-40.47507205070543,55.1425184039319,92.98367239761245,35.0,-17.50212143414664
2,567,10.077585462555065,5.778185412258313,31.474668638944888,33.72850413707689,110.0,13.68729792456516,-37.33190748365507,21.60670517850384,29.73105967434967,-38.010812765160715,75.9958008466766,81.345539185249,-45.685833974511745,32.867066202713005,-0.20958361816647145,-39.78187917139152,50.55532836545771,8.765303200021668,36.75278561464213,114.19417157464888,34.91366287898375,-12.348251653057952,37.87626754044158,-40.41332094013968,55.290949948577854,94.2631964306229,35.0,-16.781012805573084
2,568,10.095358981889378,5.948105728273259,31.95537547841461,34.36066290794954,110.0,13.902276864630931,-38.42408081237736,20.815719765073865,28.703843505636982,-39.26133288896878,76.29045984472535,82.37742141757974,-45.57645018896002,34.36006124625249,6.664555994401187,-41.666916983244064,50.77842376844995,8.638156160147995,37.143416937840044,114.96070153324492,34.91366287898375,-11.862023360566234,37.935297003627056,-40.325018467725364,55.294184866901766,95.43566639447954,35.0,-16.454255390071463
2,569,10.11313250122369,6.154959177668808,32.368975122279885,34.9555248615582,110.0,14.08931982439333,-39.7851587875534,19.77255777891651,27.68995550614075,-41.19158823376874,76.55945673176075,82.75699936778427,-45.47807739534909,35.35144736371604,12.633041664561858,-44.74981032768524,51.06715155928641,8.523322971487955,37.93616730674401,116.11240388687975,34.91366287898375,-11.420608251857429,38.2331992433763,-40.18202731993888,55.59464391167157,96.56528351696825,35.0,-16.036810638404862
2,570,10.130906020558003,6.411281213617821,32.69970874571266,35.0,110.0,14.315959425445056,-40.15811093954897,18.910269825813774,27.350995361797914,-41.597446654101546,76.84600559575982,82.63864237290457,-45.379558828695686,36.02192839700657,14.825230212403227,-46.86981598792765,51.3381713971098,8.40600038256062,38.59541272000823,116.95154029253605,34.91366287898375,-10.621684807034715,38.571032555255094,-40.03908555328147,55.954801331288785,97.36241017491716,35.0,-16.624427792348538
2,571,10.148679539892315,6.675699209185168,32.95300980145432,35.0,110.0,14.559763802801704,-40.15274639235912,18.63148588693601,27.103329165234303,-41.219320607823676,77.15442710752778,82.09295890915044,-45.27561488985927,36.655499061617064,18.063003100249684,-49.54948000780273,51.56438954508729,8.303392470584074,39.147339863674866,117.68256685870224,34.91366287898375,-9.82326121715725,38.81513163661412,-39.91435255189788,56.19736156866879,97.89124869954699,35.0,-17.20728395689522
2,572,10.166453059226628,6.966367867867424,33.21573619892542,35.0,110.0,14.750510763197246,-40.26818263422431,17.695895032309014,27.047002939461414,-39.8874807032077,77.45371325427692,81.15673781740382,-45.175651672775444,37.11944440152551,18.95963328080804,-51.28974679475792,51.87895470680758,8.221893450997605,39.97709129648342,118.6390674372216,34.91366287898375,-8.865345151322394,39.28687887247639,-39.79704065554784,56.77931048075027,98.03421815367373,35.0,-17.677334949531502
2,573,10.18422657856094,7.221139025376626,33.44573072998402,35.0,110.0,14.987804011060161,-40.05901674638924,17.44987350916708,27.067225968273853,-38.530960938970416,77.75247551956475,79.76751149290594,-45.06391836413076,37.49661223068065,21.557388880452717,-51.8204735361092,52.15968780390647,8.203068698815503,40.956960195994576,119.63765903476755,34.91366287898375,-7.798292945374501,39.39273720950955,-39.722281583719116,56.8677720001438,97.50532149484155,35.0,-18.897931873631165
2,574,10.202000097895253,7.480763698213986,33.65729914388183,35.0,110.0,15.191669870406976,-39.92879094639165,17.507085062675696,26.935717422728374,-38.152579467012316,78.06106819096046,78.12224776099983,-44.9812229230654,37.59712482591917,23.60055598746176,-52.508602329035085,52.303707517817095,8.222718898937138,41.61194291144345,120.37907141271076,34.86373932806436,-7.18066312206669,39.037160289205936,-39.64369941624884,56.2666449858757,97.80259052849955,35.0,-19.382865813102747
2,575,10.219773617229565,7.708539615158486,33.86579134129904,35.0,110.0,15.336439701708384,-39.246876656857374,18.274546802074344,27.19659459068864,-36.646493320318534,78.3904278256905,75.92534450966578,-44.88749592624305,37.20483525784356,17.153792658213515,-50.81766020158209,52.316567018552604,8.270382362422021,41.825847748108906,120.57941550940562,34.86373932806436,-6.880957419559734,38.73773984257557,-39.60213209973776,55.78494717844381,98.01680483714061,35.0,-19.67408423790089
2,576,10.237547136563878,7.927865736005549,34.047591049207924,35.0,110.0,15.476258108185737,-38.79368075014443,18.540098395155635,27.54773723943289,-35.887392341614,78.72357051404747,73.77240375180472,-44.78886770391174,37.26259702764921,14.284719244066668,-48.75404637613985,52.388707923355064,8.338650810281823,42.390173041020425,120.9976338099415,34.88983287200497,-6.513191347588096,38.477767490619954,-39.576812142185396,55.3764907115941,97.83158098762033,35.0,-19.72984914231389
2,577,10.255320655898188,8.08943910154948,34.21127661805283,35.0,110.0,15.581340187673545,-37.961869076238635,19.323482507458223,27.861256073358255,-35.567558205926495,79.08980192877168,71.57850518447175,-44.68633645821254,37.280064805439494,12.833905230303321,-46.917407703828665,52.49980375841274,8.405959815906225,43.14721670585456,121.56874117285342,34.94599406910373,-5.846115200360409,38.27890786104794,-39.57451339560948,55.079559500981446,97.1977251988899,35.0,-20.01192469458368
2,578,10.273094175232501,8.330385780655133,34.360524609504864,35.0,110.0,15.609415665807159,-37.626568691823515,19.6021087777522,28.177118349216357,-35.469016894114084,79.44080737936444,69.38806627979729,-44.63416222444813,36.99355953869302,9.05013894772262,-44.334694386722084,52.64679603216848,8.470066445417613,44.04237121187395,122.22926379071887,34.950076449080605,-5.0734368994223304,38.09283676770669,-39.5650969881085,54.794609540241936,96.68319163872822,35.0,-20.013236603399392
2,579,10.290867694566813,8.592559602734234,34.50110158126638,35.0,110.0,15.60232828597609,-37.37132570332546,20.14265305128447,28.337089621556878,-35.06182683179008,79.80802880982255,67.1258650253247,-44.597636803861135,36.3704881004144,2.9571672773505298,-42.37840932437976,52.80292479832694,8.513332110611602,44.924366380181226,122.93028773247775,34.950076449080605,-4.5467005164792775,38.14271589383519,-39.561053165710746,54.86477524479353,96.3272160535816,35.0,-19.523206672843248
2,580,10.308641213901126,8.805063175095528,34.63570487934658,35.0,110.0,15.566692253653132,-36.86644939050689,21.06665832434017,28.598370364787126,-34.02792206880795,80.16540115426554,64.97302568189038,-44.55978143380765,35.850184860552766,-2.1459772734608946,-39.86688929025417,52.82822591979923,8.539553476745214,45.139998765859765,122.96607184742557,34.950076449080605,-4.167381448265946,38.08383291819539,-39.58151692998524,54.796399550941665,96.21599925025535,35.0,-19.142324301751202
2,581,10.326414733235438,8.965613794334848,34.7585809251342,35.0,110.0,15.466810384614353,-36.3720539296019,21.776048877866756,29.03303381230261,-33.25253103645138,80.50383339704366,62.84036511659562,-44.563351404753746,35.50183380189254,-3.132239511222083,-38.19222246386987,52.8700867646836,8.585319280476021,45.492272199553675,123.11761153424435,34.950076449080605,-4.253665089023236,38.02354546070029,-39.54365787403929,54.67139328206894,96.24859567689738,35.0,-18.71925204775645
2,582,10.34418825256975,9.141821557496462,34.85752196959352,35.0,110.0,15.358560742143622,-35.93381226578694,22.433319365821333,29.40821386249219,-32.51956852632262,80.83829500184468,60.60515749454141,-44.605314628499244,35.144653254142895,-4.833237758282348,-36.53414831738541,52.92056066764021,8.6161249556491,45.834216823047456,123.31511497081812,34.950076449080605,-4.41324635077106,37.951237088653436,-39.5133558016446,54.53537297912821,96.23714900501996,35.0,-18.244116249265016
2,583,10.361961771904063,9.317401098463126,34.920858430804486,35.0,110.0,15.26207228327047,-35.23959609316665,24.028060177269037,29.530430889257296,-32.96385313172118,81.16791119565751,58.403725736265,-44.65297513301982,34.811014226252965,-4.181731902317642,-35.95221862350552,53.00305067991433,8.661381719481287,46.36576241717157,123.59383564782405,34.950076449080605,-4.114880220218304,37.821450946544076,-39.45912615802499,54.29059798671383,96.51322154118961,35.0,-17.785696221289424
2,584,10.379735291238376,9.583262755386926,34.96829998986263,35.0,110.0,15.15809979258077,-34.70830890260251,25.106641616298056,29.69254771660553,-33.1024550187908,81.54757737015818,56.04643003216749,-44.70765672686517,34.17791678462445,-6.53056734827318,-33.532232906459804,53.05841164796996,8.704332594280555,46.77002705173556,123.80007024550854,34.950076449080605,-3.9361174173465585,37.74241689921978,-39.394761415957014,54.1123122629343,96.74771408605348,35.0,-17.31063765816211
2,585,10.397508810572688,9.926592013322468,34.99395016792971,35.0,110.0,15.072830573792944,-34.26717810076691,25.691395082558845,29.946859403172496,-32.83819037732996,81.87762700045094,53.826807392074414,-44.77532668493876,33.28516291203201,-7.785663096680523,-31.11558364345559,53.14063921382377,8.748784142052557,47.315753692220184,124.1094613531738,35.0,-3.277891694933888,38.15259396110091,-39.321062149213475,54.653415387752425,96.61019191889967,35.0,-17.32554475830174
2,586,10.415282329906999,10.227138410472692,35.0,35.0,110.0,15.025387184077335,-33.78510169863522,26.545570240252573,29.895809450161277,-32.760187234633854,82.14218052851112,51.78958656506616,-44.88223452238919,32.194787239079865,-7.36131490606353,-29.78684861691355,53.226537154415425,8.789875422092592,47.856004405455536,124.4463652865657,35.0,-2.1975590415111683,38.4867459355566,-39.22246856219982,55.05775554682439,96.54100466150781,35.0,-17.702717969225038
2,587,10.433055849241311,10.5204163572832,35.0,35.0,110.0,15.001084814977164,-33.69152489970255,27.023860881795585,29.705615331000953,-32.713415358091304,82.3853873433057,49.82516488825313,-44.99611458994775,31.14210420080949,-6.835727835590036,-28.660693157145218,53.241856468708264,8.84467723929537,48.09972763725707,124.53975471655241,35.0,-1.1961662529594859,38.797615324436286,-39.11941322732384,55.424582722766566,96.67859945873191,35.0,-18.1761018000896
2,588,10.450829368575624,10.89440747959346,35.0,35.0,110.0,14.984847045197462,-34.22408687183847,26.754768319829704,29.38575452860463,-32.84031020573971,82.57822873664338,48.03085540761108,-45.13206301090322,29.97600280686626,-6.349311959846127,-27.51591933673784,53.23241988483834,8.90553015432014,48.23452441461056,124.61042943747113,35.0,-0.11044986641903694,39.0711477390904,-39.007611662989746,55.728797432354504,97.04572302118066,35.0,-18.561612409971108
2,589,10.468602887909936,11.188381849987918,35.0,35.0,110.0,14.968033928603786,-33.69808355494337,27.646076555996107,29.299277945806423,-32.72615494321271,82.77206312490536,46.33763112995202,-45.24633940893927,28.940939798041395,-5.8548718776703685,-26.271699840189118,53.247173655609934,8.971662367692064,48.506852576578474,124.8445629525645,35.0,0.5571372861489015,39.409337404363534,-38.91850675073901,56.15360711706136,97.62504789916493,35.0,-18.7803651176677
2,590,10.486376407244249,11.425699067704205,35.0,35.0,110.0,14.96110499356032,-32.8244385549849,28.641571055404132,29.55246176780602,-31.97771946396556,82.92860183897429,44.8333508871701,-45.359904508650004,27.808912434047333,-5.768344027641046,-24.2952570358141,53.228306249453745,9.050960507146549,48.64173056974441,124.91593231592083,35.0,1.5679201625572516,39.53346616784108,-38.8162837248987,56.245673780809426,98.40303188066636,35.0,-19.206005192763396
2,591,10.504149926578561,11.680352221071463,35.0,35.0,110.0,14.942761184637659,-32.0063009515352,29.460025560251225,29.761006268010647,-31.36686046271507,83.08333241941658,43.26688438637366,-45.483651185312105,26.719385787582084,-5.402263671800832,-22.908797906225843,53.24007056502862,9.146846532957172,48.988814193759225,125.2718289028011,35.0,2.7723255710101116,39.70775837088808,-38.726494818430815,56.423720949281275,98.93767721993254,35.0,-19.482193311584226
2,592,10.521923445912874,11.875061794387847,35.0,35.0,110.0,14.944195340637414,-31.393366400012017,30.273757649890957,29.76966784869146,-31.0599312710434,83.21992389505836,41.771196911841635,-45.60494405249604,25.60973080260393,-5.404306486946338,-20.872040734733137,53.291917052279466,9.23674081685164,49.518924906278464,125.87602999653478,35.0,4.044025331896188,39.768737480373616,-38.665244573998535,56.458584533625164,99.59295508197798,35.0,-19.86506309312568
2,593,10.539696965247186,12.057187471819173,35.0,35.0,110.0,14.952453737648046,-30.711710489811285,31.1434262100442,29.821122582507794,-30.87037175752881,83.34713569182664,40.498731666449956,-45.70182618018527,24.55611547312467,-5.70269716199647,-18.54805855946394,53.33762842514634,9.32619495845071,50.01607345168002,126.39939965680502,35.0,5.069575807855923,39.850840694007026,-38.61428766636494,56.53500058971351,100.22799307940778,35.0,-20.007486096866035
2,594,10.557470484581499,12.254284374831606,35.0,35.0,110.0,14.957985740353847,-30.3325334903732,31.57237826597196,29.802086526018932,-30.561422281998418,83.4688956569401,39.17880461493386,-45.808091263717145,23.67655927898634,-6.016368868128115,-16.400793552492594,53.365514313405406,9.413409710080277,50.40849956909958,126.92911521280831,35.0,5.623376855171813,39.96950556777334,-38.59453478746619,56.695664140407416,100.71400452893981,35.0,-20.179665561947893
2,595,10.57524400391581,12.375502099175328,35.0,35.0,110.0,14.951719270633445,-30.137954079217312,31.644757945844173,29.92454040063701,-30.35471964082979,83.56770941844763,38.08282775458116,-45.907885958610635,23.006355699653174,-5.934390773235183,-14.86135923573625,53.40178709763154,9.481723126169136,50.79112396031451,127.35302038580788,35.0,6.27918208008928,39.96975597921625,-38.59939614052815,56.700624952144445,100.90860336967462,35.0,-20.297708688463754
2,596,10.593017523250122,12.399347014530882,35.0,35.0,110.0,14.945281240715474,-29.87542222492906,31.874892709620156,29.990836634244157,-30.15407986645256,83.68471146024127,36.94645581668583,-45.99803214519243,22.678777992459832,-5.455225139707498,-14.669163407319445,53.40024168833336,9.54698639148093,50.96788245805298,127.544967692536,35.0,6.9884989348841025,39.94077443038714,-38.60514595030426,56.66215658411379,100.87624827545027,35.0,-20.66111477884374
2,597,10.610791042584435,12.564799978506771,35.0,35.0,110.0,14.947890683446765,-30.29210972151824,31.36910142130245,29.93614168626393,-30.117538086203194,83.79820209010141,35.8482083941846,-46.08211515897213,22.374507015171023,-5.018559199066098,-14.441957655564734,53.46154561975447,9.6075574859802,51.46177474132906,128.0734168578889,35.0,7.543050625265372,39.933327342494955,-38.63503782691435,56.67868482296419,101.25224386328362,35.0,-20.34372534038251
2,598,10.628564561918747,12.722551101601448,35.0,35.0,110.0,14.9414843238527,-30.27311371825855,31.317168851776305,30.010730557886845,-30.035168356568498,83.88615241502796,34.658201196405265,-46.18564866019549,21.838102746920928,-4.895480739067568,-12.790589277029074,53.55768753756731,9.664192443973848,52.12823726502574,128.88595038525023,35.0,7.978389758777433,39.91761186741148,-38.66319549236288,56.68088132020087,101.68213926869227,35.0,-19.761982391991125
2,599,10.64633808125306,12.846305467596515,35.0,35.0,110.0,14.940518497731574,-30.224651882491028,31.207398150755296,30.13430412721979,-29.82168430040497,83.94798554618723,33.452158689301136,-46.29984675410832,21.240588286022756,-4.864627108387785,-10.577963587911055,53.64413741626035,9.69792401140312,52.68632546637784,129.53969266389095,35.0,8.098652869448967,39.840984014409734,-38.7174402224534,56.61523205261174,102.07326194497115,35.0,-19.288221848521587
2,600,10.664111600587372,12.931044758713915,35.0,35.0,110.0,14.947089305044166,-30.681238971331222,30.705567992882735,30.03941785101272,-29.793771189848123,83.98327805842051,32.3794326049531,-46.40910164400065,20.566264881715178,-4.693634758503611,-8.692575321070978,53.70796359292279,9.724577380818557,53.10641360976305,130.02496556818173,35.0,8.41919684553397,39.68454681587437,-38.75891705354397,56.416299304943635,102.3552096903264,35.0,-19.12708764050043
2,601,10.681885119921684,13.022012676115729,35.0,35.0,110.0,14.946618164323343,-31.104994429639827,30.17158669598357,29.999632113849973,-29.671271282553253,83.99450450688731,31.38040881493888,-46.51781763315318,19.802315637584805,-4.5195268530009365,-6.6739617724995375,53.78914942722552,9.733175768328211,53.56802712357096,130.59656215716635,35.0,8.43904007970583,39.55923806120294,-38.810088266064284,56.27464230822891,102.69457056567595,35.0,-18.890456571846197
2,602,10.699658639255997,13.099924692752952,35.0,35.0,110.0,14.940627328073013,-31.71098430756525,29.58300011076764,29.863688683448924,-29.69089449126718,83.99126488548859,30.452584248184984,-46.622733622426765,19.061357249263718,-4.380414215219363,-4.57456087496501,53.88452869218477,9.732857228141196,54.09529630864473,131.12815968835332,35.0,8.181044781102024,39.43386231838571,-38.86006071420841,56.13193446779167,102.94262020122439,35.0,-18.978456722686982
2,603,10.71743215859031,13.202322097657543,35.0,35.0,110.0,14.933678823802756,-32.122762852778244,29.043454088275006,29.8668404281265,-29.61407712283956,83.95329903382199,29.616927713749828,-46.72692379665541,18.31108789720578,-4.176270232848667,-2.7155664177153676,53.96299732302685,9.722756558421125,54.506996267822416,131.68858147419985,35.0,7.924226004935155,39.40865987808236,-38.929825899577686,56.15858304485584,103.04196710647142,35.0,-18.75626171403054
2,604,10.73520567792462,13.156292173088167,35.0,35.0,110.0,14.924345125084239,-32.44986208872535,28.666735170051222,29.82422074288257,-29.355131001616723,83.87873067111333,28.752574245892955,-46.845316825404986,17.486128413818673,-3.9423163430166652,-0.7539660489973177,54.03953657243581,9.72516145570661,54.93474940558169,132.34526268165675,35.0,7.853222228549476,39.37565178759219,-38.986885539188556,56.161377114490556,103.25980110530212,35.0,-18.85303970493732
2,605,10.752979197258933,12.984687316688548,35.0,35.0,110.0,14.914528766023254,-32.60931464587544,28.520104437576048,29.789962211894736,-29.19546069689188,83.76275465391736,28.04123049890154,-46.95982204429865,16.583134639396487,-3.7521966350482003,1.436823060848208,54.10937496140025,9.705357192456487,55.256896620691236,132.89145368650216,35.0,7.755803380534633,39.36196887782938,-39.04110978883777,56.190477694223,103.5917446172681,35.0,-18.492879574078117
2,606,10.770752716593245,12.748874902720662,35.0,35.0,110.0,14.906995041129504,-32.348390556954065,28.953010204044766,29.6831395767536,-29.049488340159346,83.5754018070087,27.54992632857738,-47.081032661937236,15.456713098585498,-3.527234205819637,3.6615360074378756,54.16855190046879,9.694604349261489,55.55168087239054,133.42767234462656,35.0,7.525450697443762,39.51434759860766,-39.100035053125424,56.47335957982382,104.21957796462037,35.0,-18.23610208044698
2,607,10.788526235927558,12.441733371892632,35.0,33.47836167337722,110.0,14.888330934803548,-31.263153421529093,29.972387073645233,29.647450623051235,-29.145236773196995,83.39673334929245,26.804084160367417,-47.216798444093705,14.2161830346202,-3.649973205107516,7.147734220050119,54.22980048214618,9.673568325507576,55.82524013784096,133.90841511175088,35.0,7.2449323775344885,39.83392686292379,-39.17299973725921,57.019517159737845,103.796235816008,35.0,-18.232512927576952
2,608,10.80629975526187,12.051560153898134,35.0,32.89090299403506,110.0,14.8616627506292,-30.584937273681206,30.80406487505674,29.689733414792986,-29.025555233945884,83.24175264047223,26.25885168208421,-47.325238253542736,13.013285294600673,-3.675684343449772,10.534573675357533,54.23113637687784,9.669966805153688,55.82324841989041,134.12239455385517,35.0,7.128537190765676,40.0592988710534,-39.23188225413295,57.41002648721353,103.59213164684087,35.0,-18.684545231026828
2,609,10.824073274596183,11.668055752250911,35.0,32.89090299403506,110.0,14.826754287452781,-29.522643905948538,32.07739259999656,29.68028779500222,-28.984742273855797,83.06188900920125,25.771780725989597,-47.427513778111944,12.09013388003782,-3.7147468776407653,13.690887058748608,54.21081732610972,9.649103940706176,55.65659733451696,134.06850915084,35.0,7.110140186358279,40.09158094115193,-39.29638165805707,57.51720146055016,103.76254680973375,35.0,-19.212133461217267
2,610,10.841846793930495,11.284079358645961,35.0,32.89090299403506,110.0,14.78790681434354,-28.82049365306329,33.12144021671874,29.627116017689456,-28.95544404927283,82.84601061727308,25.074746927633836,-47.54927145340911,11.278854906605284,-3.723981416441428,16.5521569376852,54.18839947361576,9.643143040165148,55.51553133407645,134.12179438146845,35.0,7.024274553341582,40.18240788742181,-39.343275205326385,57.69600369369057,103.78348105007575,35.0,-19.63015834229458
2,611,10.859620313264807,10.901612199329747,35.0,32.89090299403506,110.0,14.763113057341092,-27.56560642442777,34.49006368964226,29.624176606226992,-28.9012741214111,82.58639242572308,24.500975643934236,-47.67202979631277,10.521553081073074,-3.6248609819396678,19.038524324822568,54.16887041897368,9.622011368083019,55.35074643227269,134.17247167966104,35.0,6.46462845306825,40.315222748610445,-39.394946595358604,57.94133405048431,103.81249613134857,35.0,-19.82264058280818
2,612,10.87739383259912,10.49264052693171,35.0,32.89090299403506,90.0,14.735242810141148,-24.328888050924693,36.86099971383112,29.62458944927184,-28.929629345172643,82.3172995046044,23.91561643681039,-47.79603303376203,9.940126876396134,-3.65226304393854,21.549050502464027,54.10193218994482,9.61271012549064,54.96065656978005,133.99651252014155,35.0,5.935082790160072,40.38436945447265,-39.452975402569706,58.09819016213018,104.03521016205796,35.0,-19.83670511180385
2,613,10.89516735193343,10.018928265290532,35.0,32.89090299403506,70.0,14.688823669006137,-20.913468852741666,39.29147794102537,29.653530767086036,-28.802365370310657,81.94000019390934,23.139590531986606,-47.95109709798055,9.447063892108513,-3.776452700858979,24.305046952085828,53.960401351042066,9.616992939495368,54.21368501419272,133.51368626341986,35.0,5.629259679735414,40.560674581609675,-39.53239077661288,58.43227912871559,104.61209508172273,35.0,-19.64116748532927
2,614,10.912940871267743,9.450084151960546,35.0,32.89090299403506,70.0,14.63933112142743,-18.376976550259858,41.388578427149625,29.571903013000835,-28.77700501394345,81.57784110098008,22.745272829866696,-48.08372312447275,9.176875813266042,-4.498485638537027,27.70871563340901,53.99598171387979,9.319033647676646,53.4756434292746,132.92711522695473,35.0,5.337385653583572,40.82029600042177,-39.62760254160506,58.90036074075861,104.93518547140219,35.0,-19.65519549896979
2,615,10.930714390602056,8.94927284222,35.0,32.89090299403506,70.0,14.552659874141664,-15.85109322720263,43.11105470425782,29.676968367802985,-28.82141517334226,81.18523521592819,22.553081043734974,-48.20823810231696,8.894490246194378,-5.6188972025250115,31.365171775656,53.95568815511551,9.029423628033223,52.279011859388646,131.8399714693956,35.0,5.191018365458427,41.01709613449797,-39.734078290685346,59.285265329006485,105.16609803673913,35.0,-19.70956387387253
2,616,10.948487909936368,8.52159160007208,35.0,32.89090299403506,70.0,14.443389645692582,-13.183667188647139,44.48698956461039,29.931485365479375,-28.645968373155803,80.77660522829908,23.022182886016154,-48.32200198291112,8.67570473335244,-7.3365055006250595,35.1534878007534,53.93183432635818,8.794482029876646,51.38625950738542,130.9465766323898,35.0,4.9522910221848395,41.1710971123467,-39.83020112360046,59.59797255088302,105.26484927049256,35.0,-19.95924096679473
2,617,10.96626142927068,8.206194726926386,35.0,32.89090299403506,50.0,14.302395949166014,-10.215262317367744,45.51572385496822,30.394690073684572,-28.37066176173598,80.28996604326284,25.94494866643455,-48.43617903478371,8.531964472094101,-8.824866942121488,38.869890208644165,53.90589958674498,8.579724539392114,50.55885391988086,130.19575030608345,35.0,4.757733606007638,41.22521418026191,-39.9059893498393,59.743571157856174,105.62137077271468,35.0,-20.00348328883538
2,618,10.984034948604993,7.989041827425391,35.0,34.41254132065784,50.0,14.130850589802543,-9.110469530538,45.42974966589051,30.83705022744098,-28.05833564549184,79.73476746131854,31.225314625634702,-48.53414587252578,8.570654844460718,-14.080228497529333,41.894457143314334,53.90078926952777,8.378487716855025,49.896826397769786,129.62148687930642,35.0,4.544296995076384,41.086867767978084,-39.971109584418066,59.59241430801774,107.17711052965755,35.0,-19.75379977978198
2,619,11.001808467939306,7.721428883794763,35.0,35.0,50.0,13.967127667448251,-7.893248716477797,45.69273278193298,31.28964872835801,-27.939978740219555,79.10309510273414,33.3842070971591,-48.648716927030826,8.71832902799984,-19.377859070288135,43.64081816197115,53.86906464820416,8.166482633533645,49.05798281957145,128.92351135986289,35.0,4.191948313352969,41.25791117505858,-40.06203907156985,59.91698205185405,108.87630159061418,35.0,-19.202509802841675
2,620,11.019581987273618,7.452452239007289,35.0,35.0,50.0,13.803252540104854,-6.815201877344891,45.46247649992416,31.943350161411182,-27.861995204432386,78.47660723093469,34.137811297666886,-48.74791000547452,8.952948514355842,-24.35957609611062,42.732882190439824,53.85436312154029,7.971449947221157,48.36878626786384,128.35320899233022,35.0,3.9108730593997025,41.55578660445369,-40.166845611306,60.44302429828221,109.77065974709018,35.0,-19.034340713262477
2,621,11.03735550660793,7.18049701621606,35.0,35.0,50.0,13.632059657746657,-5.8419213422315,45.46126037084105,32.51228172954035,-27.836232016798814,77.84158388445283,32.96762565520395,-48.84191207338883,9.185578422780656,-29.312677609175196,40.30154365997834,53.83534455699632,7.806850804325074,47.76007201216492,127.77958781856073,35.0,3.6980450562781666,41.80798903373741,-40.2725925920047,60.90290922474292,110.65118638644289,35.0,-18.988247735790882
2,622,11.055129025942241,6.938174155639535,35.0,35.0,50.0,13.439132200566242,-5.850661991968821,44.710581201584716,33.12061089967867,-27.757054690263235,77.1744541004034,31.829122391758048,-48.9188124047909,9.600566791246928,-34.38359762309599,37.90697187520301,53.83291116770845,7.677042736956997,47.36094942818051,127.27321771516368,35.0,3.7162214832817075,41.95946237052591,-40.39820396953139,61.229502799357164,111.53837833071599,35.0,-18.80155658470921
2,623,11.072902545276554,6.758754756061062,35.0,35.0,70.0,13.22241446873134,-7.99551821411994,43.03936358459842,33.58311404727149,-27.5684800035036,76.47493160932093,30.693878297577246,-48.98213775969247,9.74983026079059,-39.365383785393924,34.87429940762489,53.870374662795506,7.579441856622427,47.277539644377946,127.01543702695345,35.0,3.897969875831833,42.06770552687836,-40.53029637152498,61.50353392240842,112.16591353818411,35.0,-18.8243484243528
2,624,11.090676064610866,6.5670801388909785,35.0,35.0,90.0,12.979107294274426,-11.574962081988211,40.454306280269506,33.91204691839621,-28.153502538158524,75.85534933920545,29.811695844211748,-49.00379549617294,10.038507003668904,-44.28074861096143,31.383592985487873,53.81636204053186,7.591562954305396,47.061340750747384,126.60788710475349,35.0,3.751386534640214,42.13028790233346,-40.65500349717667,61.699385735276614,112.85313147432943,35.0,-18.54833873225343
2,625,11.108449583945179,6.60107732205756,35.0,35.0,90.0,12.636876879310575,-14.369633517409216,38.2633976257089,34.30826516311941,-28.533053688295226,75.19202100109989,28.510836372149036,-49.030478291233365,10.149661285618372,-48.71223922028697,27.33480148917079,53.54235445554366,7.913359659591446,46.67351960891137,125.95157322975041,35.0,3.536257991688727,42.09290438165746,-40.74334598563252,61.71645563803863,113.30547731478737,35.0,-18.955065798190542
2,626,11.126223103279491,6.759120719693078,35.0,35.0,90.0,12.304509274277585,-16.811926744078225,36.75645225344039,34.55506691004992,-28.564400231016034,74.58992553589343,27.207267287714537,-49.047035999725225,10.146550372052529,-52.77701451024925,23.169753362609498,53.42704136927831,8.204903244700777,47.06428992107547,126.071412732753,35.0,3.366103703036415,42.06991757382401,-40.805954490098834,61.7347461369707,113.6920204218066,35.0,-19.391658163909902
2,627,11.143996622613804,7.003395624658253,35.0,35.0,90.0,11.92690594194691,-19.543227070636974,35.40625086361752,34.7331816237584,-28.886551558477198,73.89115841143379,25.123468918785203,-49.058436436581204,10.434394312613597,-56.26561514612434,18.46132300297475,53.334998973155415,8.445922971714118,47.36980761617335,126.17052477408691,35.0,3.036251681686421,42.36036813242098,-40.874694079401934,62.20973654088616,114.18806974473988,35.0,-19.84399803614143
2,628,11.161770141948116,7.2053670948526785,35.0,35.0,110.0,11.563221252314328,-22.947447935120568,34.196930264237714,34.60074475570232,-29.3137539858349,73.23977870373297,20.361876403460197,-49.079361985047576,10.527306292193526,-60.0,14.825195860406557,53.17787504644924,8.673592770038432,47.31519552598806,125.91357230879211,35.0,2.7287974210505888,42.393507332294,-40.958899331911454,62.327620805615226,114.53676049033871,35.0,-20.616047417324378
2,629,11.179543661282429,7.506939882287005,35.0,35.0,90.0,11.096472595170646,-19.719636429305446,35.29828566597679,34.72381540234099,-29.477190602548692,72.23805411102757,13.54250174509782,-49.05869404476234,10.179175932914763,-49.09090909090909,11.12644488620601,53.04792900763298,8.72132804186869,46.79455844819645,125.46311532051564,35.0,2.862513746222651,42.47708139396462,-41.02973051894163,62.508329277833035,114.81230012151697,35.0,-21.419316787379373
2,630,11.197317180616741,7.859162389616074,35.0,35.0,70.0,10.570884101260443,-14.671451340779528,37.924395360091474,35.06265017654351,-29.51488499278822,71.12168157653694,9.716539544298444,-49.02465515972874,10.313169199958425,-38.18181818181818,9.855869198947142,52.82609567495462,8.863418457181824,46.25668967481152,124.8927062411034,35.0,2.925859406579644,42.301383258108864,-41.06656002666969,62.281899999676355,114.2827846328511,35.0,-22.19712389677211
2,631,11.215090699951052,8.128914741385666,35.0,35.0,50.0,9.962558689093422,-9.873529334078553,40.3140258221622,35.28749360155305,-29.6810471931728,69.90071424772279,7.3013192440152315,-48.99441898348294,10.935136345356876,-38.18181818181818,10.251226116309224,51.80948157753958,8.956052249292709,43.75208935100673,122.35267776413247,34.73717833014898,2.99390094618727,41.2642228521023,-41.08905208892713,60.79509611572105,113.0629712777104,35.0,-22.65704322374162
2,632,11.232864219285364,8.37163314407465,34.95232837629902,35.0,30.0,9.10419644186885,-4.334733490853478,42.517505448992814,35.799244567023365,-30.207010023651414,68.72788848143617,7.025208082784286,-48.94418938729782,11.888428294356002,-38.18181818181818,11.639910016385743,50.29593291719794,8.998989245236942,40.65339401017745,119.22737041828094,34.57140801338417,3.030743631727863,40.249146743720985,-41.105868576706946,59.33465095199078,111.86440722755357,35.0,-22.87976041057102
2,633,11.250637738619677,8.508416779188373,34.82985449897887,35.0,10.0,8.093844576962946,1.7499674795234932,44.65026654108246,36.22647300723214,-30.839591543378695,67.68315448445026,6.503227419785918,-48.9278476953564,13.024238909015203,-38.18181818181818,15.013511661023825,49.80548415663964,8.971161732765779,38.64587903108754,117.33103093192311,34.57140801338417,3.073306598380871,39.54138753249136,-41.06971517809282,58.27419076147085,110.82149159122791,35.0,-22.78605930509972
2,634,11.26841125795399,8.079318899187776,32.307849591731085,31.235372220628047,-10.0,6.326459273632111,8.90316800167783,47.183283314396164,36.593774332850785,-29.08412383319885,65.07235920497796,4.9832423538486905,-49.284403593893764,16.37236705383651,-27.272727272727273,18.723202603905357,49.792572609932655,8.678301573690005,37.386155351543216,113.03227954125823,34.57140801338417,1.4356932806604477,38.14451519097498,-41.160334731509224,56.33930216674972,104.73825436363978,35.0,-20.091118210560257
2,635,11.286184777288302,7.627604813304635,29.178430006890288,28.583214500399222,-30.0,4.87034664689659,17.099381305002993,50.80614315395558,36.91941440272493,-27.13322003727904,62.873419424786384,4.457165478132233,-49.225009544283154,21.78800814444152,-17.012623457121368,20.012841566541525,49.427205524115955,8.315523856758736,35.04908753821499,108.27734616247209,34.57140801338417,-0.6376847004957972,35.93051195867807,-41.238529395036345,53.173522543495665,98.77933975885406,35.0,-18.390530818942004
2,636,11.303958296622614,7.048231217165562,25.456707834346375,26.116954212539238,-30.0,3.701746985961688,15.649694682644705,51.98819773582618,35.44353895689326,-26.673547765806884,61.64406022569264,4.4007043126582674,-49.11922599082047,27.68507420027006,-6.296390677414703,23.10526913857634,48.753702020109635,7.9544357068093055,32.38303069799923,103.05705521853379,34.57140801338417,-3.218122857725504,34.24101310997912,-41.19251318060149,50.67162400957634,93.48424071193126,35.0,-16.90592196298339
2,637,11.321731815956927,6.4135615231058685,21.515365671338717,23.845832940756214,-30.0,2.882205279721787,13.99879659087989,51.16627246781365,33.779842246766165,-27.297291102177976,60.584832174682745,4.440585645796096,-49.004718932414335,31.027220838832793,4.6127002316762065,22.172796644621545,47.43638200393014,7.604260674108629,28.956036734523515,96.69280418233326,34.57140801338417,-6.116974302490264,32.95862388344125,-41.042867181396964,48.65274160546048,88.00628180137886,35.0,-15.370192249045028
2,638,11.33950533529124,5.720106425869897,17.56185706229634,21.419310334539222,-30.709555698462555,2.1953839001470787,12.32897327790313,49.297050365122615,32.15921563205982,-29.19139312220376,60.49279742901387,5.304408081210609,-48.92448815863517,30.677870381474932,9.029222789491904,18.880437325628307,43.55681238029064,7.266737526865515,24.69259536357111,89.4342094707931,34.57140801338417,-8.82199790763684,32.43725474349517,-40.824150272494556,47.699167246385336,81.79504538439396,35.0,-14.030692391354684
3,1047,18.608874743024963,5.031772813007527,13.606249604548633,18.94130843665137,-31.36215226535403,1.6574101946506146,10.873439295477397,47.56296800614893,30.534856792077036,-31.069072083485445,60.60970769419798,6.815572467013396,-48.836922525029216,30.8280841103257,13.435453501334205,16.290000069349325,42.80396087041457,6.897242091160248,21.825691179274802,83.03819798181382,34.57140801338417,-11.588760320534346,32.26199246317639,-40.54496483443403,47.194094428313406,76.68580569461689,35.0,-12.937166803496945
3,1048,18.626648262359275,4.247558136907152,9.755210210965263,15.672519028683615,-11.362152265354032,1.3235812636621462,3.811882633863975,44.56271726531833,28.681661645767836,-31.73017811085455,61.13758881287736,8.213860769760139,-48.78542267094558,30.996278123264798,7.113407417961645,13.887987732961584,42.30027507089009,6.684964922479593,19.65155686524121,76.89546041676054,34.57140801338417,-14.70329820821221,32.11838642802573,-40.27437145024664,46.74577004601622,71.9855365843155,35.0,-11.659824132016855
3,1049,18.644421781693588,3.465584919731683,6.013012182964865,12.880041576705782,8.226013509145643,1.1309803146897748,-4.365086531677951,39.70956355988736,26.483519286225683,-32.16937047700393,61.84860413724171,9.994434522765875,-48.721667156643235,30.858713835310276,0.20852477177150466,7.345377816774444,41.74941473277318,6.337708708307614,17.36543056582769,70.80005165846097,34.57140801338417,-17.822932978829062,32.112413077632624,-39.99766195552709,46.504095782106965,67.30211451122904,35.0,-10.944079604659944
3,1050,18.6621953010279,2.7302884126285707,2.3638985706363242,10.615814197609108,27.664378069704807,1.1530855910025273,-12.489872419635164,34.9678432011301,24.25752623791095,-32.37430893693112,62.732273983598084,12.414681298408466,-48.61844825365452,30.126818731080274,4.592237290986934,1.4728548706785534,42.39907964930909,6.016195391532154,17.533817950945693,67.60961199174349,34.8342296832352,-20.935623772391185,33.25560690638221,-39.75348351072917,47.981045254710786,63.8550758908878,35.0,-10.36316906584208
3,1051,18.679968820362213,2.0636880332619723,-1.068904229245434,8.138791025135255,47.09147695908378,1.4286071042996384,-20.883906645766128,30.547430068245387,21.757812173026476,-31.743143645110266,63.658284814737186,14.453732305304696,-48.54589527714434,29.431987988124703,8.873122914079921,-2.0367623374016217,43.82413613869239,5.712773439784948,19.06841117152663,66.07840247717228,35.0,-24.018376305208356,34.541459347457234,-39.52881186188005,49.694593636689454,60.947319956678115,35.0,-10.057488293072579
3,1052,18.697742339696525,1.5082040733663964,-4.289620905137638,5.7651510685029725,66.98342413297108,1.9037351831093845,-29.36448162616834,26.87356393401676,19.41882604638175,-30.876996201388547,64.79702566770226,19.229300138360745,-48.43415056143503,28.805197396431968,8.873122914079921,-11.21448066489712,44.31676143079756,5.444073600305772,19.816400506679162,63.666606995642184,35.0,-26.789368181977817,35.528873507169564,-39.39164865121988,51.03941377829237,58.01846590262899,35.0,-10.273075005584216
3,1053,18.715515859030837,1.4848814751955777,-4.9647774378895,9.043523783099527,86.89967071683692,3.2453955233869247,-38.76211196345498,22.585055649093132,17.355851890407905,-32.65901621756584,67.62032231701534,26.251913767072587,-47.92834668963517,26.842662260036874,-2.035967995010988,-20.35336673313076,44.43077864106386,5.457825923103314,20.733166920146683,64.24940178423263,35.0,-28.011723357530936,37.39563378983235,-39.17581660405659,53.5658089620208,60.581583998957825,35.0,-12.957689973836564
3,1054,18.73328937836515,1.5994523091819486,-4.863746671013664,11.695681503328347,106.23407598959052,4.563016365101431,-47.886585402547944,17.658596055966026,15.339333372282596,-34.21536568075346,70.01398890772869,31.666443046675905,-47.823684703525174,23.56990597679246,-1.3869809015259842,-24.831649298057958,45.03905023685755,5.407775881921858,23.104546162084496,66.52787704137876,35.0,-28.491936944600226,40.03696925004647,-39.021441992749395,57.29167893714194,62.120998181740156,35.0,-14.949055019877177
3,1055,18.751062897699462,1.81343350792486,-3.776456178115461,14.161941791188337,106.23407598959052,5.558335428105108,-46.94349145763661,17.083671767525104,15.49459854298854,-33.49151953222766,71.33043800944648,35.236942296912005,-47.74015737736734,21.167498450809948,-1.1941227721417405,-28.49554025916011,45.96673714661449,5.299617649464875,25.278000885407167,70.28158817015688,35.0,-28.346192630552466,41.70415149134431,-38.98017759513625,59.68972724622533,64.78900061239744,35.0,-16.058614287322857
3,1056,18.768836417033775,2.004753279835672,-2.352167058140626,16.43306306297136,105.80026098885651,6.142188509530305,-46.74423440383903,16.104400746569635,15.501837769395273,-32.66048051200207,72.42299984073787,38.620662080111266,-47.6468454823291,20.522529825177532,-1.194122772141741,-23.10900616181246,47.47882281545071,5.159722931928015,27.827327679609176,74.72937386113442,35.0,-27.896394014208298,43.04724992878054,-39.06349820909651,61.74252943669659,67.31026191380944,35.0,-17.130810204539088
3,1057,18.786609936368087,2.326058812167759,-0.7524206001962614,18.859585669188355,106.18632213036527,6.568611000101058,-46.565947980390554,16.160510351827458,15.448268272341211,-30.78218037860336,72.72121867542137,41.508018943429136,-47.52304955949819,21.87377543362828,5.298445579133474,-19.467812207814305,51.553043207748075,4.967973418652315,31.46432427345904,80.55611813430993,35.0,-27.36725742417676,43.29619978934851,-39.22853925836609,62.260064753247725,70.40365727274245,35.0,-18.29631709865889
3,1058,18.8043834557024,2.655621793340398,1.0919290560457442,21.337587567076206,106.70321569465936,6.690698506779548,-46.48536140155228,16.29947415397664,15.463116746613276,-29.429895681607686,72.79647682034675,43.38960068000216,-47.40675099147097,22.281537510495,11.801305776382078,-18.678608515633844,52.56157554416375,4.757151739159782,34.170819295177324,85.87017220861186,35.0,-26.775810975354375,43.46362446618342,-39.404134436586794,62.66825296000072,72.34415815288939,35.0,-19.161035670633943
3,1059,18.822156975036712,2.916511525185996,3.130385313416443,24.60637697504396,106.1141534735603,6.57855293244782,-46.57992262678428,15.556905294641119,15.225762005082949,-29.391400733965085,72.85689464279857,44.28939880699682,-47.36252008611273,22.426588662088335,11.633740221510497,-13.176008018269728,53.28259789509122,4.536864654666293,36.99956752553527,91.66667947368006,35.0,-26.246958780046405,43.57699480071353,-39.54629001465805,62.96599981491739,73.82046463704079,35.0,-20.017077678399048
3,1060,18.839930494371025,3.1755555719343245,5.3030246057079555,27.39885442702179,106.52598769906062,6.4309504313433195,-46.59770148750831,16.184638669269393,15.225471595194465,-29.248594282614132,72.65354752271016,43.22776836581114,-47.400526939323434,22.725847562890582,18.538622867700635,-7.259141996930975,54.18156421281203,4.279332161365964,39.793280905053294,97.56042172983811,35.0,-25.762894615213316,43.504983861953754,-39.6734589789485,62.96715519217574,76.37788248521416,35.0,-20.43005391070271
3,1061,18.857704013705337,3.4172670495835504,7.631574270915942,29.58113539444531,107.08762313850147,6.120166648661458,-46.64248853047381,17.215429772459714,15.404103368244511,-28.819765076278784,72.53636504634336,41.32381702870487,-47.509790829304094,22.418483629453405,25.064001257576116,-3.1091600018401433,54.656964002876045,4.047822344001096,42.44455332376679,103.0430847766887,35.0,-25.241702269165582,43.231818313181506,-39.77885440446722,62.63624624874591,78.4046765703496,35.0,-20.6649258767093
3,1062,18.875477533039646,3.647979166701157,9.898578920590875,32.05815856691916,107.66052424912249,5.80018235608889,-46.711881803025555,17.838724347953427,15.653812347780057,-28.714903669166564,72.41778079855932,39.77260083236037,-47.5881384853895,22.007694588383007,31.692206543574038,-1.501005070513375,54.859758796197745,3.774154268506607,44.192956505138255,107.26545261310599,35.0,-24.78781988980006,42.85406154209559,-39.888656062699745,62.1464886440915,80.49935940937824,35.0,-20.766549627206526
3,1063,18.89325105237396,3.8470398516549222,12.194546625120967,34.36774410771332,107.76857707523519,5.487404437987068,-46.80915933925374,18.287729242454585,15.808831236740813,-28.954731222860833,72.12012537934775,36.086851816448124,-47.66241210004147,21.253969224461954,36.16691441220028,3.6949337776783993,54.94967874983481,3.4481023137885747,45.216893272676494,110.82761458563222,35.0,-24.490316206246632,42.45907766410408,-39.95336516799128,61.60398722073108,82.27070299942342,35.0,-20.903215068964425
3,1064,18.91102457170827,4.03672565054168,14.463964309460344,34.85399917248872,107.85233049136933,5.138834006129533,-46.886524534721914,19.133036296889482,15.95894716871514,-29.027623822676514,72.19050261592837,37.14356256342001,-47.69909905462501,20.501540026252094,40.55759072223553,7.697893765223683,54.949678749834796,3.0486431109857333,45.07202144711433,113.78887906397443,35.0,-24.3641753972375,41.86875851892525,-40.00544163845064,60.77384050458908,83.56665185974968,35.0,-21.087487902717957
3,1065,18.928798091042584,4.227489214914181,16.671405076023827,34.85399917248872,108.51792521861574,4.5537076411530855,-46.89426158318131,20.703471687625083,16.53635422369107,-28.058021079477147,72.38187972500606,39.01127180079614,-47.73685153870717,18.46270745089545,34.35108420391831,9.502269310529158,54.949678749834796,2.650945937802135,44.34839062283715,115.67908434857544,35.0,-24.291870670942288,40.750826921940245,-40.019164982910176,59.15728942502085,85.3224859996293,35.0,-21.271869358988017
3,1066,18.946571610376896,4.399381884681685,18.471969710609855,34.85399917248872,108.51792521861574,4.146965220417358,-47.3186944463446,20.213589554962866,16.610892225503516,-28.43305924254402,72.93800026643542,39.694009746669934,-47.76407189021841,15.592996543941977,28.012558283080452,8.697113963851173,54.98180924969325,2.263738167327407,42.74032334408853,115.0807035743343,35.0,-24.291477888398777,40.19825206771108,-40.09804481585267,58.42518784311508,85.29378190126835,35.0,-21.531463657123204
3,1067,18.96434512971121,4.5616903202203565,20.17599033807422,34.85399917248872,108.95174021934976,3.9728201665151066,-47.18873438386629,21.33357529825058,17.06636156625566,-27.982369943935247,73.53150195657851,40.732118855368995,-47.77971136659796,14.011990776855765,21.432108663868995,1.5528355530782638,55.0,1.9089921006367612,41.38935881808251,114.71539231655852,35.0,-24.38793857119903,39.294839709218586,-40.23294670012399,57.24243350327143,85.8000417220535,35.0,-21.739605919442848
3,1068,18.98211864904552,4.592414769059249,21.757824614791435,34.85399917248872,109.27523477630356,3.966606892191685,-46.80617593253398,23.11410822469218,17.567827229944278,-27.75853671227915,74.29303460998432,40.44316312632496,-47.752471016232874,14.430081620838614,14.624417706762644,-0.4640545042660404,55.0,1.5656965239860612,39.81335422965492,113.93492562244191,35.0,-24.606811543762184,38.88350148665451,-40.36478830813285,56.76652836733303,86.66475123624762,35.0,-21.64489676452015
3,1069,18.999892168379834,4.6015457259680215,23.167216731236074,34.85399917248872,109.41093777890093,4.129022131439755,-46.35000888638538,23.804002349346593,18.760547850754996,-26.127785449797702,75.27725089069425,39.71433231231351,-47.726152275648936,14.780051706628202,8.461708478103684,-1.6806080028408497,55.0,1.2291939397296443,38.001041214193684,113.05632667077265,35.0,-24.839048082150693,38.50849073768217,-40.527162691464675,56.36674788214293,87.14772214413432,35.0,-21.499259842537636
3,1070,19.017665687714146,4.725153714540378,24.298308224771553,34.85399917248872,110.0,4.53807700074895,-45.440493950418535,25.586925379430866,20.021904082533425,-24.762435522344845,76.45742883143213,39.740885691532476,-47.59041169430848,16.585937207587065,8.26615544162634,-6.395554188348607,55.0,0.9075528096300336,35.490524783149006,111.33646716869318,35.0,-25.115108350697927,38.46045385256088,-40.77283598059311,56.50086452377772,87.58636178027702,35.0,-21.410335584993017
3,1071,19.03543920704846,4.804007052488014,25.287816256299745,34.85399917248872,110.0,4.802501549176849,-45.041880807655886,25.9691181829774,21.01382062646093,-24.057464411330205,77.8437197900897,41.29298471000041,-47.42372008726566,17.395678757543525,1.9667592862531713,-8.580884480350848,55.0,0.6381094687936882,33.44308063118489,109.84581114499692,35.0,-25.303116463576213,38.59335661204937,-41.0520103933871,56.92085450377443,87.05912902274423,35.0,-21.40470532212092
3,1072,19.05321272638277,4.9007724168583895,26.22714851012911,34.93594558416188,110.0,5.108862380767585,-44.5745870666318,26.395634205647227,21.840598896127485,-23.572095993835323,79.18550693609338,43.02142679556911,-47.20548536543925,19.218382685546537,-4.4742744546488415,-9.759635353058455,55.0,0.3552421916935843,30.91169243859812,107.66117908965124,35.0,-25.55690715425957,38.814052982314905,-41.33866778905773,57.461900511186194,86.92794592881397,35.0,-21.46602940771241
3,1073,19.070986245717084,4.9705352474916635,27.15575293654913,34.93594558416188,110.0,5.455296285606922,-44.200734708801555,26.691577149833208,22.617514522365234,-23.472673158047783,80.46930447695102,44.713564769166744,-47.00650177833515,20.242703489225534,-10.568973617574857,-10.4864046698061,55.0,0.1252800576032497,30.040021664882094,107.21134987680828,35.0,-25.49670978533742,38.998410970676886,-41.605602378039585,57.93291427436707,86.61854806641738,35.0,-21.471088299778184
3,1074,19.088759765051396,5.02976160491437,27.98141983305521,35.0,110.0,5.7539283010338345,-43.434331714678386,27.533556543869565,23.740313815990177,-22.990447805630094,81.79236079371896,45.3311086608358,-46.863285501149115,21.72064178223259,-10.48263364042065,-11.742804155327178,55.0,-0.03600718801754892,29.840351653898754,107.34393386040351,35.0,-25.330721642143885,39.321455101094706,-41.869000891672506,58.59568608247451,86.86185239368143,35.0,-21.448482868620683
3,1075,19.10653328438571,5.060831640261608,28.752084924187105,35.0,110.0,5.977981802257123,-42.601144368550926,28.26531193152855,24.839902098030198,-22.50610986816729,82.81591841678751,39.670063680608656,-46.792616850024494,23.097308014061664,-10.590524512600938,-12.46034192885373,55.0,-0.16903690819979128,29.616228626114136,107.1469345214261,35.0,-25.093583281730403,39.917819625651006,-42.07018118883636,59.59680947218476,86.11987187192626,35.0,-21.47428275013885
3,1076,19.12430680372002,5.033995372382174,29.488145207577677,35.0,110.0,6.230715487139401,-42.07440006788386,28.49243221560353,25.442051786569262,-22.667796595612284,83.77852150528842,33.64201193109621,-46.75832289470391,24.94254771547754,-11.06692144796783,-13.049441483642811,55.0,-0.2721432439061192,30.516612355772967,107.67986586291384,35.0,-24.886616031170764,40.935885118371665,-42.268064938440844,61.20966062296449,85.91138087308865,35.0,-21.609379396949812
3,1077,19.142080323054333,4.918061096871839,30.263749466450907,35.0,110.0,6.539175495585353,-41.51416218697119,28.854406495316425,25.96541733667883,-22.491434823548193,84.55453924428492,30.010406857978772,-46.79245561375225,26.297137146151023,-11.2374229056246,-14.785888456122827,55.0,-0.3157662593092765,33.10404749298835,110.03697994988484,35.0,-24.717072173611356,41.74540389207471,-42.44688380883594,62.49862828463756,86.18057588234859,35.0,-21.80251518314464
3,1078,19.159853842388646,4.765067851918964,31.019606563320018,35.0,110.0,6.744105706696413,-41.07206293348231,29.35167681865254,26.404731654936676,-22.647048225241438,85.3187322704107,25.711878399320458,-46.905329804873034,26.962802319970873,-10.99560328901491,-14.227922365250027,55.0,-0.34080595954621407,35.3339781393961,112.25420867085649,35.0,-24.55388070296851,42.84911990489382,-42.58431818111419,64.1654260941613,86.65906561637516,35.0,-22.293236616987215
3,1079,19.17762736172296,4.645213399851113,31.72947634325966,34.82389515925482,110.0,6.904337662738402,-40.50218506683081,29.622653205707625,26.871245290223307,-22.413821988519445,86.01659049366738,22.40437265943491,-47.06397678410261,27.303966129774555,-10.550193981336863,-14.609196001002704,55.0,-0.31658221839454814,37.790898708777405,114.49067656182693,35.0,-24.10104076625985,43.489338717607026,-42.70619731440261,65.15467310367758,86.53576696224012,35.0,-22.882497019201086
3,1080,19.195400881057267,4.514073596902548,32.43134202832072,34.293208897485705,110.0,7.1241653625370445,-39.262465817397,31.33313425713101,26.697034713079585,-23.013670686795095,86.57736503067835,19.88805124614474,-47.22973196579205,28.23266212732924,-10.603009261715242,-14.81276761202554,55.0,-0.25125583796511664,40.00112126411539,116.40789424507143,35.0,-23.70431694705871,44.084171684976106,-42.84174579038371,66.09234142541915,86.75347325099801,35.0,-23.52118548161362
3,1081,19.21317440039158,4.35348408916393,33.112833670997915,33.5114113699372,110.0,7.3346979337473295,-37.39351592028922,32.587541693358965,26.723080549094846,-23.53937426902219,87.02793603099022,17.679196690612397,-47.42856579888027,28.338914849035916,-10.104906638822127,-15.82553126170228,55.0,-0.1643656845641942,42.558683476930824,118.47530142601596,35.0,-23.354486278320994,44.31589778827978,-42.94565311829129,66.4893217086572,87.21099217862478,35.0,-24.162899211107824
3,1082,19.230947919725892,4.290129797288824,33.6928843751786,32.03235380540911,90.0,7.670185343782461,-31.952291259736167,35.11908690643159,27.215617717394842,-23.70676736382933,87.58074292181219,15.428082203226921,-47.61233470012392,29.084913798839807,-9.93876244343922,-16.716526119412475,55.0,-0.047021292122823334,44.95679119657229,120.18875611264298,35.0,-22.871590529307642,44.448496694048366,-43.037907467773294,66.7372605110768,87.12770980650332,35.0,-24.840184786723174
3,1083,19.248721439060205,4.271659212621928,34.074116068469806,30.663814751279485,70.0,8.011900662459729,-26.776634590973263,37.17226224270498,27.825376615967627,-24.109511456587413,87.99340680789835,13.330715774065578,-47.81019811102072,29.379406067557635,-9.562564530163671,-17.869472387352843,55.0,0.09022891819920117,47.36241978003509,122.17379165746429,35.0,-22.484085526055992,44.47131019278905,-43.12088621134234,66.82532948144018,87.02050389285434,35.0,-25.506919248229675
3,1084,19.266494958394517,4.231694109896963,34.35898141595757,29.207553484005413,50.0,8.327111890817728,-22.487828303732588,39.59601723701969,28.3209997089891,-24.170510326223567,88.55292007785845,11.14667962107464,-48.006516991470214,30.356868811245047,-9.542903875183171,-18.733124941364466,55.0,0.2184949415006635,48.100432434144174,122.45193436445692,35.0,-22.387875996209065,44.52711976679833,-43.20362668542143,66.95773077066498,86.66176026475752,35.0,-26.20247348398476
3,1085,19.28426847772883,4.215757947783143,34.58053736813377,27.5630044160593,30.0,8.639355333433924,-16.686984271166043,41.99400581589748,28.477554090315707,-24.321063099633456,89.1746224071831,9.49195147976974,-48.17098176577511,31.228191116729167,-9.369520196534411,-18.780047027020597,55.0,0.3230615876799511,47.98083224593344,121.90709009647888,35.0,-22.3794468395427,44.49480119080739,-43.28402342452443,66.96752377496603,86.03906362933084,35.0,-26.836170134880152
3,1086,19.302041997063142,4.229674578149061,34.73761603266214,26.04882280728674,10.0,8.991722943796358,-12.023127579159308,44.029625166178185,28.37210457134884,-24.56200466647974,89.65692847335751,8.109197915271123,-48.332227473685634,31.425971878868452,-8.87312333680642,-17.953927721147036,55.0,0.4265198520272833,47.48770130803412,120.93381488691328,35.0,-21.970789016808258,44.282756629926176,-43.3842168566495,66.74673002302373,86.2936090654027,35.0,-27.38546887884754
3,1087,19.319815516397455,4.238974262927294,34.82250380067305,23.982254407274255,-10.0,9.292247204006351,-6.033967808237478,46.43044395237442,28.716454007816427,-24.786843382000733,90.3136337830009,6.7445804108255425,-48.49498977258422,31.839327310056124,-8.307246905793454,-17.267978730189423,55.0,0.5103496919108396,45.7352093401483,118.8806589592532,35.0,-21.511077813583043,44.14104473361144,-43.444673940060426,66.59636678772654,86.10882205141719,35.0,-27.829300524720676
3,1088,19.337589035731767,4.325957391905126,34.880766586859494,22.132545413690085,-30.0,9.48757124665725,-0.15611371883852093,48.84206135838132,29.144405909506517,-24.982579644868483,90.90009351974601,5.567496282723332,-48.638138248425385,32.138835945214616,-7.794987465691918,-15.47249945144323,55.0,0.5635227679194761,42.65399622055741,115.47395425542369,35.0,-21.110101910826703,43.99572648537178,-43.49097595891259,66.43305590446909,85.77544454771396,35.0,-28.151802550447986
3,1089,19.35536255506608,4.457433143838782,34.937941905558844,20.27261714348501,-50.0,9.630988270532619,6.543605110292794,51.99497353906238,29.609400984720796,-24.83608132946893,91.66537050303072,4.612534640419768,-48.76146068300079,32.86876715133506,-7.2649135114897065,-15.069740167200566,55.0,0.595990074114828,39.70687989325386,112.21338788576632,35.0,-20.557182075069377,43.85706493997873,-43.49736399746806,66.25085216482272,85.4296012669235,35.0,-28.2434085880587
3,1090,19.373136074400392,4.57774457879038,35.0,18.74730814625461,-70.0,9.742767944582527,11.86842801254759,54.10701375620044,29.794425978680227,-24.40068937707741,92.36022995857576,3.6724048161884926,-48.906539099661195,33.411886904238,-6.52252994806284,-14.754523624081747,55.0,0.6126067583763671,36.224140831983355,108.59527522008162,35.0,-20.059046179211393,43.68730815201537,-43.51018589449495,66.03081855411125,85.57852480543839,35.0,-28.344754084863723
3,1091,19.390909593734705,4.671833259282047,35.0,17.1480363479519,-90.0,9.79173079154899,17.86718069740451,56.459317252866256,30.218526458439076,-23.724365509847544,93.2207594203081,2.7225375940858396,-49.07141072296347,34.19314424353371,-5.77116753861165,-14.407152058745679,55.0,0.621827135225912,32.63742489251303,104.97104892012452,35.0,-19.539603692162846,43.54751019919656,-43.501471696393814,65.83534688087185,85.76541101149915,35.0,-28.4284687901885
3,1092,19.408683113069017,4.745081129278561,35.0,16.549569051198276,-110.0,9.770310677346039,22.560777115843326,58.29193751830603,30.321568044335887,-22.798529944254295,94.03417151382403,1.7836302210491055,-49.24457418921036,34.73995943394141,-5.021172529387032,-13.966835016651435,55.0,0.5849540135849252,28.52683805475525,100.89232146926737,35.0,-19.048791116612083,43.5026571678578,-43.471855854204996,65.75361681642606,85.89218642992779,35.0,-28.483009577580546
3,1093,19.42645663240333,4.810210243483315,35.0,16.58908952086768,-110.0,9.716284349471664,24.151196840107378,59.46585394840035,30.159109928169492,-21.949540406453266,94.88756001731836,0.8839473252639106,-49.428421561372375,35.24911059888587,-4.174310265242246,-13.665697302366818,55.0,0.5167256427359512,24.92407003438394,97.62039742129822,35.0,-18.767261031541235,43.50349730492808,-43.420569430840224,65.71942834427868,86.74918911162139,35.0,-28.44850338228002
3,1094,19.444230151737642,4.756726385980993,35.0,17.741377795170415,-110.0,9.623180324390551,26.384737667988205,61.743113131084876,29.713966200086176,-20.836969853430123,95.62667954262739,-0.06784217272868735,-49.61219642069871,35.46982150654758,-3.3735423514019094,-13.125246517077441,55.0,0.4102780114067524,21.526492206529745,94.44313622026284,35.0,-18.13956046913053,43.51498145925063,-43.335855555391,65.67737889219016,87.87312272389858,35.0,-28.416346764818332
3,1095,19.462003671071955,4.806995530819717,35.0,18.72445926701885,-110.0,9.538296902804877,29.277965440820573,63.66152424823522,29.380278192741965,-19.933076474816858,96.58892830809273,-0.855417178572088,-49.80314183906962,35.942842878969685,-2.4154523110068293,-13.104050989042587,55.0,0.24557564093737805,18.357978574468987,91.48908543896731,35.0,-17.633269418304636,43.47832555343022,-43.22326435398088,65.55048899977628,88.75041840191972,35.0,-28.388129136200167
3,1096,19.479777190406267,4.883143113648294,35.0,19.445368477134036,-110.0,9.468907888710204,30.468913881024594,64.86300388744961,29.282815522827352,-19.12893000571497,97.90361051287373,-1.5384342009943917,-50.015038297633076,36.57547123238078,-1.174419577025513,-13.360042371180775,55.0,0.06605542078391483,15.83467249886691,89.30276286605998,35.0,-16.815792380955738,43.45777322554025,-43.09687912548727,65.43638990781852,89.43424202351888,35.0,-28.414276761756824
3,1097,19.49755070974058,5.032864243006827,35.0,20.23347243328513,-110.0,9.390099403695045,32.83103973540478,66.78334765972642,29.23815747837805,-18.223934307639144,98.7035912500961,-2.2376348836292936,-50.19842934048686,36.673741339336566,-0.014898924378861306,-13.536418959117686,54.98666126086089,-0.10694034854807578,13.628689275872308,87.57174413844695,35.0,-16.29888076933861,43.506446856535554,-42.95161907185973,65.40186517233928,90.14270754122309,35.0,-28.474866906800926
3,1098,19.51532422907489,5.294924434802994,35.0,20.826596429832357,-110.0,9.328314626225318,34.11063237519154,68.85724351394819,28.76137166723122,-17.51403639701901,99.44370236865497,-2.830015116959492,-50.37626038525888,36.403418207254724,1.1901536431447282,-13.374530879057806,54.98666126086089,-0.27178547312548573,12.234900456541345,86.51189203898114,35.0,-15.69694913455387,43.53754259634498,-42.82546736878445,65.35528670541176,90.72878649086356,35.0,-28.568031813447828
3,1099,19.5330977484092,5.537746246111687,35.0,21.19881876176847,-110.0,9.27255253397799,35.52197150404953,71.05340730759417,28.36072727235103,-16.873030972070474,100.53435484862524,-3.409240242078097,-50.57736661354148,36.55966756748958,2.5751418556058043,-13.494056557992828,54.98666126086089,-0.43850155806126273,12.117050947341484,86.66959799294557,35.0,-14.900552373729887,43.640059106933926,-42.684455754851676,65.3944737305612,91.34974893256648,35.0,-28.650385654048048
3,1100,19.550871267743513,5.747001917935487,35.0,23.058747031973546,-110.0,9.283871291477421,36.11307490068844,73.0942044544342,27.645748643588853,-16.315734758102398,101.63702783572367,-3.80903940075811,-50.7476514726965,36.617067010320575,4.066384487668313,-13.665741288843355,54.95182158074031,-0.6276498623030811,12.118760325851053,86.79779178202385,35.0,-14.195848437174561,43.60510813765734,-42.56579343128882,65.25748524107244,91.99618519053534,35.0,-28.684033902102318
3,1101,19.568644787077826,5.909928280527356,35.0,24.76016086994912,-110.0,9.316793587770952,37.491573086177304,75.06043641454538,27.20275676150551,-15.89044093172018,102.86838937116958,-4.111782199076454,-50.910974613151865,36.65366408412703,5.41293025171384,-13.37403897909549,54.91946092152564,-0.8182568114745113,12.32370012161753,87.10743028437429,35.0,-13.720730269383218,43.63800496067522,-42.4494351095081,65.2150099225146,92.24693849881308,35.0,-28.717004023642424
3,1102,19.58641830641214,6.070522513051128,35.0,26.890118930020947,-110.0,9.3780147392507,37.47650422948541,76.1815681363691,26.487539241913794,-15.751231344183127,103.90711275132149,-4.33463217289013,-51.06188458266516,36.49685373540429,6.735473096956224,-12.964513318155417,54.891642227974465,-0.988686382404908,12.782353691871139,87.58771048433726,35.0,-13.298608378879605,43.66745309069825,-42.36527485352094,65.19263697412013,92.39751217251228,35.0,-28.738609514422198
3,1103,19.60419182574645,6.265926733472486,35.0,28.270383754323074,-110.0,9.451499189719824,37.76680745494712,77.40656528827581,26.043959554421864,-15.918780436918093,104.93443364261967,-4.490659617078221,-51.19293734936709,36.46399758777397,8.12575702351066,-12.89307150115664,54.891642227974465,-1.1479732995534002,14.182618648073019,89.15437085583424,35.0,-12.77696117055907,43.63570862825796,-42.300333559697215,65.1012226682327,92.66480366972198,35.0,-28.718855414555325
3,1104,19.621965345080763,6.337555309605521,35.0,29.709920849181756,-110.0,9.532633796172043,37.927151206467116,78.45229311109784,25.591635457785795,-16.08719361095785,105.86746364512314,-4.514043807068602,-51.280539305970755,36.355605695991905,9.44160517577662,-12.672797215405001,54.891642227974465,-1.2927611543948299,15.28746089914427,90.27685814732823,35.0,-12.123262910661397,43.55274236190878,-42.24145969938493,64.94435225986027,92.6944046045845,35.0,-28.708127684613512
3,1105,19.639738864415076,6.552195596681758,35.0,29.92617162900865,-110.0,9.64649498218572,37.90748456659646,79.13430357938535,25.286623594472477,-16.222319501081937,106.98380864373422,-4.472260229916172,-51.37042238036099,36.74975002076073,10.673888349042725,-12.70262445211023,54.6161390189264,-1.4230445721947087,15.190611787965992,90.15734705288342,35.0,-11.746998370636378,43.437915376416086,-42.21914928291272,64.76952441961214,92.24280997979494,35.0,-28.685737254865362
3,1106,19.65751238374939,6.58201338259525,35.0,30.399351424434293,-110.0,9.774705632459911,38.141937908767396,79.9243567517214,25.174759985281742,-16.100630711584124,107.7657852001757,-4.365238721765755,-51.458242065301675,37.03737868902556,11.838274364127635,-12.352439297300272,53.88846037520548,-1.4881794346585748,14.509449917753441,89.53271675511718,35.0,-11.319360960108712,43.38402773236812,-42.229282083702216,64.70189596943693,92.0533784335245,35.0,-28.67739724568877
3,1107,19.6752859030837,6.6215783683040135,35.0,31.322991282265217,-110.0,9.895634228018224,38.100707126181504,80.75302289443653,24.718086479847276,-16.085072104337144,108.01351399156346,-4.298271901784331,-51.516584660687336,36.56277965124553,12.791872274503307,-11.559807091126919,53.18472463856943,-1.509319758965085,13.539296019064823,88.5561471318912,35.0,-11.151991894279144,43.30335983733816,-42.24882374945569,64.6038564110005,91.91078283038745,35.0,-28.664405449920512
3,1108,19.693059422418013,6.617946484927117,35.0,32.049068934886684,-110.0,10.050574178290605,37.7658793968968,80.84287866694956,24.430220867795743,-16.156783100842173,108.79004008745352,-4.180641838268296,-51.67817000510713,37.37530115706533,13.882851510947212,-11.097854843408653,53.03532494352241,-1.5366848863430889,13.375159629807513,88.3666260818015,35.0,-11.079713599426821,43.08323558925242,-42.30768423801477,64.34215103203327,91.8454908817355,35.0,-28.645043973699515
3,1109,19.710832941752326,6.554146828655578,35.0,33.52251333835194,-110.0,10.244265522863659,37.20022177489522,80.61683186269596,24.172099516821177,-16.396339099069397,109.44544672689732,-4.040263063906435,-51.88842256909286,38.750186325407896,14.52365917188264,-10.179407415549047,53.03532494352241,-1.5799847360211723,14.582188415239251,89.44807146864731,35.0,-11.197448269769202,42.85094560425122,-42.37701968779002,64.07303616641491,91.96617345143271,35.0,-28.58627578075789
3,1110,19.72860646108664,6.430031046378349,35.0,35.0,-110.0,10.44884315003939,36.5015840466678,80.07694914171212,23.957935635985844,-16.54344725108829,109.81387431276154,-3.8678800979560743,-52.061108937739206,39.658934228408654,15.100372408161945,-9.137102484993191,53.03532494352241,-1.610968973685066,15.431482984451009,90.27106379644106,35.0,-11.42715477097659,42.62104493960541,-42.48391651673702,63.83589119480802,92.09503805066423,35.0,-28.54332336481402
3,1111,19.74637998042095,6.361128997927437,35.0,35.0,-110.0,10.609178657278285,35.92734578264258,79.02943811131975,24.182081801812206,-16.76765254368161,110.0,-3.7343899916809744,-52.17980237257049,40.172009316020244,15.47229036863451,-7.907741963810713,53.070164623642995,-1.6183642275476968,16.13620817593302,90.95411223488799,35.0,-11.690887279890608,42.560252832999254,-42.60798462404493,63.847570765367436,91.93536878826161,35.0,-28.49925595053976
3,1112,19.764153499755263,6.381561110846518,35.0,35.0,-110.0,10.783183742018212,35.475100851565344,78.58672048517111,24.243295807396972,-16.982894421968027,110.0,-3.59505673262673,-52.21186082308755,40.14904340797506,15.767152871737249,-6.729306909226003,53.10252528285766,-1.6286982840892839,16.82724825274783,91.64428243693715,35.0,-11.933433491048241,42.47530705131049,-42.738589562019165,63.83051217585657,91.93360763496572,35.0,-28.424126523163146
3,1113,19.781927019089576,6.394097592564827,35.0,35.0,-110.0,10.969813447024999,34.88841175326316,78.1121435004941,24.225481341861485,-17.100069457106564,110.0,-3.4263211665747026,-52.20284852826223,39.89065368086747,16.0067923785793,-5.598016789612427,53.13034397640884,-1.6606867242698728,17.648113228281606,92.47615059823964,35.0,-12.109525212865043,42.36680654414519,-42.86087727869162,63.774717544532514,92.03471664792359,35.0,-28.318178377926486
3,1114,19.799700538423888,6.424004871447668,35.0,35.0,-110.0,11.148687354381424,34.45363738592996,77.93769424114255,24.097313664585815,-17.035663467953587,110.0,-3.28527463198524,-52.1848209742258,39.41964029242322,16.21448219964315,-4.417905547123811,53.13034397640884,-1.6625113135762413,18.027661650369627,92.82313851031087,35.0,-12.32299113345441,42.28147069783511,-42.98353404795452,63.75048432222573,91.94766652586198,35.0,-28.24081547775954
3,1115,19.8174740577582,6.454628215187273,35.0,35.0,-110.0,11.312016436390826,34.210896656269824,77.95484078011201,24.011236463586844,-16.858438586595557,110.0,-3.208618200204919,-52.18342405743974,38.83869172214153,16.406653666183594,-3.3305478058793763,53.04395894622583,-1.6588253103177844,17.369148668520275,92.33438647116995,35.0,-12.619174829893359,42.19772102941187,-43.13086643935664,63.74568084989885,92.0218493685036,35.0,-28.220507729973573
3,1116,19.83524757709251,6.458321486967043,35.0,35.0,-110.0,11.466764031276854,33.652566002525596,77.29528729994803,24.006194152144687,-16.837757199847378,110.0,-3.13937184324289,-52.173951709161656,38.175153889650566,16.628971376783866,-2.210645267541561,51.101496980440814,-1.6279691224691701,16.573435209897827,91.65957595359363,35.0,-12.922477320549904,42.13575862044573,-43.272974766419615,63.76638236510685,92.2401077075998,35.0,-28.19623946525094
3,1117,19.853021096426822,6.608428921694085,35.0,35.0,-110.0,11.587504794119797,33.39734424124407,77.38419673214321,23.786948355436394,-16.94016357812941,110.0,-3.08794833847938,-52.13982453468711,37.2475400577379,16.79668363609335,-1.2012309710932847,42.43652216613028,-1.5963693035696964,15.595534337289818,90.72242703030915,35.0,-13.162042575731908,42.16790918343391,-43.41569783788134,63.91027260771867,92.72272226318647,35.0,-28.04959013508458
3,1118,19.870794615761135,6.57513688084364,35.0,35.0,-110.0,11.694333953989,32.924549259653574,77.10856268122357,23.61441075740721,-17.05349842270791,110.0,-3.022119386713673,-52.15178719611603,37.06649112230295,16.957443226520315,-0.39007154438822644,33.77878831313303,-1.5750225228582742,14.671438949060883,89.89447391909162,35.0,-13.387524775629574,42.219285716485786,-43.559873135677584,64.08136167940057,93.27637032824104,35.0,-27.910283146524282
3,1119,19.888568135095447,6.512291474688566,35.0,35.0,-110.0,11.768580193502867,32.753261683522574,77.3586300981094,23.34452834085672,-17.147436973263456,110.0,-2.958727473795699,-52.04267087927069,35.827369702351056,17.033961834263202,0.5727947239606931,24.18743725821884,-1.5628584960900431,12.874372018906389,88.15894231805517,35.0,-13.640231641876072,42.40838747724686,-43.678617279884186,64.42312724540956,93.64188252626656,35.0,-27.859426237043056
3,1120,19.90634165442976,6.51565045162448,35.0,35.0,-110.0,11.805698609214232,32.81165894389598,77.54652879020533,23.299104137163205,-17.050138028952116,110.0,-2.9105911368588053,-51.907681215958746,34.30590183655118,17.580717669070975,0.7148102377847542,14.893198841261293,-1.5692116000776786,9.851988167640776,85.33832571090943,35.0,-13.833869165281452,42.64023723583376,-43.785613547473204,64.81410221716271,93.96592669727166,35.0,-27.783489669935044
3,1121,19.924115173764072,6.453849886764417,35.0,35.0,-110.0,11.847237424871823,33.18510093865679,78.22650586389598,23.26632144058814,-16.9578593607113,110.0,-2.8754247893629423,-51.755716318671666,32.3937582876531,18.101068707600113,1.2032465152544924,6.891304709646675,-1.649302585923921,7.361668617217004,82.95403655051956,35.0,-14.091094407013593,42.872911165211555,-43.86506948051553,65.18347812094188,94.28350793813523,35.0,-27.664481159941158
3,1122,19.941888693098385,6.337359555440705,35.0,35.0,-110.0,11.878617668357522,33.378192158606126,78.68547708090358,23.173613045313655,-16.830518989606126,110.0,-2.8370107857715907,-51.64735212445464,30.695132011434172,18.60498548199601,1.8236695770659324,0.5160865263366312,-1.7863469919828874,5.123395228554044,80.83596261846598,35.0,-14.413308909442295,43.06303743377736,-43.928033789057956,65.48258143510441,94.5542294367518,35.0,-27.529856326886378
3,1123,19.959662212432697,6.165212529396674,35.0,35.0,-110.0,11.888164267860214,33.668844317759074,79.1748366764168,23.127311843469908,-16.714533114681856,110.0,-2.803826046170041,-51.5967759564021,29.389617911618767,19.147251676039172,2.3251552984900417,-3.5223270482332847,-1.9418867190208486,3.1257079171882576,78.97117379761691,35.0,-14.75183318034635,43.24078410241303,-43.98250871997998,65.75903286858914,94.93855877752115,35.0,-27.424160398786476
3,1124,19.97743573176701,5.986285851647156,35.0,35.0,-110.0,11.880799174750086,34.09475694739896,79.72131013932284,23.13107436241038,-16.634234554658658,110.0,-2.7764681699659017,-51.56256131221315,28.160400240432594,19.69914073475557,2.972258668309587,-8.300780620452041,-2.1296916021749634,1.057179708739356,77.00797808448355,35.0,-15.108367787834998,43.40495581256445,-44.030146469767566,66.01284034978724,95.32441468129402,35.0,-27.312198287037383
3,1125,19.995209251101322,5.700170227044843,35.0,35.0,-110.0,11.876492245071613,34.52631139707778,80.28417969581758,23.198979641783332,-16.551429951117292,110.0,-2.745440711015244,-51.53659141459988,27.002476152929503,20.26163702960864,3.793250429188042,-11.855816588855005,-2.383152495649486,-0.9092693260593108,75.20320837929224,35.0,-15.57679762765086,43.49834414008017,-44.06739982088702,66.16484953255286,95.58348816194776,35.0,-27.159442879176424
3,1126,20.012982770435634,5.472157975019294,35.0,35.0,-110.0,11.879867588562457,34.93575596228454,80.864499822401,23.279719837985418,-16.5246765429779,110.0,-2.7031113447250816,-51.49903413191985,25.8831044988513,20.750801572210275,4.592426522917628,-21.013198986703866,-2.675277966090024,-3.5758643513126205,72.54038792007432,35.0,-16.211202818464304,43.57611679091465,-44.09292139946093,66.28696669181792,95.84516275094528,35.0,-26.89235026783924
3,1127,20.030756289769947,5.270000312575444,35.0,35.0,-110.0,11.899452587880775,35.264840719964205,81.23613399141175,23.398521194175032,-16.579376507539884,110.0,-2.639513379259168,-51.47356363612323,24.85733073837775,21.554955162002884,5.362414855857938,-27.402579367412287,-3.0294969649582018,-4.637572262794368,71.45425886082002,35.0,-16.86919116538612,43.633085918227245,-44.11353286927423,66.37760940865122,95.80146775950148,35.0,-26.63535913314266
3,1128,20.04852980910426,4.979795808497138,35.0,35.0,-110.0,11.942001240744206,35.185482694414446,80.8846466837888,23.612180971300628,-16.611659703400907,110.0,-2.4737558195928795,-51.36594044070114,23.889626493424576,22.24321657884406,6.286038389078947,-25.522271768354166,-3.4103261426571945,-4.661161369448476,71.48721777064178,35.0,-17.526591216434458,43.65850924497308,-44.13382246961264,66.42481977459245,94.81490375923514,35.0,-26.574085784743364
3,1129,20.066303328438572,4.853666438185542,35.0,35.0,-110.0,11.98789033646892,35.34878469335297,80.92100407792323,23.78299659693691,-16.568719191210892,110.0,-2.3247855402405624,-51.211609456938,22.425109389591373,22.696622278736427,7.000108757604176,-25.52056247110917,-3.793071523331324,-5.979295588936662,70.22080923957678,35.0,-18.23524709251474,43.86875451355453,-44.143944848570314,66.70685957283128,94.34540588249307,35.0,-26.58443187202462
3,1130,20.084076847772884,4.71378563078575,35.0,35.0,-110.0,12.033065355481774,35.468316897269666,80.82763905220344,24.018195415604623,-16.39604409306518,110.0,-2.1596373272149223,-51.079417701965184,21.284605611947743,23.133943811671248,7.706722929615794,-24.926185448412813,-4.167930109948982,-6.640441759738769,69.65926825056687,35.0,-18.978685677229706,44.05433593747966,-44.15311171563602,66.9557426942885,94.28573081414625,35.0,-26.469352838139738
3,1131,20.101850367107197,4.467335929862736,35.0,35.0,-110.0,12.07082154455028,35.643547046484215,80.71857921756435,24.335028526113977,-16.32660762727569,110.0,-1.987456541486022,-50.91281157811132,19.6627234806233,23.70078542510239,8.7732788492036,-23.727624950096754,-4.528381236755036,-6.817588278582565,69.57399843619258,35.0,-19.660607945617183,44.2692404864113,-44.16061966397826,67.24132039967782,93.86960553961548,35.0,-26.46780356694244
3,1132,20.11962388644151,4.311456945017605,35.0,35.0,-110.0,12.043481138331963,35.48979755768549,79.9578986293207,24.636276624540418,-16.19053183468476,110.0,-1.812198610174269,-50.77601092135171,18.899626263793387,23.963804191793393,9.69742167199494,-24.816719408835414,-4.836076080354424,-7.978786140589384,68.5190336145983,35.0,-20.338510126746563,44.42788479659472,-44.18434851166905,67.46309639060263,93.20054185386212,35.0,-26.52254766098031
3,1133,20.137397405775822,4.198765786963761,35.0,35.0,-110.0,12.002678540714795,34.91207514910486,78.77096399861416,24.89105193057779,-15.937432866779504,110.0,-1.6430294423318634,-50.65131622761571,18.489527394407773,24.043143224454333,10.959438648622747,-27.489059438517778,-5.077177755728848,-9.232769386065394,67.34476159114935,35.0,-20.956701066618564,44.52708949960046,-44.27024217020275,67.64676455399423,92.83812887259552,35.0,-26.669358248472125
3,1134,20.15517092511013,4.113100023155531,35.0,35.0,-110.0,11.951338429466341,34.00849268068168,77.13221709210772,25.268899864580952,-15.646534591161572,110.0,-1.4849099566559512,-50.54032208839157,18.20045439011978,24.1082819462952,12.032681981333509,-32.494136651700224,-5.291062551496766,-10.69026560313415,65.92737573078847,35.0,-21.595130528621898,44.66194257909954,-44.350579690430614,67.87293222026935,92.63985122550704,35.0,-26.78820754416952
3,1135,20.172944444444443,4.004408976621982,34.96554144193597,35.0,-110.0,11.878929886081522,33.227746718626214,75.66854218145365,25.59074798040692,-15.388344385766663,110.0,-1.347652300785989,-50.449720179134786,18.033673551549114,24.139351628203727,13.084056669106019,-36.82951320759806,-5.448572600433723,-12.112196820863653,64.4615216861347,35.0,-22.208337354925696,44.822584489077684,-44.4415512161641,68.13950726343477,92.199234238892,35.0,-26.94565519075646
3,1136,20.190717963778756,3.811072632130333,34.8970609677059,35.0,-110.0,11.812975103050622,30.937244139907637,73.10392224393871,25.997209804041788,-15.261784521722872,110.0,-1.217059400186021,-50.406872705833145,18.686991106072284,24.32272943384256,14.044771826660279,-34.59477015800713,-5.53670100544333,-11.326011719891794,65.18897178331314,35.0,-22.644867256659122,45.036893044085296,-44.53809686253074,68.48029455129084,91.80525730555782,35.0,-27.182782922149137
3,1137,20.208491483113068,3.733485123338808,34.81430710521859,35.0,-110.0,11.747489052982822,29.034233077116504,70.86335146231296,26.248007943776294,-15.392081169139859,110.0,-1.0937743622440605,-50.36674561928294,19.29202886358484,24.536196140150956,14.977942551374406,-26.223759747274322,-5.5816123505901265,-8.573898818771376,67.89945722647657,35.0,-22.8886938255558,45.18482424972621,-44.64312516559323,68.7420170089062,91.88617941304894,35.0,-27.49858887850062
3,1138,20.22626500244738,3.591156020861325,34.68892698126398,35.0,-110.0,11.674446539496431,27.769616640656523,69.38530941250212,26.323184711326007,-15.597970018701512,110.0,-0.9419151464805061,-50.26443013936202,19.8783342796774,24.422326718721774,15.744752395567161,-18.967009683759656,-5.610529555518349,-6.6616799280341406,69.78454234054307,35.0,-23.076901836674644,45.26171728374316,-44.74380476045331,68.91084297597128,91.86599725270497,35.0,-27.83153862323802
3,1139,20.244038521781693,3.3981248312601733,34.49973199371315,35.0,-90.0,11.582624415692996,24.344210662097407,67.33889495281487,26.33102560442062,-15.868134045287157,110.0,-0.8864481804803522,-50.25496698746659,21.22314158991365,24.457661549010425,16.52168581628085,-12.38967913930611,-5.601682117687691,-4.8512474509087635,71.61272999568659,35.0,-23.289193350417815,45.057888378954836,-44.87262302740711,68.73720630594909,92.39068014946535,35.0,-28.117727643517455
3,1140,20.261812041116006,3.2548781712033543,34.27706500693312,35.0,-90.0,11.512046792258158,22.256374112686306,65.70703085110786,26.412640306402746,-16.1176677397466,110.0,-0.7692324276122711,-50.16210829598558,22.222596767029696,24.81839357193741,17.43903146274329,-3.424375364229856,-5.581609345397333,-0.8567719462314927,75.65226784109784,35.0,-23.453487379458476,44.745716317556415,-44.99427589148352,68.41395740156834,92.47186974592884,35.0,-28.29686401026481
3,1141,20.279585560450318,3.113465534939238,33.98946308341422,34.991710663159616,-90.0,11.456985869398373,19.588862820726334,63.7137337407307,26.502470063905456,-16.508219099209715,110.0,-0.6459891839733763,-50.03852250315212,23.484849435033958,25.168589412825444,18.179855008108373,5.2496838815840965,-5.5519778281883,2.5478762993092436,79.08395805689958,35.0,-23.522243176318295,44.50507960743284,-45.125079546271564,68.18881097108803,92.30082985522644,35.0,-28.5675480027401
3,1142,20.29735907978463,3.0700111246022272,33.65893314079839,34.991710663159616,-90.0,11.410993149390237,17.030161702600328,61.893230401283375,26.424024949541533,-16.742605512345087,110.0,-0.41567358781520763,-49.76497778048883,24.966313189809338,25.26774051001648,18.718078851558566,12.862514744435346,-5.478248619351335,5.112399554879736,81.76007910973975,35.0,-23.59936719730432,44.22376389704396,-45.29768988924429,67.94002978445926,92.59587553824944,35.0,-28.746127803845038
3,1143,20.315132599118943,2.9175675737586486,33.271005308401534,34.991710663159616,-90.0,11.411009277752742,14.338139877613997,60.41167536952003,26.201426226244067,-16.998780255998938,110.0,-0.2202572853699477,-49.512498653919394,26.620613825698445,25.373261253022044,19.273059234979346,17.40041763259412,-5.319382370980754,6.623654323739725,83.40296637941013,35.0,-23.620698581705923,44.02374360670273,-45.44773885489528,67.78087777680136,93.12011445145566,35.0,-28.80412287406226
3,1144,20.332906118453256,2.061716788140222,32.81533428815174,34.647580832356354,-90.0,11.413678735838825,12.649813176753389,59.661506434368334,26.05595442982308,-17.333880659797828,110.0,0.010579318519118024,-48.48172987603667,29.204201618391963,25.68359184680959,19.54481756970073,25.247063170939512,-5.172190607247091,8.838096383868558,85.68780835489177,35.0,-23.677824825443267,43.91470873047431,-45.51112571602076,67.6840278425334,93.39910149633651,35.0,-28.7106569159949
3,1145,20.350679637787568,1.3605701146837048,32.292389714089126,34.429795672142866,-90.0,11.419170538784467,12.154575276136422,59.79245002195078,25.779869618319957,-17.831745976451604,110.0,0.26577081815518433,-48.025631817335416,30.970738657346796,26.0035872189585,19.84722433295019,32.72047649852263,-5.046315579424543,10.867675326347891,87.76442131886458,35.0,-23.68721355811852,43.84611448081758,-45.53306519714895,67.61077975676542,93.461651053347,35.0,-28.582610157163323
3,1146,20.36845315712188,0.6176450884409845,31.729509320340416,34.013321483506935,-90.0,11.439503393129865,11.147826431339134,59.434760123397716,25.64147740983485,-18.099267350189287,110.0,0.5846676929542979,-46.95482656083297,33.44453236059421,26.274278361217156,19.837046201654946,33.0934309851067,-4.93678115628794,11.443977484011704,88.56382018624221,35.0,-23.734338107896747,43.79229762959965,-45.53320786632114,67.54266518699575,93.58031501752838,35.0,-28.292054311332812
3,1147,20.386226676456193,0.09974473394270937,31.16311158188029,33.22003309299304,-90.0,11.490087289891367,11.231437373970273,59.790117277701164,25.433114515148613,-18.21158171886184,110.0,1.0485490827393595,-43.91355234782567,35.521168239108256,26.392547096777708,19.504656880097876,25.833538950461012,-4.81649538783167,9.767908686991932,87.00173344713613,35.0,-23.899154340732476,43.691697721196356,-45.52535116375417,67.41002945930165,93.61285552791765,35.0,-27.973056523356153
3,1148,20.404000195790506,-0.8571328446580424,30.54130852989849,31.793583554657285,-70.0,11.499487564883326,9.524054349194058,59.48849876102426,25.159227405904957,-18.103058192391817,90.0,1.6954372006971823,-37.57185151545877,38.635849434285454,26.320834176918574,18.47030629252771,25.456547213491294,-4.69425271112878,9.16530933979664,86.4738514312695,35.0,-24.054535673822837,43.596017660738866,-45.493083176710165,67.26689337411256,93.08394050886814,35.0,-27.643770219230746
3,1149,20.421773715124818,-1.2383522558627398,29.879918798982352,30.560224169814436,-70.0,11.460045442727996,8.135313634095496,58.72966749292545,25.21324353821573,-17.883950846970784,70.0,2.427948289881531,-32.848395484454244,41.01068871021288,26.55624543837123,16.72425652358547,25.024850128729767,-4.5750502599271625,8.747619520856073,86.14342737417554,35.0,-24.222079235652213,43.59090592210624,-45.429337358097946,67.21780090995583,92.95569877796295,35.0,-27.191211897114673
3,1150,20.43954723445913,-1.4815243992715834,29.21943266291781,28.521512490183678,-90.0,11.382303551673134,10.310319033914242,58.989017694922566,25.577456173739517,-17.619360020068484,70.0,3.2021216050361248,-29.334225796751795,42.3698954662738,26.638107617842937,14.360815907920124,23.391520958451007,-4.49003629218172,7.805222629862368,85.1678743926897,35.0,-24.399813478616736,43.777692923193165,-45.30710919844543,67.37348735197423,92.69556837820464,35.0,-26.581642885453565
3,1151,20.457320753793443,-1.5299636741136704,28.525297330378518,26.508628662345675,-90.0,11.299240488985006,12.614996923318513,59.58443000223962,26.269473358876017,-17.273902404571626,70.0,4.069945330640038,-27.253689635879688,43.49188445959262,26.60401135835734,11.544839015475146,19.077511880911814,-4.450094126065448,5.61041679186018,82.89815691710004,35.0,-24.624714116965972,43.97130092189945,-45.16097878785291,67.52627117372388,92.05441544313472,35.0,-25.873473448452373
3,1152,20.475094273127755,-2.2497709249914095,27.828205924461972,24.090445793009984,-90.0,11.223742909388335,15.08699169133444,60.636687580538904,26.50676898459724,-16.99077566067408,70.0,5.059579875963374,-23.88750670600046,45.10904827921507,26.538758597786963,8.540045873317801,18.246201359373007,-4.445013992914091,4.585722651845381,81.80822974776925,35.0,-24.912244359655723,44.15399323831189,-44.95290147105517,67.62754204005877,91.53668245574664,35.0,-24.971954813932584
3,1153,20.492867792462064,-3.236421352182786,27.131629303250488,21.56801534944196,-90.0,11.230350970873808,16.754217898538524,61.02913228572039,26.830623675136085,-16.849247158293725,70.0,6.181572342595734,-21.117233233773327,46.22584427238226,26.66643241821837,5.5234527938304625,18.49449586419796,-4.4870524286977265,5.516340632742764,82.46091595618037,35.0,-25.26231006617633,44.25959649746065,-44.64530349233266,67.55653887058382,91.2799208929067,35.0,-23.979138149805575
3,1154,20.510641311796377,-4.0325814766429815,26.424528509855598,18.849370657354942,-90.0,11.299778973824713,18.25387946120692,60.80340109119709,27.525838084703995,-16.92098066489569,70.0,7.4258798857649175,-18.499404444659774,46.385246108052044,27.14972000211998,2.6101408721352266,22.909452841185587,-4.613924179526927,8.795494581654511,85.30507909976944,35.0,-25.66798843273833,44.13232688633025,-44.28917299925059,67.1326732162029,90.90629127926205,35.0,-22.968408127694406
3,1155,20.52841483113069,-3.464687738479135,25.694612407288798,16.262162751307837,-90.0,11.440855985239393,21.062915736653785,61.714472653188686,29.297084636595585,-17.279505768278824,70.0,8.833147667249765,-18.304955114364528,42.766902700575365,28.033773181379093,-0.7446480534822324,24.040369695290668,-4.769820513669448,11.850439797258808,88.07312553543876,35.0,-26.05850947350209,43.749241649906736,-43.97116082646071,66.38042824111547,89.55921642286319,35.0,-21.91716899016968
3,1156,20.546188350465002,-2.9932999306699624,24.94498818071307,13.66452567520638,-90.0,11.672043622693296,22.9468561909532,62.80187399018552,30.638917849990534,-17.505956139056334,70.0,10.476017202721971,-17.774973569553392,39.741617617781664,28.533886010324935,-3.72802534792565,25.513537975860867,-4.964866326536659,15.13813069487436,91.04706703288593,35.0,-26.44649071744993,43.1695993273807,-43.67809962727681,65.37082675078842,86.8315334636774,35.0,-20.850160914903554
3,1157,20.563961869799314,-2.398604141923206,24.20173909206162,11.670385450045968,-90.0,11.99739450326873,25.231501979338134,63.99793754706034,32.17545993899636,-18.163073732407838,69.64912315531443,12.284927241091902,-17.974650409574682,36.14507925603548,28.914989270516912,-6.919849857702138,34.20685842154645,-5.224583901676318,20.4776758504851,95.07192558589159,35.0,-26.78994497936819,42.68545765300224,-43.379080228096264,64.49069988204732,84.40183499874614,35.0,-19.782533435491317
3,1158,20.581735389133627,-1.8663696917114014,23.412073869466266,10.459516563009158,-90.0,12.459118090380764,27.578841798396862,65.18643051535787,33.5842156705219,-19.003877681296533,68.91329000913298,14.412475812477084,-20.07526557024196,32.58102469090386,29.37078154228627,-10.692255955519398,42.436748702152116,-5.6634400597706644,24.72788813589465,98.59847339558684,35.0,-27.06789756927932,42.185026531975296,-43.115498467716684,63.611598820091984,82.05837431669325,35.0,-18.348047679293856
3,1159,20.59950890846794,-0.9940171340716756,22.67498537579777,10.818464952619518,-110.0,13.074893821715849,30.86187705732175,66.97825613536729,34.423433622603234,-19.751064965520378,87.78802313404888,17.034357557344837,-25.423528447054437,28.45675356016843,29.912741268549357,-13.733857524510107,42.664351516518394,-6.186632272962249,26.089444697504657,99.16542044674685,35.0,-27.348801733992513,41.75839029370505,-42.847287116505164,62.82171448105584,79.75837878230833,35.0,-16.871418044956283
3,1160,20.61728242780225,-0.6596065434556242,22.018664248134026,11.369173190036632,-110.0,13.802557388611701,32.78918284173648,68.24917665856694,34.91048795770285,-20.552322764322227,106.16408439328804,19.956599849767162,-29.32720929401235,25.82226004801379,30.68304673443172,-16.61900205793295,43.12133622670938,-6.790702515925716,27.43293812464174,99.63760128058439,35.0,-27.604388732869598,41.229116962545206,-42.606497448720695,61.90490022323175,77.16775571667668,35.0,-15.52984990256997
3,1161,20.635055947136564,-0.3551449328059411,21.421944594191192,12.437839518850609,-110.0,14.543151599781476,33.28614906652379,69.24593818890622,35.05895881190792,-21.492928938056142,104.07817172550244,23.319674732142673,-32.15277377281402,23.27981436812943,32.410046006927445,-20.83875471305283,44.6883244366495,-7.482442739092733,29.66706653764605,101.02512106863114,35.0,-27.799292773510828,40.55641893981143,-42.42743622928845,60.83622937978402,75.53635327918309,35.0,-14.111082119001885
3,1162,20.652829466470877,-0.3369933116397884,20.881367646310995,13.275207279654568,-110.0,15.211030159461053,30.675086469846693,68.69316055758425,34.54703238917175,-23.082291366676248,101.86482237689428,26.940881188409666,-33.626909898446385,21.871665895192297,35.44927369347144,-24.894611363350307,48.37752433678898,-8.391622792913894,32.6893446696643,103.19203013755462,35.0,-27.941721391016223,39.43400468597127,-42.37838205563152,59.25486699359642,74.33645372405026,35.0,-12.764519720296356
3,1163,20.67060298580519,0.3705739700475425,20.369556265627537,14.532322610240534,-110.0,15.746343209469154,28.127174378765883,67.98526094482371,34.3277382225609,-24.820366383745192,99.6329519997129,30.961909804451714,-36.305230510649615,21.39880753790739,38.52989919489347,-28.697239386592234,48.07641489140721,-9.394860002174026,34.06718299843763,103.57335873405022,35.0,-27.97235194375245,37.8676881458977,-42.425829017588356,57.11869114036711,73.03914160493163,35.0,-11.347381567823327
3,1164,20.6883765051395,1.2812202043916843,19.807373794596973,16.32149087558597,-90.0,16.114080065647,23.57453315877275,67.27227513706993,26.246064433991993,-25.60269518945947,97.14523031141185,35.18576381962901,-38.66523030404414,20.525069477287463,41.46064362324424,-32.36076853419029,46.490340737503395,-10.367001256338607,33.32774775531397,101.89804115869482,35.0,-27.868788699439996,36.506061614122814,-42.44332238902254,55.218241850629234,71.80349353636652,35.0,-10.06908656561325
3,1165,20.706150024473814,2.107364112182088,19.204309392345873,18.473517668251308,-70.0,16.35330079978595,18.56807929112522,66.34233148970351,17.895251994510282,-25.85462988051123,94.36111520969224,40.64603544037854,-40.853204087318886,20.09434279752384,44.12353198076963,-36.29637184793542,44.69531370422075,-11.45978567909238,32.09774483775984,99.93088834953024,35.0,-27.59956519529237,35.17103271313481,-42.432940819831565,53.29526013486238,70.57398955874432,35.0,-8.815155055145944
3,1166,20.723923543808127,2.2580626450524828,18.66103422840843,20.99884824801252,-50.0,18.20134105187141,14.051810152160243,65.39518913626968,15.161174657725264,-24.728210436065503,91.18129888725606,46.72326107784356,-41.216554114676576,23.460343450558444,46.29128785653062,-35.47403022829606,39.44991436105169,-12.636759056162413,28.03600101804624,95.09632891865412,35.0,-27.266163963676544,32.94812501101443,-42.34569504728465,49.96097886463367,69.131575992444,35.0,-7.657587957102463
3,1167,20.74169706314244,2.3099650751339498,18.117455732985214,22.8310334193973,-30.0,19.070701641441588,9.364575736445218,63.97912612092239,12.712623597412238,-21.882524693819832,88.0148379526798,52.62659891025267,-41.28760867006229,27.834223386570866,48.842264558405006,-37.552135630165694,33.27740055392124,-13.888155426308202,23.281151916197427,89.59128594877056,35.0,-26.98112528140193,30.871625639283035,-42.193589675796986,46.78646046300908,68.63236938191724,35.0,-6.4388475955574345
3,1168,20.75947058247675,2.352803501825464,17.519378214735834,23.084353251254466,-10.0,19.179083199249206,2.8503375322134796,61.48414697645697,10.010186662477066,-18.173181870311943,85.06911628719813,57.86828256662629,-41.19614273444005,31.669489864800973,51.50949116283116,-39.25819015647061,27.829606972851153,-15.07594534634444,18.461466315286625,84.95067454449662,35.0,-26.698815853504826,29.07470800729927,-41.964863396211754,43.95468266987578,68.338104569731,35.0,-5.21441647553998
3,1169,20.777244101811064,2.3595707070665934,16.821867366827153,22.530211899561923,10.0,18.31361406390536,-3.949447117834093,59.70292364264494,7.544192430932833,-15.79279421860902,82.16227118387275,61.39699663940523,-41.16976139501834,36.12352766629893,54.028649349994815,-40.16918779124597,21.58991379261313,-16.255942862259904,13.789523003435825,79.89850148845333,35.0,-26.410535425592226,27.0510256096009,-41.58717484271381,40.67988199156386,67.8462078412541,35.0,-4.241047435799096
3,1170,20.795017621145377,2.3816624627255774,16.083058724146806,21.01934194722178,10.0,16.753028547969862,-3.499729551376845,59.1537751468655,6.065055205372227,-14.728278296559619,79.4704846470749,63.70903360562827,-41.20618220491981,40.26560000072493,56.63414137171991,-39.31433354618572,15.367507864798,-17.34213452487518,9.999196353807873,75.79452048355755,35.0,-26.087420773239703,24.743052817410536,-41.11157625880758,36.95820774153803,66.96770873150012,35.0,-3.2301146146418507
3,1171,20.812791140479685,2.360406394156737,15.261241174424617,18.771227556774882,10.0,14.797451744357176,-0.8799527610362855,59.68655278773599,5.040468296579095,-15.524951564938393,77.01366220689657,65.01231795916637,-41.0693506900828,44.00766118692475,58.74760750594121,-37.02698015729738,10.122824978554927,-18.551027836811603,6.843519397180089,72.54172849916223,35.0,-25.82796504682223,22.513748386155783,-40.60004578114803,33.32864514745073,66.24162208870354,35.0,-2.324727426358226
3,1172,20.830564659813998,2.367134535515976,14.285532680726535,16.014530736798548,30.0,12.714618214156404,-8.94323195800688,58.83278364268958,4.207628194271365,-17.69505050432014,74.94229709430813,65.35244333111885,-40.87471945767862,49.68931745536087,60.0,-31.170738906611362,5.771662844804391,-19.709623796549355,3.9596560943740826,69.1370272527105,35.0,-25.57712458831397,20.84112844649592,-39.8695265328808,30.262229307995213,64.98243144573365,35.0,-1.4913894022995338
3,1173,20.84833817914831,2.419559870732829,13.263765867165853,14.42651754549575,50.0,10.708590667702866,-15.784517145841336,58.82225457374989,3.5889791384290883,-19.126159745084156,73.10497477257451,64.75598262726281,-40.89583355261627,56.22190008224217,60.0,-23.145558235436493,1.3857240737520462,-20.524937101518518,0.60034039078274,65.33188969923555,35.0,-25.354421271359907,19.215275487320042,-38.9086886109539,27.143064194201767,63.64868855615934,35.0,-0.885029969144216
3,1174,20.866111698482623,2.4687000697905996,12.273847175659455,13.358137717978071,50.0,8.702559416467961,-10.833196666923323,60.54147524899697,3.039924301701521,-18.52772372292981,71.29987927114578,63.39889892751173,-41.1017427287467,59.70328034793877,60.0,-15.007095489116637,-3.6929033124096082,-21.276130486839406,-3.063759138644851,61.775010825206735,35.0,-25.249989648975806,17.26610919406232,-37.868358430792576,23.732967007737457,61.98124787507736,35.0,-0.5301937451510077
3,1175,20.883885217816935,2.516969693969098,11.327220891239948,11.878179331520249,30.0,6.587355684731744,-3.3537868014551533,62.91865673828917,10.737990681650007,-18.113029508381725,69.72960531960767,61.433284017749536,-41.201020567526115,64.7642808849604,60.0,-5.610278602622484,-7.849486887319159,-21.980304382348006,-5.8371314523623745,59.19752680006493,35.0,-25.3505967755946,15.050780899702234,-36.81963811345562,20.062622589455586,59.89847596164593,35.0,-0.3722237819066821
3,1176,20.901658737151248,2.570786655335311,10.528478893383122,10.538439272140325,10.0,4.454059024629132,5.598143245477363,65.48157800755854,18.24875696287563,-18.117640257409263,68.36429246239243,57.71143190969448,-41.33351192809277,68.78972878517821,60.0,3.054472662460999,-11.656007627546103,-22.590308688643482,-8.496492572827519,56.413407149751905,35.0,-25.636552734659343,12.354104861006466,-35.66870946051238,16.075673752544997,57.7621267012496,35.0,-0.4074544389067551
3,1177,20.91943225648556,2.634672690383302,9.746669289633278,9.863545119147657,-10.0,0.397720908895482,14.3395871451311,65.46930751029542,19.26537715611193,-18.123614372014668,67.58568994654927,53.02359889129794,-41.75594869163438,67.57216251146126,60.0,3.6362487391887752,-11.653573310843344,-23.051261074658797,-8.54895016786596,56.25922988650154,35.0,-26.007951245501875,9.231560424706908,-34.31857603240057,12.467532916122776,55.98877969848048,35.0,-0.6616798493556881
3,1178,20.937205775819873,2.720149757462104,9.07258059188392,9.956768842071355,-10.0,-2.9899812391099347,9.878100034211174,62.83002819828596,19.760958772135492,-20.282563296945384,66.74595348152131,47.90717703188782,-42.26779427681637,64.71600678289397,60.0,4.174565728620656,-10.940924073582252,-23.404257826870204,-8.163123400515714,56.83622740177095,35.0,-26.40077712268969,6.529484835150749,-32.88768226709911,9.410989376789567,55.19884928567412,35.0,-1.4959493953121223
3,1179,20.954979295154185,2.8072821500107192,8.47918994850775,11.534532761914093,-10.139109117958514,-5.8650211076430345,7.598252598269005,60.571224640914465,19.96030270152629,-24.072342482129955,66.13209920707631,43.492004638659935,-42.81244551697085,62.66315390872346,53.32778627908451,3.2984603035048328,-11.408994214287587,-23.78630764159,-8.59895391615387,56.87581720542116,35.0,-26.844172690468227,3.7854215312381068,-31.390496695300385,6.218505841333312,54.56070433503539,35.0,-2.9697867562349898
3,1180,20.972752814488498,2.9773434894681956,8.063590515589734,13.790368486647454,-10.16509690253179,-8.131402528421603,5.696001848489819,57.899561186446476,20.11068572779871,-26.039290418022315,65.97021109698886,40.59950821845732,-43.33082775591442,59.87256883482589,45.681810811666224,4.657257482439277,-10.341884694333748,-24.04221842354286,-7.881806430463212,58.17521401305821,35.0,-27.283065770929873,0.1676865730210449,-29.959283239437173,2.612410336199026,53.65464832673889,35.0,-5.027678627350006
3,1181,20.99052633382281,3.1393284807354194,7.679670568280478,15.942444334651082,9.834903097468212,-9.907602287570365,-3.571000672278558,54.778835372847986,20.264708182013393,-26.633770508659712,66.052407063333,38.34707738747056,-43.86977584621382,57.0352723156964,38.191322576610574,3.263032466455407,-8.291271978307266,-24.427184982853706,-6.373774816241064,60.28197574679491,35.0,-27.762492741211233,-1.8804379069446122,-28.593520523718755,0.49703990286587807,53.87938309403651,35.0,-7.1607509465187285
3,1182,21.008299853157123,3.326259785347686,7.355551480137291,18.075218660836374,29.834903097468214,-11.585128654507297,-14.810758969585606,50.99565734473313,20.995832100478797,-25.42279265233956,66.45229171903136,37.151328460472875,-44.42154188722513,54.27201983834509,30.845681124415442,-0.4984661249728959,-5.482914727314153,-24.656344441099744,-4.0740913962910605,62.95839692346139,35.0,-28.197135506142807,-3.3632093640016945,-27.190176599727156,-1.2012495413736983,54.71602033141777,35.0,-9.142316217950341
3,1183,21.026073372491435,3.522282014968272,7.1418019842307565,20.680399719019857,29.834903097468214,-13.304666867334385,-15.284582078304693,48.829605669917306,21.96922285625662,-23.038859862192584,66.96995949860471,36.665254105513625,-44.87397133204499,49.92713968144465,29.375229575798002,-6.5682225201947375,-3.384778435747397,-24.951868601578187,-2.1646702120589696,65.4863542815784,35.0,-28.644857478047296,-4.883635267368533,-25.873594165031285,-3.071110042810669,55.55731775706445,35.0,-11.438256838278768
3,1184,21.043846891825748,3.8594653528259433,6.970924886452172,22.667080550127846,29.83490309746821,-15.456194717890016,-17.38619233880198,48.70697672974327,22.94425835991765,-21.076468132607772,67.49505228830766,37.4157799405224,-45.09546571532378,44.37780113041772,29.375229575798002,-12.841863841558501,-0.8737090033111641,-25.447739605920617,0.2567073415233023,68.30580020240087,35.0,-28.62017790027414,-7.329228607785379,-24.6644743143382,-5.207683212765715,55.75408152378362,35.0,-13.692794874166577
3,1185,21.06162041116006,4.284917771175149,6.88164993369061,24.357598247980402,49.834903097468214,-18.39913482475779,-29.079933647602957,45.09825429386998,23.81155662034871,-22.89778453750363,68.0842605654815,38.953098226207665,-45.2410254612821,40.4212295210349,28.913303915116135,-20.980326587878356,3.9476075396778154,-26.033288309527915,5.2415546002469275,73.23986063882212,35.0,-28.04650715366149,-6.967572050743783,-23.4939305606493,-5.2785276252247115,57.51608466735112,35.0,-15.91374789249835
3,1186,21.079393930494373,4.677250297900361,6.8673873168745585,26.2563401655369,68.07561345959846,-22.457748197187033,-39.9301544090137,40.27482348753928,16.113490240400225,-23.773384430725148,68.81875313842824,41.61093866076431,-45.3277015031617,36.28354928310632,21.12405478936466,-30.49940349998481,8.254254620216178,-26.677011712564763,9.912640461879674,76.80744585908013,35.0,-26.866991905256473,-11.239683801876833,-22.413041227323937,-9.193053607354628,55.2571464629791,35.0,-17.795531950375526
3,1187,21.097167449828685,4.99945881912774,6.777490056057453,28.1626981243385,85.6769883120491,-27.632009914696706,-51.25443351205952,35.81072697197973,8.602723959174607,-24.09828717413749,69.82890952167189,46.01834507003744,-45.35813063240671,33.29898392130545,13.053692746554752,-38.58014728912636,13.144648696221434,-27.437770197905312,15.990991125060662,81.5788033064082,35.0,-24.99446392951535,-14.772777582187736,-21.430025889995395,-12.168419633962053,53.45275585589914,35.0,-19.469842696637976
3,1188,21.114940969162998,5.283204881521016,6.849376486633053,29.22395401253076,88.25354436374668,-31.767650963814095,-54.30363456512086,34.14260412011367,11.714087332563038,-23.39589462830011,70.82553598165151,50.649403716020174,-45.27674075269361,34.36119786732655,5.081669519449073,-41.87352372050863,17.802504121183663,-28.3370922362048,22.177753755066988,84.60896743584713,35.0,-22.971763679877405,-17.16596152449056,-20.693977683078263,-14.594136363961125,51.64852019018783,35.0,-20.772556896906245
3,1189,21.132714488497307,5.638454833007543,6.922221985238111,30.113967354537234,85.75218870990058,-35.31990589197952,-53.83160594941214,32.51866124380715,4.625224650987423,-24.392534478340338,71.7188142566934,55.16114050926985,-45.41012292687654,34.92634535349549,-0.30070903688661993,-43.2948757025385,22.753419718200718,-29.24003294184516,28.65481376736814,85.86900147706766,35.0,-20.704774247000724,-19.65329799171014,-20.143670134053952,-16.85717665400566,49.697441822381855,35.0,-21.721020755486734
3,1190,21.15048800783162,6.281987461847862,7.103661190987332,30.693498016633665,83.08351863586248,-40.03455097533834,-53.598917491796335,31.619570952512756,-2.1945227879008447,-22.3279332397653,72.5180021261352,58.50163920708182,-45.64828441648006,35.85185741504372,6.3715046840288645,-44.19565441498265,27.814316752020932,-30.09864554026528,34.917367799865744,89.34629072481874,35.0,-17.983227028809697,-22.06918208766435,-19.744350807874056,-18.779102134704896,47.47015638203835,35.0,-22.29491755254156
3,1191,21.16826152716593,6.758105849538566,7.3288284572681155,30.87584738235124,79.74371301141264,-44.778017809284215,-53.43494214435916,31.553506725419993,-7.986115167470609,-15.445795103022437,73.37361014732211,53.242966116643565,-46.01371288744564,36.716717421084915,6.618863319910648,-45.64314580426624,32.32393482245386,-30.95058420651859,40.66570171966624,91.89983539379068,35.0,-15.501590988499968,-22.262910562700032,-19.554566184494444,-18.79126630788499,46.93877577191495,35.0,-22.269776715717796
3,1192,21.186035046500244,7.3443868515843995,7.494130403292564,30.336677463496507,75.35654928013143,-46.98487137802736,-53.00387059006756,31.506838272668986,-15.101487199384621,-8.694573765556045,74.79622356097012,50.561870619722804,-46.28299965893362,42.84114255122998,13.297547473388313,-46.986849016752664,36.08205170509735,-31.808349777216904,45.58500105973456,94.2107647675132,35.0,-13.208133817897311,-21.511466856451964,-19.484508180869145,-18.289912408193345,47.24821835335915,35.0,-22.233054129028798
3,1193,21.203808565834557,7.678687487176987,7.638905340820853,30.189356114723818,70.7751696745238,-47.8801506024917,-52.04921839098143,31.024695678776016,-12.244292706356951,-6.872187106035668,76.20931369449559,49.079964961849164,-46.40743122723028,42.28946255572105,14.35208698906896,-43.92490827540702,37.98900259451912,-32.60928628514873,48.651353299471275,94.49021333496307,35.0,-10.986913479031623,-19.291947311373022,-19.391263364878526,-16.85033392292789,48.0052332869448,35.0,-22.309794207163463
3,1194,21.22158208516887,7.2567703164209325,7.8541529934118675,29.981303123101313,66.54016901586598,-48.80607230866844,-50.855861784019105,29.812429874761957,-9.754676115199173,-4.157677462724944,77.48192700256892,47.99678752053528,-46.501178462098196,39.78077252217042,4.913447628595491,-34.81904582871703,39.51594649040634,-33.30068818928766,51.3527072383772,95.01158155862514,35.0,-9.226359687211524,-17.05717639460568,-19.36703382128259,-15.334726704176603,48.72009325617126,35.0,-22.23328300305381
3,1195,21.23935560450318,10.757219478808132,8.07886300542086,30.253023255599928,62.657465886440924,-49.3098602016606,-47.44904116498501,25.835317366011417,-7.163295162675643,-0.2131603486865403,78.73934020064121,46.54978020579701,-46.52905692797114,37.00556233233397,-4.516707914558459,-26.570585178528134,41.1648313385157,-33.92110183266726,54.363140853856954,96.11625858099914,35.0,-8.669886409626598,-11.91358671519827,-19.361139891943665,-10.809749777268559,52.603756157372324,35.0,-22.060319987802227
3,1196,21.257129123837494,10.086092004000966,8.32311767074841,30.80024226085516,58.80358893342125,-48.99162271421778,-46.015450871917274,23.373238085695025,-4.378040648565326,7.311689287684586,79.85152301453917,44.693399400843816,-46.58797334666381,33.84369737745504,-9.993651128540249,-17.329303734283968,41.94815920538956,-34.42840184650797,56.141207063186464,96.41949878232991,35.0,-9.039415780397482,-8.267855972274534,-19.311645997108773,-6.0914014024291365,57.007241984695135,35.0,-21.861067063860837
3,1197,21.274902643171806,13.493872666605734,8.610792014357978,29.75617885950053,55.96857331531366,-47.589842605569544,-45.72446056445486,22.735644124382944,6.531050260525583,11.211517232396583,81.14905856493145,40.60929205656113,-46.74595135283066,30.518658636906398,-5.081556119748007,-17.329303734283968,42.44540552316067,-35.018199731116624,57.54562743072682,97.47400691570866,35.0,-10.072985778526423,-0.002800530168921163,-19.31048395052109,2.234882577057836,64.94415455479617,35.0,-21.66274721706795
3,1198,21.29267616250612,16.97642151396278,8.909876253138073,27.1564404187347,53.50059671619756,-44.70494650912954,-45.64368389096017,23.642104971846535,17.440141169616492,13.8887901465153,82.22618570971387,35.85614621090117,-46.82855436338238,26.92881318966627,-7.920284986029003,-13.153915531697924,42.2348231210838,-35.561304741150835,57.64920862081078,97.89091878107155,35.0,-12.012723308204441,8.493747605569773,-19.390636432600015,11.226292496278946,73.93422724424437,35.0,-21.446054425171962
3,1199,21.31044968184043,14.924504007423941,8.958112479680723,24.33622928149017,65.12718430923817,-42.58732556649635,-56.37092802586298,23.189260672923584,17.440141169616492,14.57710089340169,83.95245780534125,30.739803375106614,-46.66412322559036,24.044737354213375,-4.439674175637266,-11.206276621982527,41.8103634782281,-36.092922246901175,57.36222481469568,100.09783233411717,35.0,-14.134535157224057,17.35823745433046,-19.445941174530393,20.83351319819441,83.71100771134593,35.0,-21.6413146907369
3,1200,21.328223201174744,12.977206518509258,8.910557223364288,20.49387874966726,61.06750133819102,-41.02755832203229,-57.71346374600579,25.42676439532698,28.349232078707402,18.182872058703012,67.06537692990356,25.882137359344938,-39.09822548153774,29.827422085776433,-1.9132847346878104,-8.161634170661117,41.230292134480074,-36.687344266307655,56.88259221705379,103.90180015942416,35.0,-16.444094670181457,25.827514309127995,-19.494981374471493,29.611056594299292,93.38694827875246,35.0,-21.7617557493729
3,1201,21.345996720509056,10.926267360793382,8.768304441765617,16.163239508535124,58.15576925570842,-38.334604218605186,-58.74785106277413,28.140902094053217,39.25832298779831,19.84586333542836,50.17664184507402,21.947959776394026,-31.442113482895437,34.85093241252974,-4.824990332453328,-3.627873769560186,40.98292155794837,-37.27814915909881,56.97767225241363,105.29414345647537,35.0,-19.165641888372488,34.093103505558524,-19.606747353346254,38.463878187154144,103.4025807783945,35.0,-21.823787080347362
3,1202,21.36377023984337,9.138189113681683,8.528496822417132,12.104619176537158,56.51649024718374,-35.79254580344905,-59.339243778643635,28.907808847370855,49.09090909090909,16.695388606171758,33.965777240197845,26.226289236574825,-23.084560055499647,39.245439275806596,1.0776557687514146,-0.16430702017483867,40.52970317199525,-37.879410504582005,56.81081421419768,106.70851391965584,35.0,-21.647277928682215,41.24291598059778,-19.548216151473948,46.13577784193561,111.96875385871195,35.0,-22.112989056648043
3,1203,21.38154375917768,7.468059499822647,8.283794092333304,7.982801250672339,56.216295081298284,-35.93707031597686,-59.57371482229319,28.84108312703555,60.0,13.663198811088922,16.278021272087628,27.754975456037528,-15.179397062751356,38.85582168789177,-0.8027555635323055,4.653426660364546,40.59993267399238,-38.338239764508415,57.35324630340385,108.16497064321237,35.0,-23.940735099284872,46.15939364030589,-19.363391314974585,52.24106582356125,118.80336913023001,35.0,-22.436176686936868
3,1204,21.399317278511994,6.006169838419665,7.97746521837891,5.069232728657358,56.50804227631203,-37.382370401978484,-59.817528267656,28.357338760214827,60.0,16.380188529236804,-1.4541923361970481,27.510306733973838,-7.479160769067084,44.585185261985615,2.769050992992976,6.70746119125516,40.7574696849382,-38.7631625925007,58.026843612734325,109.75029602310383,35.0,-26.161955438150564,48.89569382622212,-19.219488886880068,56.43595013911015,124.13877381202036,35.0,-22.678223300761974
3,1205,21.417090797846306,5.378294704186692,7.505420156658152,2.0328639961936266,56.57588578608252,-38.61816064621686,-60.07927867568712,28.265321989931223,60.0,18.4315891422752,-19.087195643469677,26.430717591555222,0.21291527638723098,51.75133965583957,11.034789347955275,3.1606265586609865,40.648317846466234,-39.129681385213665,58.241938780152374,109.04114377591647,35.0,-27.68733928574959,50.527507637475544,-18.925383113860907,58.16115512157476,126.74848205221984,35.0,-22.736819907552732
3,1206,21.43486431718062,0.6687342287367715,6.936383655375713,-2.019429130052249,56.401560614761486,-39.82324771797115,-60.41230291643917,28.49276113396786,60.0,19.74222774776084,-36.819029960903116,24.71641177647729,8.049659657241781,58.462215321836,18.39769819561684,-1.8358720524828465,40.050502956297315,-39.34655649839898,57.53679547512067,106.95148928373887,35.0,-28.448148523272156,45.66501528807426,-18.508186961255426,53.93506791711707,123.20180055530595,35.0,-22.750055630710264
3,1207,21.452637836514928,-0.018017962788950695,6.159812297045622,-6.950683415751538,56.25015997044364,-40.81039336295,-60.677793716787775,28.508153467901376,60.0,19.56664915438927,-54.48345517336483,22.57010947935385,16.048790519779747,65.04712200605485,22.70831340261432,-7.262476151042706,39.21066312535035,-39.45069948479974,56.33897594567761,104.25986324054753,35.0,-28.831748836565897,37.78138276377434,-17.881747989580923,46.993071791012994,116.40649207018363,35.0,-22.735079766394108
3,1208,21.47041135584924,-4.765608539162657,5.239966258651959,-10.057251952016502,57.0800581294933,-41.30374382182976,-60.33773719025882,27.2181850921835,60.0,23.073172277384607,-72.45748765686467,21.495341594118045,24.10465458433441,71.63513026056057,23.47693420202082,-4.187768094344006,38.70289921010322,-39.34116243429131,55.440174329292745,101.16278201554354,35.0,-29.031484341291694,30.107832025172012,-17.0320108325385,40.763900269851476,110.22901029083552,35.0,-22.698110712936714
3,1209,21.488184875183553,-9.389453055358585,4.344748988092939,-11.779414796731949,58.26052833759898,-41.70980926263546,-59.854062871891955,24.499856651371548,60.0,27.71224969130574,-90.3953432259559,19.496567008353654,32.23853977121539,78.29355151395492,32.37556515564218,-5.956371724724057,38.10660626848289,-38.92708480473629,54.10614924401857,97.44475515428621,35.0,-29.10267338855891,22.099757969147394,-16.0410474748891,33.77694671025634,102.68377817307832,35.0,-22.999754325730894
3,1210,21.505958394517865,-8.394002662025198,3.633590746887791,-12.167120653741177,60.44690965003634,-41.10603811038691,-58.77312157510574,21.938713568059626,60.0,30.79711508056449,-109.15982294328356,17.592956505090797,40.25197126496509,84.23871008550215,35.014688425681676,-7.08546527038568,37.57987916472689,-38.252296004334944,52.62421525278183,93.44143923284047,35.0,-29.104418022308266,14.449167197259271,-14.979267033240829,27.305469187129507,95.54682791322229,35.0,-23.173346201524417
3,1211,21.523731913852178,-7.457567074483341,3.0055518179492395,-11.450996578488407,63.4541784587197,-40.38353211088505,-57.14191797914634,19.000153242056623,54.685449261514876,32.90997856036214,-109.15982294328356,15.613510122173047,41.27594480171702,82.67063918877821,35.97868745659649,-8.331777207920162,37.22451781273361,-37.27544659553626,51.09199288179155,88.85902083693078,35.0,-28.991592179093537,5.069509591102302,-13.860303531914331,18.67379911710053,85.79462879873259,35.0,-23.337020208764887
3,1212,21.54150543318649,-6.670521884894236,2.3921492236838766,-10.816240153181253,65.67612507960807,-39.603060180268685,-55.90562527595757,15.921929060630786,48.88358046611559,33.16544959556319,-109.15982294328356,13.54416482230461,42.38632934308303,81.505540445283,36.875085675624135,-9.932294810508724,37.094209166290504,-35.983713968637055,49.57189904515362,85.13925331349702,35.0,-28.852532539064306,-4.529955838997615,-12.67117399835118,9.349249317440234,75.72411562233593,35.0,-23.3538761178737
3,1213,21.559278952520803,-5.988268514567981,1.8035197924491682,-10.232919520545083,67.47874867231899,-37.6844539516328,-54.79938787719591,14.095738560719576,43.030817051502275,32.212960632736674,-110.0,11.476803622111804,43.00263717615788,81.11179296731524,36.164511426067385,-11.513471305323977,37.60926696759705,-34.28587614567303,48.63552301197446,83.02147439318558,35.0,-28.358825652962686,-13.503548207155445,-11.423393794636452,1.7834651827838115,67.55079765410466,35.0,-23.216581002962197
3,1214,21.577052471855115,-5.5044699876817305,1.299362400684112,-8.173176335164708,69.1770824636887,-29.89067561223988,-53.72572773450231,12.315172647984214,36.661002151179815,28.663797935697144,-110.0,9.33525425562387,44.08981281782313,79.57032281804499,36.94429236427731,-13.228384171716067,38.44645659143726,-32.09206848076879,47.820694949965464,82.32656499783913,35.0,-27.661742105274467,-15.175186044417158,-10.214269898304902,-3.5505533894037344,61.8616217402547,35.0,-23.184646782413385
3,1215,21.594825991189428,-4.897386563956978,0.879982398884707,-5.73002402655338,70.70920303286768,-22.26085823193681,-52.730423187425906,12.23917843556868,29.39425309292691,22.561020358682313,-110.0,7.188940982337237,45.26349618927311,78.74322350143997,37.40176083368232,-14.580978997918084,39.939924575737045,-29.441416455024925,47.73267829098109,83.36735306314046,35.0,-26.491375193700755,-15.25425860531491,-9.00283420927574,-6.91485887024098,58.07291657916287,35.0,-23.278200111566665
3,1216,21.61259951052374,-4.375893985381775,0.5531027411088968,-1.7670197396758176,72.34566766372164,-14.19116591470717,-51.65568116018883,13.195665611402005,22.239526652881487,17.718132147027507,-109.76430616090515,5.182212752098642,46.388658998902635,79.94119499637192,37.41953388350791,-15.641362207098751,41.776514635363974,-26.248563482477138,48.08284844170767,86.64244525171694,35.0,-25.537843823389505,-14.572661925966031,-7.902843498003997,-8.255614466749465,56.759542512778836,35.0,-23.38487868152599
3,1217,21.630373029858053,-3.8141848468062958,0.27659238217588017,2.7904016813002968,73.95110023671327,-6.075038177732964,-50.60899637839684,14.281439856430795,15.257174640258455,12.288418204798155,-109.51667155529285,3.5009277247551682,47.26761499006381,80.81982230769701,37.427321720621855,-15.50032362911504,43.61957971075143,-22.70414786841122,47.251789830067,90.18513016142501,35.0,-24.517404976212763,-8.74300620385369,-6.853707583193941,-3.933435055787153,61.01386720609111,35.0,-23.087847266809643
3,1218,21.648146549192365,-3.207543560485549,0.11373772242977064,7.7216559669995855,75.57469142506523,1.9818310468843976,-49.57712164449603,15.894265269778204,8.093105274731506,6.4479759385422035,-109.51667155529286,2.1142200084494336,47.99079740750679,81.19965196097256,37.31132308328467,-13.606321339110819,45.29011644418126,-18.711034924692907,46.107189296962815,93.43376873020999,35.0,-22.979255832034546,-0.4727825052523374,-6.0120793178888565,1.700520665004857,66.62035012040732,35.0,-22.819114686615297
3,1219,21.665920068526678,-2.5970687014223266,-0.04137962538619291,12.186766551743098,77.02020984166482,9.815424823799036,-48.70082474614998,18.20577116804859,0.528848733291682,-1.9241017238181186,-109.51667155529286,0.8951331842146409,48.74314321505854,80.46328969288449,38.15387735695018,-9.517197380419288,46.62342429852999,-14.33173732972087,45.97350741742102,98.17865500860776,35.0,-21.279432290579493,7.754457811123104,-5.309759405294651,6.96058889069398,72.003249184679,35.0,-22.67310722981784
3,1220,21.68369358786099,-2.0489752949844675,-0.26876907582376314,16.275766963805637,78.44543254738392,17.231601925058587,-47.89315052646227,20.696314311020014,-7.262006084515425,-11.0979440583622,-109.51667155529286,0.012659928842375635,49.30507464457992,79.82647434562118,38.90933027753641,-5.0684177841969085,48.0676364317671,-9.778641028226634,47.19255513688724,102.97357081176634,35.0,-19.152797222838963,15.993756159728447,-4.732434206568758,12.293096216597718,76.33345470367568,35.0,-22.436490455953944
3,1221,21.701467107195302,-1.5330825279587843,-0.6901701106259127,19.50332937994896,79.81762313796735,23.570233615772644,-47.22144133007956,22.769809817405186,-14.630238152776895,-18.73442389150591,-109.51667155529286,-0.6620677682842321,49.72847109052537,79.05575251757635,39.7190677314183,-0.31649432813021394,49.365278120320596,-5.356408052480793,48.21755748826882,107.93284228256442,35.0,-16.204592177485896,23.921242249355604,-4.191984103220703,17.53338653758162,81.42739733759264,35.0,-21.760386020237892
3,1222,21.719240626529615,-1.116515215528465,-1.2388457115631004,22.6295558365191,81.21274111771199,29.825272307791167,-46.545592554000336,25.02921936047795,-16.149808588001676,-24.98156539054647,-109.51667155529286,-1.1104700881991585,50.02766217168382,78.31792019874769,40.43265875256046,4.271144358193675,50.369184017142295,-0.7950373261326735,49.1875350663447,112.85886587753822,35.0,-13.047648515549996,33.63406661110747,-3.6568574656128376,25.2485472383653,89.12956412182449,35.0,-20.79317560030178
3,1223,21.737014145863927,-0.7666852609030947,-1.8632096823431694,26.325438652344076,82.53711632749418,36.00514151479586,-45.924358577703714,26.95880174778788,-17.19317872878302,-30.054264412765068,-109.51667155529286,-1.6835908062676963,50.37062452952395,77.58569418625001,41.09141726456006,8.370827122573301,50.9923996757123,3.6500857089980627,50.08235128558087,117.03648578424996,35.0,-10.39460604508672,43.34669965685449,-3.1538598141589476,32.70646649328433,96.30152922107364,35.0,-19.966639160641748
3,1224,21.75478766519824,-0.3793469158472528,-2.4941694327986927,29.92085189049818,83.64123149009437,41.184580330735,-45.43141275687288,28.67242339275285,-18.398281913818447,-34.77546970520885,-109.51667155529286,-2.2439227247659552,50.64296849335016,76.92524938404621,42.08145358405503,11.917490226696644,51.040367256206586,7.963779278901909,50.57921829257782,118.33305688581571,35.0,-7.924578814293411,52.48397853902413,-2.7290806998943324,38.533252345002424,101.23306773326298,35.0,-19.50472036242567
3,1225,21.77256118453255,0.033062083517457756,-3.138537287414947,32.85969448467062,84.567459929858,40.65147871931092,-45.00648728579192,29.899968945765497,-18.42336226885701,-34.797305384531064,-109.51667155529286,-2.5659005733552545,50.78473362087945,76.41869408405437,43.10388921142548,15.434021566747287,50.48963417401897,11.875742907623966,50.62257938244416,115.36808758098658,35.0,-4.254379428958477,54.30111427238826,-2.3383972730973976,42.364915511558316,103.4904155539758,35.0,-19.193986324330304
3,1226,21.79033470386686,0.39570698694559964,-3.8349491036814807,34.07111837119684,85.35232775408599,40.33608078453255,-44.68022026226574,30.83054034283599,-17.805458711675808,-33.19664518351667,-109.51667155529286,-2.754926586881012,50.85077452669446,75.94108235510028,44.01920684233844,18.68236566177181,49.788698308033425,15.323246221840218,50.78992479073631,110.62238622187373,35.0,-0.7408341089390259,54.68001013171145,-1.993489940409763,44.84014803558088,103.83498775493204,35.0,-19.15058332139516
3,1227,21.808108223201174,0.651278095349881,-4.516711371517827,34.47409692101515,85.78497248738461,39.43622251824247,-44.59357139113978,30.794212812749358,-17.28656710083888,-33.610047969737224,-109.7523653943877,-2.866539337115798,50.96789502093671,74.38093770441263,44.382423312132325,21.347563914948328,48.5319902948466,18.26147717229226,50.190083817216355,106.69601185703632,35.0,2.8808568534965797,55.0,-1.7395349598417844,46.60647792149007,103.01924070919041,35.0,-19.664910020544873
3,1228,21.825881742535486,0.8931828883530656,-5.20357560990871,34.47409692101515,86.13511853331427,38.206763104960366,-44.60407929892708,30.53705143391097,-16.734210583966362,-34.41758304581989,-110.0,-3.0420808555862267,51.1347352467132,73.13713644132712,44.36726725942966,23.38215875829354,47.15225805450616,20.846345354782155,50.81060686566577,103.53288934055035,35.0,6.310657139640469,55.0,-1.5916954125966596,45.99832248404074,100.67385976006311,35.0,-20.607770689199445
3,1229,21.8436552618698,1.1721896561311043,-5.9311255920072306,34.47409692101515,86.5026130734526,36.76990556705129,-44.657094306686204,29.513007970971675,-15.342363296809475,-31.29071016456853,-110.0,-3.1539411638603196,51.24991137562313,72.48371677136197,44.09093848258958,24.26849997925351,46.006103847644404,22.96128090598757,51.98959295805218,99.15859590531804,35.0,9.213978818061717,55.0,-1.4848263137675255,45.39751170961668,98.32513669618426,35.0,-21.58220005543736
3,1230,21.86142878120411,1.4136508211118295,-6.669155458688426,33.688616702049984,86.79577227579567,35.019976326056764,-44.802842517562084,28.57748053937646,-13.753455056845429,-27.689937010260085,-110.0,-3.0218402788586887,51.188034020079,72.65740521611424,43.63404120707412,23.196852456122183,44.85804502454318,24.627186888746646,51.846752145673186,92.63852397995586,35.0,12.031765768334374,55.0,-1.4319139982809028,44.91987137802112,94.66498414359313,35.0,-22.566931896969628
3,1231,21.879202300538424,1.5891122349778675,-7.397104031729357,32.367647004340164,87.01938083378637,33.017139462795086,-45.02456119492368,27.73448371257075,-12.034625157967849,-24.319951295513224,-110.0,-2.7422959484804026,51.0336571936107,72.96344180900061,43.17660032065937,21.155963324506924,43.736102603003324,25.929908940126595,50.784177071375545,85.89577007880233,35.0,14.880490751182014,55.0,-1.4397705956487443,45.14470497634414,92.21801368191198,35.0,-23.428190167515755
3,1232,21.896975819872736,1.7769534814153758,-8.08976177589437,29.843229089044073,87.24484549403351,31.004410854962394,-45.25335266611636,26.766161138273706,-10.539419791079562,-20.154770371363387,-110.0,-2.346457270157916,50.7766527841703,73.51492214480814,42.14409812838565,18.882558622138806,42.65289353144151,27.163885600241176,49.88173159463845,79.33817372866805,35.0,16.46188134936017,55.0,-1.4683821602006395,44.94401880710734,89.25971104559284,35.0,-24.64643318270123
3,1233,21.91474933920705,1.9836954530145645,-8.697587856539593,25.52996877767667,87.44076239731821,29.03285505683904,-45.504371857312556,25.52836642236514,-9.42192268485927,-17.16823982289454,-110.0,-1.873956228242291,50.4642156777596,74.8391046540995,40.81560480734296,16.634991163483857,41.775276672698595,28.027693803406965,49.11516059410226,73.47511223627532,35.0,17.214424765669442,55.0,-1.5224887186365883,44.47882682251095,85.17242849365715,35.0,-26.14105659793032
3,1234,21.93252285854136,2.3099031216454367,-9.255698073425016,20.501790880055502,87.6457256994,27.212942148175788,-45.719391319556166,24.337962031965958,-8.173003879601461,-13.704469303143965,-110.0,-1.1215231484414543,49.95445922947349,75.79262038064743,39.50789384735951,14.263742919336975,40.72979273383556,28.637029628633396,47.863718634322815,67.01552213967338,35.0,17.57489750643447,55.0,-1.5553470582633053,43.97785987442275,81.56188434799104,35.0,-27.58099360666241
3,1235,21.950296377875674,2.5312967782636036,-9.804375384665347,15.383011603156621,87.76023247429336,25.574785928357336,-45.94212063044271,22.824416369922073,-6.677515611434621,-8.891392731158374,-110.0,-0.15044501203696903,49.30108393950209,76.10746008549094,38.115326893761896,11.723634848462469,39.84722539946532,28.94497642421994,46.67186351550942,61.97500664305219,35.0,17.537079123930834,55.0,-1.5599705860288464,43.21610284789409,77.92059001180836,35.0,-28.70924917222412
3,1236,21.968069897209986,2.7572484932659798,-10.352861594059597,9.774741763631978,88.60400624786725,23.842772726184876,-46.03129331578139,22.519547389213077,-5.724411703983475,-7.65920375004838,-110.0,0.7257978686947314,48.59666059005846,76.82145730046119,36.307113941526886,8.45647375787536,39.14528861094261,29.05355147331163,45.60311986557026,59.84719134776599,35.0,15.785997543026598,55.0,-1.5508768625239207,41.62375516378367,74.18662870965257,35.0,-29.46298138383561
3,1237,21.9858434165443,2.9252110568334633,-10.872941295472362,4.176096933926626,89.10726681103783,22.257965507177463,-46.18979417907453,21.423323891820818,-4.5579304766363595,-5.714075689739527,-110.0,1.5972574634527819,47.82569188364382,77.1177789074152,34.89019142251964,3.993763418620244,38.162713197380306,29.1194678455103,43.98073092261864,58.815815005429734,35.0,14.430505420225773,55.0,-1.5454919607850344,39.30464509204959,69.70793314283503,35.0,-29.750710539179366
3,1238,22.00361693587861,3.1224237997600666,-11.379250525121492,-1.6722806634096918,90.21203595570022,20.79499035782348,-46.17345289969382,20.995648873157233,-3.1336876715760056,-3.283204424630228,-110.0,2.373585681490218,47.152317714673764,77.45544766184015,34.383761949854325,-1.2871247018346954,37.56852014600836,29.038358775292114,42.91277240542892,56.64372602633669,35.0,13.08587927840781,55.0,-1.483717272577235,37.70243682269571,66.34921957947051,35.0,-29.492680851966057
3,1239,22.021390455212924,3.276772137977096,-11.84381830037454,-7.507166087835822,91.97743972528185,19.55497914517529,-45.96918596281409,21.368345142425014,-1.3282395198489414,-0.6293900536369522,-110.0,3.0739139934208994,46.52230330969994,78.67810977596845,35.88634015977194,-8.466259512019782,37.16527350922061,28.810433926267873,41.98899076093059,54.132923480709856,35.0,12.335254389259473,55.0,-1.3395894330131102,36.13028722027859,62.39470054005919,35.0,-29.27658651682322
3,1240,22.039163974547236,3.3520154210693303,-12.253202609120164,-13.329481888776973,93.75736578474397,18.410869839881315,-45.76247537751102,21.97983208276071,0.24662504731441928,-1.4053492789244808,-110.0,3.6567518693101206,46.11329695866962,81.53424734860074,26.99783033252447,-11.99056899778117,36.61235105512953,28.46994726489562,40.72383508339674,52.62135682488526,35.0,11.474408594590026,55.0,-1.1910847075834634,34.34777441849325,58.888344878915724,35.0,-28.98666423851447
3,1241,22.05693749388155,3.4763941342658047,-12.57120004764975,-18.576876383005096,95.727482020799,17.522020306275714,-45.467112362383155,22.351311742819316,2.1083303935594233,-1.8807804097006018,-110.0,3.975860773477288,45.88198618565993,84.4254454516817,17.81161574283624,-14.240407782798895,36.263793826923,28.00746506060884,39.6301204887628,52.288795234342494,35.0,10.813518737629956,55.0,-0.966510191287114,32.658710940851016,57.20467937070463,35.0,-28.880234073888868
3,1242,22.07471101321586,3.643293937436066,-12.812629112372774,-23.127008214258005,97.76478229564896,16.96424214924907,-45.00909500715959,22.35407730497488,4.77375909754523,-1.7758655366141767,-110.0,4.056610750100467,45.80286684379796,87.3235672287365,8.614972755043397,-14.459426925515949,36.01595417985176,27.494552762366723,38.59929862729168,52.32817924861142,35.0,9.858714082400084,55.0,-0.6724613811110968,30.08834863811691,55.5088251270568,35.0,-28.873535165095106
3,1243,22.09248453255017,3.774279374401154,-12.969080277029827,-26.865155164372037,99.77760208764288,16.48680654788074,-44.507939941293245,22.643046593057246,7.177798250202807,-3.005060690031061,-110.0,4.077527171904524,45.80454271055179,90.79746515300762,10.690026640109675,-15.996110158010993,35.86225667877417,27.00044370953893,37.74463707107192,52.227591082006164,35.0,9.219022283078333,55.0,-0.4208191559348359,27.980033286146565,53.75453616692477,35.0,-28.777596732867117
3,1244,22.110258051884482,3.9470313368673646,-13.076567786480883,-28.833421571260985,101.74033702082343,16.133262192843414,-43.91053951371131,22.986342427499746,9.469838193737457,-3.8785098747297213,-110.0,4.124665648405487,45.75922023674371,93.84920855221844,2.287828115390729,-16.12925782109336,35.65049196395683,26.492295695536086,36.78052305659135,52.27950448060108,35.0,9.040437902444655,55.0,-0.16779540603310597,26.164472268434675,53.20534236854844,35.0,-28.331251000395103
3,1245,22.128031571218795,3.961070497464826,-13.138290252644333,-29.963473745725604,103.70856316255028,15.80427220122347,-43.41673431513602,23.3520517034152,11.40730640332461,-4.680508268755999,-110.0,4.071614818490434,45.859924731491475,97.19736609626193,-5.957002966978461,-15.05892349479526,35.73654153880544,25.99674388501304,36.31307784292845,53.132668536202694,35.0,9.743844590569855,55.0,0.1300576727331855,24.49875704569964,52.536176300068355,35.0,-27.7831056204872
3,1246,22.145805090553107,4.01283048838161,-13.139592015021835,-30.91619238327686,105.69239004989363,15.541007737383866,-42.80362156766748,24.004125254211377,13.422124534483379,-6.206383117571513,-110.0,3.7932428263239046,46.14183028334174,101.67514313089004,-14.25701826207823,-13.040726426893105,35.947856602728635,25.527179600013064,36.067243338926225,54.4921573784711,35.0,10.664915407053353,55.0,0.3906232337848443,23.02653159485537,52.51135410329478,35.0,-27.214350639941646
3,1247,22.16357860988742,4.095356359152033,-13.119783628436187,-31.532696996514247,106.91141294235302,15.462449402293844,-42.03606756652946,23.795449940412574,15.742274864679672,-6.350242638414988,-110.0,3.5813539116799564,46.43302807217504,106.33227551450624,-11.558806461561876,-15.182285635619705,35.89872118263596,25.089476771393503,35.465916817558465,56.07577022481848,35.0,11.913275247978568,55.0,0.661835014397043,22.075605225630582,53.02203235446445,35.0,-26.62039135882791
3,1248,22.181352129221732,4.118242679952002,-13.011857472472412,-32.02041332310532,108.38079639636936,15.401663534830568,-41.616064354100644,23.28517561912555,17.784955950372584,-7.0209561372791285,-110.0,3.370191857465133,46.885081684642664,107.11456189671816,-19.7044655719743,-11.955106597338611,36.21601353132728,24.6677082762033,35.425851186973595,57.42680163141625,35.0,12.575705169974556,55.0,0.9134094716010192,21.767938464088232,54.74054094367005,35.0,-26.32174712739437
3,1249,22.199125648556045,4.177284234744821,-12.861072316637562,-32.22071524502017,109.37407503644171,15.39459742328012,-41.366291282651936,22.34893035478341,19.21199723784581,-7.210506098300424,-110.0,3.3650623898079477,47.141117502669566,108.46706721198353,-16.93567306479986,-6.194692346352724,36.446493541653304,24.249769105854877,35.250060173464725,58.87406233744047,35.0,13.08461484030009,54.998448324359174,1.1593520814924363,21.578063904366694,56.87233740455868,35.0,-25.958515265121147
3,1250,22.216899167890357,4.242922037302201,-12.692887167181588,-32.28155896100143,109.71012094868489,15.433875135942772,-41.23700729662624,21.041791467159364,20.056069036754042,-6.938609265276022,-110.0,3.456757016395868,47.302982796182555,110.72920704338385,-16.363636363636363,1.220599002000335,36.44550291315224,23.752821221652326,34.630920083052004,60.002457952547296,35.0,13.163453291469756,54.909765899774904,1.3881405655597856,21.66430375506161,59.287585385388475,35.0,-25.61390448003939
3,1251,22.23467268722467,4.3649786115812805,-12.523443356277431,-32.4663498046939,109.94438675807004,15.503821620961306,-40.99494154051744,20.346447078058667,20.580953292774307,-6.820716728453718,-110.0,3.5502570316581794,47.27217874977702,113.05822787753782,-5.454545454545454,5.478096527106194,36.79088892763645,23.166112122082975,34.37851463489984,61.50483130947435,35.0,13.52339951266505,54.8976135083795,1.5808627446058439,22.001653648403288,61.318879685938825,35.0,-25.397346267195744
3,1252,22.252446206558982,4.526312969023685,-12.34960631320996,-32.755687392817144,110.0,15.584231751366065,-40.53345002536473,20.26180403801476,21.131959903551817,-6.573684405797234,-110.0,3.6767244607804788,46.987687501564935,115.86411636721864,-5.454545454545454,11.635750819865017,37.126977897016936,22.501914829767006,33.99384483196565,62.76077498184784,35.0,13.675476830306541,54.8976135083795,1.6990536037287691,22.300385900713014,63.224215110812175,35.0,-25.01060197847987
3,1253,22.270219725893295,4.611774611570497,-12.147094007404586,-32.90935868040396,110.0,15.630336091194927,-40.49075570494621,19.800789314487755,20.712550614141215,-6.054742718584655,-110.0,3.8496469568646448,46.92183446638263,115.65765300609938,-5.454545454545454,14.325463205507496,37.261793174189386,21.836507806679993,33.28769344028305,64.05202887185939,35.0,13.863437205946406,54.8976135083795,1.722688072972261,22.51802257108362,64.9041187326533,35.0,-24.52271623658534
3,1254,22.287993245227607,4.674286235492233,-11.929008557068949,-32.90343162611111,110.0,15.669069858783065,-40.20203073817797,19.896265763392595,20.69460080111133,-5.661374289722591,-110.0,3.9827772094009717,46.79051097261168,114.6025850205654,-6.59970866387222,18.909918987114025,36.894688547511265,21.12064063562077,31.851312588093275,64.68271494592354,35.0,13.819190344482081,54.89034329764495,1.8055069089656706,22.25645138004888,65.98507105130894,35.0,-23.84137760396342
3,1255,22.30576676456192,4.60185281143252,-11.706995112342161,-32.7217501682494,110.0,15.714066056729736,-39.84954153132686,21.37060957472486,19.945269266960327,-5.541368415826753,-110.0,4.101718487643978,46.82047955591672,112.64381025946155,4.30938224521869,23.944452290542657,36.89125209853766,20.427708851378267,30.91013658854164,65.35489108451961,35.0,14.01994907792805,54.812812556344284,1.8728626114689733,21.524067647397207,66.48025863005763,35.0,-23.63763051639603
3,1256,22.323540283896232,4.549812053222638,-11.506588412127106,-32.437925282653914,110.0,15.790157510425775,-39.816057956792015,21.847201076029695,19.29704634929972,-4.852793980986672,-110.0,4.2606173744227105,46.782846635920684,110.72753969383676,4.309382245218689,25.88964496711335,36.84368746894077,19.719443232170594,29.884257071104447,66.17358247398471,35.0,13.944301271781278,54.651248807624704,1.8802699671769678,20.55162716478013,66.8017479833063,35.0,-23.518955687702558
3,1257,22.341313803230545,4.552734137030638,-11.311279356026708,-32.05691483247728,110.0,15.86185127139882,-39.87420994644058,21.734905249730147,18.936510627636054,-4.431505478510884,-110.0,4.530033414355345,45.952557490359666,111.72164499147748,4.679840386052081,29.37577054969198,36.64723325711325,19.024447461025083,28.679094788425747,66.6350557815902,35.0,13.98183781920053,54.64861180745834,1.8410489168825128,19.66234569950157,66.89220211855921,35.0,-23.464622588231872
3,1258,22.359087322564857,4.445780401749932,-11.07387733699039,-31.45244438971639,110.0,15.927968588896185,-40.302945044290894,20.930332769808526,18.35380932732689,-4.377443768066014,-110.0,4.7749302714752915,45.87772384566418,109.29604660585368,-6.229250523038828,35.540561368658764,36.66211283328889,18.358560413607005,27.839555448330508,66.87476347769328,35.0,14.238215676999808,54.648611807458344,1.746759860209072,18.77308995608302,66.87762843009779,35.0,-23.510094870724096
3,1259,22.37686084189917,4.446483269932133,-10.89584679471236,-30.71364981412013,110.0,15.994453112533773,-40.31290763565053,20.801035692258655,18.078631455060933,-3.905293756931778,-110.0,5.010275191759248,45.58941247536,112.23873045469068,-6.229250523038828,35.95665571266291,35.687502868539035,17.691689210119083,25.94764150461378,66.66790282031896,35.0,14.411572923467638,54.648611807458344,1.6186937813296332,17.94489615063009,67.0575472482283,35.0,-23.32729850553616
3,1260,22.394634361233482,4.587102465636751,-10.722955808644935,-30.188751124927172,110.0,16.05329173223598,-39.87585554109539,20.66326068705196,18.9133215291004,-3.4140704012803043,-90.0,5.139854092484849,37.6163096106498,112.3493919833178,-15.063084873472762,36.7330600485244,35.0501284052016,17.06634443055903,24.424443460799214,65.98147997635522,35.0,14.378064786001055,54.65016348309917,1.4811703877937694,17.0319571252773,66.73352504495736,35.0,-23.34246122276246
3,1261,22.41240788056779,4.763512856266977,-10.575757179102265,-29.62587457129472,110.0,16.10268262683715,-39.60706140448624,20.496862062534323,19.417954892654677,-2.674218633299813,-70.0,5.323454925040476,29.501103984334325,110.37185930552029,-24.02614919179196,38.443613286118236,34.24606828477808,16.53653688234809,23.008158154094016,65.21022339123277,35.0,14.14388451851795,54.73884590768344,1.3163154229763514,16.068214718180467,66.09822116918166,35.0,-23.233254640960492
3,1262,22.430181399902104,5.002091836091231,-10.435402123648338,-29.31759272897837,110.0,16.149951737020626,-39.279580803115174,19.784498219691187,20.308694505018178,-1.7294636520264952,-50.0,5.5700916724634935,21.351694007796922,106.61419727243255,-32.673147464017774,39.81764464902255,33.91118011448063,16.171533168977575,22.112584468452074,64.87500469527998,35.0,13.591818024056765,54.75099829907885,1.1962576883993257,15.453563000062172,65.7652824377218,35.0,-23.026629027947997
3,1263,22.447954919236416,5.262058846723198,-10.270981896640846,-28.863496911148125,110.0,16.184881052102867,-39.14469749195459,18.56160247367978,21.226100731905834,-1.0545793336527758,-30.462742819795896,5.835328836779223,13.073322807562896,98.8313938058512,-29.28604762868914,38.64695644913149,33.70820599595107,15.916108009180608,21.47773275950078,64.65465155888829,35.0,12.924162033474945,54.75099829907885,1.0814138032982477,14.844473497434768,65.22434712972729,35.0,-22.787117322759823
3,1264,22.46572843857073,5.5213205046596,-10.13882429126769,-28.420045722067,110.0,16.206747548581212,-38.980764812458574,18.030231701426406,21.85500163214023,-0.5599032853291621,-10.462742819795894,6.107537206096702,4.7157439176937705,96.22573863398134,-26.60808296666528,39.20867001833565,33.53065887420527,15.690298253994218,20.899617881469016,64.43587137778114,35.0,12.433056001619294,54.75099829907884,1.1034675992811858,14.251507123854351,64.93955358073754,35.0,-22.665294669529324
3,1265,22.48350195790504,5.769513993335655,-9.991660679538692,-27.921452778984882,110.0,16.216171171654565,-39.05403762790659,17.049306354914105,22.209350610813658,0.4492947762692063,9.537257180204106,6.338998142786383,-3.5571730098991683,93.77211988927347,-33.61088540137697,39.54298238660479,33.439782129262106,15.517387336664434,20.588598169522246,64.47902430076967,35.0,12.453352865782108,54.758268509813405,1.0254008797700294,13.911393991019986,64.8242234789276,35.0,-22.769728711040447
3,1266,22.501275477239354,6.184947830771251,-9.848013230716516,-27.686106655508876,110.0,16.198601657944746,-38.8553099323181,14.73452099393574,24.0268445289812,1.1655398583426175,29.10127268155527,6.543712531482907,-12.07998041644684,90.14374826580794,-41.07303702771393,37.87654730035177,33.220251323665465,15.301128104642908,20.035103678473135,64.22217094461634,35.0,12.04227755678674,54.83579925111406,0.9252563030535417,13.8826988268199,64.89712252891181,35.0,-22.811680166288195
3,1267,22.519048996573666,6.454608742116934,-9.767745995387882,-27.49287161592043,110.0,16.201371189169645,-38.63884463859377,13.692756762285004,25.16731130477523,1.226981085169583,43.01139994971079,6.674801332125929,-17.98373698869781,89.49946486630164,-39.18034073048533,38.67061516610278,32.872659342032094,15.214989367324154,19.56364324976513,63.79697403330799,35.0,12.088138205905853,54.997099299817,0.8292952536853377,13.905081274252975,64.81294319524386,35.0,-22.826350412378517
3,1268,22.53682251590798,6.686420526696775,-9.698374889068338,-27.4814837835773,110.0,16.194870807084015,-38.39395328994233,13.029720698331468,26.073574243289674,1.5046974665985677,60.012666610789765,6.8255720557537165,-24.280971979221754,84.15549700414168,-37.3198274282245,36.85623907344753,32.57881674008365,15.128363656839248,19.171374388781445,63.53551545864553,35.0,12.016847553091566,55.0,0.7863541698764216,13.979244555767668,64.99394094209093,35.0,-22.790830333773762
3,1269,22.55459603524229,6.997701569465888,-9.670754980734134,-27.441792430208494,110.0,16.18144335019662,-37.97744814544562,12.875481189046077,26.926241710982147,2.326380525931536,81.26424993713849,6.954411119283295,-33.08700151213903,82.19934496198888,-34.484805856752565,37.11146031306764,32.27224601212093,15.045013089661765,18.784025277677642,63.05315572888268,35.0,11.602662302318315,55.0,0.7906422465827025,14.170861048497049,65.12736763092299,35.0,-22.76727319145662
3,1270,22.572369554576603,7.346078645767542,-9.608654241025926,-27.637679041893445,110.0,16.165002714557605,-37.46122454957669,12.72368695338657,28.03905790730445,2.8228049919955156,108.58771421387256,7.086228705215177,-44.20092853576368,76.96131400781915,-30.839778122002937,39.76538768777827,33.02393424823106,14.971796894632158,19.374503152671075,63.04770100715352,35.0,11.002145481246986,55.0,0.8560151554729237,14.418605339061296,65.10331926258745,35.0,-22.725454362167348
3,1271,22.590143073910916,7.557337262538109,-9.556222766835688,-27.95036069376898,110.0,16.146996899712946,-37.44725513893085,12.504718105830458,28.120312106686853,3.2653157540876236,108.35233324951798,7.2196363169875575,-44.8116395078662,72.76309389804454,-29.784378166541213,40.12336787418713,33.50054840514823,14.915030163151135,19.782511476213756,63.30665477924782,35.0,10.6103623367718,55.0,0.9121023521004036,14.91684489209734,65.41704120836468,35.0,-22.64265796258771
